{"Amphibious": {"precision": 0.9726315789473684, "recall": 0.9914163090128756, "f1-score": 0.9819341126461212, "support": 466.0}, "Carrier": {"precision": 0.9948453608247423, "recall": 0.9846938775510204, "f1-score": 0.9897435897435898, "support": 196.0}, "Civil": {"precision": 0.9949238578680203, "recall": 0.9932432432432432, "f1-score": 0.9940828402366864, "support": 592.0}, "Cruiser": {"precision": 0.7515923566878981, "recall": 0.9752066115702479, "f1-score": 0.8489208633093526, "support": 121.0}, "Destroyer": {"precision": 0.9774193548387097, "recall": 0.8632478632478633, "f1-score": 0.9167927382753404, "support": 351.0}, "Frigate": {"precision": 0.9493670886075949, "recall": 0.8928571428571429, "f1-score": 0.9202453987730062, "support": 84.0}, "Support": {"precision": 0.9626168224299065, "recall": 1.0, "f1-score": 0.9809523809523809, "support": 103.0}, "accuracy": 0.9628855201254574, "macro avg": {"precision": 0.9433423457434628, "recall": 0.9572378639260561, "f1-score": 0.947524560562354, "support": 1913.0}, "weighted avg": {"precision": 0.9671427952064466, "recall": 0.9628855201254574, "f1-score": 0.9633666836555452, "support": 1913.0}}