model,alpha,splits,thresholds,bounds,val_cov,val_avg_size,val_std_size,test_cov,test_avg_size,test_std_size
resnet50,0.01,"[301, 501]","[0.008457628078758717, 0.003111232049996082, 0.001261889950837869]","[[0.0055, 0.0634], [0.0634, 0.0853], [0.0853, 0.7323]]",0.9865196078431373,8.181372549019608,7.379685024259887,0.9448529411764706,6.665441176470588,6.789523489695579
resnet50,0.05,[],[0.009876285679638386],"[[0.0055, 0.7323]]",0.9497549019607843,4.386029411764706,3.6977405553690788,0.9056372549019608,3.6409313725490198,3.208787125818677
resnet50,0.1,[],[0.027678378857672215],"[[0.0055, 0.7323]]",0.8995098039215687,2.7144607843137254,2.101723546546783,0.8492647058823529,2.409313725490196,1.8099971616291912
convnext_tiny,0.01,"[265, 465]","[0.0046043142396956505, 0.002976486366242037, 0.0016265998710878193]","[[0.0055, 0.0592], [0.0595, 0.0799], [0.08, 0.7323]]",0.9889705882352942,6.049019607843137,5.660107133643446,0.9681372549019608,4.990196078431373,5.429350334947309
convnext_tiny,0.05,"[211, 613]","[0.015264020767062902, 0.017627710755914294, 0.006117263995111033]","[[0.0055, 0.053], [0.053, 0.1105], [0.1113, 0.7323]]",0.9473039215686274,3.136029411764706,3.0332917341121326,0.9240196078431373,2.9436274509803924,3.2894302770360913
convnext_tiny,0.1,[222],"[0.1454341366887092, 0.03974593020975592]","[[0.0055, 0.0545], [0.0549, 0.7323]]",0.8982843137254902,1.8468137254901962,1.3466787921488093,0.8566176470588235,1.732843137254902,1.2880292572573584
densenet121,0.01,"[209, 409, 613]","[0.0036384925711899774, 0.003132141709793368, 0.003928063060157028, 0.004345184136182012]","[[0.0055, 0.0527], [0.0528, 0.0733], [0.0737, 0.1105], [0.1113, 0.7323]]",0.9865196078431373,6.660539215686274,5.247428100510835,0.9669117647058824,6.493872549019608,5.077097915015842
densenet121,0.05,[],[0.011464267270639428],"[[0.0055, 0.7323]]",0.9497549019607843,3.8075980392156863,3.071611175096312,0.9325980392156863,3.6936274509803924,2.9875983171009595
densenet121,0.1,"[203, 604]","[0.05840326696634279, 0.06829055398702621, 0.016031935624778226]","[[0.0055, 0.0522], [0.0522, 0.1085], [0.1086, 0.7323]]",0.8970588235294118,2.3799019607843137,2.1150228270673024,0.8921568627450981,2.400735294117647,2.043029624743081
