prob_0,prob_1,prob_2,prob_3,prob_4,prob_5,prob_6,prob_7,prob_8,prob_9,prob_10,prob_11,prob_12,prob_13,prob_14,prob_15,prob_16,prob_17,prob_18,prob_19,prob_20,prob_21,prob_22,true,pred
0.052802905440330505,6.980063744776999e-07,0.005454380065202713,7.525309086986454e-08,0.06621386855840683,0.17718514800071716,1.2861481991421897e-05,6.933268650755053e-06,0.0001853367139119655,0.03320131078362465,0.005496622063219547,0.6500349640846252,0.0005974999512545764,4.4813517888542265e-05,0.0008051288896240294,0.0005389248835854232,1.1764948794734664e-05,0.007255980744957924,4.23018864239566e-05,7.33518463675864e-05,1.1014219580829376e-06,1.9919568217119377e-07,3.384392766747624e-05,11,11
1.0547705642238725e-07,2.0198964723050494e-09,2.485785444150679e-07,8.304835930061927e-09,6.02918687198084e-11,2.5891514709996954e-08,0.8731212019920349,9.931505337590352e-05,1.5447244550159667e-07,0.12672613561153412,4.736165647045709e-05,4.44955894352006e-09,1.3647012053752405e-07,1.0896857816078409e-07,2.918584698363702e-07,7.407821271954163e-07,5.866744867688567e-09,6.740238367441975e-10,2.294480282216682e-06,6.068361813049705e-07,1.2113071079511428e-06,6.725704437826607e-09,4.900754912995353e-09,6,6
1.4325021311378805e-06,7.297921911231242e-08,1.2057723779435037e-06,3.2977784947263444e-09,7.667151358248248e-10,7.446752988471417e-06,6.967409831304394e-07,1.7370971328034557e-10,2.2158379298087283e-11,6.241255960048875e-06,1.4142772215564037e-06,1.7082254014089138e-11,0.9999209642410278,9.627885155794047e-10,6.830942604098278e-14,1.4656090317971726e-17,1.883221634191301e-10,1.1054088844275611e-07,5.823460378451273e-05,2.248794316983549e-06,8.695597020214052e-10,2.252383834999705e-09,1.7477503888585488e-08,12,12
1.7776160318033751e-12,2.298500135339797e-14,1.0,1.8393427983106764e-17,1.2339034721547352e-14,4.191426665380721e-14,4.450204166964503e-16,3.2482002520648964e-14,6.577580565311119e-15,4.946400006169277e-14,1.462364266951923e-15,9.291418329171464e-12,9.92725901483027e-11,7.995141342155381e-16,2.7228440708209083e-18,2.782843022016377e-20,8.67183200248256e-11,5.000875581695485e-12,5.481784946997426e-16,3.0107036655402375e-13,2.59778223238305e-12,8.654489885157046e-13,1.5900047205648577e-16,2,2
4.5975202738191e-06,0.0017381060170009732,0.006616384256631136,0.001535474439151585,4.063499000039883e-05,0.0004588031442835927,9.999524081649724e-06,7.357203867286444e-05,1.819592121421465e-08,0.0003384180017746985,0.00027929406496696174,6.582525884368806e-07,0.3944072723388672,6.716145435348153e-07,1.3954863788967486e-06,3.824520433681755e-08,0.011268218979239464,0.4076898992061615,0.0010402998887002468,0.17192523181438446,0.0002988662454299629,0.0016741142608225346,0.0005981347640044987,17,17
1.7790736706047028e-07,1.917018721542263e-07,3.0358540126229627e-09,1.2584543185312214e-07,8.165250697800275e-10,1.9071156202699058e-05,3.9089360370780923e-07,1.7057131262987468e-09,4.7725674107157445e-11,6.193608896865044e-07,1.0648307124938583e-07,1.9921448171644762e-11,0.9999531507492065,3.384559121855091e-08,1.142049996238903e-11,3.2718077379312316e-13,5.700135918829119e-09,4.253919598795619e-07,6.500972176581854e-06,1.8284108591615222e-05,2.3971810492184886e-07,6.097295113249857e-07,5.821440041131609e-08,12,12
3.654789249019075e-10,1.103472979657738e-09,1.0088844343281167e-10,3.0457275590478616e-10,7.697393937522445e-12,7.415219827056063e-11,6.146049641442275e-11,3.19735615761374e-09,1.1312418883580033e-11,3.4789953140546004e-09,1.8354849862234346e-09,2.2447882094822624e-11,0.00021086883498355746,1.0976137360119154e-10,5.6158819816687355e-09,2.6555719429000035e-11,8.37632718742043e-09,5.174397870177927e-07,7.193709183894725e-09,0.9997884631156921,7.937118340350935e-08,1.9351340529993877e-09,7.854191741429872e-10,19,19
0.004626852925866842,1.2948697669656895e-10,1.1733823157555889e-07,1.869271182286525e-09,3.6311419648882293e-07,0.003633056301623583,3.032251782997264e-09,1.0536911076997058e-06,8.237596921389922e-05,0.003156180027872324,0.0009007219923660159,0.18543179333209991,2.719540077578131e-07,0.8021444082260132,1.6527297702850774e-05,1.4072727481106995e-06,1.1981390879434173e-10,2.016716393882234e-07,4.583363079291303e-06,2.2931199161746463e-09,2.224486195245845e-08,1.0058797128564834e-09,5.933303293126357e-10,13,13
0.0039741648361086845,0.0785953551530838,0.00017483689589425921,0.00013135540939401835,0.0014550246996805072,0.0026776245795190334,9.461166337132454e-05,5.686949225491844e-05,0.00016833923291414976,0.0037778352852910757,0.00126831594388932,3.7578294723061845e-05,0.008611553348600864,8.036098734010011e-05,6.345247811623267e-07,1.3166393273422727e-06,0.004384882282465696,0.0021158414892852306,0.0008440426317974925,0.001581986085511744,0.20263823866844177,0.6830863952636719,0.004242777358740568,21,21
0.003658036468550563,0.0002186829224228859,0.0002965264138765633,1.2316331776673906e-07,0.6786224246025085,0.17421187460422516,7.39081815481768e-06,1.8712316887103952e-05,0.0026719223242253065,0.0014434689655900002,0.0015391416382044554,0.11106964945793152,0.001326418132521212,6.697446224279702e-05,0.002530899131670594,2.9672779419342987e-05,0.007792715448886156,2.435868009342812e-05,5.075572062196443e-06,0.00037995597813278437,0.013719109818339348,4.6463581384159625e-05,0.00032040965743362904,8,4
3.5611407486063618e-12,4.22370541319772e-11,1.033135035855004e-10,1.6202796049302748e-10,4.148273391457735e-11,5.407353853570385e-08,2.3435006241351655e-14,1.134437704365665e-12,5.4596626698766304e-14,1.0853421633649774e-10,2.3049646913353428e-10,9.460855016074632e-11,0.00026029208675026894,3.863713238239086e-10,2.821321995472026e-11,1.4686364104010696e-13,1.5861427449248566e-10,0.9997280240058899,9.380057841568146e-10,1.1683561751851812e-05,1.5587197088606786e-09,1.4701680844941833e-11,1.4774025336450336e-09,17,17
0.0009456530096940696,0.0017446581041440368,0.013527161441743374,4.276602339814417e-05,5.6391319958493114e-05,0.0015311538008973002,3.086149081354961e-05,0.00010795227717608213,1.391218688695517e-06,0.0005664483760483563,0.0007494663004763424,6.753155048500048e-07,0.46661677956581116,3.6100354918744415e-05,2.8596170977834845e-06,1.5972769062955194e-07,0.0009175316663458943,0.45193910598754883,0.0003707442374434322,0.05998183786869049,8.335454913321882e-05,0.0001299013674724847,0.0006170214619487524,17,12
2.7727446649805643e-07,0.9546700119972229,4.4707944653055165e-06,1.3536482583731413e-05,2.3554487142973812e-06,0.00015974727284628898,2.1143010599189438e-05,2.0842421690758783e-06,6.319195833270896e-09,0.0001444841909687966,0.0018369009485468268,1.7953365016865064e-08,0.00031267214217223227,3.829099739505182e-07,2.2445335901011276e-07,1.0388053972576472e-08,3.809049667324871e-05,8.779696509009227e-05,0.00032500794623047113,0.0003891598025802523,0.0002205073687946424,0.04172828420996666,4.27836857852526e-05,1,1
2.979545499215419e-08,2.3178517949418165e-06,7.715760119708648e-08,1.0818959061964506e-08,8.43861203136953e-10,6.025926495567546e-07,2.0780051102065045e-07,1.2682163514909917e-06,5.205635367211414e-10,1.5105493957889848e-06,7.927414458208659e-07,3.237189849514266e-09,0.9941510558128357,1.2386118797280687e-09,1.2474970390030649e-07,7.677934954486432e-10,7.491523774660891e-07,8.516529987900867e-07,1.1172860467922874e-06,0.0058375694788992405,1.65803569984746e-07,3.3079868444474414e-07,1.2330249319347786e-06,12,12
0.9999667406082153,7.625993725390856e-10,3.0426859186220064e-15,1.6535219374280707e-12,2.1452802201338272e-08,3.3846453106889385e-07,3.2702742736034907e-09,7.083084813119811e-11,1.9354150579279153e-14,2.910773764597252e-05,3.021153771598506e-09,1.404942281624244e-06,1.6305450045717151e-10,2.147775830962928e-06,2.692906797075248e-14,1.4225217448426974e-08,2.1225850938000335e-12,3.151281666169403e-11,2.0774009179547193e-09,3.632229337181131e-13,6.627983051288311e-09,2.299186121490493e-07,1.0243234732643103e-10,0,0
9.205376044763014e-11,7.34601073304475e-08,2.5191645644517813e-11,2.45112914340484e-12,1.3029757902781238e-14,1.6899989185859e-09,9.342959045310906e-11,4.928283559024749e-09,2.84474646530114e-13,1.4352487254232216e-10,2.724899417216875e-08,1.3768685898449956e-13,0.9999254941940308,2.8398906490312292e-12,9.971783399009837e-10,4.623893227941739e-14,3.842155760214183e-10,1.1092704012283239e-11,2.1808155281632935e-08,7.432699931086972e-05,1.8392508349673875e-10,5.259874757967964e-10,2.249578656687845e-08,12,12
4.964412255503703e-06,7.032970643194858e-06,4.5706642026743793e-07,0.0008289315737783909,2.2250374968280084e-05,0.00036946500767953694,6.698049674014328e-06,0.0030034242663532495,1.2096020185481393e-08,0.00023588504700455815,0.002588612260296941,3.105616087850649e-06,0.00877692736685276,2.093834336847067e-05,0.9291712045669556,4.867020470555872e-05,1.4985781490395311e-05,5.26028816238977e-06,0.00835426989942789,0.037400782108306885,0.00013299535203259438,0.00898111704736948,2.1991590983816423e-05,14,14
0.01560330018401146,4.254113719071029e-07,2.150389445887413e-05,1.2715149821929117e-08,0.1863604635000229,0.00692583154886961,1.0178695447393693e-05,1.8667935819394188e-06,0.00013227466843090951,0.017768127843737602,0.0023209359496831894,0.7705249190330505,0.00012003876327071339,0.00013421835319604725,1.2062487257935572e-05,1.0471463838257478e-06,6.253590072446968e-07,2.4085355107672513e-05,5.239343408902641e-06,2.8295801257627318e-06,2.6198315026704222e-05,3.3754008654796053e-06,3.763369136322581e-07,4,11
0.006534709129482508,0.00041269505163654685,0.0006406147149391472,3.293393456260674e-05,0.01727716065943241,0.05109211802482605,0.0001487791450927034,2.510375270503573e-05,0.006121734622865915,0.4211372137069702,0.00483203399926424,0.4778798818588257,0.007397331763058901,0.0006684407708235085,2.0332390704425052e-05,1.765629531291779e-05,0.00012525785132311285,0.002693074056878686,0.00033256085589528084,0.0021319109946489334,0.00012935011181980371,9.988978126784787e-05,0.0002492861822247505,5,11
0.00010285063763149083,0.00034767042961902916,5.623520337394439e-05,1.5689514839323238e-05,2.1957198725885974e-07,5.75077865505591e-06,1.4171240763971582e-05,0.001696556806564331,4.01006445827079e-06,0.00010877188469748944,0.0005992900114506483,1.946692918863846e-06,0.14670222997665405,1.4826177903159987e-06,0.00013495076564140618,2.781242301352904e-06,0.0008079371182247996,0.0001182213964057155,0.00019607321883086115,0.8409313559532166,0.0025077620521187782,0.0047751558013260365,0.000868908769916743,19,19
0.3715745806694031,6.711202877340838e-05,0.016915015876293182,1.3786157069262117e-06,0.005402576643973589,0.13065198063850403,0.000625095795840025,0.0002135646209353581,0.05880611762404442,0.11888151615858078,0.1673532873392105,0.10827576369047165,0.005043550860136747,0.005618112161755562,6.327426672214642e-05,4.5698343456024304e-05,0.00010820693569257855,0.008047664538025856,0.0005120066343806684,0.0007405777578242123,0.0009366650483570993,7.681476563448086e-05,3.93918453482911e-05,10,0
1.8972232673775125e-09,1.5477577335332171e-06,1.6434200666992638e-09,9.952976220972687e-09,8.293870451536733e-11,5.350372020984651e-07,1.89179583109933e-09,2.3954622729860375e-09,1.2638435437084539e-11,2.6767452254716773e-08,1.3463397507962327e-08,1.8000781421001477e-10,0.9999426603317261,4.132242992227475e-09,1.3741427995483946e-09,7.185971652792777e-13,1.0540496759858797e-06,1.48946173794684e-05,9.555997166899033e-07,1.8738510334515013e-05,1.679886878491743e-07,1.504083257941602e-08,1.947727650986053e-05,12,12
7.015938496834906e-09,4.191878417714179e-07,2.837217571993733e-08,5.143282422181983e-08,3.547879698362344e-11,5.523154868569691e-06,1.2419468475854956e-07,4.800230879453693e-09,7.541976483442514e-13,1.3480799907483743e-06,1.1511456250445917e-06,4.1179468168728306e-10,0.9998248219490051,3.0078795010268777e-10,2.308763943914549e-11,7.265288089024213e-13,4.441091050466639e-08,0.00015005281602498144,6.787317943235394e-07,3.95814458897803e-06,3.534154657813815e-08,3.846157170528386e-08,1.1740072295651771e-05,12,12
0.0004628805909305811,0.047811269760131836,3.037738861166872e-05,0.00021542458853218704,0.00020764632790815085,0.0005820103688165545,0.011005692183971405,0.0021741329692304134,2.8436370484996587e-05,0.11719048768281937,0.03673262521624565,0.00531194731593132,0.4488648474216461,0.00032499179360456765,5.362063166103326e-05,1.61194839165546e-05,0.001825203886255622,0.0015611134003847837,0.019123321399092674,0.28577861189842224,0.01522522047162056,0.004069596529006958,0.0014044420095160604,19,12
0.057259391993284225,1.1320134944980964e-06,0.0006939190207049251,3.60482594885525e-08,0.16021093726158142,0.3887217342853546,2.9689219900319586e-06,2.6162439326071762e-08,0.23646168410778046,0.011481000110507011,0.0020018592476844788,0.14232978224754333,3.822001599473879e-05,5.0411563279340044e-05,8.330295713676605e-06,4.724856262328103e-05,2.5409819954802515e-06,0.0006438747514039278,1.77092406374868e-05,3.6426083624974126e-06,1.404095564794261e-05,8.492623351230577e-07,8.582302143622655e-06,5,5
0.0003775916702579707,2.6129825982934562e-06,1.2159624702690053e-06,9.889154772846354e-11,0.16272616386413574,0.8361892700195312,1.2045165931340307e-06,1.29001098692072e-09,7.207274029497057e-05,0.00033096721745096147,0.0002165848418371752,6.104041676735505e-05,1.269129916181555e-05,5.677283070326666e-07,1.5470547509721655e-08,4.060984792886302e-08,1.670570526357551e-07,1.831028271226387e-06,4.307576944029279e-07,2.338010972380289e-06,2.4493804176017875e-06,6.95858659582882e-07,7.419498615490738e-08,5,5
5.695871732314117e-05,3.6403768888249033e-10,5.046420614718272e-09,1.1829448011424493e-13,6.9454404183488805e-06,0.9752442240715027,5.5586828542897315e-12,1.6973078498239147e-09,2.2663223717245273e-05,2.4618086058580957e-07,8.393033112952253e-08,2.5029648895724677e-05,4.658342600549759e-10,0.02464277297258377,3.292583699021634e-07,1.2105248359262077e-08,3.4768155021680514e-09,1.2622297651532222e-09,2.1801191962822486e-08,2.6740444927786378e-11,4.708040250989143e-07,2.1259511129301245e-07,5.572950521198772e-12,5,5
1.0420647413411643e-05,0.9037454724311829,9.411356245436764e-07,1.2492368114180863e-05,0.0006499362643808126,0.00012004407471977174,6.126546213636175e-05,4.768115468323231e-05,0.00015671533765271306,0.009001988917589188,0.018321383744478226,1.159398198069539e-05,0.00045575021067634225,3.488930451567285e-05,6.558598215633538e-07,1.5507170303408202e-07,0.0006991426344029605,0.00011389621795387939,0.00031816630507819355,0.0008609439828433096,0.017217719927430153,0.04676203429698944,0.0013967512641102076,1,1
0.00019536369654815644,1.6684180081938393e-06,0.01732284016907215,1.3427252270048484e-06,4.707139851234388e-06,0.0001017139438772574,0.008247331716120243,5.307131141307764e-05,0.03820573538541794,0.8214658498764038,0.10320296138525009,0.0005463532288558781,0.0001513392780907452,2.717412826314103e-06,2.694810518732993e-06,0.00012793022324331105,0.003912563435733318,6.11819223195198e-06,7.45371071388945e-05,9.88181636785157e-05,0.004315294791013002,5.221431820245925e-06,0.001953892409801483,9,9
0.4741881787776947,1.0917277677435777e-06,0.0009029370849020779,7.920673965600145e-07,0.013313528150320053,0.022799789905548096,1.7078002201742493e-05,7.680075214011595e-06,0.02332657389342785,0.23190012574195862,0.00779328215867281,0.04771735891699791,2.270672848680988e-05,0.17350751161575317,0.0034794083330780268,0.0009320023818872869,7.92321998233092e-07,1.9131688532070257e-05,6.187304097693413e-05,2.345851498830598e-06,1.5572202300973004e-06,1.0868982371903257e-06,3.0921653433324536e-06,0,0
3.986725116700285e-10,1.0767146818579931e-07,4.046644352939666e-09,1.189310316895842e-10,1.0213594428759923e-14,2.763924378257343e-08,1.7533680063408497e-09,2.1976773734166954e-09,1.5181791587770554e-11,3.686775329470038e-09,8.118133387746695e-10,6.716767306192903e-14,0.9999204874038696,1.4407180309872203e-11,4.859254925521084e-12,7.914614025739033e-15,1.8773524401716202e-11,2.998939763187991e-09,1.3383423258517269e-08,7.933584856800735e-05,2.4516758068138245e-10,1.1591287929491045e-09,1.3502238438434233e-08,12,12
7.876930612837896e-05,5.623566539725289e-05,6.935352757864166e-06,1.045724928872005e-07,0.00047561313840560615,0.7348363399505615,0.0002406553248874843,8.862874892656691e-06,0.0009279482765123248,0.24751898646354675,0.009666331112384796,0.0007422662456519902,0.0009178194450214505,1.012098209685064e-06,2.658873370364745e-07,1.0401848157925997e-05,6.250400588214688e-07,0.004160348791629076,1.5542558458037092e-06,0.0002874996862374246,1.3438019777822774e-05,4.428640386322513e-05,3.6729479688801803e-06,5,5
3.596929445848218e-06,3.515047142244043e-10,2.1249415738111566e-07,4.3909983982182155e-10,4.076651748619042e-06,2.7944754037889652e-05,6.205371505529911e-08,1.125891628817044e-07,8.337154326909513e-07,1.0802618817251641e-06,4.2656487494241446e-05,7.831990842532832e-06,6.951539148758457e-07,5.884806242306695e-08,0.0021538296714425087,0.9977565407752991,9.150274848934714e-08,7.241003885383179e-08,7.483147435038973e-09,1.794188762005433e-07,7.327532358658573e-08,7.375121668928841e-08,1.9517372440436276e-10,15,15
4.4980615369547006e-13,5.181507133078522e-12,1.1928649908121702e-11,2.1971742203419353e-09,3.45230163900645e-11,1.508976554820407e-10,3.7578450767794536e-11,1.1443512804021339e-09,1.4548744967004396e-13,9.130161626735855e-10,4.77941908272328e-10,9.302418210732633e-12,1.2011282706225757e-06,3.254056468726674e-10,3.2889403200897505e-08,7.474022789555335e-11,9.370806214326066e-11,9.242095444506049e-08,4.8356973536556325e-08,0.9999986886978149,3.2692937246281417e-09,3.012736587981735e-11,2.579050584206044e-10,19,19
0.6210896372795105,6.699273171761888e-07,1.3190073104851763e-06,2.201612003815967e-09,0.36336997151374817,0.010022597387433052,2.716369529309759e-08,8.354958391798561e-10,8.711353984836023e-06,7.473074219888076e-05,5.165277616470121e-05,0.005208642687648535,2.3910404706839472e-05,7.314448885153979e-05,4.2097378916139405e-09,8.444875021496046e-09,2.408560931144166e-06,2.8446564101614058e-05,1.0050166565633845e-06,1.9129133761452977e-06,4.051188807352446e-05,2.771690787994885e-07,3.4482931710044795e-07,0,0
0.0009788598399609327,0.0009694405598565936,2.3194903405965306e-05,0.0006863934104330838,6.47429988021031e-05,0.00032709853257983923,0.00032259721774607897,0.0001451365096727386,2.4244289306807332e-05,0.06007862091064453,0.0023731654509902,0.00019429570238571614,0.4319518804550171,5.262032937025651e-05,0.00012565884389914572,2.9890159112255787e-06,0.00020746815425809473,0.025459548458456993,0.002952694660052657,0.4623551368713379,0.004137465264648199,0.0001918155758175999,0.0063748895190656185,19,19
0.00015608507965225726,0.03871484473347664,0.002929366659373045,4.3937274313066155e-05,2.1277883206494153e-05,7.66970551921986e-05,0.003507949411869049,0.002923349617049098,0.002050624927505851,0.011521940119564533,0.00044707421329803765,9.325315477326512e-05,0.0647151991724968,8.798904786999628e-07,4.0824772895575734e-07,2.036314441511422e-07,0.0035780281759798527,0.0036935049574822187,0.0004471385618671775,0.6928711533546448,0.14466391503810883,0.001464688335545361,0.026078324764966965,19,19
0.0016194881172850728,4.160626954075042e-09,5.525000545958392e-08,5.2375364462120544e-11,0.008617141284048557,0.0022135968320071697,5.845095962797586e-09,2.1377637160480134e-10,1.5639841421943856e-08,0.0007806594949215651,3.0283631531347055e-06,0.9867652654647827,5.832939677929971e-07,3.789914870822031e-08,5.830876670387397e-09,1.9282388186159238e-10,1.1941382993541083e-08,1.4679268645068078e-07,9.497285624604501e-09,3.6589675733722515e-09,1.472769267651941e-10,3.091110353792281e-11,2.5738566833410914e-08,11,11
0.0543474406003952,6.520538969878586e-11,8.239759807793234e-08,9.965441805093178e-10,0.007054494693875313,0.9017038941383362,3.886217143644899e-07,9.511670562289964e-09,2.8461199690354988e-05,0.035686902701854706,0.0007940515642985702,4.583777808875311e-06,2.738281409619958e-06,0.00036875129444524646,5.239168388015969e-08,7.720278460965346e-08,1.3674924526085874e-09,1.733150867266886e-07,7.81443486630451e-06,1.5267677122565715e-09,5.1322386340757475e-09,7.615674313399268e-09,2.5808349235489914e-08,5,5
3.844762182236838e-12,7.81932046336254e-17,1.5048504109493877e-11,1.651014719904198e-12,2.0346065110476985e-11,5.917368262053913e-10,1.18650607070105e-15,1.4321486219159851e-09,1.2597499432498438e-11,3.611442742079696e-11,3.789199856663039e-12,3.264218340071068e-10,2.925948094922859e-10,1.0660947680207755e-09,1.0,3.73652664364954e-09,5.813561166755771e-14,5.954313105939468e-13,3.665777681405302e-10,4.776825116015182e-11,3.5439592883587667e-13,5.579089707580254e-13,3.9812208705528734e-14,14,14
4.351328243501484e-06,0.016166940331459045,6.654862971799957e-08,0.000989719177596271,1.0820229157104677e-09,1.740653488013777e-06,0.00022479762264993042,0.029363056644797325,5.076110087820496e-10,1.3293217307364102e-05,1.8846150169338216e-06,4.278422505166191e-09,8.36278559290804e-05,6.369572247422184e-08,5.3653614884296985e-09,3.366339660715312e-05,2.4357232675242813e-08,3.977165397373028e-05,4.5374260793096255e-08,0.0007557907374575734,1.0780668162624352e-05,0.9523053169250488,5.066844096290879e-06,1,21
0.001147851929999888,2.1396026568254456e-06,0.011802990920841694,0.00011833578901132569,0.0010436669690534472,0.03211824223399162,0.00016908276302274317,8.582705959270243e-07,3.5298882039569435e-07,0.06186019256711006,0.0006789108156226575,0.024442588910460472,0.0027287378907203674,0.00036774075124412775,2.9406228350126185e-05,1.8027136320597492e-05,0.1340843141078949,0.0016440683975815773,0.7274254560470581,5.453268749988638e-05,9.332330955658108e-05,5.536272146855481e-05,0.00011389329301891848,4,18
0.0033359371591359377,1.543327198305633e-05,4.184461772638315e-07,4.1471903244882924e-08,9.153644350590184e-05,0.00646739499643445,1.9516723114065826e-05,2.575713733676821e-05,0.006533286068588495,0.4930717945098877,0.0009421538561582565,0.4892432987689972,1.15295042633079e-05,6.958447920624167e-05,1.1059865983042982e-06,1.697229345154483e-05,5.80882954182016e-07,2.9307611839612946e-06,6.136704087111866e-07,2.6011715817730874e-05,6.454110553022474e-05,1.981488094315864e-05,3.974074934376404e-05,8,9
6.9558059294649865e-06,0.0005932460189796984,8.23523077997379e-05,0.0007071316358633339,0.0003244708350393921,3.8261237932601944e-05,7.662716234335676e-05,0.0032079939264804125,5.025705718253448e-07,0.11805391311645508,0.007936128415167332,0.00020105602743569762,0.013718640431761742,9.59317731030751e-07,0.03602757677435875,2.426494120300049e-06,9.143273928202689e-05,1.201825580210425e-05,0.7844059467315674,0.005715350620448589,0.0004808602971024811,0.0006023503956384957,0.027713770046830177,18,18
3.301283413748024e-06,2.594018269519438e-06,0.9999583959579468,4.683695653540099e-10,3.384191415989335e-07,4.971818725607591e-06,1.5642036998997355e-07,4.227530681077951e-08,2.010422273102108e-09,1.643962605157867e-06,2.494144553111255e-07,3.1481377504860575e-07,2.4037386538111605e-05,1.040550401398832e-07,2.4307453272420787e-10,1.6396902932647173e-11,2.6537868507148232e-06,6.012897983964649e-07,5.107123257630519e-08,4.821092716156272e-07,5.100922351175541e-08,9.101011499978995e-08,3.6003469094936236e-09,2,2
0.00041047012200579047,8.116049684758764e-06,1.1128015103167854e-05,1.2449980602013966e-07,0.8385225534439087,0.1299704909324646,1.1152430488436949e-05,9.056395811057882e-08,0.0015897442353889346,0.0031021784525364637,0.012939353473484516,0.013212100602686405,2.060889164567925e-05,1.8146229194826446e-06,1.9431754481047392e-05,1.243580641130393e-06,4.3097766138089355e-06,4.298921339795925e-05,3.774934884859249e-05,1.733761928335298e-05,7.021943747531623e-05,2.3328659608523594e-06,4.452473149285652e-06,5,4
0.10651716589927673,7.842910417821258e-05,0.0005497882375493646,1.1477249245217536e-05,9.839831182034686e-05,0.7006639242172241,0.0016819075681269169,3.6529625504044816e-05,0.00010617348743835464,0.1461798995733261,0.00027588647208176553,0.00016659034008625895,0.0011378858471289277,0.041980840265750885,1.7127338196587516e-06,5.070565293863183e-06,7.303503934963373e-07,0.00016434985445812345,2.466977821313776e-05,1.1132877261843532e-05,1.0990108421538025e-05,0.0002873077755793929,9.143709576164838e-06,0,5
1.89747748763347e-11,8.607564105922449e-10,1.4273521600771666e-11,6.615017156264003e-08,1.1609145589286385e-10,2.216788885789356e-08,3.350195676432577e-10,3.764509148851403e-09,3.5969626799650656e-15,3.2623538004372676e-07,5.530855218260911e-10,3.310340499981801e-12,1.0202174962614663e-06,2.0449034826564016e-11,1.6370332867055026e-10,6.477929629343515e-13,1.110905259338324e-06,1.3330250792087384e-10,0.9999955892562866,8.729815759167536e-10,1.5018459009752405e-07,7.388764267091119e-09,1.6582332591497106e-06,18,18
0.0012450546491891146,7.179798558354378e-05,0.008065031841397285,1.5688314078943222e-06,2.6164552764385007e-05,0.0010679112747311592,1.5066383411976858e-06,0.0006551561527885497,0.0003440128348302096,0.00018741158419288695,2.335024328203872e-05,0.0003265703853685409,0.06498391926288605,0.00011371012078598142,6.72739361107233e-07,1.4630936107096204e-07,0.060956310480833054,0.019289737567305565,2.1620584448101e-05,0.0023324214853346348,0.8375971913337708,0.0026070515159517527,8.157765114447102e-05,20,20
0.01388712227344513,2.9966959118610248e-05,0.0002537807740736753,2.33889909395657e-06,1.4669392811583748e-08,0.0004856201121583581,0.0011259381426498294,2.765405959781475e-10,1.822811901419641e-10,0.004330314230173826,0.3833296298980713,1.503168256533627e-08,0.5804877877235413,1.613549471812803e-07,2.5950725943135744e-12,6.668848788894243e-15,2.3255740444483308e-08,5.1866034482372925e-05,0.01600540243089199,4.044613888254389e-06,2.6821261656095885e-08,8.152306349984428e-07,5.1949718908872455e-06,10,12
5.002025886824413e-07,2.1797928638989106e-05,0.011920014396309853,2.3781394702382386e-05,8.73415103797015e-07,6.65764616769593e-07,4.77849539493036e-07,7.684426964260638e-05,1.45987371524825e-07,8.533733307558578e-06,7.6027013165003154e-06,1.0961705356749007e-06,0.010545335710048676,8.855003841290454e-08,2.4823973490128992e-06,9.304369541496271e-08,0.003322374075651169,0.026469577103853226,4.785466444445774e-06,0.9473413228988647,0.0001405854127369821,9.523033077130094e-05,1.595167486811988e-05,19,19
0.6838194727897644,6.120715261204168e-05,1.2860335800723988e-06,7.581576483062236e-06,0.1318063884973526,0.004510233178734779,7.383900424429157e-07,1.0434106911816343e-07,2.8847227895312244e-06,0.02957138605415821,0.020069677382707596,0.08928082138299942,0.0015213779406622052,0.0008047428564168513,1.218742795572325e-07,6.8408541054054695e-09,4.6001823648111895e-06,0.037901319563388824,0.00014325468509923667,0.00017392917652614415,0.00017076429503504187,3.8985544961178675e-06,0.00014419577200897038,0,0
1.3845841806414683e-08,1.2603833056346048e-05,0.0011601195437833667,1.968070222346796e-07,7.693344628023624e-09,8.680932417348686e-09,4.680074106033771e-09,4.844851900998037e-06,1.875404276319159e-09,4.293221778084444e-08,6.786482487086687e-08,5.538758895973217e-10,0.0005766040994785726,5.2209605527764325e-09,2.651188379942937e-09,1.0114278338468896e-11,0.9612897038459778,4.892144715995528e-06,1.7602729712962173e-05,9.53704602579819e-06,0.03687844052910805,3.554933573468588e-05,9.866856089502107e-06,20,16
0.000845273956656456,8.26322502689436e-06,3.6689248190668877e-06,4.940456932445159e-09,0.10609158128499985,0.8706802725791931,2.85365899799217e-07,5.239825018321653e-09,3.232047311030328e-05,0.01586536318063736,0.0004932237789034843,0.005443809553980827,6.615000984311337e-06,0.00012671378499362618,2.5174711026920704e-07,3.974043494281432e-08,2.6029379114334006e-06,0.00031605525873601437,8.879471351974644e-06,2.2182384782354347e-06,6.946382200112566e-05,1.2736315966321854e-06,1.817126189962437e-06,9,5
0.00011548730253707618,0.0017616706900298595,2.164109901059419e-05,0.0008785806712694466,7.92569262557663e-05,0.0002472496998962015,0.02779487706720829,0.00042051568743772805,1.2574098036566284e-05,0.6486510634422302,0.018808485940098763,3.477936843410134e-05,0.005560198333114386,7.005620545896818e-07,0.0002319804480066523,3.0254195735324174e-06,0.004369088914245367,1.7884762200992554e-05,0.04319927841424942,0.020134426653385162,0.03345897048711777,0.0011230522068217397,0.1930752694606781,9,9
0.005777154583483934,7.4708295869641e-05,0.0002104102895827964,1.7296219084528275e-05,0.0036371867172420025,0.012909797951579094,0.00041287345811724663,0.000548073323443532,1.5551380784017965e-05,0.8537231087684631,0.002159245777875185,0.04106450080871582,0.014546955935657024,0.000298986560665071,4.583826375892386e-05,7.5081316026626155e-06,0.0028087603859603405,0.05553218722343445,0.0014267755905166268,0.001468116999603808,0.0008343072840943933,6.3614163082093e-05,0.0024171683471649885,5,9
5.137718872560981e-08,4.754835969400517e-10,0.999991774559021,1.1508045764160174e-13,3.866565293719759e-06,3.854779606626835e-06,6.79018230531625e-10,5.385610013508568e-11,5.614490469763034e-11,2.7577808481282773e-08,1.4418676030913957e-08,1.954169732698574e-07,1.7380777705966466e-07,1.7646041572394466e-10,1.552070116872528e-08,1.1079478263661957e-12,8.25257906456045e-09,5.526407775846565e-09,2.5576039064389988e-08,6.267692498340693e-08,3.027933015431472e-09,3.54218721021482e-09,6.150447989447527e-13,2,2
0.0017799646593630314,1.4611850929213688e-06,0.022839436307549477,5.476163096318487e-07,0.0001986490678973496,0.09080079942941666,8.091107156360522e-05,0.0005298424512147903,0.00010796865535667166,0.19654586911201477,0.0009973268024623394,0.3714999854564667,0.21159771084785461,0.0003450543445069343,0.0005312971770763397,4.5376452817436075e-08,0.0001414626167388633,0.0003200569481123239,0.09840109199285507,0.0031475028954446316,7.020564225967973e-05,8.298221473523881e-06,5.4486008593812585e-05,0,11
0.5420016050338745,4.2958258745784406e-06,0.003336690366268158,1.0327163408874185e-06,0.005632891319692135,0.13475655019283295,2.4249842681456357e-05,8.181212251656689e-06,0.186630517244339,0.07976491749286652,0.006073392927646637,0.03532898426055908,9.66754014370963e-05,0.004965543746948242,0.00017780462803784758,0.0006731023313477635,4.765682660945458e-06,0.00042103478335775435,6.849999772384763e-05,6.171275799715659e-06,2.8049314551026328e-06,6.884148660901701e-06,1.3379345546127297e-05,5,0
1.6657386368024163e-05,0.0062273237854242325,0.00012963813787791878,0.0037673620972782373,2.0072859115316533e-05,0.000942331098485738,0.0019344285828992724,9.32926923269406e-05,0.00016707192116882652,0.12199770659208298,0.8424749374389648,2.3737589799566194e-05,0.001533780130557716,8.47607952891849e-06,2.932917959697079e-05,7.335525879170746e-06,0.0016461479244753718,0.0004064170934725553,0.003617128124460578,0.0013712078798562288,0.001685517025180161,0.0008991576032713056,0.011000867001712322,10,10
0.014860660769045353,0.0002091898932121694,0.024568947032094002,9.102423064177856e-06,0.5213742852210999,0.09239707142114639,0.00035714576370082796,2.4612734705442563e-05,0.00018129499221686274,0.31287869811058044,0.0035171357449144125,0.024609217420220375,0.0006247198325581849,0.0003083899209741503,0.00023176685499493033,3.0116692869341932e-05,0.0001631629274925217,0.0011245846981182694,0.0008103410364128649,0.00012946725473739207,0.0013130749575793743,0.00020697450963780284,7.01088720234111e-05,4,4
5.82024047013352e-11,2.771687546143653e-09,6.314393452555578e-10,5.27972368047358e-08,2.032826858233694e-11,3.845937257551668e-08,2.481830930003981e-12,4.177859724840971e-10,2.610342220155104e-10,2.5472888243172065e-09,1.793975599184705e-07,7.315385519568451e-10,0.0008281475165858865,4.840083334123335e-10,8.795373318548627e-10,1.7667445284530459e-10,9.371265008439877e-08,0.9991481304168701,6.951986097902818e-09,6.189475698192837e-06,1.627282654226292e-05,7.726930206786164e-09,7.901182357272774e-07,17,17
0.997497022151947,1.846685222517408e-07,2.1738176656072028e-05,1.9080401614246512e-07,3.033371740457369e-07,4.777968115377007e-06,2.325833702343516e-05,2.5947425541517077e-08,1.3631408002368062e-08,0.002191434847190976,0.0002293113066116348,4.229449501735871e-08,2.4077246507658856e-06,2.7449510525912046e-05,1.8200429011128172e-11,1.2133138460948545e-12,6.592289908402549e-11,1.4991176300327425e-08,1.727517087601882e-06,1.7261978513261056e-08,1.5819217047408074e-09,1.7686498932079076e-09,3.873815046517848e-09,0,0
0.9987840056419373,7.447245931047064e-09,2.9740077067685888e-08,2.5567605810294936e-09,9.974997374229133e-05,0.0009093532571569085,4.078271942375977e-09,2.905089779847714e-10,9.048201832229097e-08,4.3699246816686355e-06,1.711780896584969e-05,1.2542486729216762e-06,2.7850177275468013e-07,0.000183335694600828,4.532772421295128e-11,3.6727909602518594e-10,3.3626452733415135e-09,4.219894833568105e-07,1.190066534206835e-08,3.2173297359605613e-09,2.396213538702341e-08,2.2439525793060966e-08,1.9430637099304704e-09,0,0
0.0026582551654428244,3.7266545405145735e-05,0.009928205981850624,1.4329177247418556e-05,2.8797874620067887e-05,0.12648585438728333,4.460642230696976e-05,1.022956166707445e-05,3.3553467915226065e-07,0.0046700076200068,0.0001888932310976088,0.00034383501042611897,0.8019415736198425,0.0020892140455543995,3.675910136280436e-07,8.048466781929164e-09,1.903612064779736e-05,0.019571082666516304,0.00012132049596402794,5.3464445954887196e-05,2.22920371015789e-05,0.03176320344209671,7.909136002126615e-06,5,12
1.462405634811148e-05,2.269146762046148e-06,0.007151063531637192,1.798736377622845e-07,3.564904815789305e-08,7.860848199925385e-06,4.228538585948627e-08,4.754010873853076e-08,1.473232380533318e-08,2.2646142383564438e-07,5.223032673029593e-08,2.94846760340306e-08,0.0012122058542445302,7.562609738442916e-08,1.1065329208470587e-10,1.9212088517295278e-11,3.359646143508144e-05,3.2164658477995545e-05,3.125808518689155e-07,3.963902145187603e-06,9.722964932734612e-06,0.9915315508842468,1.6538487912498567e-08,21,21
9.411588166585716e-07,0.00014163029845803976,2.343782216485124e-05,5.797227640869096e-05,1.032027626024501e-06,5.360725481295958e-05,1.1684132914524525e-05,5.4559150157729164e-05,7.787233080591704e-09,3.071470564464107e-05,1.0587491487967782e-05,1.9707469789409515e-07,0.03258241340517998,2.7017654247174505e-07,3.2073882039185264e-07,2.247653263509619e-08,0.12544286251068115,8.084865112323314e-05,0.014541923999786377,0.00015180272748693824,0.8242863416671753,0.00128314143512398,0.0012435951502993703,20,20
9.972110274247825e-05,1.0226141284874757e-06,9.780396794667467e-07,4.815046139583501e-09,0.9577016234397888,0.040971316397190094,3.219991413061507e-06,2.801611032055007e-08,9.496814641352103e-07,0.0003870255604851991,3.958967135986313e-05,0.0007027817773632705,2.22646449401509e-05,1.9342394352861447e-06,1.568630432302598e-05,2.2154092675918946e-06,8.714230716577731e-06,9.724742540129228e-07,6.475866484834114e-06,1.2147183952038176e-05,1.5347133739851415e-05,2.0284519450797234e-06,3.93868185710744e-06,4,4
0.601371169090271,0.0015319898957386613,0.00021594611462205648,0.0011241371976211667,0.00012063497706549242,0.025376904755830765,9.138986933976412e-05,0.30427229404449463,1.4018633919476997e-05,0.009373999200761318,0.0010592517210170627,9.777380910236388e-05,0.01672704704105854,0.005750562064349651,0.0003099897294305265,1.7980482880375348e-05,3.395268868189305e-05,0.00046958849998191,0.0020016722846776247,0.0011312620481476188,0.0007339063449762762,0.026952432468533516,0.0012221079086884856,7,0
0.0020997016690671444,0.00015835252997931093,6.060667510610074e-05,2.7991277420369443e-06,0.03248027712106705,0.6511617302894592,8.444142622465733e-06,7.516731329815229e-06,0.0001449737319489941,0.0307965949177742,0.10521874576807022,0.10827957838773727,0.00807109009474516,0.0002359602221986279,0.0003924044140148908,5.9308254094503354e-06,9.676130139268935e-05,0.056976694613695145,0.0005401265225373209,0.0022553992457687855,0.00013865347136743367,2.0244122424628586e-05,0.0008474068017676473,10,5
0.0006281189853325486,0.00011841431114589795,0.0006696955533698201,0.0007073981687426567,8.996006727102213e-06,0.0004575918719638139,0.0011066650040447712,0.00025444047059863806,1.3533239950902498e-07,0.006324866320937872,0.0002391058806097135,7.419703615596518e-05,0.9850212931632996,0.000596118625253439,4.146200353716267e-06,3.391725655887967e-08,6.3579400375601836e-06,0.00031595828477293253,0.0007968695135787129,0.0021566227078437805,5.705604962713551e-06,0.0004815356223843992,2.5760980861377902e-05,12,12
0.048286136239767075,0.0030554141849279404,0.2789190709590912,0.0005847063148394227,0.10768569260835648,0.12644343078136444,0.003776188474148512,0.001301545649766922,0.0014123293804004788,0.05697657912969589,0.08313454687595367,0.015604452230036259,0.08408138155937195,0.0006763117853552103,0.001595278037711978,0.0012788850581273437,0.0359066016972065,0.07781456410884857,0.011714793741703033,0.01626715622842312,0.03367595374584198,0.006080433260649443,0.003728526644408703,4,2
0.024270307272672653,0.004931693896651268,0.0007179980166256428,6.532812403747812e-05,0.007414869964122772,0.24720996618270874,0.00015814209473319352,2.9998520403751172e-05,0.10924972593784332,0.15808872878551483,0.2921696603298187,0.11689840257167816,0.0009956216672435403,0.03389416262507439,3.786700835917145e-05,1.62408578034956e-05,2.354491880396381e-05,0.00013754110841546208,3.987054151366465e-05,0.0002594869874883443,0.00042159363511018455,0.0028572070877999067,0.00011204471957171336,8,10
1.7782528516363527e-07,2.3078114281815942e-06,3.0082503599260235e-07,4.527188593783649e-06,1.383888736938843e-08,0.0004817016888409853,4.833661023440072e-06,2.3135474092050856e-10,5.432700123098044e-11,1.195567620015936e-06,2.1626647139783017e-06,4.165133515865449e-11,0.9906332492828369,1.0128884753157763e-07,6.641987307376418e-12,3.01889936660249e-12,1.4180200196278747e-05,0.0017740997718647122,0.007007254753261805,1.0422532795928419e-05,5.4445892601506785e-05,3.7134625472390326e-06,5.268379936751444e-06,18,12
1.2130155546685728e-08,0.998892605304718,2.4984126412164187e-07,7.996089834705344e-08,6.18069651014963e-10,3.7424204180069864e-08,2.6067084490932757e-07,8.339192163475673e-07,6.44953318182373e-12,2.3160944806477346e-07,2.6897430416283896e-06,2.5397515687752836e-11,0.00010446103260619566,3.156485517408214e-09,2.6428600974348626e-10,1.5350287013715658e-11,1.60094089096674e-06,1.2752880707012082e-07,4.794242158823181e-07,2.2857801013742574e-05,8.107666644718847e-07,0.0009718128712847829,6.558510108334303e-07,1,1
0.00024988476070575416,0.0003129630349576473,1.3314239595274557e-06,0.002895783632993698,1.5485318272112636e-06,4.0348666516365483e-05,0.2301913946866989,3.2347077194572194e-06,4.491546690132964e-08,0.593345582485199,0.0005092347273603082,5.541321002056065e-07,0.03374696150422096,5.6733711062406655e-06,3.3808127408718747e-09,1.4958112526386458e-10,1.3293318943397026e-06,2.432396058793529e-06,0.13831494748592377,0.00026309731765650213,2.046103145403322e-05,5.129324199515395e-05,4.183092460152693e-05,9,9
8.859714739628544e-07,5.737857463827822e-06,8.594065548095386e-06,4.461325806914829e-05,5.141522763096873e-08,1.7839254724094644e-05,5.548446279135533e-05,0.00021197261230554432,7.310007390515239e-07,0.007427896372973919,1.0450795343786012e-05,2.4211942672991427e-07,0.05208887159824371,1.5114385121250962e-07,4.3476907194417436e-06,4.6921036300773267e-07,6.493240221061569e-07,3.586910315789282e-05,2.2711203200742602e-05,0.9399431347846985,5.633035470964387e-06,0.00010778894647955894,5.866430910828058e-06,19,19
0.0010566299315541983,0.005138434935361147,0.00033699467894621193,4.800079113920219e-05,6.179596390154529e-09,0.0013983648968860507,0.0005747279501520097,0.8567453622817993,0.0006275951163843274,0.030830642208456993,0.0012204142985865474,1.0996237506333273e-05,0.032641563564538956,0.03182578831911087,0.006840575952082872,2.0864465000158816e-07,5.255229780232185e-07,1.567407679203825e-07,0.02193414233624935,0.00868115946650505,1.2995814358873758e-05,1.5904230167507194e-05,5.879424134036526e-05,7,7
9.062352546607144e-06,3.814459660134162e-06,6.845125881227432e-06,1.9276469629403437e-06,5.425612471299246e-05,2.412109824945219e-05,3.156180525820673e-07,3.9198772583404207e-07,3.2814044814699628e-09,1.154826986748958e-05,2.007592456720886e-06,6.569735887751449e-06,0.07175266742706299,7.43537157177343e-07,2.2550945999455507e-08,2.0193303029714116e-08,0.00016659614630043507,0.6891018748283386,1.0938244940916775e-06,0.2385372668504715,0.00026903129764832556,1.3473043054545997e-06,4.848057506023906e-05,19,17
1.210081705949051e-07,1.7734386875689623e-11,9.201448630813402e-11,4.699814214019493e-13,6.235457306047465e-08,9.37605436774902e-05,2.5633154265847224e-08,1.6037390599549228e-12,1.1946534872464554e-09,0.7799963355064392,0.0007099874201230705,0.21919579803943634,1.4405551418406048e-08,3.356848310431815e-08,4.3938808147458985e-09,6.868772217671903e-11,1.713285242843643e-11,6.450033285254619e-10,3.850786470138701e-06,2.863013298659567e-11,4.510152668002476e-11,3.846155436238591e-13,1.256503345814508e-08,9,9
0.8178601264953613,6.817771918576909e-06,7.586472202092409e-05,1.5848324892431265e-06,1.5749599697301164e-05,0.0033114724792540073,0.1319122016429901,4.200770126772113e-05,1.4609229310735827e-06,0.0009471852099522948,0.014865766279399395,1.5252636330842506e-05,0.00034064665669575334,0.030570337548851967,1.79934687594141e-07,4.547587650449714e-06,3.837445916587967e-09,1.2202412108308636e-05,5.688308192475233e-06,3.8314709627229604e-07,9.827943358686753e-06,5.931672717451875e-07,7.968372983668814e-08,0,0
0.03521014750003815,5.31253608642146e-05,0.6033468246459961,2.791510269162245e-06,0.01952092908322811,0.0012559090973809361,2.6963733034790494e-05,4.655253633245593e-06,5.54952202946879e-06,0.005779724568128586,0.0009989540558308363,0.329103022813797,0.003274710150435567,2.2674406864098273e-05,4.375957018964982e-07,5.463484598067225e-08,0.0001745551999192685,0.0009739594534039497,1.937152774189599e-05,0.00012598533066920936,6.629653216805309e-05,1.9939401681767777e-05,1.348032947134925e-05,2,2
0.0035161953419446945,0.00016552783199585974,0.00013523870438802987,1.7310158000327647e-05,0.014532906003296375,0.14030084013938904,8.578213601140305e-05,2.5033793917828007e-06,0.23103110492229462,0.43957915902137756,0.16374213993549347,0.005582107231020927,0.0001636549277463928,0.0008412652532570064,3.2904276281442435e-07,1.0440739060868509e-05,7.273364417414996e-07,4.9558195314602926e-05,1.1340386663505342e-05,3.044576442334801e-05,3.703781476360746e-05,0.00013446786033455282,2.9873977837269194e-05,8,9
0.5583350658416748,0.005351195111870766,0.042162224650382996,0.00011459524830570444,0.002337116515263915,0.16184014081954956,0.006395210511982441,0.0027240843046456575,0.00024835686781443655,0.05627256631851196,0.005010305438190699,0.0016013034619390965,0.08269188553094864,0.020749252289533615,3.135163933620788e-05,2.1853289581486024e-05,0.00048287486424669623,0.006971351802349091,0.002911659423261881,0.002387464977800846,0.0017255733255296946,0.03945409134030342,0.00018057494889944792,5,0
0.00012785859871655703,0.0005063927383162081,0.6175143122673035,9.16593853617087e-05,1.9806273485301062e-05,0.0028200449887663126,2.925837725342717e-05,5.5471118685090914e-06,1.7393669793364097e-07,0.00029592428472824395,4.8261412302963436e-05,2.524944306969701e-07,0.34694838523864746,1.8181333416578127e-06,5.1731742445326745e-08,7.892772546647109e-11,0.0001396777806803584,0.01963411085307598,0.001333362190052867,0.010230151936411858,3.072595063713379e-05,0.0001982962421607226,2.4013703296077438e-05,12,2
0.000588457565754652,1.3576302748674607e-08,4.2399553312755245e-10,1.6422758986056607e-11,0.2026168704032898,0.6973490715026855,1.40043169949422e-07,1.4255345515135076e-10,1.6103644156828523e-05,0.004157696384936571,0.003443293273448944,0.09152231365442276,6.526446213683812e-06,0.0002370510483160615,1.8378182176093105e-06,1.2997205658393796e-06,9.359437669331783e-09,1.610714571143035e-05,1.3013199350098148e-05,3.992794518126175e-06,2.6042798708658665e-05,9.558970504031095e-08,1.140438499191987e-08,11,5
0.008635466918349266,5.058458327766857e-07,1.1776684914366342e-05,3.677073934227337e-08,4.330803858465515e-05,0.013201205059885979,3.722744850165327e-07,2.3698742097622016e-06,0.06614033877849579,0.057808633893728256,0.015043962746858597,0.007673715706914663,4.75231991003966e-06,0.8314133286476135,1.3432617379294243e-05,5.616435032607114e-07,3.227460798616022e-10,1.0091781632581842e-06,4.603059096552897e-06,4.295165112466748e-08,3.443396394686715e-07,2.3355561040716566e-07,6.7458176822299265e-09,13,13
0.016991065815091133,3.1708179449196905e-05,6.821357146691298e-06,5.25615462265705e-07,1.2889282530181845e-08,3.056310015381314e-05,0.916747510433197,6.923979185557982e-07,1.9769869335356516e-12,0.06602992862462997,1.823815910029225e-05,2.5331243591608654e-07,6.856063555460423e-05,3.342752461321652e-05,3.972482412462064e-11,1.9602619527603338e-09,5.085247778424673e-10,5.598752750302083e-08,4.043758599436842e-05,5.1373389986508755e-09,8.516176208672732e-09,1.9972385700839368e-07,5.1431530145862325e-09,0,6
2.1588481002865478e-10,2.420625033749957e-09,1.4058085806567533e-09,2.751064487327426e-09,6.777176597694279e-10,5.296328708936926e-08,3.519210096947223e-12,8.692772196505771e-11,8.859345548839492e-13,4.173786649630529e-09,2.4469921644509895e-09,7.162317405828844e-10,0.00020207777561154217,7.520647438141737e-10,7.296918277943654e-12,1.6818016163738791e-12,6.531152063615764e-09,0.9997969269752502,1.442171715382301e-09,4.0425885572403786e-07,1.2837747931371268e-07,1.5239656758758713e-10,4.6945947929089016e-07,17,17
1.0302009245677368e-09,1.9944907270891266e-13,1.0,1.2444672912020205e-16,2.1841344705064714e-11,2.4829641120938106e-10,1.0727028987300713e-10,5.616732426383386e-11,7.722142369992469e-12,2.1118815141107916e-08,2.963134024171893e-13,7.403651469672923e-09,1.2072075561420093e-09,9.861109324937889e-12,7.943797698903732e-15,1.2363953583822626e-15,2.3935398107965966e-09,3.11167307198712e-11,1.7240815979729929e-12,3.1029948575900246e-12,7.461579965006848e-12,1.1861690449310736e-11,8.452065748134306e-15,2,2
2.781351042813185e-07,3.475942212351397e-15,2.330194625918395e-15,6.030418601137949e-19,3.8326802842547636e-10,3.859295695518572e-13,2.6285185711501756e-14,2.7053615589437633e-16,7.10975580184059e-16,1.8135313439415768e-05,2.0124773375540528e-11,0.9999816417694092,1.632771066788219e-12,6.172078906990786e-13,2.7234810826106354e-17,2.022575091314901e-18,1.5307053203561234e-15,1.1751830824929203e-14,4.584878212764848e-14,1.7708927092668518e-16,8.749387653389485e-16,5.7164624064386e-18,4.045431050152433e-14,0,11
0.9997455477714539,2.6594955127023923e-09,8.554679742367455e-10,9.247757941366341e-12,1.3218756755861705e-08,7.232534358081466e-07,2.0436916048360843e-10,2.819449917979e-08,4.3890399648027767e-10,5.262327817945334e-07,2.706100232785502e-09,1.0418505098641617e-06,2.179381536349112e-10,0.0002518660039640963,1.6474054108719938e-12,6.99078128718611e-08,3.1126205779496985e-11,1.2586089115362853e-10,6.696828647179132e-10,3.780678027587303e-12,3.136230120048822e-08,1.4484268717751547e-07,1.1073354906632193e-11,0,0
0.09513743221759796,4.338513917900855e-06,7.259759877342731e-05,7.565477488924444e-08,0.2332376390695572,0.049739938229322433,2.722544923017267e-05,1.5061634712765226e-06,0.0003482477040961385,0.4703705906867981,0.020267443731427193,0.12910960614681244,0.00016251370834652334,5.306766615831293e-05,0.0006889737560413778,4.385874490253627e-05,2.449735620757565e-05,0.00011568758054636419,0.000379998265998438,7.593549526063725e-05,0.00012328439333941787,5.58117380933254e-06,9.929328371072188e-06,10,9
1.484606126922472e-08,1.2042404762269143e-07,1.8255107425702022e-09,1.8146646685313073e-10,1.0182007320613806e-10,5.2705163398059085e-05,1.9722350488859952e-11,1.8508794497051895e-10,2.62755095459255e-10,4.79997375180119e-10,7.71201680294098e-09,3.251734298492792e-11,0.9997850060462952,7.945978097723128e-09,3.5146691113041584e-11,4.870538000689706e-12,2.8532574560813373e-06,0.00014243618352338672,1.1076807915344489e-08,2.8116535304434365e-06,1.1743983122869395e-05,9.02912518085941e-07,1.2874186268163612e-06,12,12
0.0013753683306276798,3.1263360142474994e-05,0.0001223762665176764,4.900564454146661e-05,2.5216552330675768e-06,0.009034228511154652,0.018334751948714256,0.018108326941728592,8.85928311618045e-05,0.9491327404975891,0.00011872738105012104,1.3966741789772641e-05,0.0004990071174688637,0.00048158501158468425,6.763852979929652e-06,2.003851295739878e-05,6.111730908742175e-05,9.126896657107864e-06,0.001380247762426734,5.782189327874221e-05,0.0003380878479219973,0.0006795146036893129,5.466380389407277e-05,9,9
0.021693546324968338,0.011603969149291515,2.1388454115367495e-05,0.03627558797597885,1.8862997421820182e-06,1.4440181075769942e-05,0.0002705261576920748,0.041119638830423355,0.0001610963954590261,0.21111370623111725,0.10800597071647644,0.00025856876163743436,0.08774799853563309,4.938536676490912e-06,0.00014610809739679098,1.3167573342798278e-05,9.520536696072668e-05,0.0001711418153718114,0.006800965406000614,0.06352277845144272,0.0011896744836121798,0.008949629962444305,0.4008179306983948,19,22
3.5641711292555556e-05,9.22151084523648e-05,9.347283480565238e-07,9.249113645637408e-05,1.2454026432351384e-07,0.0005719602340832353,3.6054898373549804e-05,7.730131073913071e-06,3.564311901183004e-10,0.0008023884729482234,0.00010909244883805513,3.523112468428735e-08,0.988631546497345,1.2737642940408023e-08,7.690493930567754e-07,1.7284726538946416e-08,4.3916046706726775e-05,0.00556941656395793,0.00094251474365592,0.00042591532110236585,1.3782175756205106e-06,3.912379179382697e-05,0.0025965943932533264,12,12
4.3048257793998346e-05,5.991167029151256e-08,0.9999136924743652,4.3040512820446963e-10,2.5476705189930726e-09,4.111790985916741e-06,7.113289512972187e-08,5.6329277242639364e-08,8.482712843260742e-08,2.046172994596418e-06,4.498093986171625e-08,3.3872670002210725e-08,3.0029721528990194e-05,1.2172968126833439e-06,7.533348077293223e-12,1.3736207267120437e-13,9.245787424561058e-08,1.137939648288011e-06,2.2818123568413284e-07,3.843723334284732e-06,1.181302522468286e-08,1.141160268502972e-07,1.1426379842305323e-09,2,2
6.876211500639329e-06,0.0017826949479058385,0.21431539952754974,7.190785981947556e-05,8.638571813435192e-08,3.249344217692851e-06,6.371569725160953e-07,0.0014670538948848844,1.826917923608562e-06,1.581549076945521e-05,2.485934237483889e-05,3.3713851621541835e-07,0.01620165817439556,4.4761133466408864e-08,1.0336867717342102e-07,3.432118944601825e-08,0.65628582239151,0.014861436560750008,8.526290184818208e-05,0.0010060830973088741,0.07009173184633255,0.005928080528974533,0.017849115654826164,22,16
3.005436383318738e-06,0.000575666141230613,2.192688725699554e-06,0.0001624320138944313,7.336739713537099e-07,1.810616595321335e-05,2.5174497295665788e-06,0.0002438455994706601,1.3916951502324082e-06,3.1675619538873434e-05,0.0008271981496363878,4.969970746060426e-07,0.013519372791051865,1.398423705722962e-07,0.00018032353546004742,2.0740408217534423e-06,0.00010657357051968575,0.00044217563117854297,0.004858075175434351,0.00011637644638540223,0.0027059896383434534,0.00017559604020789266,0.9760240912437439,22,22
1.1237668786634458e-06,2.216062512161443e-06,8.201802188523288e-07,5.41853023605654e-06,2.1455566923123115e-07,0.009352212771773338,2.6442216949362773e-07,1.8522129607845272e-08,5.335540342876754e-10,1.7789428966352716e-05,0.00033592802355997264,2.69528155349974e-09,0.9703751802444458,1.2235277324634808e-07,2.7074168684748656e-08,1.6993537133025427e-10,3.7430203292387887e-07,0.01944797672331333,0.00021011817443650216,0.00023473976762034,1.0618992973832064e-06,6.2649164647154976e-06,8.21068897494115e-06,12,12
0.009579676203429699,2.453017805237323e-05,0.000113786751171574,3.059553819184657e-07,0.0002696327574085444,0.00036126779741607606,1.543874168419279e-05,0.00031944195507094264,0.0003157184983137995,0.0008014381164684892,6.174165901029482e-05,0.004524691961705685,0.5086806416511536,6.811797902628314e-06,3.230537913623266e-05,3.918959919246845e-06,0.00437358021736145,0.003535020165145397,4.251719929015962e-06,0.0654393658041954,0.400404691696167,3.0144134143483825e-05,0.0011015718337148428,12,12
3.1374743081347134e-11,4.865232661188656e-10,3.428118677817338e-09,1.4821778249185513e-09,1.3574335753219202e-06,1.9324901678885453e-09,1.027051057048145e-12,1.9777644411078654e-08,1.1342644488585019e-12,6.206396285790561e-09,4.9597478124496774e-08,1.0733912370053389e-10,0.0013346188934519887,4.887748192294872e-11,1.7163976906431344e-07,5.604082531363019e-09,0.00012513078399933875,0.18491007387638092,1.3938760901055502e-07,0.8133933544158936,0.00023306207731366158,3.7367659189158076e-08,1.9732506189029664e-06,19,19
0.9763581156730652,3.107288648607209e-08,7.696921238675714e-05,1.1700572954964628e-08,0.00016686996968928725,0.0006563036004081368,2.4557225515309256e-06,7.480375785462456e-08,1.6728194168535993e-05,0.015037961304187775,5.380947550293058e-05,0.00670227874070406,1.498255414844607e-06,0.0009232831071130931,7.075144470292116e-09,5.483278275875136e-09,3.912419277440904e-09,3.1019449124869425e-06,2.1895402824156918e-07,1.852278685987585e-08,2.4200421222531077e-08,3.058694630908576e-08,1.6713282491309656e-07,0,0
0.00015946151688694954,0.0035004825331270695,0.0019476773450151086,0.0019332735100761056,0.0007678795955143869,0.002585622016340494,0.000417116389144212,0.001306831487454474,2.4407745513599366e-06,0.002351447707042098,0.004751244094222784,0.0001780272723408416,0.7463235259056091,0.00010285589087288827,1.2515424714365508e-05,1.691907414169691e-06,0.01175647135823965,0.039481207728385925,0.012038027867674828,0.01382919680327177,0.004267357289791107,0.0030850667972117662,0.1492004543542862,12,12
0.001866597798652947,0.00027836556546390057,0.0003319750539958477,2.0478795192957477e-07,0.005705718416720629,0.00012019310088362545,1.9457293092273176e-06,0.00019695468654390424,1.0661051419447176e-05,6.59708894090727e-05,6.426641630241647e-05,0.001994695048779249,0.4631321430206299,2.6911234272120055e-06,1.6078114640549757e-05,6.884562253617332e-07,0.09631434082984924,0.005835945252329111,2.2209699181985343e-06,0.02120158076286316,0.40235525369644165,7.236743113026023e-05,0.00042921857675537467,12,12
0.01798180118203163,1.846802479121834e-05,0.0025935107842087746,5.42746147402795e-06,0.17468705773353577,0.29888787865638733,0.00035048980498686433,5.950506420049351e-06,0.0006335821817629039,0.2910006642341614,0.009823312982916832,0.17658774554729462,0.0033752096351236105,0.0036162054166197777,0.00022023827477823943,0.00011163888848386705,9.431729995412752e-05,0.019387295469641685,0.00024392992781940848,0.00021830960758961737,3.635659595602192e-05,2.96021721624129e-06,0.00011762799113057554,11,5
2.1785910749028137e-12,4.3226079178835034e-16,2.428673581689189e-13,1.2217717580643907e-15,3.445485406315327e-14,3.970912487716305e-11,1.2340115535588048e-14,9.517563950836778e-16,0.9999998807907104,1.583066122634591e-08,7.095338361295944e-08,3.2794918780609805e-08,5.484655562831495e-14,7.707363393338884e-13,1.8072551105381002e-13,5.682837013465392e-13,9.334657138514342e-15,1.459406461781429e-13,1.6664138263191262e-14,1.2785272853984599e-14,2.3598310805450495e-13,4.2470941365423944e-16,1.89904515723871e-12,8,8
9.860625141300261e-05,0.10009388625621796,4.296542101656087e-05,0.003273837734013796,8.115600940072909e-05,0.0001593043707543984,0.006157104391604662,0.018696295097470284,0.0004475793393794447,0.13133549690246582,0.3927638828754425,1.4244375961425249e-05,0.0016610141610726714,1.2545813660835847e-05,0.001620371942408383,0.0007476485334336758,0.0020721135661005974,0.00030100939329713583,0.013990264385938644,0.021689876914024353,0.028505289927124977,0.25921890139579773,0.01701648347079754,9,10
9.28623364870873e-08,3.954643557069204e-10,6.467798518983159e-10,2.1221986390429493e-09,4.5149928240562076e-10,1.0083813322125934e-05,9.268817666452378e-05,2.0218011709260963e-09,1.9546721186092242e-10,0.9997678399085999,0.0001230993220815435,9.880747775525833e-09,3.2390201454290946e-07,1.207422872795405e-08,7.588395467550413e-10,6.007854214118424e-09,6.063408664047643e-10,7.987156713795684e-09,5.5998375501076225e-06,1.0080888346308825e-09,2.0035876957535947e-07,5.931657387492351e-09,1.730638188313094e-09,9,9
1.023955498169471e-08,2.4007760224264985e-09,2.0038557977386517e-06,6.500571458900595e-08,0.0001321928866673261,2.9314628591237124e-06,3.529514742695028e-07,1.167789741884917e-05,1.1803872324023246e-09,3.861194272758439e-05,0.973772406578064,2.559560698500718e-06,1.0003983334172517e-05,2.1512515727128978e-11,0.025842269882559776,9.592514834366739e-05,1.0003353168031026e-07,1.4864999684505165e-06,7.60108741815202e-05,8.106511813821271e-06,2.9744535368081415e-06,2.627819739586812e-09,4.6082220706011867e-07,10,10
0.002423756755888462,1.7222653525550413e-07,1.1330223969707731e-05,5.412119890024769e-07,0.00028733621002174914,0.0008233949192799628,0.0057699535973370075,0.0003644200332928449,6.872163567095413e-07,0.9890323281288147,9.589787077857181e-05,2.2704954972141422e-05,0.00010295346874045208,0.0004062678781338036,0.00014945096336305141,0.00011825995170511305,2.451628802191408e-07,6.003258476994233e-07,0.00034306879388168454,7.197596005426021e-06,2.2432112018577754e-05,1.7000540537992492e-05,9.940499978711159e-08,9,9
2.4569497547588526e-09,7.043173821941195e-10,1.6158112714492745e-07,6.239028405019553e-09,7.348729264000653e-11,5.541050285273741e-08,1.0070375089377137e-11,1.0982376119628157e-09,1.3155589118074573e-10,5.3806563649061445e-09,2.053920766798001e-08,1.2717831232578192e-09,0.0013094714377075434,5.366059263600675e-10,6.080048790824133e-12,3.315441671203345e-11,5.134897307357278e-08,0.9986842274665833,4.2178577297491415e-10,5.108302502776496e-06,8.404142590734409e-07,1.697949558732148e-09,9.553608748547049e-08,17,17
0.2973804175853729,4.7627505409764126e-05,0.10924026370048523,0.001013723318465054,0.000556119077373296,0.06676551699638367,0.005262069404125214,0.0029874767642468214,0.2764625549316406,0.165265753865242,0.056661512702703476,0.0006142107886262238,0.003045981051400304,0.0090904850512743,0.00012778509699273854,0.001331030740402639,0.00012941585737280548,0.0015900707803666592,0.00021429119806271046,0.0010431569535285234,6.557138112839311e-05,6.228395795915276e-05,0.0010426646331325173,0,0
0.0001738108549034223,0.7531471848487854,4.992222966393456e-05,5.0330090743955225e-05,0.00021958848810754716,0.0006865838658995926,0.0004103769897483289,4.859502587351017e-05,7.71311970311217e-05,0.0018749558366835117,0.0030409484170377254,0.0010564334224909544,0.12723760306835175,0.0005871515022590756,7.5040943556814454e-06,5.056896839050751e-07,0.04054698720574379,0.0008009040611796081,0.0008033036137931049,0.010904418304562569,0.022373046725988388,0.017928846180438995,0.01797393150627613,1,1
0.011789010837674141,3.7622750824084505e-05,3.0067845727899112e-05,4.6658369683427736e-05,4.182799966656603e-05,0.0005982631701044738,0.0004240961861796677,4.1429925090596953e-07,1.404010352423768e-09,0.620980978012085,0.18247315287590027,0.0006341067492030561,0.08604662865400314,1.2836301721108612e-05,9.221859720298653e-09,6.052733314554359e-10,1.1650917031147401e-07,0.09473107755184174,0.001590420724824071,0.00022343589807860553,2.370883976254845e-06,2.178997817736672e-07,0.00033661676570773125,0,9
0.08065588772296906,9.051881352206692e-05,0.0001491445436840877,2.1660412130586337e-06,0.0005156566621735692,0.0640426054596901,0.0002296502498211339,0.003654367523267865,2.023115666816011e-05,0.6446627974510193,0.002399669960141182,0.18751899898052216,0.006838097237050533,0.008509093895554543,1.4323269397209515e-06,6.5936569626501296e-06,1.39081635097682e-06,0.00019388478540349752,0.00026187891489826143,6.238555943127722e-05,1.0043832844530698e-05,0.00017023699183482677,3.202826292181271e-06,4,9
4.331141826696694e-05,0.0022654442582279444,0.00043544944492168725,5.6210019465652294e-06,4.2181721937595285e-07,9.292658069171011e-05,1.8233804439660162e-05,6.713771290378645e-05,3.4483696254028473e-06,0.00011289589019725099,0.0008006085990928113,1.4627009477408137e-05,0.9830638766288757,3.5597061014414066e-06,2.2530241494678194e-07,1.7088528636577394e-07,0.0008202032768167555,0.008924874477088451,3.0626375519204885e-05,0.0010425735963508487,0.0007827341323718429,0.0007107584970071912,0.0007603152771480381,12,12
0.9791697263717651,2.739853698585648e-05,0.0007355028646998107,6.748924761268427e-07,0.0010987906716763973,0.013346062041819096,0.0003408367629162967,1.068174242391251e-05,3.5929190289607504e-06,0.0007805593777447939,0.00015710708976257592,0.0005128637421876192,0.0009252092568203807,0.001662974595092237,9.671570921909733e-08,3.3591422834433615e-05,3.0339522254507756e-06,0.0004483685770537704,1.5261913404174265e-06,5.225834684097208e-05,3.7535603041760623e-05,0.0006514805718325078,1.1714504921656044e-07,0,0
5.820113528898219e-07,1.3800784870454663e-07,2.034892895608209e-05,7.577615406262339e-07,5.002884427085519e-05,5.31744035470183e-06,9.127208500103734e-08,1.2001431741737179e-06,9.265063161123521e-10,3.4274315112270415e-05,2.968509704714961e-07,1.802924316507415e-06,0.016382353380322456,6.854056096017302e-07,2.4874992732293322e-08,3.2987763631808775e-09,1.9785309632425196e-05,0.9741560816764832,7.168649062805343e-06,0.009297885932028294,7.059151812427444e-06,1.0042190012882202e-07,1.3942546502221376e-05,12,17
6.263917748583481e-05,0.8483216166496277,0.0002392680908087641,8.758129115449265e-05,1.033291141538939e-06,0.00010912939615081996,0.0029673033859580755,9.003531886264682e-05,7.91830302659946e-07,0.05547492206096649,0.0003817313991021365,4.413569513417315e-06,0.029963050037622452,9.22046456253156e-05,2.3745961641452595e-07,7.990824890669046e-09,1.0089763236464933e-05,4.184993031230988e-06,0.00484314002096653,0.00021923791791778058,1.813872586353682e-05,0.0570063591003418,0.0001029945196933113,1,1
5.505950866790954e-06,7.457807805621997e-05,1.3760316505795345e-05,2.9144107429601718e-06,0.00027676025638356805,0.0005694370483979583,1.0312278391211294e-06,1.3954880841993145e-06,2.7864825113965708e-08,0.0004147458530496806,0.0002500289701856673,1.926867480506189e-05,0.007371980231255293,9.391002890879463e-07,2.142514176739496e-06,3.097158014497836e-07,0.001101671950891614,0.9756191968917847,0.0002703251375351101,0.012590514495968819,0.0006242821691557765,3.288548396085389e-05,0.0007563481340184808,17,17
5.979045383797121e-12,3.3150480138743887e-09,4.733503086024049e-13,6.652729062084362e-11,1.6446209899576708e-13,1.4084465364827548e-11,0.9999998807907104,5.429905969300819e-10,5.51205131885113e-13,8.508447990607237e-08,1.557340888191927e-11,1.502567167910307e-11,1.0127091526479504e-10,2.0222337693276415e-11,2.065974615775984e-13,1.2379680613960886e-13,1.0782977158743656e-12,3.336971812154671e-13,1.2817472777593153e-11,1.4124199206044796e-11,1.9309551180235474e-10,1.5156398271848337e-12,1.5251387652792658e-10,6,6
1.0368190714871162e-06,5.108412551635411e-06,1.3363451216719113e-05,1.0921460670942906e-05,6.017539817548823e-06,0.0004343996406532824,1.0937966408164357e-06,3.289194125954964e-07,6.924883999559484e-10,0.00017089089669752866,4.2204177589155734e-05,6.006336406016999e-08,0.5948668122291565,4.6899071293182715e-08,4.1185214172401174e-07,6.334376134731201e-09,0.00011322581849526614,0.39139729738235474,0.00016490703274030238,0.01263225357979536,3.947116056224331e-05,2.9943671506771352e-06,9.698230132926255e-05,17,12
7.617591472808272e-05,0.0008640267187729478,2.7814596251118928e-05,0.00035311238025315106,3.452199598541483e-05,0.0025405525229871273,0.000730829662643373,4.7764780902070925e-05,2.3958685346769926e-07,0.11962544918060303,0.003286594059318304,0.00020712093100883067,0.552089512348175,2.9119548344169743e-05,8.832718594931066e-05,1.4784686754865106e-06,0.0031830179505050182,0.20445868372917175,0.03601023554801941,0.044861022382974625,0.011666064150631428,0.00903286412358284,0.010785404592752457,19,12
1.6060301977205427e-09,3.2186436675629704e-12,0.9999998807907104,1.4813576573051207e-16,1.9382388963674717e-14,1.069644234297229e-10,2.29901764292606e-10,4.871756074725439e-14,1.424791240664438e-14,1.499877111399428e-09,2.0947481596533812e-11,5.1054229203637e-13,1.0432604824472946e-07,6.111460621426035e-14,8.155346374472201e-17,4.155114413271039e-21,3.6203974388727966e-13,2.327565494942424e-13,5.998158220110739e-11,1.2778483783268402e-12,3.951653067946594e-15,3.0159853564235006e-13,3.714272031539017e-16,2,2
2.0212939655372963e-10,2.339211879753833e-10,2.140017274498973e-09,1.1128266663718023e-07,2.5948038162582066e-10,1.2375841684786337e-08,1.7999076673547165e-09,2.4528086228770007e-08,3.1475345333570326e-12,3.8183879951247945e-06,1.0867635680256171e-08,9.66732693896688e-10,3.8694248360116035e-05,9.425717095723485e-09,4.455764155864017e-06,1.4320195029782212e-10,2.023816947360757e-10,8.820692869448976e-07,0.00018080290465150028,0.9997711777687073,6.839462329821799e-10,1.4770408229836107e-09,1.119817794048572e-09,19,19
8.809197606751695e-05,0.02288465015590191,0.0004732194065582007,0.002677137963473797,3.4430988307576627e-05,0.0009075220441445708,0.011821710504591465,0.001633965875953436,0.010683958418667316,0.03423257917165756,0.6267530918121338,4.305131824366981e-06,0.054417431354522705,2.442273626002134e-06,9.291629794461187e-06,0.0007412339327856898,0.00012659117055591196,0.010441870428621769,4.1037510527530685e-05,0.13928571343421936,0.015565278939902782,0.06422289460897446,0.0029516478534787893,19,10
3.624252981060394e-11,2.6084034931983524e-09,1.3423115396982155e-10,2.2141856056978604e-11,9.040969470471005e-14,1.4828208882988747e-08,4.1662017585819555e-11,2.0582353876807957e-10,1.7085082297757601e-15,4.754842630738665e-10,2.534822907129808e-10,3.40277307199488e-12,0.999998927116394,5.750852918873228e-12,1.7887878678291003e-11,5.6499083027090197e-14,3.470936593696905e-10,4.326281555222522e-09,1.2645212654760485e-09,1.0548451427894179e-06,2.7664259771853494e-11,1.67363445324753e-09,1.9405836937380627e-09,12,12
1.0928061788817445e-09,1.502760653693258e-07,4.534400943612127e-07,4.6081249820417725e-06,4.215953097741476e-08,2.937843532890838e-07,1.1127796462062634e-09,3.4786570846101483e-10,2.1866619626109696e-11,2.794739728528839e-08,5.089805910074574e-08,5.766363775361327e-11,0.0002742627402767539,2.2838100854905008e-10,7.448969441270492e-09,1.0211143042226922e-10,0.8962700366973877,9.97105598798953e-05,0.09975175559520721,5.763750777987298e-06,0.0033156266435980797,2.836066414602101e-06,0.0002743404475040734,16,16
1.5328199154396316e-08,3.754925703702838e-09,0.9999986886978149,2.969028148336328e-11,2.3771760115920415e-09,2.8448521316448705e-09,2.842160673477423e-10,3.378403334863833e-09,1.4727529959457364e-11,1.0762033753053402e-07,4.36117447710771e-10,2.0708942827241117e-07,8.377745075449639e-07,1.0675008793592511e-10,2.0286044979250795e-12,5.397410830451123e-15,8.765201897631414e-09,6.101455340967732e-08,3.7203126690421584e-10,1.8504048071577017e-08,4.845405188191876e-10,5.582021067596088e-09,2.3987398872771237e-11,2,2
1.504544707131572e-05,7.848005623145582e-08,7.35804164264664e-08,1.5904898925667155e-12,0.6329044699668884,0.3661300539970398,2.416995936727062e-09,2.2116593278997954e-11,2.361181259402656e-06,4.405419076647377e-06,7.185509730334161e-06,0.0009341200347989798,3.138021398285673e-08,1.3588689853349933e-06,1.2392710857511702e-07,2.434094925618524e-09,3.4144207461395126e-08,4.01959674434238e-08,3.243195223490147e-08,1.3027262824039099e-08,6.265666456783947e-07,5.0746308488669456e-08,3.892262956384229e-09,11,4
6.789214745950289e-10,8.642918325474369e-11,1.0,4.6587818374127857e-14,2.8431157168135046e-12,3.2391971049872126e-11,9.447444562771246e-12,2.1662345250916815e-09,9.767238406954704e-11,4.08438782795173e-10,2.0794093443660122e-12,1.4971791584272864e-09,2.135370280598181e-08,4.676280196402871e-12,4.5525259587510594e-15,2.6996072935561504e-16,1.7241607253026814e-08,5.609062103673068e-09,1.2116693282396285e-12,5.798401758738692e-10,2.2399102572734364e-09,1.2750555056229018e-09,1.7459690377502612e-12,2,2
2.1076434677524958e-06,7.834176358301193e-06,3.1344372928288067e-06,7.518428446928738e-06,2.6361526295204385e-08,3.070341278998967e-07,1.5457753761438653e-05,0.00034996267640963197,8.243682714237366e-07,9.203424997394904e-05,3.0113893444649875e-05,7.789584515194292e-07,0.007471903692930937,7.551037128905591e-08,1.3741412658418994e-05,1.8350061736782664e-07,2.5650349471106892e-06,1.6367932857974665e-06,5.018955926061608e-05,0.9918002486228943,4.049053313792683e-05,3.892766835633665e-05,6.98680232744664e-05,19,19
0.4535670280456543,0.00099416624289006,0.005880002863705158,4.30618274549488e-05,0.04497003182768822,0.04038475453853607,0.00042456365190446377,0.0003960384929087013,0.09860488027334213,0.1643541008234024,0.029144486412405968,0.05195120349526405,0.038192786276340485,0.005414146929979324,9.470499207964167e-05,8.434554911218584e-05,0.0008955512312240899,0.05128872022032738,0.0002566701441537589,0.003746677190065384,0.007958181202411652,0.000590664567425847,0.0007633008062839508,0,0
3.139761702186661e-06,1.3664898688148241e-06,6.531922025487802e-08,3.929196282115299e-06,1.0944410860247444e-05,0.0010791975073516369,8.74386671512184e-07,3.8458361473203695e-07,4.423596600133806e-09,0.0011827006237581372,7.015148730715737e-05,7.996052772796247e-06,0.07513857632875443,8.136062206176575e-07,0.00022187831928022206,7.76912045807876e-09,3.8134115243337874e-07,1.105499109144148e-06,0.921436607837677,0.000350104266544804,7.799788477313996e-07,4.788384444509575e-07,0.0004884022055193782,5,18
0.0006288697477430105,0.00406805332750082,0.03186297416687012,0.0006847212789580226,0.04652933031320572,0.005062417592853308,0.00017329594993498176,0.005726778879761696,2.4912276330724126e-06,0.008111806586384773,0.037377119064331055,0.000775290303863585,0.2348591685295105,0.00011288790119579062,0.006175850052386522,5.700968540622853e-05,0.023903384804725647,0.01679755188524723,0.049690935760736465,0.5071349740028381,0.0020156782120466232,0.0005503175780177116,0.017699170857667923,22,19
0.03338507190346718,0.41895970702171326,0.002292006043717265,0.08293957263231277,0.001157415914349258,0.0003221065562684089,0.0008996105752885342,0.004125496838241816,0.00026060990057885647,0.06280643492937088,0.07202008366584778,0.0010189933236688375,0.04810357466340065,0.00037610874278470874,9.284607358495123e-07,7.29026169210556e-07,0.0017007606802508235,0.006781540345400572,0.0016465005464851856,0.035201381891965866,0.006914097815752029,0.12015742063522339,0.09892991930246353,21,1
3.752321936190128e-05,6.237685368226664e-10,2.2987337615631986e-06,1.7829662746216002e-10,7.774045229780313e-08,0.008053174242377281,4.5613346628670115e-06,1.254541026618483e-09,1.4315755834104493e-05,0.9676024317741394,0.0017537339590489864,0.022137351334095,3.2570841312917764e-07,0.00039075902896001935,9.27926802063439e-09,3.4506793866739827e-08,2.063139381558443e-10,3.567034809748293e-07,3.056663445022423e-06,2.4728423753117568e-09,6.9732064567062935e-09,1.8453314432065326e-09,6.657875917248646e-10,9,9
3.2131318050687696e-08,1.2525637846685263e-17,5.995388923913006e-20,3.964291737088463e-23,2.7704798108023386e-15,3.028007335608818e-19,3.397819813054717e-14,1.5030312785376066e-20,6.551248479434958e-20,0.0004953196621499956,1.2753527075561044e-13,0.9995046854019165,2.557918004419615e-16,8.039955420174882e-15,6.542426121603876e-22,1.7226124845496458e-24,3.479907475455605e-23,3.606763945188706e-22,1.3195839431310427e-17,5.165780285846129e-22,1.3570507833075463e-22,3.7483386030381865e-22,3.603456828632105e-18,0,11
0.04728073254227638,2.8243047722753545e-07,0.003018183633685112,5.444762791739777e-07,0.002202661009505391,0.049652621150016785,1.0478389413037803e-05,2.178992872359231e-05,0.5630702972412109,0.12014009803533554,0.06312061101198196,0.05024120211601257,2.917942765634507e-05,0.03501120209693909,0.013222149573266506,0.05292216315865517,9.726985581437475e-07,1.648743091209326e-05,2.6239818907924928e-05,2.7418946046964265e-06,2.527795231799246e-06,4.292283392715035e-06,2.5333847588626668e-06,15,8
0.0023890691809356213,0.10114169120788574,0.0031572214793413877,3.979166194767458e-06,0.0047667669132351875,0.06468947231769562,9.413406223757192e-05,0.0004846195806749165,0.005657236557453871,0.0025642048567533493,0.0003326443547848612,0.00010902790381805971,0.21025313436985016,8.852197788655758e-05,2.3357011968982988e-07,1.2095249530830188e-06,0.02052486501634121,0.2966373860836029,2.759092785709072e-05,0.0789594054222107,0.20397214591503143,0.0019900084007531404,0.0021554643753916025,17,17
2.0781645293510564e-09,1.1336718230836595e-08,5.656716339785817e-08,1.5102092909557996e-09,1.1804031885276345e-07,2.1652586212894676e-07,5.9951158620785705e-12,1.160061352534214e-10,2.7462617683410295e-12,2.0434194780705184e-08,5.816074288844675e-09,3.401894321797272e-09,0.0010478949407115579,5.111611134367422e-10,1.480012917776108e-10,2.353548400006039e-13,1.4268312042986508e-07,0.9988566637039185,3.6881480980355263e-08,9.383496217196807e-05,6.218588737283426e-07,2.1345554213070272e-09,3.348041843764804e-07,17,17
0.012422517873346806,0.00027565957861952484,0.02842283435165882,7.438058673869818e-05,0.15696170926094055,0.04179318621754646,0.00044383705244399607,7.4207920988556e-05,5.086212695459835e-05,0.11318907886743546,0.025061707943677902,0.040014732629060745,0.11390934139490128,5.391548256739043e-05,0.00014910168829374015,1.6029804100980982e-05,0.0016415013233199716,0.39124488830566406,0.0017683088080957532,0.06938440352678299,0.0020447876304388046,0.00037864467594772577,0.0006244057440198958,4,17
0.10842400044202805,2.8292649858485674e-06,2.746523023233749e-06,1.8452449523920222e-07,1.0361622116761282e-05,0.00011992607323918492,2.1159410607651807e-05,1.1537947102624457e-05,6.538390607602196e-06,0.31598493456840515,0.0002324827655684203,0.5747157335281372,0.000194490363355726,0.00025776762049645185,9.37250035804027e-07,1.0318184706648026e-07,1.0287970297895299e-07,8.342226465174463e-06,6.546242730109952e-07,9.38845971631963e-07,1.986778741525086e-08,1.3610083726689481e-07,3.950985501433024e-06,0,11
0.0036116086412221193,4.966430878994288e-06,7.084016573344343e-08,1.7261844220683997e-07,1.0860870133910794e-05,0.009429641999304295,7.797436410328373e-06,5.331549459697271e-07,0.00030009864713065326,0.36309343576431274,0.6074038147926331,0.015201576054096222,2.952538306999486e-05,5.038344897911884e-05,2.0198217498546e-07,1.082794964801792e-09,3.619428312617856e-08,1.643910218263045e-05,0.0007029710686765611,3.054954618164629e-07,3.2833208933880087e-06,1.1587815862412754e-07,0.00013232875789981335,10,10
0.032428618520498276,4.769874976773281e-06,1.2264998076716438e-05,1.4263029015637585e-06,0.00031724985456094146,0.007284564897418022,3.698463478940539e-05,1.457757934986148e-05,0.00499900383874774,0.38894733786582947,0.002521567977964878,0.42528361082077026,5.8456644183024764e-05,0.13756199181079865,8.555581189284567e-06,1.8867523976950906e-05,2.399006689302041e-06,0.00019800027075689286,0.00023751493426971138,4.773979981109733e-06,5.001706813345663e-05,4.1383732423128095e-06,3.248593202442862e-06,13,11
3.1780526654756613e-08,5.558418797062381e-17,2.97013282024583e-13,2.5040188164439864e-17,0.9997919201850891,5.0812360541385715e-08,3.3126879196579764e-14,8.618358983284238e-14,5.831495903567754e-14,7.67160327086458e-06,4.928215058264129e-10,0.0002004342240979895,8.509261351097308e-11,4.056045277422982e-09,1.2912034108580883e-08,2.0088819496777433e-11,1.1309146842738635e-13,4.86454210246734e-10,1.2527950898899576e-09,3.1038051902937402e-12,3.5813834536879696e-11,2.1337855790211336e-16,8.754412803404013e-14,4,4
4.842740963795222e-06,2.2793106069229907e-08,9.361858701595338e-07,1.3996166892127349e-08,1.0687519989005523e-06,1.9466058802208863e-05,0.00012631274876184762,5.283652626530966e-07,1.7456849299435362e-09,0.9997690320014954,2.0913450498483144e-05,1.2015236734441714e-06,9.467449672229122e-06,1.0872282274476675e-07,9.366520004050471e-09,6.908761207569114e-08,1.807255358698967e-07,3.729062882484868e-06,3.665464464575052e-05,6.118001465438283e-07,4.398852979647927e-06,5.874854878129554e-07,2.2113336939355577e-08,9,9
0.13858753442764282,0.0037215878255665302,0.047515638172626495,9.52735063037835e-05,0.0046560149639844894,0.2303393930196762,0.002148732077330351,0.0037342035211622715,0.002607488539069891,0.17666397988796234,0.02534026838839054,0.007020266260951757,0.05884949490427971,0.0029347047675400972,5.796074037789367e-05,1.7913529518409632e-05,0.003618026850745082,0.2371496707201004,0.005369783844798803,0.005720896180719137,0.036488667130470276,0.004163644276559353,0.0031990024726837873,0,17
0.004155236296355724,7.793044642312452e-05,0.0063610500656068325,0.0007663467549718916,0.00020623879390768707,0.5015193819999695,0.00030422821873798966,1.1395144611014985e-05,5.981667641208332e-07,0.06855341047048569,0.0005648537189699709,7.781036401866004e-05,0.16330178081989288,0.0002889853494707495,1.3686573083759868e-06,7.983071554917842e-07,0.0006513081025332212,0.052191343158483505,0.19929295778274536,0.00040112307760864496,6.697815115330741e-05,0.000715562142431736,0.0004892874276265502,17,5
1.4205817198506446e-15,1.4909082649006145e-11,1.4024436993664846e-12,3.0091649116069374e-13,1.442776524167549e-15,5.268810222640828e-14,1.6197394945408647e-15,4.92551564652507e-15,3.5374376310890814e-19,5.045757648508564e-14,5.994279796513917e-15,3.393639984716192e-18,1.3729599054879138e-11,9.235679988668917e-18,3.848174440912325e-15,1.2427267179047517e-15,0.9999998807907104,1.3593547945264794e-12,1.0063065758458833e-07,2.1937722363522816e-13,4.744721060490065e-09,1.0302351853563874e-11,2.999256398794614e-10,16,16
4.304455160308862e-06,0.00019972764130216092,1.5370997061836533e-05,7.72519069869304e-06,2.7319362061462016e-07,0.0004762412281706929,0.23891158401966095,1.4554410881828517e-05,6.338595426313987e-08,0.7511375546455383,0.008003446273505688,5.657562383021286e-07,0.0004932087031193078,4.344009028045548e-07,1.0222264990034091e-07,1.2036929319947376e-07,1.3620370964417816e-06,9.801412488741335e-06,0.0003388322948012501,0.000311728217639029,2.7041436624131165e-05,2.351016883039847e-05,2.2426114810514264e-05,9,9
0.59754478931427,0.0005394468316808343,0.3160337209701538,2.4150126343158718e-09,0.000627483765129,0.00046536364243365824,0.022994890809059143,4.380300197226461e-06,1.9424065911266553e-08,0.036081463098526,2.3806638637324795e-05,0.0075690834783017635,0.0008625640184618533,0.01717255264520645,8.467572421011482e-09,2.5318868779322656e-07,4.762715252581984e-05,7.195470743681653e-07,3.257810305967723e-07,2.2813388568465598e-05,4.841356258111773e-06,3.8044695429562125e-06,5.234601641035397e-09,0,0
3.2068063872072892e-15,1.9357368880962246e-15,1.0,2.0791252938920886e-18,2.813115531839739e-18,8.77695539944906e-17,2.6834657241700152e-17,3.327981226575595e-15,7.202599654936373e-14,3.305559311549708e-16,3.535959684741166e-16,1.3017996426792139e-16,7.494355830361954e-12,1.836775643279618e-18,1.0080866281055087e-20,3.701051124935618e-22,2.2883005711647753e-13,2.229875491069691e-13,1.5318532948451143e-17,2.3729272263491377e-15,7.382466762472645e-14,3.712895063016225e-14,2.636313947712655e-18,2,2
0.042677465826272964,4.924691552332661e-07,0.0006252629682421684,6.303454824774235e-08,0.07660537958145142,0.7224160432815552,1.6384819900849834e-05,1.1387736265078274e-07,1.1410523256927263e-05,0.12486565858125687,0.019051754847168922,0.009084029123187065,0.0016862647607922554,0.0025699769612401724,3.052109241252765e-05,2.3537660354122636e-07,8.070210100186159e-08,4.4492961023934186e-05,0.0002647977089509368,1.4149322851153556e-05,3.3898017136380076e-05,1.0568140851319185e-06,4.2322923832216475e-07,4,5
6.089925932428741e-07,4.625368490995818e-11,0.9999701976776123,3.6913116470806487e-14,4.685477783539227e-09,1.7796528695157576e-08,8.843705767702659e-10,1.3344527260983341e-08,1.698440314612526e-06,1.830342625908088e-06,1.9549662511053612e-07,2.4548733563278802e-05,1.3852161373506533e-07,5.095653066167216e-12,1.0634311209400948e-09,3.323989139492056e-10,4.94108405746374e-07,9.288054769740484e-09,2.0045886728325968e-08,8.856488875608193e-09,4.80292818849648e-08,6.150166598217766e-08,5.752610193754393e-11,2,2
1.5972343447856474e-08,1.105386338018377e-09,6.015105213919014e-08,2.167224799620726e-08,0.0005538646364584565,4.283388625481166e-05,1.760160239783204e-09,8.110450977483197e-08,4.410696460843688e-11,0.00019739699200727046,1.2833576192861074e-06,3.1606098218617262e-06,0.0015301979146897793,9.730865713208914e-07,3.0117776987026446e-05,3.3997952897379946e-08,3.3950180977626587e-07,0.9505615830421448,0.003547985339537263,0.04352734982967377,2.7987755402136827e-06,8.846995913636135e-10,7.661893164367939e-08,12,17
0.8746493458747864,2.7950133318910275e-09,1.2623144196588498e-10,4.3290898643633113e-10,1.2083663023076952e-05,1.6862441043485887e-06,1.3211335669893742e-07,1.2055627607310271e-08,2.4424323674665516e-10,0.03569197654724121,3.697918145917356e-05,0.08957689255475998,5.776771061505315e-08,3.074562118854374e-05,3.559429972987971e-10,1.1216272355341061e-07,3.4031789972882587e-12,3.3010327804561257e-10,2.9375538446174687e-08,7.377255750729006e-11,1.8042098370862902e-10,1.8700420767459036e-08,9.253685595567163e-10,0,0
5.426345831005541e-11,1.3053974567966975e-10,4.5909118520648384e-12,1.0324332534727976e-11,3.8223357812228187e-10,1.4629709710334282e-07,2.3805878600867414e-13,5.212114377248223e-13,1.765057419883878e-14,4.235657602436049e-09,5.623195242776546e-09,6.102660599083265e-10,6.200955249369144e-05,4.602537968800835e-12,6.4425409451729365e-12,1.4629819924949494e-11,1.6681971359844283e-09,0.9999377727508545,7.480758790201492e-10,1.504777031868798e-07,2.1215809553609688e-08,4.265772804434853e-11,4.548492071876353e-08,17,17
0.00019457143207546324,3.4820059227058664e-05,2.3170978025177646e-08,6.649904094047088e-08,0.9896200299263,0.0009528006776235998,1.4341120504468563e-06,8.232038939404163e-10,6.509592640213668e-05,0.006827615667134523,0.0016378231812268496,0.0006616709288209677,2.554576497004746e-07,1.5163877833401784e-06,4.080416715623869e-08,6.212145109429912e-08,1.0281274498424864e-08,2.415346500583837e-07,2.776252756575559e-07,1.9657613847812172e-07,1.3221016104125738e-07,4.840522933591274e-07,9.029171224028687e-07,4,4
0.007035315036773682,1.2153330999353784e-06,9.053301823769289e-07,8.790985717155309e-09,0.018406325951218605,0.030425330623984337,3.531261427269783e-06,1.8675802238021788e-08,6.457777999457903e-06,0.39709049463272095,0.2191707342863083,0.3230968415737152,0.002336707664653659,3.823613587883301e-05,2.2376377728505759e-07,1.218985890005797e-08,6.992318049015012e-06,0.0008898184169083834,0.0008037995430640876,0.0002459085953887552,0.0003694388724397868,3.0959058676671702e-06,6.866658804938197e-05,5,9
5.3207620531736666e-09,2.9838227700272613e-13,3.3885466047683943e-12,3.2354850169771885e-15,0.9999997615814209,1.5472343761757656e-07,3.1424735995886147e-14,1.0425390612649535e-13,7.443110255737906e-13,9.06308272874412e-09,4.767951589101926e-10,9.975882875323805e-08,6.264572416370129e-09,3.375962356888529e-11,3.8409737196376526e-11,3.029219236561076e-11,1.4558719507729023e-10,4.372786222006653e-08,6.914484956821454e-11,8.731896455893562e-11,2.809803056891269e-09,1.3177824174752384e-13,4.768413094935475e-11,4,4
0.00797984842211008,0.00012404881999827921,0.0008712647249922156,4.907343736704206e-06,0.3841230273246765,0.31422537565231323,6.992194539634511e-05,1.1170751349709462e-05,0.16106602549552917,0.08063776046037674,0.00412710290402174,0.025668619200587273,0.00037952797720208764,0.009427353739738464,0.0009104759665206075,5.711921039619483e-05,0.00018220879428554326,0.008192291483283043,0.00045458957902155817,0.0003201606741640717,0.0010316758416593075,3.0373881600098684e-05,0.00010510831634746864,8,4
6.36880381765792e-10,2.383302162343141e-16,2.838679269943911e-13,1.0624221771435294e-12,1.2938219939861995e-10,1.0062808541988488e-07,3.0905735192180914e-14,5.076662701331003e-11,4.584913351757258e-11,4.890979288241226e-10,6.511697648106662e-13,1.1781929032395055e-07,5.208165843040291e-11,0.9999953508377075,4.434361471794546e-06,1.5758482019290199e-10,9.356646960858011e-15,1.3000599728696383e-11,1.8949362079467846e-09,1.398901688931531e-10,3.6618715872072105e-12,3.2748973753096364e-14,3.094134276321759e-15,13,13
0.0011095607187598944,9.988932288251817e-05,2.433685722280643e-06,2.6479938242118806e-08,0.0225059911608696,0.8172198534011841,2.157026983695687e-06,1.4411405402370292e-07,0.00015055001131258905,0.003691773395985365,0.00040366381290368736,0.00883049052208662,0.0006805629818700254,0.012529490515589714,3.025687647095765e-06,3.000870719915838e-06,0.00017741596093401313,0.06465782970190048,0.003246121574193239,0.0001421324268449098,0.06443673372268677,4.94294217787683e-05,5.773580414825119e-05,5,5
0.45411911606788635,1.6980918644549092e-06,7.364078101090854e-06,7.624684599250031e-07,0.05622861534357071,0.42078062891960144,5.05158823216334e-06,6.931554707989562e-08,4.090399306733161e-05,0.011616175062954426,0.013534842059016228,0.015356837771832943,0.0004387711815070361,0.027660084888339043,2.2148940388433402e-06,3.6457419128055335e-07,3.112181275355397e-06,0.00012695374607574195,8.382419309782563e-07,6.984610809013247e-05,1.8453349639457883e-06,2.0276065697544254e-06,1.8095288396580145e-06,0,0
0.02946152724325657,1.5547708187568787e-07,0.009983348660171032,2.012211908208883e-08,0.37402740120887756,0.07364335656166077,5.2270937885623425e-05,1.9830097244266653e-06,0.00011793972953455523,0.13826517760753632,0.20157861709594727,0.16054362058639526,0.007562858052551746,2.247528755106032e-06,8.748319669393823e-05,4.476448521018028e-05,1.6213110711760237e-06,0.004407308995723724,1.4975961676100269e-05,0.0001871719432529062,1.5697023627581075e-05,6.688389220244062e-08,4.212486999222165e-07,5,4
9.163971981251962e-08,6.523197780550216e-13,1.0832136965177597e-08,2.037062359072639e-12,1.0956688001328985e-08,2.070562004519161e-05,5.054666130099861e-10,1.1868522831193218e-10,0.9999650716781616,6.163023499539122e-06,7.382746389339445e-06,2.901265361288097e-07,3.9877318114278637e-10,2.6464334723641514e-07,1.453234510506718e-08,5.707939454424604e-09,2.5233520134504417e-11,9.644000181774359e-11,5.920841594786452e-10,8.787748306815502e-11,2.8949667107980304e-09,1.2774780365487626e-11,1.8869973639201731e-10,8,8
0.003669103141874075,0.02294333651661873,0.01385097298771143,0.0009440351277589798,6.992332055233419e-05,0.00898556225001812,0.00026871688896790147,0.8286521434783936,0.00014444162661675364,0.004075018689036369,0.00021886274043936282,0.00064814742654562,0.019633179530501366,0.0030577871948480606,0.0005816619377583265,1.4796634786762297e-05,0.003292358247563243,0.007686763070523739,0.0014107620809227228,0.02362736314535141,0.0029579796828329563,0.05187845230102539,0.0013886068481951952,7,7
0.031583819538354874,0.0001797708246158436,0.00021662385552190244,1.0938823606920778e-06,0.510886549949646,0.06528723239898682,2.4202887288993225e-05,4.495489974942757e-06,8.104799780994654e-05,0.038894932717084885,0.003796955570578575,0.07966959476470947,0.0032709678635001183,9.803619468584657e-05,9.983581321648671e-07,2.550160616010544e-06,0.00038863191730342805,0.2601708173751831,5.902105840505101e-05,0.0011997169349342585,0.0034034261479973793,1.764537773851771e-05,0.0007618297822773457,5,4
0.012193434871733189,2.645463428052608e-05,0.0014326556120067835,2.1281399313011207e-05,2.301260974491015e-05,0.007320287171751261,0.0010560204973444343,0.0003891504602506757,0.012584023177623749,0.19632427394390106,0.7543206810951233,3.176700192852877e-05,0.0004088601272087544,0.00019917207828257233,0.00010072029544971883,9.660469913796987e-06,0.00013277238758746535,1.3004976608499419e-05,0.005517622455954552,0.0002756836183834821,0.0012184734223410487,0.00011660805466817692,0.00628430861979723,9,10
0.002386234700679779,1.1826795542901891e-08,1.7110544092702185e-07,2.945497665218788e-11,0.13008548319339752,0.001420212909579277,2.06619247933304e-07,5.207764441905738e-09,0.0018593675922602415,0.001026452169753611,0.00014601624570786953,0.8630139827728271,1.8598224414745346e-05,5.084498297946993e-07,3.8904477150936145e-06,2.265196883399767e-07,3.6871395536763885e-07,5.660970145981992e-07,6.810250283706409e-07,1.8758568103294238e-06,3.3785086998250335e-05,2.2347675709966097e-08,1.3280078974275966e-06,4,11
1.1965126759605482e-05,1.6303465599776246e-05,1.128347207668412e-06,2.9057127903797664e-06,0.00415125722065568,0.5301228761672974,9.440061148779932e-06,3.2953560094028944e-06,5.082674397272058e-05,0.029540961608290672,0.41473618149757385,0.007003028877079487,0.000653633032925427,0.00015190249541774392,0.005028821062296629,0.0016077830223366618,5.694551509805024e-05,0.0002821059606503695,0.0008468632586300373,0.002942663384601474,0.0026750946417450905,8.391397568630055e-05,2.0121768102399074e-05,10,5
2.622753640935116e-07,2.001786015171092e-06,4.387521528315119e-07,1.3364598316911724e-08,5.066631558747758e-10,4.683505139269073e-08,2.091355355560154e-08,1.8948027147303037e-08,2.691224413459148e-12,1.0020175977842882e-06,3.0961172114984947e-07,1.3594719794340904e-09,0.00018080613517668098,2.3749930022631816e-08,4.432735289938705e-10,9.58523746485973e-11,8.835571208010151e-08,2.8244691030465674e-09,2.6033173980977153e-06,1.044077393430598e-07,3.0506231496474356e-07,0.9998118281364441,1.1855456705234246e-07,21,21
1.1304821782687213e-05,0.0003167541872244328,0.00011677437578327954,4.363829248177353e-06,1.838765456341207e-05,0.007868372835218906,0.003836867632344365,1.9755427274503745e-05,2.513966634865028e-08,0.7959495186805725,0.016656139865517616,0.0002697551972232759,0.00712630758062005,2.51480855695263e-06,2.6054731279145926e-06,2.82259748018987e-07,0.00022800386068411171,6.665733963018283e-05,0.15546749532222748,0.00014432340685743839,0.00038729229709133506,0.010797027498483658,0.000709479849319905,10,9
0.9999936819076538,1.8314959271403808e-10,8.905391344054409e-14,1.4450426098766567e-11,6.686945397404997e-08,3.650356347861816e-06,3.4914618418646626e-10,2.200759713355538e-11,3.339430782681868e-15,1.2515347691532952e-07,3.5812284249203685e-09,1.9732696898699942e-07,1.923550901894444e-10,4.4817730326940364e-07,1.4375444736501597e-13,2.1678413020254084e-07,1.4360379205213825e-12,1.342175676155577e-11,3.986912577857993e-09,1.1781828496756214e-13,3.988979424551786e-10,1.5400594293168979e-06,2.0285247006451845e-12,0,0
0.0003809563640970737,0.0001848886749939993,9.513056284049526e-05,4.777310823556036e-05,0.008013353683054447,0.26442277431488037,0.000419306248659268,0.002955556847155094,9.192748257191852e-05,0.4832177460193634,0.004592466168105602,0.06405149400234222,0.005309368949383497,0.07405749708414078,0.047485314309597015,0.00010973127064062282,8.930299372877926e-05,0.02376325987279415,0.00039907629252411425,0.01581598073244095,0.004267092794179916,7.885292143328115e-05,0.00015103930491022766,9,9
0.00022894263383932412,0.4479558765888214,0.00300418259575963,0.0026495540514588356,0.0005750418640673161,0.001631060615181923,0.0011176217813044786,0.0005412941100075841,9.852824587142095e-05,0.01133763138204813,0.06309345364570618,8.141338912537321e-05,0.09599168598651886,4.725160761154257e-05,3.288505922682816e-06,4.554084171104478e-06,0.0009735199273563921,0.0033209885004907846,0.0005756613682024181,0.05761300027370453,0.0023764248471707106,0.3054417371749878,0.0013373024994507432,21,1
0.017446881160140038,4.753404336810263e-09,5.636075002257712e-06,1.633086894881064e-11,0.011201157234609127,0.00017547114111948758,4.114556588774576e-07,6.728892110174911e-09,8.954872100730427e-06,0.0017115179216489196,8.654245175421238e-05,0.9693396091461182,2.601302071525424e-07,2.3353151846094988e-05,2.1322710708204795e-08,2.9665148559843146e-08,1.089944845489299e-08,9.66267776902896e-09,1.669044991103874e-08,7.257579426322991e-09,1.0808942363382812e-07,4.1804870676287464e-09,6.14126838272e-09,11,11
1.2089026313333306e-05,0.00014587273471988738,5.82845532335341e-05,0.0007793346303515136,7.50127001083456e-05,0.00045906391460448503,3.192073563695885e-05,3.348178506712429e-05,2.8647237471091103e-08,0.0013103343080729246,0.00027442770078778267,3.154570322294603e-06,0.9063010215759277,1.3883273823012132e-05,0.0001274142268812284,8.367492654315356e-08,0.00013033718278165907,0.006789168808609247,0.00822560302913189,0.07471676915884018,5.092811261420138e-05,0.00015892277588136494,0.00030290489667095244,12,12
8.340788504312968e-09,0.9990047812461853,1.1491724194456765e-07,1.1471215799474521e-07,1.7422573800329744e-11,2.3782686042750356e-08,4.809818321405146e-08,1.436116417607991e-05,1.2452491295056323e-11,7.737873630730974e-08,3.3725057164701866e-06,4.660777406378935e-12,1.5571073390674428e-06,3.3386992726036624e-08,1.9036210385792174e-09,9.987596166771695e-11,3.342992549448809e-09,6.05453536195455e-08,7.161880688499878e-08,2.380296137971527e-07,1.8794420952872315e-07,0.0009747298900038004,1.0757691626395172e-08,1,1
1.259718555957079e-05,3.6617428122553974e-05,0.01104561798274517,0.0015423836885020137,9.63019992923364e-05,1.087485270545585e-05,0.0010871944250538945,0.05994432047009468,5.8077969100622795e-08,0.028275135904550552,0.0004779412702191621,0.00017995433881878853,0.4654463231563568,3.844858656520955e-05,0.00043309497414156795,2.8726452327987317e-08,0.0016804307233542204,0.000625233689788729,0.00037139165215194225,0.016754772514104843,0.4108932316303253,0.0006432672380469739,0.0004047081165481359,20,12
1.2911174053442664e-05,0.09500003606081009,0.00012775616778526455,2.406696239631856e-06,7.649142474974724e-08,1.2368730040179798e-06,9.372882232128177e-06,0.0013920849887654185,2.234131528666694e-07,1.1908699889318086e-05,0.0002606712805572897,1.6447833672827983e-07,0.007596550974994898,5.033588763581065e-07,1.1165475655161572e-07,1.9125182859625056e-07,0.0005856038187630475,1.602264637767803e-05,1.1794994861702435e-05,0.0006838751723989844,0.0008992412476800382,0.893339216709137,4.807130608242005e-05,21,21
0.5305103063583374,2.58446464229678e-09,1.6249217878794298e-05,1.1607248495693057e-08,1.8551863831817172e-05,0.00015135908324737102,7.067991100484505e-05,2.269422793688136e-06,7.491795486203046e-07,0.455244243144989,0.0005848510772921145,0.013282195664942265,8.903288835426793e-05,2.365995169384405e-05,1.0601453936942562e-07,3.54310486727627e-07,3.904461642889601e-09,3.0508963391184807e-06,2.158945108021726e-06,7.489898479207113e-08,2.8756010905794938e-08,4.968915590097822e-08,4.0595971029233624e-08,0,0
0.011578477919101715,2.9039383662166074e-06,0.0005061434931121767,1.0303311682946514e-05,5.722247442463413e-05,0.00021019086125306785,4.5710618223893107e-07,0.00017804725212045014,0.9746133089065552,0.0006628361297771335,0.003743719542399049,0.0031598436180502176,0.00152540800627321,0.0004498197231441736,4.0791721403365955e-05,2.2572542093257653e-06,2.4194735033233883e-06,0.0007903975783847272,9.882065796773531e-07,0.00026945912395603955,0.002144652185961604,3.8963804399827495e-05,1.1435777196311392e-05,8,8
5.45903446891316e-07,5.895956611823294e-09,2.666947011675802e-06,1.6345966358244368e-08,1.5154088828239765e-07,0.00029801667551510036,0.00014233787078410387,0.00011815436300821602,4.022879522835865e-07,0.04678366705775261,0.018169265240430832,0.002936767181381583,1.150712796516018e-05,3.3350352168781683e-06,0.017192620784044266,0.9138215780258179,7.003398536653549e-07,6.708218052153825e-07,8.272800187114626e-05,3.3035448723239824e-06,0.0003823279694188386,4.923199230688624e-05,2.2256614329307922e-09,15,15
1.259496257288717e-10,5.274221045285087e-18,4.163168562058145e-13,8.606699744171872e-14,5.718955517486357e-11,1.7160575183083893e-08,3.4886068372205065e-15,4.886268798430515e-13,2.08524753020356e-09,1.4460350694633917e-09,5.476264441917067e-10,1.5635524732715567e-06,1.2455933636953964e-12,2.5256642999238466e-08,0.9999983310699463,2.8018639852689375e-08,2.6144008612600514e-15,2.5099612753471225e-15,4.194240788013559e-11,1.1739308798056763e-13,2.922445949517585e-14,5.226022607420161e-15,8.743427188418775e-16,14,14
5.882162118497902e-11,6.808220653908847e-10,7.655840961184879e-10,4.0685115720862086e-08,2.6891783071192332e-12,2.8193154477662574e-08,8.607328044751839e-11,1.3425602296557315e-10,1.4792441089313962e-13,6.0988027961172975e-09,1.8931725631610163e-10,2.2226064738672946e-11,2.0555144431000372e-07,1.3921668505501028e-11,2.318245456711665e-10,2.7256055051827488e-11,0.000178805785253644,2.88474549803297e-10,0.9998123049736023,7.008367497451928e-11,1.6594874523434555e-06,1.1334195804124647e-08,7.019019903964363e-06,18,18
0.9619401693344116,2.849788870662451e-06,3.083858246100135e-06,1.2003237088720198e-06,1.0418519195809495e-05,0.011256777681410313,2.096866637657513e-06,0.002823099959641695,1.5599054270509782e-09,0.022896407172083855,1.8941477719636168e-06,1.694076331659744e-06,7.727076445007697e-05,0.00010234585352009162,4.293790425435873e-07,3.424282724040495e-08,1.937890381498164e-08,2.8002393719361862e-06,4.661503226088826e-06,9.494069530546767e-08,3.386610103461862e-08,0.0008683428750373423,4.276110303180758e-06,0,0
0.3726940453052521,1.6524062402822892e-06,8.49202333483845e-05,1.0757155877172409e-07,0.006768346298485994,0.0013884056825190783,2.0733477867906913e-05,4.295031317269604e-07,0.00821753777563572,0.3694753348827362,0.019141383469104767,0.22172322869300842,0.00022930518025532365,0.00010679232218535617,1.0671514019122696e-06,3.234772748328396e-06,6.101280973780376e-07,0.00010309299977961928,2.2980200810707174e-05,6.829869562352542e-06,6.9808952503080945e-06,1.3390082358455402e-06,1.6294245597237023e-06,0,0
0.30523785948753357,8.639414591016248e-05,0.008694086223840714,0.00032519211526960135,0.03773052245378494,0.18995527923107147,0.00028215633938089013,0.00048433089978061616,0.04169505089521408,0.2201816737651825,0.015937281772494316,0.014371403492987156,0.003392610466107726,0.13588155806064606,0.007565502543002367,0.0006797253736294806,0.0001343608892057091,0.01465349830687046,0.0016211399342864752,0.0006223476375453174,0.00019441447511781007,0.00010187624138779938,0.0001717004633974284,0,0
1.6757292087277165e-07,4.575726507027866e-06,1.0438801837153733e-05,2.8840227983550903e-08,1.3394670261845931e-08,9.649853745941073e-05,4.859013191804706e-10,9.933367550729599e-08,9.24227361309704e-09,3.4040542828961406e-08,1.4182234053805587e-07,7.159134396417244e-11,0.9576265811920166,1.2727611187202115e-09,1.4610485044030952e-10,2.1767388239113394e-11,0.00022046391677577049,0.041536830365657806,2.4312592472597316e-07,1.3639897588291205e-05,0.00046137484605424106,1.4929545386621612e-06,2.7336947823641822e-05,12,12
0.0015885811299085617,7.333873327297624e-06,1.2407151189108845e-05,1.7010048622978502e-06,0.23031021654605865,0.015180126763880253,4.367804285720922e-05,4.441849887371063e-05,1.0621403312427447e-08,0.5523466467857361,0.05467473343014717,0.1130247712135315,0.027755767107009888,5.393960964283906e-05,7.171219476731494e-05,2.0527077140286565e-06,2.8466251023928635e-05,0.0003506493230815977,0.0032520585227757692,0.00010758307325886562,0.00011710999388014898,1.5896570403128862e-05,0.0010102856904268265,5,9
4.472170314737296e-14,2.506379977694484e-13,2.4925145281073924e-11,1.0748230105418755e-13,5.448802542822528e-16,3.012336690852435e-12,2.346910609374222e-15,1.6448704326903077e-15,1.7452977393373787e-18,7.511439387153374e-13,6.296443130337365e-15,4.76780404097695e-15,3.830390449266474e-10,3.775747957021104e-14,6.877508896824117e-16,4.235764442215603e-18,4.8178427393408274e-12,1.401577530250886e-12,1.7118535755589193e-11,4.7302609149525027e-14,2.6831705260410565e-12,1.0,1.7383967402316938e-15,21,21
2.6058697244479845e-07,4.00042710069215e-09,1.7789149708846708e-08,4.9165500968229026e-06,3.5161383493687026e-07,0.0002950100169982761,4.06669670383053e-07,6.012453377479687e-05,2.8795615197863e-11,0.06474500894546509,1.161848288688816e-07,1.0907810832350151e-07,8.109852933557704e-05,6.809832120779902e-05,9.496158781985287e-06,8.562263786870972e-09,1.3218959260541396e-09,4.130808974878164e-07,0.9347336292266846,8.384188276977511e-07,7.96320787088689e-09,3.596482756051955e-08,6.638934024749688e-08,9,18
0.0020280317403376102,0.015362506732344627,1.0465793138791923e-06,0.30695274472236633,0.00010568911966402084,0.011550324968993664,0.00015421897114720196,0.05050862580537796,1.7621507140574977e-05,0.001607778831385076,0.33822667598724365,0.00010678188846213743,0.000146778067573905,0.0006446580518968403,0.0011652783723548055,0.0006166130187921226,0.00016398390289396048,8.545883611077443e-05,0.0005105577292852104,0.0005861360114067793,0.001550627639517188,0.1812046468257904,0.08670323342084885,7,10
0.43234583735466003,5.167794370208867e-05,2.9901782454544445e-06,3.1458604610179464e-08,0.06617297232151031,0.16093122959136963,2.8341262350295437e-06,1.0375605796753007e-07,4.756300313601969e-06,0.005732848308980465,0.0013092986773699522,0.3271178901195526,3.0374681955436245e-05,0.006004831753671169,2.4013745658635344e-08,1.4800310736973188e-06,3.2994066714309156e-06,7.503766391891986e-05,1.0480674063728657e-05,1.1237914804951288e-05,0.00015393640205729753,3.5675624530995265e-05,1.2825579460695735e-06,0,0
0.34411168098449707,2.7538540052773897e-06,3.5423033750703325e-06,1.1224943108345542e-07,0.017974013462662697,0.004146476276218891,7.657393439330917e-07,2.813192168105161e-06,6.306123850663425e-06,0.5432034730911255,0.0006550915422849357,0.08631785213947296,0.0019139223732054234,4.6705215936526656e-05,3.3271783195232274e-06,1.1968072044510336e-07,6.726146466462524e-07,0.0006443924503400922,0.0008335956372320652,7.13446133886464e-05,1.2284191143407952e-05,9.998488167184405e-06,3.8681228033965454e-05,0,9
3.5696570699350616e-11,1.7743683144999522e-07,3.06367917146666e-11,2.7135345703754865e-07,5.039470576950755e-11,1.2866584464532593e-09,0.9999951124191284,3.465176590111696e-09,3.5179494733972305e-11,4.442351837496972e-06,3.568008466459105e-08,1.25909211442371e-12,6.8162481214884e-10,8.796983974601602e-11,6.181814608818836e-12,2.3691713521567515e-11,5.229703389092455e-12,1.4147454041602003e-11,3.6903009537070375e-09,9.846674586810877e-10,5.266658220648424e-09,7.463461848544739e-09,6.785042749868353e-09,6,6
1.2866122344014646e-18,1.164170480205115e-21,1.3304707980450981e-17,3.1703255384368836e-17,3.5053541608953817e-15,6.774606781589573e-15,8.345007086097245e-20,3.8543158532963924e-15,9.414066450849653e-18,2.9183257589159917e-16,6.068914304716217e-17,1.169982893119842e-13,3.475119362194787e-14,4.0136206219391793e-16,1.0,7.267842537105225e-15,5.314176764003542e-18,1.2405502942505371e-19,3.3793338272006604e-14,3.7407262617333847e-13,4.000291764420745e-16,9.031825462608286e-18,5.127543724705959e-18,14,14
0.00045172113459557295,0.05923459306359291,7.790869858581573e-06,8.17554973764345e-05,8.972579234978184e-05,4.7196121158776805e-05,1.3939364180259872e-05,0.0033369907177984715,2.2698729935655138e-06,0.007768557872623205,0.016487376764416695,7.269474008353427e-05,0.49084821343421936,9.236811820301227e-06,5.996575055178255e-05,4.744165096326469e-07,0.08313900977373123,0.0011853274190798402,0.0001608747843420133,0.22663573920726776,0.03141521289944649,0.00243433378636837,0.07651692628860474,22,12
2.123822090416283e-10,7.2450343502339365e-09,2.3740593935173138e-09,3.1591440574629814e-09,2.8853033243875226e-12,1.491049346213913e-07,2.415583955084344e-09,1.54890072989744e-10,1.547976089216578e-14,2.9334736861841293e-09,1.063679277990559e-08,3.4216542359882807e-12,0.9999971389770508,3.686822375170706e-11,2.787336680909469e-11,3.786008236517785e-13,4.490126048750653e-09,9.888240981581475e-08,8.461067402265599e-09,2.621255362100783e-06,4.810772336050206e-10,1.6801562363610856e-09,3.8681200464907306e-08,12,12
0.00040625157998874784,0.004436110612004995,0.13513177633285522,0.00014648352225776762,6.944595952518284e-05,0.0035650094505399466,0.0005279946490190923,2.9647206247318536e-05,1.9452643755357713e-05,0.00027073625824414194,0.4068261981010437,3.7524555409618188e-06,0.08230295777320862,9.170867087959778e-06,5.123439805743146e-08,4.5454402908262637e-08,0.004774712957441807,0.022184234112501144,0.005644388031214476,0.032502420246601105,0.28767427802085876,0.012269707396626472,0.0012051597004756331,12,10
7.242747557256735e-08,2.9280458875291515e-06,1.35326281451853e-05,1.0461822341767402e-07,5.8715090567318384e-09,0.0003700763627421111,3.2234037661282855e-08,9.778469234333897e-08,3.021405348135886e-07,1.286046540371899e-06,0.0003636374603956938,1.8734757745164643e-08,0.08920639753341675,2.0476886675169226e-07,9.15715236970982e-09,6.706522448496344e-09,1.0904577720793895e-06,0.9097998142242432,3.040514684471418e-07,0.00018325865676160902,5.088705074740574e-05,2.7232667889620643e-06,3.2087525596580235e-06,17,17
0.0518745481967926,2.1529827790800482e-05,0.02561933733522892,2.6544025786279235e-06,0.0042349472641944885,0.3806982636451721,6.766638398403302e-05,1.8294622350367717e-05,0.33502814173698425,0.174148827791214,0.018220392987132072,0.0038394618313759565,0.000436851434642449,0.0044750734232366085,6.999114702921361e-05,0.00022203568369150162,1.3144167496648151e-06,0.0008995490497909486,7.761033884889912e-06,8.098736725514755e-05,4.476424237509491e-06,8.693421477801166e-06,1.9125500330119394e-05,8,5
4.309774340072181e-06,1.7541252006481045e-08,1.2076442956754363e-08,1.0909105563339239e-10,0.9994439482688904,0.00036980625009164214,1.0227414293240145e-07,4.1499432362757105e-11,1.682992056828425e-08,2.87001057586167e-05,6.787307938793674e-05,8.28305710456334e-05,1.6996052636386594e-06,4.069462988809391e-09,2.478256000415513e-08,8.129481088303692e-09,4.5275541538103425e-08,8.498545867041685e-08,7.307502869480231e-08,1.0792396665237902e-07,3.8379789657483343e-07,4.058858582567382e-09,3.9419141728558316e-08,4,4
1.5017410987638868e-05,0.00018101166642736644,0.000518332002684474,0.00041637191316112876,0.0005071928026154637,0.0016165522392839193,1.6384270566049963e-05,0.0005549627239815891,8.718274102648138e-08,0.001346824923530221,0.002456588437780738,1.9509683625074103e-05,0.6115478277206421,7.19413765182253e-06,1.472252461098833e-05,3.077413737173629e-07,0.02746974118053913,0.09376878291368484,0.0015603341162204742,0.00621374137699604,0.223146453499794,0.0006101237959228456,0.028011919930577278,20,12
4.297705527278595e-05,1.2183527076103928e-08,7.761982487863861e-06,5.048501061644117e-10,5.696046628145268e-06,0.008395526558160782,1.0905443659225966e-08,2.6217435333819594e-07,0.9912132620811462,7.686986646149307e-05,4.993072070647031e-05,7.00595264788717e-05,1.4176782769936835e-06,2.397009484411683e-05,0.00010070846474263817,5.593710739049129e-08,2.9923278077603754e-08,1.4270310657593654e-06,1.8163196102705115e-07,9.491323908150662e-06,2.2213450279195968e-07,2.417416666844474e-08,9.912211140772342e-08,8,8
2.38880515368578e-09,5.02067791785521e-08,2.8789550743368864e-09,4.348755133776194e-09,1.0310738807889352e-12,4.110358720055274e-09,0.9994449019432068,1.2172610475147394e-08,6.198331847784289e-10,0.0005549440393224359,7.000699753234585e-08,2.045686731122487e-09,7.69094232744294e-10,8.4600575434024e-09,2.146289396209866e-11,2.3949356386943066e-10,4.8327172125217643e-11,3.8782820704907905e-11,2.7284199788368824e-08,2.2841839530940433e-09,1.8319342709460784e-09,1.2329388898724147e-10,1.1913873221303106e-09,6,6
0.0006609380361624062,0.0003619072958827019,1.3844340173818637e-05,5.920873604736698e-07,0.0009681188385002315,0.899412989616394,1.7226437194040045e-05,2.336915349587798e-05,0.00041017215698957443,0.0009035485563799739,0.003018806455656886,4.881000222667353e-06,0.04768291488289833,0.00016582095122430474,6.109381160968042e-07,2.2014232570199965e-07,6.832278450019658e-05,0.0002504583681002259,0.00023814040469005704,0.03931495174765587,0.005898859817534685,0.0005797652993351221,3.522713996062521e-06,9,5
7.645146251888946e-05,9.237605809175875e-07,1.078601030712889e-08,4.587519808474383e-10,0.005303125362843275,5.0608105084393173e-05,2.412002331197982e-08,2.1132677829882596e-09,1.99596588146278e-08,0.00047837768215686083,2.5582303351256996e-05,0.9940616488456726,8.16755061805452e-07,1.0559782595009892e-06,3.9148496000507294e-08,2.1745401035389023e-09,1.98242219084932e-07,1.034868120086685e-07,1.477096560620339e-07,5.809791403521558e-08,1.3914973351347726e-07,3.299710371607034e-08,5.887288807571167e-07,11,11
0.9814860224723816,1.2127287618568516e-07,4.0588062688584614e-08,5.778524769795013e-09,0.0004440589400473982,0.00023170978238340467,6.8186691848382e-09,7.304530313945179e-09,6.6353296190868605e-09,0.002047558780759573,7.824942258594092e-06,0.0157371386885643,1.1792188161052763e-05,2.0627736375899985e-05,8.252391825447347e-11,2.199138787739585e-11,6.865794155430649e-09,1.2321801477810368e-05,1.1707641078828601e-07,6.001010177669741e-08,1.7177480771124465e-08,1.3044628488501075e-08,5.983520168229006e-07,0,0
9.908229259281143e-08,8.071867085845952e-08,4.809220172319328e-06,7.3415988843805735e-09,1.7225705306600503e-08,1.145514124800684e-05,8.944359564111437e-08,2.9502271559067594e-07,3.0595975752945037e-10,6.392540967681271e-07,1.035550667438656e-06,1.6132190694406745e-08,0.9929434657096863,6.996549117843642e-09,7.946614459797274e-07,1.4633981526568363e-10,1.4606996501242975e-07,1.7188283152336226e-07,2.1423984435386956e-06,0.007033905480057001,1.7973569299556402e-08,8.312936188303865e-07,2.981397528856178e-08,12,12
2.2345750039676204e-05,2.166350867582878e-07,1.6280384443234652e-05,4.736271876026876e-06,4.509043719735928e-05,0.008038683794438839,1.1231851715365337e-07,2.776772998913657e-05,1.2678491430051508e-06,0.0002968061016872525,0.00019999097276013345,3.518030553095741e-06,0.8890981078147888,8.925918336899485e-06,3.1939835025696084e-05,2.847158384611248e-07,6.575715815415606e-05,0.08574242889881134,0.0004859509936068207,0.00012463149323593825,0.00020217153360135853,2.0016143764678418e-07,0.01558284554630518,12,12
2.5832892788457684e-05,0.00021141082106623799,0.0007380786119028926,0.0039960527792572975,1.1958976756432094e-05,0.0010607613949105144,0.0009327331790700555,7.931842446851078e-06,2.0380797494112812e-08,0.004313128534704447,4.103442915948108e-05,1.0068912160932086e-05,0.13067658245563507,3.4100928587577073e-06,6.602245775866322e-06,2.7513527811606764e-07,0.378205269575119,0.0010476235765963793,0.46348506212234497,0.0005489112809300423,0.001927460776641965,0.0008658499573357403,0.011883887462317944,18,18
0.028771299868822098,3.6929900488757994e-06,0.007528540212661028,1.896175717774895e-06,0.021992240101099014,0.019742168486118317,1.7827973351813853e-05,5.1350263674976304e-05,0.002101307036355138,0.05608134716749191,0.006714172661304474,0.1508788764476776,0.0001670171186560765,0.003935517277568579,0.6871477961540222,0.013267015106976032,4.8471851187059656e-05,0.0011761924251914024,0.0001688878983259201,9.453409438719973e-05,7.776237180223688e-05,1.683423761278391e-05,1.5254963727784343e-05,14,14
8.526027158950455e-06,0.00011334770533721894,7.440832177962875e-06,0.006880950182676315,2.253628190374002e-05,5.788786802440882e-05,0.003466047113761306,0.0012893860694020987,9.4230081515434e-08,0.13231508433818817,0.0013348511420190334,6.651189892181719e-07,0.0004091074806638062,0.000338747602654621,3.583950820029713e-05,3.873255536746001e-06,0.00017593815573491156,3.291518169135088e-06,0.8387071490287781,0.0002685677900444716,0.001871753018349409,0.012025135569274426,0.0006638526101596653,13,18
0.0002997856354340911,4.916889338346664e-06,2.107157342834398e-05,4.391858055896591e-06,0.012492426671087742,0.014981729909777641,0.0778706893324852,0.0001481840299675241,0.00021967913198750466,0.8192324042320251,0.061489466577768326,0.0008734286529943347,0.009512051939964294,5.2190305723343045e-05,4.896484824712388e-05,0.000124498299555853,3.4908118777821073e-06,0.00011905070277862251,0.00015947464271448553,0.0011687009828165174,0.0011439581867307425,2.593528915895149e-05,3.408383463465725e-06,9,9
0.04985513165593147,1.1770040373448865e-06,1.9392649846849963e-05,4.3359950296917305e-08,0.0991007536649704,0.09384471923112869,3.542899139574729e-05,1.9920198823797364e-09,1.2607622920768335e-05,0.650711178779602,0.012852161191403866,0.08032980561256409,0.008954568766057491,3.8936897908570245e-05,1.2164595091235242e-06,9.318511517975026e-10,8.08340757885162e-07,0.00021647571702487767,0.0037131039425730705,0.0002526434836909175,7.82337701821234e-06,7.114419275922046e-08,5.1909602916566655e-05,0,9
2.4236203322036687e-12,3.607506003991401e-13,3.315436372165227e-14,1.1148851286613137e-10,6.547763904424936e-14,3.534124459747545e-08,9.673601653048536e-08,1.528426496477664e-09,8.081703526841011e-06,0.999991774559021,2.0488185370481915e-08,3.978671992560523e-12,1.3140446304855946e-13,1.3959076561320671e-08,1.2120846860919077e-12,4.663193442500102e-12,7.089418028322081e-13,1.829275222779963e-14,3.5402216713720236e-09,2.6098911307939274e-14,1.4427478767231605e-08,7.157905518306862e-11,3.7211157766225966e-11,9,9
4.382411100678496e-10,9.1843421756721e-09,4.34927116543804e-09,1.3226098189988988e-06,8.162863163185818e-10,1.5729506586126263e-08,1.6505390387777652e-09,3.840015805334218e-11,9.853162427945431e-15,3.785249802490398e-08,1.5152777643745452e-10,1.0362496451199465e-12,1.3806727565679466e-06,1.6071262376460282e-11,1.7104180918825485e-11,2.272755009365135e-13,0.016711561009287834,1.4853980268014766e-09,0.9832543730735779,1.5774799522194627e-10,2.2174580749378947e-07,1.478224902484726e-07,3.092837505391799e-05,18,18
8.681904084539838e-09,2.2928340115413448e-07,2.991362935134134e-09,6.021205312123357e-09,2.532361542684214e-10,3.9467304304707795e-06,1.2924112446910385e-08,1.2325143128322225e-09,1.6387049703303624e-11,1.1231325203198139e-07,2.433085022346404e-08,2.3076389688014842e-09,0.9998742341995239,2.4506798812495845e-09,3.452767238787402e-11,1.4389926750180138e-11,1.239920521811655e-07,7.315492985071614e-05,1.4615107346571676e-08,4.4250613427720964e-05,1.4599638120671443e-07,1.0756996182692546e-08,3.813519015238853e-06,12,12
5.569482254941249e-06,2.9459015227217833e-09,8.482788871333469e-08,1.0378754744522212e-08,5.77314494876191e-07,0.000558599887881428,6.521224804600934e-07,5.225788299867418e-07,9.133771527558565e-06,0.2668991684913635,0.0127525944262743,0.7186098098754883,2.190362238252419e-06,4.9745081923902035e-05,0.0001126292918343097,6.45519094177871e-07,2.6609145109546262e-08,1.6114071286210674e-06,0.0009953604312613606,1.7431234766718262e-07,5.809619096908136e-07,5.602390107384281e-09,2.10784634191441e-07,13,11
0.005086048040539026,4.88373927964858e-08,2.704177992640666e-10,1.1068714833584181e-09,0.9799165725708008,0.0028067822568118572,2.8324063094942176e-08,9.184827898245373e-11,1.8330753448481119e-07,0.0010720783611759543,0.000146207632496953,0.01091053243726492,1.3801565728499554e-05,1.660231464484241e-05,3.659454250737326e-08,5.313218753855153e-10,8.035891596591682e-08,2.2259264369495213e-06,9.219251296599396e-06,4.552890402464982e-07,1.6858826711541042e-05,4.393322328155591e-08,2.2635881578025874e-06,11,4
7.013632341568155e-08,1.1164125873763808e-10,2.9497236653241998e-08,7.863459359214175e-07,5.816387815826829e-09,2.8079957701265812e-05,1.83518113772152e-06,1.9374552721274085e-05,2.0019870206056112e-08,0.0009500469313934445,4.0823110225574055e-07,1.3410935935098678e-06,9.557922021485865e-05,0.2847376763820648,0.09192807227373123,2.667200305950246e-06,2.0912065135103575e-10,1.8848449201414041e-07,0.2944267988204956,0.32780686020851135,4.365389383309548e-09,9.1824098547022e-08,6.996642709644618e-10,13,19
0.9618423581123352,1.2122045589535446e-09,3.688522598466193e-09,1.9909124349126728e-10,2.4996717911562882e-05,6.463722911576042e-06,6.500371796391846e-07,8.677623064556883e-10,6.826716081320683e-09,0.03729206323623657,0.00031575089087709785,0.0005159929278306663,9.374684850627091e-07,7.398679144898779e-07,1.7172945357413205e-11,6.141311764684687e-11,7.31729780933943e-12,2.5502275846633893e-09,4.9947441738140697e-08,2.4494292705234955e-10,1.0542768880128506e-09,5.564613214659175e-09,1.1795838750217058e-09,0,0
1.3575708557311827e-08,7.86704534849747e-10,3.3159408552307923e-10,1.011876893386443e-08,2.9458774406521115e-06,2.6939920644508675e-05,5.071877851037243e-08,9.795787292432578e-08,1.0552530227414536e-07,8.910702308639884e-05,3.2340747111447854e-06,0.004952799063175917,7.201751373031584e-07,6.443402071454329e-06,0.9948906898498535,6.108233719714917e-06,3.995964092950999e-08,5.477656106478435e-10,1.136223909270484e-05,8.840705049806274e-06,1.7887298042751354e-07,6.26560625605066e-09,4.042398416004289e-07,9,14
0.0009625103557482362,8.352773875230923e-06,1.5466630642890777e-08,4.862736435740089e-09,0.00045612320536747575,8.781910764810164e-06,4.5681076699111145e-06,7.710354310574985e-08,3.231339360354468e-05,0.2747911214828491,0.004764215555042028,0.7189553380012512,6.74171633363585e-06,1.8555020915300702e-06,3.2105371694512996e-09,1.6011275638661004e-09,2.5253218183252102e-08,2.1796413420815952e-06,2.751814918156015e-07,1.2141554179834202e-06,3.0863529900670983e-06,6.56520811048722e-08,1.0621041610647808e-06,0,11
0.00021554165869019926,0.00011995991371804848,0.004206814803183079,3.6830635963269742e-06,7.1211752583622e-07,0.00011428177094785497,0.0024542217142879963,1.733291537675541e-05,7.708970173325724e-08,0.9921495914459229,1.3524852874979842e-05,1.9986033805707848e-07,0.00010291182843502611,2.6826370230992325e-05,5.003997785024694e-07,2.9969033477073026e-08,4.7892823204165325e-05,9.040811050908815e-07,0.00041088444413617253,2.1433349957078462e-06,6.4922081946861e-05,4.639479811885394e-05,6.00067494360701e-07,9,9
0.005556226242333651,0.0011398461647331715,0.00017669964290689677,5.181417236599373e-06,0.0007769288495182991,0.015958406031131744,2.1258683773339726e-05,4.896966493106447e-05,0.00014138538972474635,0.0006358936661854386,0.00016018190945032984,0.00010703049338189885,0.5126146674156189,6.746042345184833e-05,3.8474539906019345e-05,1.567964136484079e-05,0.0058066826313734055,0.010105428285896778,0.00031728617614135146,0.44210129976272583,0.003548301523551345,0.00046147615648806095,0.00019520720525179058,19,12
2.760215693342616e-06,0.004519470036029816,1.0472926987858955e-05,1.1332650018403001e-07,0.00022226407600101084,0.00010046221723314375,2.6425566375110066e-06,1.0426680319142179e-06,2.9594298567303667e-08,2.9919670851086266e-05,5.495695586432703e-05,3.5593345728557324e-06,0.7482112646102905,1.3986084468342597e-07,1.778978548827581e-05,1.0794500404642804e-08,0.011030354537069798,2.9946504582767375e-05,7.146687858039513e-05,0.2317136526107788,0.002249093959107995,7.18264200259e-05,0.001656714011915028,12,12
2.986563958984334e-05,0.0013530770083889365,4.0516020817449316e-05,0.001214391551911831,7.15245732862968e-06,0.00045147386845201254,0.18588951230049133,7.539782018284313e-06,6.617342478421051e-07,0.2342337816953659,0.5749489068984985,4.867352345172549e-06,0.0002814846229739487,1.0428461791889276e-05,1.5076119552759337e-07,4.217272362438962e-07,2.7176589355804026e-05,8.10022174846381e-06,0.0009867794578894973,4.607510709320195e-05,1.1702803931257222e-05,4.3089814425911754e-05,0.0004029263218399137,9,10
4.9505684728501365e-05,0.004479221533983946,0.44295939803123474,0.006814589723944664,2.5582568923709914e-05,5.9511326981009915e-05,0.00017199362628161907,0.012174920178949833,0.07511278241872787,0.002261189743876457,0.01983475498855114,2.7168468932359247e-06,0.016026394441723824,1.6116830465762177e-06,8.89012972038472e-06,1.660823545535095e-05,0.0028660905081778765,0.20352929830551147,3.3417134545743465e-05,0.040306687355041504,0.15500767529010773,0.006751367822289467,0.01150592789053917,2,2
0.00010884406947297975,0.00022202789841685444,6.725744242430665e-06,7.000096229603514e-05,1.5739564332761802e-05,2.5593095415388234e-05,3.809045665548183e-05,5.634173794533126e-05,9.052713068058438e-08,0.007250398863106966,0.00027320944354869425,6.109863170422614e-05,0.08449285477399826,7.599428045068635e-06,1.4369436939887237e-05,1.1701303037625621e-07,0.00010123723041033372,0.0017519898246973753,0.00043594068847596645,0.903620183467865,0.00037091231206431985,0.0001997522485908121,0.0008768115076236427,19,19
1.131433488565925e-10,6.332691315780181e-11,2.9132546375265633e-10,6.309738287413325e-10,5.613089437694896e-10,6.758652526528408e-10,7.091827559230213e-12,1.4417241272352e-12,8.977336289715115e-15,8.800938644526468e-09,2.0148209489700974e-11,1.4140147386321189e-11,1.2494682621877473e-08,3.102576247131228e-13,1.480098543726882e-10,3.270182085193807e-12,0.9984573125839233,1.6661911850235356e-09,0.0015397017123177648,9.46813252800105e-11,7.305293365789112e-07,3.373779866588933e-10,2.296715365446289e-06,16,16
1.737417935215868e-12,0.9999998807907104,1.7334801327706373e-07,1.2462207288121757e-15,3.6645616530981323e-17,1.1380402642393456e-13,9.79052863087082e-12,8.350180102922877e-09,5.495183949431805e-16,6.703148778229584e-13,1.0326383081959989e-09,1.3952531847964748e-16,1.4562963682185348e-11,7.491757908484331e-11,1.367911751752604e-12,1.6103612855093014e-13,1.0588064279504206e-11,5.602051872925394e-15,9.920736107615902e-13,1.2640323510115792e-10,8.684091640231983e-12,2.1946555683882707e-09,1.2330499848164228e-13,1,1
0.2078801989555359,0.0014145394088700414,0.0004616904188878834,7.5699390436057e-06,0.04069579020142555,0.43073907494544983,0.0005057001253589988,2.521145506761968e-05,0.029190687462687492,0.17785346508026123,0.07268151640892029,0.007206562906503677,0.0016733036609366536,0.00952087715268135,1.3702107025892474e-05,6.39105710433796e-05,0.00024056321126408875,0.016089634969830513,0.00037863559555262327,0.00041655715904198587,0.0017060576938092709,0.0010616910876706243,0.00017305847723037004,4,5
0.004286215174943209,2.104578955552938e-09,0.0015106230275705457,2.6943631353804065e-11,0.16084647178649902,0.018091300502419472,2.332726865006407e-07,8.376599858195277e-09,0.00017790960555430502,0.0028725233860313892,0.00020670061348937452,0.8115459680557251,6.232915620785207e-05,0.0003523208142723888,5.2661266636278015e-06,4.285053876174061e-07,6.833679435658269e-07,9.080824838747503e-07,3.0107374186627567e-05,3.840806584776146e-06,6.036820650479058e-06,2.888638839237956e-08,7.038564397987557e-09,4,11
2.2445656000513736e-08,1.2851014474790645e-08,2.584992671472719e-06,1.0920585324925014e-08,7.453473394036791e-09,0.00013438791211228818,1.202509878339697e-07,5.10561926070352e-10,9.03787288064617e-12,3.3483107131360157e-07,2.0860111362708267e-06,2.56522691977068e-09,0.9996058344841003,8.494390968394328e-09,1.6071804997963568e-09,2.743254789994154e-10,1.3134649634594098e-07,0.00024202378699555993,7.31500108486216e-07,1.1399618415453006e-05,3.034367068721622e-08,3.608543011068832e-07,5.0724572986382555e-08,12,12
0.003974257502704859,0.00010000262409448624,1.2189308051802072e-07,1.1915866480194381e-06,0.8765630125999451,0.0028356972616165876,1.9467577658360824e-05,2.1399154448431545e-08,0.0002192873798776418,0.08213361352682114,0.0043733264319598675,0.029723215848207474,7.028410209386493e-07,4.143374826526269e-05,3.7974743349877826e-07,1.0728059578468674e-06,3.2981841258106215e-08,1.102490500670683e-06,8.197226293304993e-07,4.4680962218990317e-07,5.090579406896723e-07,3.2021318929764675e-06,7.153755632316461e-06,4,4
1.0275144068927489e-09,9.899642883226534e-09,2.1177219977630557e-08,3.6097539179991145e-08,2.0270601197580618e-08,5.621030254587822e-07,2.410442505318411e-11,2.7159047233382694e-10,9.058783237425594e-12,8.359182679384958e-09,1.6194025675986268e-08,1.58572248665223e-08,0.0034045337233692408,1.1915862785372155e-07,6.61486554420776e-09,4.380727725017408e-11,2.937746046427492e-07,0.9963197708129883,3.5061820113924114e-08,0.0002738608163781464,4.281522194560239e-07,3.983858576361854e-09,2.3480056654534565e-07,17,17
1.1134643500554375e-05,1.2810534577578636e-10,8.986773423202976e-07,4.1436051811949426e-10,4.34922725389697e-07,0.0003397369582671672,2.407023771411332e-07,3.39553229977696e-09,1.1427172239564243e-06,0.44140541553497314,0.04111693799495697,0.5171154737472534,1.0276087323290994e-06,1.3594752772405627e-06,1.1078483908022463e-07,2.4887217620062074e-08,6.416419617849556e-10,2.1361820472520776e-06,4.008207724837121e-06,2.4784705843217125e-08,6.517802297878461e-09,3.5153244204444434e-10,6.856861745063725e-09,10,11
0.00011037287185899913,0.005701529327780008,0.0004665071901399642,0.0007864269427955151,5.972883172944421e-06,0.001575941569171846,0.001782070379704237,0.0021077743731439114,1.7520373774004838e-07,0.009220820851624012,0.0014497555093839765,3.264062979724258e-05,0.9338735342025757,3.7590565625578165e-05,1.3176227184885647e-05,4.239878307998879e-06,0.00444702198728919,0.009464684873819351,0.015245508402585983,0.0028628981672227383,0.001247736276127398,0.0003929594822693616,0.0091704735532403,22,12
0.16304627060890198,0.0025555649772286415,0.0362258143723011,0.0010783156612887979,0.020488660782575607,0.19054466485977173,0.004917785059660673,0.004258342552930117,0.20768851041793823,0.10691925138235092,0.046135347336530685,0.012595105916261673,0.0303567573428154,0.03537079691886902,0.0012084880145266652,0.0037148091942071915,0.0031778202392160892,0.0900174081325531,0.0024409231264144182,0.017445938661694527,0.008175858296453953,0.007688767276704311,0.0039486694149672985,8,8
0.01257054042071104,0.000587782880757004,0.0071436092257499695,4.793214247911237e-05,0.001471647177822888,0.069209985435009,3.377848770469427e-05,0.00022123010421637446,0.0009527074289508164,0.03249136358499527,0.10558300465345383,0.7385123372077942,0.003030708059668541,0.022694550454616547,0.0011518254177644849,0.0001298648421652615,0.0004155379720032215,0.001065877266228199,4.379598249215633e-05,0.0005523215513676405,0.0009747516014613211,0.0010472348658367991,6.756821676390246e-05,0,11
1.5998801718177772e-15,1.0,1.634405609983458e-12,5.492831646293051e-18,1.6471831714701704e-20,6.7261083087728624e-18,2.2646767273981627e-12,2.734154591101101e-13,8.781090081127952e-21,1.820040700182407e-13,4.403801542179897e-14,4.828061626837943e-20,5.887721781199905e-15,1.2031575822440965e-12,8.111892079843316e-21,2.4613650930613247e-20,2.6443514549296796e-18,2.6294640650601033e-18,1.8897933551690303e-14,1.9106759360440484e-15,5.502316496243278e-16,1.4125256953684273e-14,1.2692396961867585e-16,1,1
0.00021702700178138912,0.18309469521045685,0.0012392335338518023,0.0005028868326917291,3.1506748200627044e-05,0.003285924205556512,0.0003971403930336237,0.01139556709676981,8.035751761781285e-07,0.0009172423742711544,0.002277874853461981,9.34136096475413e-06,0.057494424283504486,5.0370832468615845e-05,2.5131492293439806e-05,1.1584042113099713e-05,0.003054338740184903,0.0008685162174515426,6.316936196526513e-05,0.04428136348724365,0.0011711703846231103,0.6893609166145325,0.0002498867397662252,1,21
0.002870497526600957,0.10995250195264816,0.004095475655049086,0.13382549583911896,0.0003746665024664253,0.0025288339238613844,0.004107947926968336,0.042229581624269485,0.00032159837428480387,0.052022021263837814,0.09254193305969238,0.004569517448544502,0.13746294379234314,0.0004194489447399974,0.003627573838457465,0.0028021340258419514,0.013892675749957561,0.01639544405043125,0.006548172328621149,0.1606728434562683,0.006496640853583813,0.17386555671691895,0.028376499190926552,12,21
0.02231796458363533,0.0010513931047171354,0.07202461361885071,6.961997132748365e-05,0.2087671309709549,0.36417585611343384,0.0003984701761510223,0.0001498487254139036,0.010381767526268959,0.10882511734962463,0.024770107120275497,0.0169440358877182,0.003314726985991001,0.0012274248292669654,0.003907680977135897,0.0014173550298437476,0.002594019053503871,0.15091466903686523,0.0009569606045261025,0.003063090378418565,0.0016553911846131086,0.00022722124413121492,0.0008454915368929505,4,5
3.563374775694683e-06,1.3956206190712805e-09,2.631214101711521e-06,2.6429963773111353e-10,1.9248896933277138e-05,1.8583687051432207e-05,2.0376131715238444e-07,5.798461870654137e-07,1.6907711142266635e-06,5.543547376873903e-05,0.0014756839955225587,0.4547216296195984,2.3296886411117157e-06,8.576863663734002e-09,0.04743848368525505,0.49625363945961,5.871306711924262e-07,5.83871120340973e-08,2.430462700431235e-06,1.7780422467694734e-06,1.0589307066766196e-06,3.304976416984573e-07,3.7186462797933473e-09,15,15
0.0037500658072531223,0.00021226632816251367,0.0007026329403743148,0.16126787662506104,8.115420087051461e-07,0.00017893959011416882,0.00010684991138987243,0.05444781854748726,0.0021866869647055864,0.016754595562815666,0.11484403163194656,2.4599301468697377e-05,0.4381454288959503,0.00010291748913004994,1.5625057130819187e-05,2.7625841539702378e-05,0.0004167756997048855,0.04678233340382576,0.0009009157656691968,0.06533034890890121,0.00809845793992281,0.013804664835333824,0.07189762592315674,19,12
1.4123350267070123e-09,2.5824609117819364e-09,0.9999997615814209,1.9536643136586207e-10,1.3437514989611543e-11,1.0201457734115849e-10,8.221025943333515e-11,5.3119300069681685e-09,4.891600458023504e-09,9.255414212816504e-10,1.6014670478625703e-08,2.0073940287801406e-09,9.155955638107116e-08,7.131222262007908e-12,1.0196545214072317e-12,1.2585764407654215e-13,1.888620282386455e-08,7.91300536207018e-08,1.1939361825585859e-11,1.4998720487824357e-08,4.391450048046863e-08,3.0582143484281232e-09,1.963144646843773e-10,2,2
0.016993530094623566,0.013483949936926365,0.08313111215829849,0.0022155174519866705,0.014256130903959274,0.004186776001006365,0.0015121469041332603,0.009483511559665203,0.0016709312330931425,0.0791575238108635,0.014760887250304222,0.03209816664457321,0.23057517409324646,0.0005593258538283408,0.0012259287759661674,0.00016422740009147674,0.03386896848678589,0.24827095866203308,0.0026401071809232235,0.10072619467973709,0.07713595032691956,0.010960090905427933,0.020922869443893433,17,17
0.19021625816822052,0.0030318070203065872,0.0020054811611771584,0.0002805095864459872,0.0013973050517961383,0.022264501079916954,0.0013883259380236268,0.0007716158288531005,0.010948673821985722,0.6371352672576904,0.01257110945880413,0.06652066856622696,0.01823141798377037,0.0009276117198169231,6.966944056330249e-05,8.791115396888927e-05,0.0008416820201091468,0.023159988224506378,0.0006965505890548229,0.0023501254618167877,0.0008999487617984414,0.0010889163240790367,0.003114758525043726,8,9
3.7890991677613783e-08,3.7753818560304353e-06,2.4004493752727285e-06,1.6177710560061342e-10,6.130214558197622e-09,1.0327497790285634e-07,3.101549683748317e-09,2.6193299618171295e-07,3.579108920348517e-08,6.778521566275231e-08,4.057766545884078e-06,5.1598547656794835e-09,0.00015592013369314373,4.9822083958428465e-11,3.960302918937231e-10,7.229411513876016e-10,0.005018149968236685,0.0003051312523894012,2.3968405571395124e-07,7.502466814912623e-06,0.9944896697998047,4.080821781826671e-06,8.698982128407806e-06,16,20
7.53025378799066e-05,0.9768749475479126,0.000835735525470227,1.87121877388563e-05,9.791379852686077e-06,0.00014519070100504905,0.016702456399798393,3.612884484027745e-06,2.1981307440910314e-07,0.0008128176559694111,0.0005579356802627444,1.1211042760805867e-07,0.0006435898249037564,6.268398351494398e-07,2.138892938319259e-07,2.9363130593651476e-08,0.0001940880756592378,9.597456482879352e-06,0.0006205123499967158,0.0006851854268461466,0.00017080159159377217,0.0015285121044144034,0.00011011826427420601,1,1
1.3154527778169722e-07,0.739278256893158,1.0346773393621334e-07,3.2713933251216076e-06,1.432916096888448e-08,5.4875363275641575e-06,0.00023942151165101677,1.3940955341240624e-06,1.1335056226968732e-09,3.3177348086610436e-05,0.0002014478377532214,9.822160862427154e-10,5.744746886193752e-05,5.302275667418144e-07,1.214152556272552e-09,1.217543665887888e-08,1.1693080068653217e-06,3.227348486234405e-07,0.00019181233074050397,1.3316635886440054e-05,1.1405485565774143e-05,0.2599412798881531,2.0067751393071376e-05,1,1
4.3398999671762084e-12,3.7629903533453746e-12,1.0,1.4846113755533205e-15,7.936221730344372e-16,3.875378682782586e-14,4.4896479925709415e-14,3.6758682035731294e-13,4.9888981834556034e-09,1.3742385701620563e-11,2.627623466033846e-11,6.047782934170964e-12,2.176798151454218e-11,1.0016422099298067e-14,2.2965434892316394e-16,1.3481214881484843e-18,6.052886664109636e-11,1.034906318628237e-12,1.5445807068255324e-13,4.692530001723649e-13,1.9701436662633576e-11,3.3929647286212727e-12,3.362167857491605e-14,2,2
5.751897333539091e-05,5.161142553333775e-07,7.783039279729564e-08,7.011943381485253e-08,4.911309588351287e-06,2.750830026343465e-05,0.0002286920353071764,1.1017184675665703e-07,1.5631206551347532e-08,0.9801613688468933,0.00406807754188776,0.014979672618210316,0.00012122019688831642,2.1479252154676942e-07,3.4313714536438056e-08,7.718966088532397e-08,1.0157214092032518e-07,0.00027528125792741776,4.021357744932175e-05,2.289712574565783e-05,4.2157651591878675e-07,1.0232655611730479e-08,1.1036787327611819e-05,9,9
1.2990668437851127e-05,0.00034822849556803703,0.1914777159690857,1.806612272048369e-05,2.967431669276266e-07,3.1046827643876895e-05,4.9016707635018975e-06,0.00028440073947422206,2.761566065601073e-06,0.00011593693488975987,0.00022109517885837704,4.540796112451062e-07,0.5409517884254456,1.1843047076354196e-07,7.410314140088303e-08,8.805035633940861e-08,0.031448300927877426,0.013878531754016876,0.0003301753313280642,0.0005942419520579278,0.15240733325481415,0.06712528318166733,0.0007460624910891056,20,12
0.0026111609768122435,0.0073263258673250675,0.0004221673880238086,2.7518846763996407e-05,0.001127878436818719,0.1238093227148056,0.0007177693769335747,0.0007892391877248883,0.00016561364463996142,0.0034020901657640934,0.0011739336187019944,0.0001804187340894714,0.7215046286582947,5.8804707805393264e-05,4.038845145259984e-05,8.580344001529738e-05,0.0074085514061152935,0.0037913951091468334,0.00040547357639297843,0.0917539969086647,0.012725691311061382,0.02015247382223606,0.0003193617158103734,12,12
4.267403710400686e-05,2.067495614710424e-07,0.0007638519746251404,9.958541340893134e-06,6.653605311157662e-08,1.0681693311198615e-05,2.603594793981756e-06,5.020769435759576e-07,3.0274708251454285e-07,0.0010583522962406278,1.447399853304887e-07,4.71587736683432e-06,4.8919213440967724e-05,6.942902928130934e-07,1.0488428792143623e-08,3.961991179579627e-09,0.9128686189651489,9.69913526205346e-06,0.08106730133295059,1.540849012826584e-07,0.00408549839630723,1.1961103155044839e-05,1.3084937563689891e-05,20,16
0.00023929288727231324,0.0015784071292728186,0.002292024437338114,4.7098448703764006e-05,0.0034895576536655426,0.00010212916095042601,6.63956452626735e-05,0.0007045494858175516,1.33079004172032e-06,0.0032648202031850815,0.0008994298987090588,0.00113445904571563,0.24304743111133575,1.2985751709493343e-05,3.7619585782522336e-05,4.4725366024067625e-06,0.05792943388223648,0.040152911096811295,3.7072568375151604e-05,0.6019814610481262,0.04061656817793846,0.0002574394457042217,0.002103094244375825,19,19
6.239794705237278e-12,2.2643600328109414e-09,1.506337415912995e-11,3.237386747567683e-11,4.63850319102916e-14,1.8973245197173583e-09,1.2690295862760603e-11,4.656194180219231e-11,4.131631475612135e-15,1.1186578052768681e-10,3.1796665994621165e-11,3.899222321434616e-14,0.9999291896820068,4.9323474991813665e-12,7.54598439289822e-10,2.6124755553709423e-15,7.585057582026877e-11,5.641661790511954e-11,1.4220478128379455e-08,7.080571231199428e-05,1.688437584190794e-11,1.775635055656366e-10,3.3065035154322686e-09,12,12
4.877252308688185e-07,7.401577022392303e-06,5.654685608647014e-09,6.79452341501019e-06,2.2695307438924672e-11,4.477657000734325e-08,0.11633720993995667,5.248450634098845e-07,6.238745278849475e-14,0.8834168314933777,1.4923716662451625e-07,4.831844993558043e-11,2.3041149688651785e-05,5.3243315534245994e-08,3.3126225287144484e-13,1.8490426204054167e-12,4.901227687592602e-11,4.603076531051187e-10,0.0002074261283269152,3.573550699798034e-08,9.410944940002608e-11,5.076705988926733e-08,1.2131493587475006e-09,9,9
0.17398391664028168,9.637838957132772e-05,0.0038868228439241648,0.00011553808872122318,0.016534844413399696,0.022253450006246567,0.00025530511629767716,4.9966842198045924e-05,0.005265809129923582,0.6464624404907227,0.06633944064378738,0.04932471364736557,0.0020421361550688744,0.0003040674782823771,0.0016377927968278527,0.0005933542270213366,0.0005858707008883357,0.006800128612667322,0.0023080187384039164,0.0002928804897237569,0.00021343586558941752,0.00013919816410634667,0.000514469516929239,10,9
3.7992137436049234e-07,0.00027173582930117846,9.625709935789928e-07,5.164816911928938e-07,5.978293302177917e-06,4.130043180339271e-06,9.829261216509622e-06,3.6714800444315188e-06,7.209048469292156e-09,1.6395097190979868e-05,1.3372907233133446e-05,7.615769845870091e-07,0.0163568127900362,8.589321964791452e-08,4.2651919329728116e-07,3.593643782551226e-08,0.0015620243502780795,0.00014811941946391016,1.4678010302304756e-05,0.9784533977508545,0.0029449283611029387,6.329448660835624e-05,0.000128276675241068,19,19
7.325643025524187e-08,7.560875753612195e-13,1.6656630519307214e-09,2.5074191854768113e-13,6.712951305942738e-10,3.264519364165608e-06,5.647073919590184e-10,6.276915098801794e-11,0.9999872446060181,3.0350474844453856e-06,1.4164158983476227e-06,4.870850261795567e-06,8.744303198193748e-11,1.0704201258704416e-07,8.811625040738846e-11,6.661596968493555e-11,8.590704536626248e-12,1.670361959860145e-09,5.307604356019624e-11,1.142211533688986e-10,2.67981969948039e-10,2.0480734892313474e-13,4.6133874498366367e-10,8,8
1.951234063213292e-09,0.9993537068367004,2.9006810109422076e-07,1.1231034990899502e-09,8.293665754166568e-11,1.3528397957429661e-08,1.0357364743640574e-07,8.474777501987774e-08,3.528665901142425e-11,7.54499751565163e-09,4.211076429783134e-06,2.118239394652277e-12,3.037311580555979e-05,1.3361085848817567e-10,6.410404429502137e-10,5.392675542226222e-11,0.00023202761076390743,5.501969546628516e-09,2.937889291843021e-07,5.971027712803334e-05,3.5226460113335634e-06,0.0002643115003593266,5.119691923027858e-05,1,1
1.6443013009848073e-05,0.00011644279584288597,0.0002568837662693113,1.962973641411736e-07,6.200952611834509e-06,0.0004213399370200932,1.6632150163786719e-06,1.9936504031647928e-05,2.5907856979756616e-06,7.62955387472175e-05,7.555920456070453e-05,9.775481885299087e-06,0.9947000741958618,8.394702035730006e-07,5.202186457609059e-06,7.751123121124692e-08,0.0007917388575151563,0.00010246146121062338,0.00042234250577166677,0.0017687795916572213,0.0010445573134347796,6.898849824210629e-05,9.172129648504779e-05,12,12
0.007604915648698807,0.44527944922447205,0.0016510951099917293,1.4820376236457378e-05,0.007025520317256451,0.0030956438276916742,0.0003536605800036341,0.0011033437913283706,0.00010928345000138506,0.04010689631104469,0.02766283228993416,0.0056964377872645855,0.10906489193439484,0.0002781473158393055,1.0389735507487785e-05,1.6769670310168294e-06,0.1429539918899536,0.0013189601013436913,0.0022302744910120964,0.016977330669760704,0.04197128117084503,0.13725195825099945,0.00823715329170227,12,1
6.311926426860737e-06,8.820578933921297e-09,3.5287484934087843e-07,1.166161611720895e-11,0.9493601322174072,0.05051440745592117,4.3019426243517955e-08,1.8490155587191914e-11,4.771092062583193e-05,4.903391527477652e-06,6.413456867448986e-05,1.3855884617441916e-07,1.1814124434295081e-07,6.601575819331629e-08,2.180384583994055e-08,8.814878604823662e-09,1.4990265029268812e-08,5.134129565931289e-08,1.6731887342302798e-07,1.5820478438399732e-07,1.260333192476537e-06,5.647927459051516e-09,7.652000810765003e-09,4,4
2.893472380591012e-24,4.466902196062954e-25,9.081379362678771e-23,2.6180435307075037e-26,9.061285647153146e-28,4.9047773880914706e-23,2.4039344417457245e-28,9.18859818147279e-24,2.186017943659214e-30,1.0676097654640325e-22,2.7966236129452613e-28,2.0823792426712375e-26,4.2551111789233236e-21,2.0822940087156187e-24,9.69246770189506e-26,1.1681566781047937e-28,4.316720212781659e-26,4.874164950411077e-25,3.1242274482313655e-22,3.384901318018913e-25,2.0876567719240107e-22,1.0,6.551965522556767e-29,21,21
0.9696281552314758,2.1390004434351795e-08,0.01309908926486969,8.822889974169357e-09,2.410821707599098e-06,5.677926674252376e-05,1.87382465810515e-05,1.3409741939085507e-07,4.408831273394753e-07,0.016312500461935997,0.0001724131579976529,0.00017918937373906374,0.000493658590130508,3.682781937186519e-07,7.355307474199435e-10,8.35565817924877e-12,1.152303141793709e-08,1.2136068789914134e-06,2.9258779250085354e-05,2.2017755441083864e-07,2.8296160081708877e-08,6.05851369073207e-09,5.4589786486758385e-06,0,0
2.9707607088289706e-14,3.1496346871752456e-13,5.495271087946254e-15,2.627956717255603e-13,7.67799963355806e-18,2.959963940618593e-10,2.8251767516130483e-14,6.56357292735249e-14,8.680782831940276e-19,5.770127756675458e-13,3.0094980327244336e-13,1.5775297251968147e-15,1.0,3.1933921381798597e-14,3.4759246364177415e-16,1.463327378154537e-18,3.424128317583257e-14,6.56113607888642e-09,5.084920765702217e-12,4.0435516046599673e-11,1.3436795079369013e-12,1.3218431611870113e-13,1.3386516894975387e-10,12,12
0.00026223782333545387,0.051428910344839096,0.005424195900559425,0.0024022392462939024,2.467633385094814e-05,8.925911242840812e-05,0.006024361588060856,0.06402776390314102,9.543065243633464e-05,0.006506592966616154,0.2285645753145218,1.2041261470585596e-05,0.0021743131801486015,9.322377991338726e-06,0.0013869667891412973,0.0011505455477163196,0.0017529233591631055,6.267628486966714e-05,0.011185393668711185,0.018534887582063675,0.0058998423628509045,0.5491171479225159,0.043863773345947266,9,21
1.8045016076939646e-06,3.0968459441282903e-07,1.1303316114208428e-06,1.2938778048976474e-08,0.9993434548377991,0.00027040462009608746,1.4465759079484997e-07,8.778135995868297e-10,2.47657059304629e-08,1.3810316886520013e-05,0.00024870867491699755,1.2711175259028096e-05,1.832716770877596e-05,2.96878557293212e-08,1.7909815142047592e-06,2.3685164052267282e-08,6.120543503129738e-07,1.8416310922475532e-05,2.9861209895898355e-06,5.455781865748577e-05,1.0096581718244124e-05,8.411225849158654e-08,4.253402323683986e-07,4,4
6.905881980634118e-14,4.6538768390218255e-15,1.0,2.972251019624528e-18,1.6551047082755078e-15,3.605110713401178e-15,1.0823219578659469e-16,8.297149181905536e-14,1.3745129213384632e-16,5.885793425992186e-14,2.54283575561314e-17,5.04170110608021e-13,1.5271145459294644e-11,1.0739402359806206e-16,7.912596482180589e-20,4.476734897595818e-22,7.088912356428834e-12,2.1982218562782707e-12,3.970703844781968e-17,1.671395735301697e-14,1.1843682230696512e-13,2.1366104550760504e-14,3.154847003942546e-17,2,2
1.6942210438394834e-12,5.3960448713300525e-20,3.729869711699418e-12,1.132538372318367e-16,2.3386929545732293e-11,2.816498423374725e-10,7.727753687135287e-16,3.1898277422226506e-12,1.2835926765930594e-10,1.4799238223783817e-11,3.036994614125099e-11,6.096666727017919e-09,1.2877460382754169e-11,1.1935759455447559e-12,0.9999998807907104,6.769127480765746e-08,3.799730932592957e-15,2.5719991118985062e-14,5.724909261928257e-12,1.247564009564106e-12,4.997630456173019e-13,7.967099787040935e-16,5.2955814956791663e-17,14,14
0.10242748260498047,0.00041034986497834325,0.0010611204197630286,1.39999110615463e-05,0.148848295211792,0.13373753428459167,0.00036034456570632756,2.0220679289195687e-05,1.2732982213492505e-05,0.17800480127334595,0.00415444653481245,0.3231058418750763,0.06704158335924149,0.00017466967983637005,1.477033492847113e-05,9.780184336705133e-05,0.007355960551649332,0.02516941726207733,0.001466649235226214,0.005712919402867556,0.00024184751964639872,0.00014561554417014122,0.00042165000922977924,9,11
0.4273664653301239,1.2662459525358827e-08,0.0001127593859564513,5.471556718816828e-08,0.004442189820110798,0.008588544093072414,5.408616743807215e-06,3.2563658436401965e-08,0.0007760944426991045,0.15823478996753693,0.004199141636490822,0.31822308897972107,2.736466285568895e-06,0.0778130367398262,1.490561044192873e-05,0.00021008144540246576,8.061758194344293e-08,6.459526503022062e-06,3.4865745419665473e-06,4.4225924256124927e-08,3.2221748824667884e-08,3.1529772570593195e-08,4.245419233939174e-07,11,0
2.869599882160401e-07,1.2805355254386086e-05,4.991817604604876e-06,4.1463476918579545e-07,8.861977107699204e-08,3.547559117578203e-06,1.1291485435549475e-07,3.253999966545962e-05,2.3248101221895467e-09,9.759728527569678e-06,1.1262009138590656e-05,5.4999766518903925e-08,0.006121407728642225,3.898474432162402e-09,9.830774843067047e-07,4.3464357446509894e-08,8.723075734451413e-05,0.00011654089030344039,5.279885044728871e-07,0.9933103322982788,1.6872356354724616e-05,0.00026641340809874237,3.7045660974399652e-06,19,19
0.03351553902029991,0.0006696690106764436,0.01066372636705637,0.013512913137674332,0.00014503381680697203,0.0010650476906448603,0.0015587119851261377,0.2685210108757019,0.005589829292148352,0.1371426284313202,0.08074244856834412,0.0006979891331866384,0.2721596360206604,5.4283475037664175e-05,0.0019516405882313848,0.004948722198605537,0.0007647007005289197,0.03488685563206673,0.0005132366786710918,0.10619641095399857,0.007215263321995735,0.005894173868000507,0.0115905050188303,19,12
0.05916253849864006,0.004092321265488863,0.0005982338334433734,4.1773650991672184e-06,0.002307299990206957,0.8162205815315247,4.980090670869686e-05,3.906413621734828e-05,0.039951931685209274,0.01101886760443449,0.00771728903055191,0.0038801152259111404,0.004398747347295284,7.386902143480256e-05,3.765554311030428e-06,5.0963208195753396e-06,0.009397884830832481,0.0008795841713435948,0.013764183036983013,0.0015313500771299005,0.008789531886577606,0.015700479969382286,0.0004132794274482876,10,5
0.007796814665198326,9.019676326715853e-06,5.044824433753092e-07,2.1327856813968538e-08,2.7365555069991387e-05,0.000574945705011487,2.08764413400786e-06,5.022516234021168e-07,9.559522368363105e-06,0.04324536398053169,0.00032002379884943366,0.9479953646659851,3.13123018713668e-06,1.207618788612308e-05,1.5336846459490516e-08,1.9683627670019632e-06,9.696139890991162e-09,7.408723945445672e-07,3.6994261876088785e-08,3.5694078803771845e-08,1.1839964564330785e-08,3.629608613664459e-07,8.884742896952957e-08,0,11
2.135069507858134e-07,4.270281806384446e-06,0.0003569431137293577,0.0006408043554984033,4.130188457907025e-08,1.4510345636153943e-06,1.8611646623867273e-07,4.3581469071796164e-05,4.902613000012934e-07,3.1069507713255007e-06,5.39349741757178e-07,1.2790951586794108e-07,0.0009736041538417339,8.582035349036232e-08,1.4703514352731872e-06,1.913599163572144e-07,0.8884992003440857,0.00023444824910257012,0.0016902118222787976,4.204913057037629e-05,0.10656871646642685,0.0007126682321541011,0.00022559163335245103,16,16
0.0005221249302849174,0.00012127853551646695,0.0033878202084451914,0.006956708151847124,0.0003279361699242145,0.0006558794993907213,0.1249646469950676,0.0877499133348465,0.00012018301640637219,0.6373499035835266,0.04360363259911537,0.0032528098672628403,0.011600181460380554,0.06210022419691086,0.005672941915690899,0.00030138090369291604,0.00015149469254538417,0.0004028881958220154,0.004099301993846893,0.0059126741252839565,0.00021260985522530973,3.00369574688375e-05,0.000503488234244287,6,9
3.37725505232811e-05,5.699911098666632e-10,4.012528850849684e-11,7.935145054059622e-13,8.418052743763837e-08,5.069707498250864e-08,3.857032193632648e-10,2.043676686214191e-11,9.683815381522631e-12,0.0004845310759264976,1.503912301359378e-07,0.9994813799858093,1.3706544343961014e-08,2.372483187684793e-08,2.6765807452366897e-13,2.5102663003817582e-12,1.8658069880772565e-11,1.0805931704993554e-09,4.009636719870535e-11,2.1437573938243304e-11,1.1965074113787222e-12,5.7536020219017825e-12,2.2795829113242405e-10,0,11
5.539270932786167e-05,0.00033268926199525595,6.043249527465377e-07,9.727611995913321e-07,0.00011079667456215248,4.381706821732223e-05,1.1165490150233381e-06,0.00011167268530698493,4.360914473977573e-08,0.00020015578775200993,7.049626583466306e-05,2.1955605916446075e-05,0.039246030151844025,1.7195187496099607e-08,5.960595444776118e-06,1.3064203052692847e-08,0.010715948417782784,0.0004706543986685574,1.797765253286343e-05,0.0005001911777071655,0.2156367003917694,1.1068636013078503e-05,0.7324457168579102,22,22
5.5856671679066494e-05,0.00018626668315846473,0.0005024356651119888,3.188118716934696e-05,0.00019127744599245489,0.6056342720985413,7.391029157588491e-06,0.00014986087626311928,6.9633879320463166e-06,0.0025783097371459007,0.00030396765214391053,5.71794189454522e-05,0.1493532359600067,0.0006842929287813604,0.002471990417689085,2.4804381837384426e-07,0.00010685211600502953,0.07082654535770416,0.05067108944058418,0.11553344875574112,5.7253084378317e-05,7.160718087106943e-05,0.0005177774582989514,12,5
0.11391760408878326,6.650666909990832e-05,0.09702903032302856,0.00022494285076390952,0.3515508472919464,0.06857741624116898,0.00016029308608267456,0.00030500779394060373,3.773291246034205e-05,0.1396663784980774,0.012957810424268246,0.06096656993031502,0.016650864854454994,0.006218039896339178,0.08020582795143127,0.021910352632403374,0.0004277748812455684,0.017792819067835808,0.002159040654078126,0.005272276699542999,4.973211980541237e-05,3.366767123225145e-05,0.003819455858319998,0,4
0.5039909482002258,4.753936536872061e-06,0.025598077103495598,2.1652049326803535e-06,0.03172449767589569,0.2874065041542053,7.5221796578262e-05,6.586546078324318e-05,0.002739710733294487,0.07431798428297043,0.004943870939314365,0.038557492196559906,0.0006419158889912069,0.01692742295563221,0.009558983147144318,0.0022525577805936337,2.587809103715699e-05,0.0006701453821733594,0.0003673641767818481,4.3195454054512084e-05,1.5907005945337005e-05,5.836085256305523e-05,1.1109783372376114e-05,5,0
3.2220199841503927e-07,4.5574725504593516e-07,9.989165619117557e-07,0.9843579530715942,6.927321010152809e-07,8.721304766368121e-06,3.1785171472620277e-07,0.010858339257538319,1.2252212577834598e-08,0.0001620775437913835,4.812082806893159e-06,5.2616591972309834e-08,0.000820635468699038,2.9653356250491925e-05,4.488223567022942e-05,1.81536663035331e-07,6.162183581182035e-06,0.0002489388862159103,0.0024555951822549105,3.521537291817367e-05,0.0004494751919992268,1.9092987713520415e-05,0.0004953529569320381,3,3
2.605350957196606e-08,4.2060563032464415e-08,1.1668603150383206e-07,1.5603815199938253e-06,1.0321475940600067e-07,4.2391201304781134e-07,2.508922669619551e-08,1.45923351624333e-07,7.985791888875937e-11,1.0620575267239474e-05,1.008020689141631e-07,1.0808646777604736e-07,0.0014090877957642078,2.758258688118076e-07,2.3346244688582374e-06,1.2130174642521752e-09,6.724361867327389e-08,0.0018779865931719542,1.9198667359887622e-05,0.9966776371002197,1.0191386223823429e-07,6.492660276080642e-08,1.3581021107711422e-07,19,19
0.07798408716917038,0.00019023986533284187,0.00012783921556547284,0.0009513241238892078,0.005457105580717325,0.010339065454900265,0.00019440891628619283,6.238477362785488e-05,0.0012964229099452496,0.8694165349006653,0.020942898467183113,0.00589967705309391,0.0025443825870752335,0.001365638105198741,6.66755368001759e-05,6.246064913284499e-06,4.178120434517041e-06,0.0020332050044089556,0.00060362956719473,0.00018957465363200754,1.967608477571048e-05,0.00016428629169240594,0.00014050999016035348,0,9
0.0026301273610442877,0.021663852035999298,0.2690145671367645,0.013648796826601028,0.002903621643781662,0.0017632748931646347,0.0008172938250936568,0.019317856058478355,9.370211773784831e-05,0.026260558515787125,0.011490093544125557,0.003166616428643465,0.1704176962375641,0.0002451663021929562,0.0008900343091227114,0.00010704405576689169,0.04365717992186546,0.12319018691778183,0.00725314998999238,0.22620552778244019,0.005754536017775536,0.008901050314307213,0.040608037263154984,12,2
0.5519915819168091,1.79148145207364e-07,0.006257670000195503,0.0016963777597993612,0.0006660016370005906,0.0293261855840683,4.2904441215796396e-05,0.00013266236055642366,0.06419270485639572,0.20322652161121368,0.11425391584634781,0.0007737005362287164,0.0005829647416248918,0.02454962208867073,0.0013232751516625285,0.00036329973954707384,1.2841593388657202e-06,8.274608262581751e-05,0.0002809055440593511,2.4302004021592438e-05,9.309612210017804e-07,3.9657556953898165e-06,0.00022621671087108552,8,0
3.766273692917821e-08,6.035406840965152e-07,4.284386387332084e-11,8.509473445883486e-06,6.956328568730186e-11,7.2186671786766965e-06,1.3599104065065148e-08,1.699742901983825e-09,6.014980858228339e-14,1.7828288036980666e-06,9.008188612824597e-07,4.5825839650737166e-11,0.011569133028388023,4.9576563299069676e-08,9.398171824104296e-11,4.602125625030595e-11,7.494387688211646e-08,3.192343228874961e-06,0.0006582335336133838,2.667495913044604e-08,1.4173079421198054e-07,0.9877279996871948,2.2013686248101294e-05,21,21
0.009625053964555264,2.6227173293591477e-05,0.9555599689483643,5.871068424312398e-06,0.0004712722438853234,0.001270228996872902,0.0004883806686848402,0.00027885191957466304,5.089203796160291e-07,0.021530620753765106,5.044694262323901e-05,0.0005431292811408639,0.008751842193305492,0.0001261171855730936,1.6964568771982158e-07,1.9780577176220504e-08,4.8055440856842324e-05,0.0009556870791129768,5.786793917650357e-05,5.3419102187035605e-05,5.38216954737436e-05,9.224422683473676e-05,1.017464092001319e-05,9,2
1.0006098090212172e-24,4.602618319235243e-25,7.6053877726750785e-25,2.8674620588240647e-25,1.593832936650552e-28,3.2025026448684635e-23,2.256651115919898e-28,5.584120783144456e-26,3.2997748609785745e-32,4.6784551665358254e-24,1.763896835934071e-27,1.3594975773384225e-27,3.182474009221205e-20,1.0150724397308932e-25,5.8449882252233004e-27,5.588355363831779e-28,3.5851361559579324e-26,7.8332009413415915e-25,5.871369917436225e-23,6.090481477001607e-25,7.037756301613218e-24,1.0,8.800369565713556e-29,21,21
0.10820704698562622,1.549385956423066e-06,0.012501947581768036,1.3383395298660616e-06,0.022740069776773453,0.02399483509361744,0.00022350152721628547,8.416626769758295e-06,8.714478099136613e-06,0.16143780946731567,0.06844079494476318,0.5771793723106384,0.01695893704891205,0.0007646518643014133,1.832933230616618e-05,4.4194421207066625e-06,3.503549805827788e-06,0.002868211828172207,0.00398664316162467,0.0005535156233236194,7.726864714641124e-05,1.8293027096660808e-05,8.517816354469687e-07,10,11
7.263785732902761e-07,7.44368708183174e-06,9.349118101908971e-08,7.361457392107695e-06,1.5829287804081105e-05,0.00038707253406755626,9.894494041873259e-07,7.923181044589e-08,1.4464502928746015e-09,0.00028910586843267083,6.4061282500915695e-06,7.3272241252198e-07,0.009119388647377491,9.954115398613794e-08,3.7507732486119494e-05,2.5385655799681217e-09,0.0004647129971999675,2.2731524950359017e-05,0.977719783782959,8.077160600805655e-05,8.955937664723024e-05,4.894471203442663e-06,0.011744688265025616,18,18
8.613054713890733e-12,6.480835426691048e-16,1.3132532171097888e-12,6.659395257457845e-13,2.581319359651335e-11,3.320715924459705e-09,2.806803971712392e-15,1.161718943265555e-09,2.4520567798447246e-09,5.799657976091055e-10,4.937747259681213e-12,2.780629415610747e-08,8.632582149115109e-11,6.742781124557951e-07,0.9999991655349731,6.369563720909355e-08,9.56561219123131e-14,1.886377165583042e-11,5.206135078594798e-09,7.865327056322258e-09,1.6129553205221359e-12,3.74989752791044e-12,5.943106385708843e-14,14,14
0.0028807041235268116,0.14687199890613556,0.4123399257659912,1.4727016605320387e-05,0.0003341106348671019,0.0007210014155134559,0.00141875387635082,0.03576347231864929,3.089343226747587e-05,0.08120926469564438,0.005874187685549259,0.002762486692517996,0.07181097567081451,3.527844819473103e-05,9.555333235766739e-05,1.5350543662862037e-06,0.10442781448364258,0.007315607741475105,0.0011209490476176143,0.046723898500204086,0.02482130192220211,0.04884522035717964,0.004580536391586065,7,2
0.006389803718775511,0.0034707544837146997,0.00016201153630390763,0.0004825328942388296,3.1647707601223374e-06,0.005413939245045185,1.4121405911282636e-05,0.10560578852891922,4.3836975237354636e-05,0.00022944410739000887,4.659988462663023e-06,2.6551106202532537e-06,0.002300827531144023,0.002624423010274768,2.366423586863675e-06,4.90602076297364e-07,1.4642406313214451e-05,0.0016179236117750406,1.0181224752159324e-05,0.00031499730539508164,0.00022556916519533843,0.8710411787033081,2.4769993615336716e-05,7,21
0.7150331139564514,2.760501956799999e-05,0.0018157875165343285,6.717869109706953e-05,0.0005418673972599208,0.035184238106012344,0.0024930082727223635,0.03810557723045349,1.5996585034372401e-06,0.18702609837055206,0.0017343659419566393,0.007301931735128164,0.002248472534120083,0.006177226081490517,2.7241034331382252e-05,0.00019024753419216722,3.3950202578125754e-06,0.00033280454226769507,0.0002829382137861103,4.859426917391829e-05,9.256074554286897e-05,0.0012330814497545362,3.09793722408358e-05,0,0
1.3025774933339562e-05,6.385747042259027e-09,4.045731657242868e-06,3.7040082112582695e-09,6.09828821325209e-05,2.387326821917668e-05,1.7419860398604214e-07,1.3911952692069463e-06,2.7572500584938098e-06,0.00011088054452557117,6.688237772323191e-05,0.10246380418539047,8.47069600240502e-07,9.562762897985522e-06,0.8915317058563232,0.0057076988741755486,5.156418865226442e-07,8.969318798790482e-08,8.450298878415197e-07,4.894241101283114e-07,5.5535092968739264e-08,8.636180126586623e-08,2.1406900430065434e-07,14,14
1.0081334039568901e-05,0.6125410199165344,0.0006426580366678536,0.00818791426718235,1.904071177705191e-05,0.00021959880541544408,0.00034384772880002856,0.0006072946707718074,1.3832088825438404e-06,0.007862639613449574,0.020312199369072914,4.6634687578261946e-07,0.005036654882133007,2.965436351587414e-06,4.9708029109751806e-05,7.255258651639451e-07,0.001956223277375102,0.00045784341637045145,0.11030711233615875,0.006789586506783962,0.006105965003371239,0.21401716768741608,0.004527902230620384,1,1
2.7557208071016248e-08,0.00015582317428197712,3.9566577925143065e-07,3.6541159431635606e-08,1.0401529237924478e-07,1.0965624852588007e-07,6.776858518797724e-10,2.658362518559443e-06,1.5923106388981978e-07,5.273712133657682e-08,0.00023411380243487656,3.0449598398263333e-10,0.0009468064527027309,1.1359730517357391e-10,1.5846127965346568e-08,2.2920438880191796e-09,0.0039054297376424074,0.00024019627016969025,1.0609837630681795e-07,0.0011227370705455542,0.9928159713745117,9.495313133811578e-05,0.00048031992628239095,20,20
5.659962334902957e-05,0.005415395833551884,0.000448112579761073,0.00017952140478882939,0.005499931052327156,0.006456679664552212,2.9782333513139747e-05,0.00017031565948855132,3.1871177270659246e-06,0.01502757053822279,0.05296666547656059,0.000292444892693311,0.24293644726276398,8.226927093346603e-06,0.00046096317237243056,1.3666714266946656e-06,0.01702519692480564,0.009211326017975807,0.34088775515556335,0.026573536917567253,0.04445197060704231,0.008269843645393848,0.22362719476222992,22,18
7.271315105583653e-09,7.394758583245675e-09,8.232363235549656e-09,5.119098200889738e-11,1.7480311902823287e-12,5.932414026688093e-08,6.120019074851157e-11,4.490814387025921e-09,5.521831256127818e-11,4.1385825322315384e-10,9.980745119264611e-10,6.72180852645532e-11,0.9999845027923584,2.5050544971705335e-10,4.84167306941119e-12,1.695370731823187e-13,7.454785677651898e-10,7.74561794969486e-06,1.0815784934337103e-09,7.6265009738563094e-06,9.581547111281452e-09,4.657832786136851e-09,9.953184054722897e-09,12,12
5.0600947043566435e-12,1.782764387503466e-11,1.0,1.6212711881898516e-17,1.0387253970638947e-15,2.8179437678698543e-14,6.866868574819827e-15,9.382889735629844e-15,8.381810003010859e-12,4.5165252289015856e-13,2.91405983544879e-12,7.938712621308186e-14,6.882128547602839e-12,1.1724905341601883e-15,5.5651743811251015e-18,2.451451204172906e-20,5.893899084064014e-12,3.010927553288856e-13,2.2135386649720437e-14,8.861951428761061e-14,1.0985612376376852e-12,6.302865672956626e-13,4.17137203803582e-16,2,2
0.00021495518740266562,7.17197792710067e-07,3.566427361767488e-11,7.0414563069221e-10,1.8492082745069638e-05,3.406538235140033e-05,1.622756258257141e-07,1.166655244633219e-10,5.269345404457226e-09,0.28648707270622253,0.7080815434455872,0.005061525851488113,4.7049878048710525e-05,1.0904675491474336e-06,1.5164508537779398e-10,3.5167968797517046e-12,4.456143093412024e-11,3.980992914875969e-06,4.865635128226131e-05,4.3157484697076143e-07,2.1312233755566012e-08,4.525941843525061e-09,1.6324527507549647e-07,10,10
0.00016352091915905476,5.9028923971027325e-09,5.0977035925825476e-09,1.366508468880756e-11,0.003621217794716358,8.501228148816153e-05,7.014863712129227e-08,3.362281009167134e-10,6.846407529792486e-08,0.004531455226242542,4.3201354856137186e-05,0.9915511608123779,1.6037012073866208e-07,4.164080564805772e-06,5.876403363913596e-09,1.7553196673958382e-09,1.0587480891999235e-09,5.80157522023228e-09,1.8561534531613688e-08,1.770838919945561e-09,6.24827967143915e-09,4.245292117843746e-09,1.3642286189607944e-09,9,11
0.0011182433227077127,0.0001227952161571011,0.005261516664177179,9.11462411750108e-05,7.382323587989958e-07,0.004776030778884888,0.02113712951540947,0.0001712906378088519,5.37427169433613e-08,0.9085516929626465,0.0006143951322883368,1.5603145584464073e-05,0.04601846635341644,0.00021920946892350912,9.709222013043473e-07,7.241697463911123e-09,3.7543071584877907e-07,2.250944817205891e-05,0.01042941864579916,0.0007343560573644936,4.820819299311552e-07,0.0007093075546436012,4.082184204889927e-06,13,9
1.0116338105756184e-14,1.3630643922596386e-13,3.355413870880083e-15,4.4320832268997246e-13,4.974893432185259e-16,9.946505424851537e-13,2.7103902876724937e-16,4.79234766765659e-15,1.3873689722415322e-20,7.449317855276472e-13,7.603420897181381e-16,5.959322799720291e-17,1.6803436420076423e-09,3.1901640956178735e-15,1.2213105486246108e-15,6.8876624726687566e-18,9.109659776735182e-15,1.9964280608460866e-13,1.512792387019235e-12,1.7153360437789644e-13,2.3358632668629524e-14,1.0,2.5093801048661876e-16,21,21
0.0009771701879799366,1.050197084850879e-08,4.633413482224569e-06,1.6982917849794887e-10,0.943918764591217,0.0268991868942976,1.9963621866736503e-07,3.8098474375303226e-10,3.8502327015521587e-07,0.00041012594010680914,0.0001504672400187701,0.027618106454610825,2.496382421668386e-06,4.3378781811043154e-06,2.494739135272539e-07,1.217694745037079e-08,4.9244874844589503e-08,2.1074569644952135e-07,3.5136010865244316e-06,4.1705450826157175e-07,9.597011739970185e-06,4.795406027824356e-08,1.5697388278113067e-07,5,4
1.8337425444769906e-07,3.4486117783671943e-07,2.8463435342018784e-07,2.7569220037548803e-05,1.2348715827670276e-08,0.00017291227413807064,1.2957799810919823e-07,7.868752760487041e-08,6.805964680722809e-09,9.52897607930936e-06,8.359796083823312e-06,1.6146924508575466e-07,0.07614471763372421,5.313657311489806e-06,1.7550278244016226e-06,2.647956520718253e-08,1.6825192687974777e-06,0.652584969997406,8.341435750480741e-05,0.2709413468837738,3.287401000307e-07,1.1104070836154278e-06,1.587518272572197e-05,19,17
2.3234495074575534e-06,0.00015070074005052447,0.0001185629444080405,2.4969003789010458e-05,7.479212058569829e-07,0.00010287183977197856,1.3468752513290383e-05,5.301525106915506e-06,8.223210556934646e-09,1.8430311683914624e-05,3.233713505323976e-05,6.767665183815552e-08,0.9511913657188416,6.39867892004986e-08,1.0672446393300561e-07,6.726303780624221e-08,0.0019122338853776455,0.03697054088115692,4.6118406316963956e-05,0.007999318651854992,0.00029389141127467155,2.03287727345014e-05,0.0010961757507175207,12,12
0.12469368427991867,4.861691422775039e-07,0.3011263608932495,0.0001336744026048109,1.7588412447366863e-05,0.0016524314414709806,0.0015276445774361491,0.00017147904145531356,0.012597051449120045,0.07042842358350754,0.17587503790855408,5.269857865641825e-05,0.019372785463929176,1.893593253043946e-05,6.0685546486638486e-05,3.760373147088103e-05,0.0001734667894197628,2.733163273660466e-05,0.2905620038509369,3.377150642336346e-05,7.052703585941344e-05,7.249282498378307e-05,0.0012938098516315222,9,2
3.485302046968286e-09,4.836028438148787e-06,8.691329611565379e-08,1.3132160248119362e-08,2.4703972201223223e-10,1.11453653062199e-06,5.515148338020026e-10,1.3137372079086163e-08,3.9351043257251916e-11,1.90553546275396e-08,1.487578487058272e-07,6.588966178222577e-11,0.9996999502182007,9.046770554910211e-10,6.2017382340684435e-09,2.459125784948224e-12,2.0394136299728416e-05,2.756606954790186e-05,3.8687284131810884e-07,0.00014738690515514463,1.0526293408474885e-05,6.671634764643386e-07,8.697113662492484e-05,12,12
0.018173372372984886,1.1967042610194767e-06,0.06171681731939316,7.895932867540978e-07,0.0009519514278508723,0.0025149991270154715,7.929653293103911e-06,4.055763838550774e-06,0.0024421559646725655,0.0055070058442652225,0.015876302495598793,0.8893203735351562,4.395704308990389e-05,1.9546730982256122e-05,0.0011306795058771968,0.002175120636820793,9.24351297726389e-06,3.433572783251293e-05,4.3775733502116054e-05,9.457393389311619e-06,2.878595978472731e-06,1.0695704304453102e-06,1.3170410056773107e-05,5,11
2.344221584169155e-19,1.0,9.544136962578921e-17,3.4950869894293573e-22,3.254743459481005e-25,4.883741383379132e-21,1.0279013747891688e-15,8.33325413068884e-16,4.219633930210703e-27,3.826940505724984e-19,9.943544760944846e-17,1.76514394490654e-25,2.8409385789235727e-18,1.4985730063880233e-17,2.2475834425408984e-24,8.675845726906071e-20,1.4028656032504736e-21,1.4121435162636355e-21,1.2804026444729916e-20,4.17804295189104e-17,3.9005448460875426e-19,1.1753251299181748e-15,1.314797121304502e-21,1,1
0.00031467279768548906,7.094995089573786e-05,0.0005582793382927775,4.251880454830825e-06,1.6827390936668962e-05,0.0001959345827344805,0.00017829197167884558,4.7386245569214225e-05,4.702891658325825e-07,0.001348996884189546,0.0010369443334639072,1.2467854503483977e-05,0.6153115034103394,1.1555363016668707e-05,7.483091849280754e-06,2.637323461840424e-07,0.00036707217805087566,0.0004353792464826256,0.00021349673625081778,0.37814897298812866,0.0002945976739283651,0.0014038460794836283,2.036304613284301e-05,19,12
7.95363135353e-08,7.5737801807918e-07,3.2721104048505367e-07,5.353131200536154e-07,4.473970971474728e-09,1.1797100540889005e-07,9.710671849960661e-11,5.790994691778906e-06,4.0782150989571164e-09,1.168353591651794e-07,5.028113392313571e-08,1.030859486661484e-08,0.0006190970307216048,6.442936406614308e-09,6.478873615378689e-08,5.2849184584147224e-08,7.33161914467928e-06,0.9970779418945312,2.5880879661599465e-08,0.002218605251982808,5.733790749218315e-05,6.842578841315117e-06,4.9973418754234444e-06,17,17
6.574682132054477e-09,2.887340997403953e-07,2.3991748321350315e-07,2.794576792197745e-10,1.419795531143464e-10,3.277693139125404e-08,2.0361733132912008e-10,3.018746141947304e-08,5.320816487061619e-13,8.667480067003908e-09,9.084892838018277e-10,1.768943325153316e-10,4.780456492881058e-07,1.527037662985009e-10,2.678777200060267e-10,7.058630763223661e-11,2.6616216786123914e-08,5.710246853141143e-08,2.7428441740084963e-08,5.3901874963457885e-08,7.518845279719244e-08,0.9999986886978149,1.0239348258167524e-09,21,21
1.4575351769963163e-07,1.651507591304835e-05,4.0071191165225173e-07,3.412576532468847e-08,1.3014664901334072e-08,1.994342483158107e-06,3.72269880699605e-07,1.72458567249123e-06,3.8506786648184743e-10,1.7179129372379975e-06,2.2684323539579054e-06,1.9285268493263175e-08,0.5340006947517395,3.879904841852522e-09,1.1803433608292835e-07,3.826592820388441e-09,4.492779771680944e-05,6.606386705243494e-06,1.4479942365142051e-06,0.46585318446159363,2.5105369786615483e-05,3.977596861659549e-05,3.02255079986935e-06,12,12
0.6208001375198364,2.385289974426996e-07,0.0020150854252278805,7.755302178225065e-09,0.06226697936654091,0.2788836359977722,1.6917844050112762e-06,1.2056894149736763e-07,0.004886607173830271,0.013738983310759068,0.003243701998144388,0.01365323644131422,0.00013485985982697457,0.0002984441816806793,2.1719979486078955e-06,1.914574568218086e-06,2.2689596335112583e-07,6.54894975014031e-05,3.4941740523208864e-06,1.057968006534793e-06,1.2876051869170624e-06,2.1829133345363516e-07,2.6794964469445404e-07,0,0
0.0009789541363716125,3.170066165125718e-08,1.949518768640246e-08,1.0598152355711932e-09,8.258858542831149e-06,1.9713727397174807e-06,3.359645575073955e-07,5.069827668791049e-09,7.314779395528603e-06,0.0076384576968848705,0.00022325037571135908,0.9911410808563232,1.990076299307475e-07,8.517910288219355e-08,2.7148466807958016e-10,1.4842299611572685e-09,1.6093833210550912e-10,4.435836142846483e-09,1.278459826892231e-08,4.607202619411055e-09,6.832890253605228e-09,4.714219681289933e-09,3.1448443849058094e-08,0,11
0.950819730758667,5.053973382018739e-06,1.034940123645356e-05,1.6301389127448829e-09,0.012586304917931557,0.03587988018989563,5.575676098601434e-08,9.720835691950924e-09,9.358727766084485e-06,1.8926039047073573e-05,1.3660571312357206e-05,7.805521454429254e-05,4.314033503760584e-06,0.0005100016132928431,1.1563605628595042e-09,5.9104007021915095e-08,1.5657822132197907e-06,1.5035645446914714e-05,2.2414606348775123e-07,4.92743595259526e-07,4.3755368096753955e-05,2.980235194627312e-06,1.1979980563125991e-08,0,0
0.0009910963708534837,1.1089936968744496e-08,9.909459208756743e-08,3.869035300474444e-11,0.0030332147143781185,0.042087484151124954,9.351287388881246e-08,5.133869995788132e-10,8.907348814091165e-08,0.0009593012509867549,3.22040591527184e-06,0.9527159929275513,2.794202771383425e-07,0.00020871237211395055,3.6645861900552745e-09,1.7685933828559541e-09,3.946517779240821e-08,1.5445598933183646e-07,8.296103715110803e-08,3.0645639359505594e-09,8.581633181847792e-08,8.066584733512627e-09,1.2037048691126984e-08,5,11
3.933913106379805e-08,8.351935321115889e-07,1.1230035568132735e-08,1.6174899428733625e-05,5.978255668281918e-10,1.3589181435236242e-05,4.2049512558151037e-05,1.2657331183163478e-07,2.4524804409509215e-09,6.5240164985880256e-06,3.4941165267809993e-06,1.6205422559423255e-09,0.9708653688430786,2.302036392620721e-07,3.545294191553694e-08,3.877193233137177e-09,2.9337488172132e-07,0.00031360870343632996,0.0002193471445934847,0.02813618630170822,5.6297663832083344e-05,5.487052021635463e-07,0.00032526598079130054,12,12
0.0016417460283264518,1.178835473680806e-09,6.423757895390736e-06,3.6096006184038743e-09,8.469088186302542e-08,5.9688292822102085e-05,1.2716056517092511e-05,1.8415610156807816e-06,6.067720732971793e-06,0.9977936744689941,3.676300184451975e-05,0.0004213496285956353,6.063607997930376e-06,7.1920239861356094e-06,7.146706337834985e-08,3.507568351324153e-07,1.9996990729964637e-08,2.891739825372497e-07,5.613977918983437e-06,1.2531662818560108e-08,6.919506301272804e-09,4.3900275414898715e-08,1.4215816079854449e-08,9,9
0.0001700963912298903,0.002317317295819521,0.0032484414987266064,0.0003599457268137485,0.0003602371143642813,6.386543100234121e-05,0.0002561328001320362,0.0008900301763787866,1.2445168806607398e-07,0.006030037999153137,0.0012613077415153384,0.0001507637498434633,0.3286157250404358,2.896071919167298e-06,5.377805337047903e-06,2.6681898361857748e-06,0.002993114059790969,0.27335765957832336,0.00012905643961858004,0.3754827678203583,0.0014854780165478587,0.0004255243402440101,0.00239138538017869,19,19
2.3770581947246683e-08,7.863171049393713e-06,3.55619631591253e-05,9.415629165232531e-07,1.8057002648674825e-07,6.712113531648356e-07,1.085425935798412e-07,3.536731583153596e-07,7.230773618749353e-11,4.585748740737472e-07,8.972263003670378e-07,1.8683481428638515e-09,0.0014153600204735994,7.129164480979e-10,4.8103235172902714e-08,1.6022274618165966e-09,0.9973447918891907,2.795167347358074e-06,2.0521476471913047e-05,0.00017652202222961932,0.0002331010764464736,0.00047906566760502756,0.0002807138080243021,16,16
1.6024974684114568e-05,9.790849162527593e-07,1.3854723590611684e-07,5.6792359259816294e-08,0.00012068314390489832,4.061003346578218e-05,2.213968741671124e-08,1.9528363282006467e-07,7.566431037275834e-09,2.001186430788948e-06,9.814446002565091e-07,3.8870282992320426e-07,0.00017403002129867673,3.3273430744884536e-05,9.176973847502268e-09,2.691193756731991e-08,5.4169617214938626e-05,0.0002687823725864291,0.0001801757753128186,4.292992343835067e-06,0.9990226030349731,7.57868037908338e-05,4.594035090121906e-06,20,20
8.252087013715936e-07,5.367037037018463e-09,1.6579003059291608e-08,1.5900981642502643e-09,2.192951797042042e-06,7.679873669985682e-05,1.2560874562694835e-09,6.479781294865816e-11,1.227647289381295e-10,1.003054194370634e-06,3.1611119766239426e-07,3.457589400568395e-06,0.0045612710528075695,9.907680578180589e-07,1.9265884720898185e-10,2.603669058132141e-09,5.892168175591905e-08,0.9952998161315918,6.669646612778024e-09,5.172916644369252e-05,1.4719230421178509e-06,1.533806526232695e-09,1.698480076584019e-07,17,17
0.03137420862913132,1.3945233412471225e-08,7.094128307016945e-08,5.28490029516604e-10,8.91161334948265e-07,6.105538432166213e-06,8.294588042190298e-06,1.0867474031783786e-07,6.542818908883419e-08,0.5632171630859375,3.831559752143221e-06,0.4053572416305542,3.6336832636152394e-06,2.4276834665215574e-05,1.6466286112404305e-09,1.0052252363834668e-08,3.7376580053205544e-08,2.8619002279128836e-08,3.6086082673136843e-06,3.2282310158393557e-09,1.2131651772051555e-07,3.852773211576732e-09,2.1831954200024484e-07,9,9
2.36246842177934e-06,3.3857983083862564e-09,2.0455249796214048e-06,2.2105175467856952e-09,4.774632179760374e-05,5.859993507328909e-06,1.7241769967313303e-07,1.4220920547813876e-06,3.259455354509555e-07,3.7292549677658826e-05,0.0006364595028571784,0.00013418680464383215,7.704196832492016e-06,2.321335346167075e-09,0.03864641115069389,0.9604709148406982,5.045089324084984e-07,3.133147004064085e-07,1.3556289957250556e-07,3.936983375751879e-06,1.702657641544647e-06,5.648766432386765e-07,2.4142072785338087e-09,15,15
0.0014322022907435894,0.0005004324484616518,0.019788919016718864,9.497159044258296e-05,0.0005740094347856939,4.7210869524860755e-05,2.0209532522130758e-05,0.0006884795730002224,0.00017590686911717057,0.005386624950915575,0.008903149515390396,0.0013503992231562734,0.08798347413539886,1.540869220661989e-06,3.561636731319595e-06,8.109529517241754e-06,0.006061123218387365,0.6627949476242065,0.00010970105358865112,0.07045121490955353,0.12785117328166962,0.0006964560598134995,0.005076142959296703,17,17
2.2760068532079458e-05,0.03328311815857887,0.0001261328288819641,2.9747750886599533e-05,1.6704632344044512e-07,0.0024134234990924597,9.152410598289862e-07,6.440400284191128e-06,1.3369250950745482e-07,5.887260613235412e-06,3.637481859186664e-05,1.3319146896506595e-09,0.06773095577955246,2.5655828039816697e-07,5.629813131236006e-07,1.4876967213695025e-08,0.37213006615638733,0.00012227300612721592,0.493367999792099,0.00020299354218877852,0.0004828170349355787,0.02748795412480831,0.0025489144027233124,16,18
9.488347131991759e-05,3.274569462519139e-05,0.000161893229233101,7.3296187110827304e-06,0.0033907119650393724,0.0054059987887740135,9.771267741598422e-07,1.4802789394252613e-07,1.5787428253588587e-08,0.0006338273524306715,0.0025462519843131304,0.00019102226360701025,0.0433003194630146,9.985111319110729e-06,5.156307452125475e-06,4.046305690508234e-08,7.444201764883474e-05,0.9223158955574036,0.002882699016481638,0.018751293420791626,0.00013164487609174103,1.5871219147811644e-05,4.667213579523377e-05,12,17
0.36807912588119507,0.00018172708223573864,0.08672044426202774,9.434911044081673e-05,0.007355949375778437,0.043033257126808167,3.739350722753443e-05,8.048812560446095e-06,2.606358248158358e-05,0.012006565928459167,0.05528375506401062,0.0029012016020715237,0.04475235939025879,0.00017541310808155686,2.0894547105854144e-06,6.266274965582852e-08,4.5142103772377595e-05,0.3737786114215851,0.00011050270404666662,0.004895762074738741,3.152917997795157e-05,5.158596468390897e-05,0.0004290923534426838,0,17
1.740617960876989e-08,1.2686516015492089e-07,2.363003477512393e-05,1.0249701887232732e-07,1.9927366423644344e-09,8.579981454204244e-07,7.915496667010302e-07,4.401578124202388e-08,1.70113749475842e-11,1.305799173678679e-06,1.4780925994273275e-05,1.0378470527427908e-08,0.858777642250061,3.973854134642352e-09,6.596228008248772e-09,1.9628591807485662e-10,4.595646259986097e-06,3.0324266845127568e-05,1.5863115550018847e-06,0.14114339649677277,2.6270244646298124e-08,7.67367453136103e-07,2.291073641913499e-08,19,12
1.644384850507663e-09,0.9999992847442627,7.710583815878636e-08,6.245831629669851e-11,6.407586727917927e-14,4.619075608114365e-11,8.730335565587666e-09,9.48276013268412e-10,1.0499120426136696e-13,3.354088951024181e-10,8.682977892249255e-08,8.796705497273599e-14,3.443248601797677e-07,2.512509977847799e-09,8.75445396920525e-15,4.84552753010712e-14,4.242392548370333e-10,3.877030640975221e-11,8.316410338160551e-10,3.2950688844124443e-09,2.505192164825587e-10,2.3736593846024334e-07,4.835402300784608e-09,1,1
0.6855465769767761,2.844815026037395e-05,0.0001786625653039664,1.3205686322237398e-08,0.02722902037203312,0.13219432532787323,8.372815500479192e-06,1.4065641380511806e-06,3.653278326964937e-05,0.05854184180498123,0.00038261315785348415,0.09117810428142548,0.0007156907231546938,0.0028849251102656126,2.850387375019636e-07,3.465472175889772e-08,4.968668690708e-06,0.0008820124203339219,1.457895905332407e-05,6.835904787294567e-05,8.996860560728237e-05,5.509240281753591e-07,1.2561869880300947e-05,0,0
9.193499850290721e-10,3.624418473680002e-13,1.4434392266518548e-12,4.048733615036326e-07,1.317900566455421e-09,1.7704390842254725e-08,4.493923370318953e-06,3.4610792454259354e-08,7.731885302093757e-15,0.9999806880950928,4.339565595756767e-09,1.3257009934264374e-09,1.7809100860688432e-09,7.986199079823564e-07,2.6358401572501577e-11,8.735144552129981e-11,2.1815295609458468e-13,7.149035703701845e-12,1.3544368812290486e-05,4.1300244474351544e-11,1.1612449890563425e-10,2.563814993639113e-10,7.959612136065886e-12,9,9
0.0008706077351234853,0.0003212986630387604,0.04795188829302788,0.009115089662373066,8.140262798406184e-05,0.009044448845088482,0.00024193015997298062,2.065625631075818e-05,1.2685459793715381e-08,0.009359062649309635,0.00010952437878586352,5.37534651812166e-06,0.7151780724525452,4.7220883061527275e-06,9.290072711110042e-09,6.286597908911062e-10,0.000478595495223999,0.16410666704177856,0.03928546607494354,0.0005043200217187405,4.9583264626562595e-05,0.0019115268951281905,0.0013597422512248158,17,12
3.694300539791584e-05,6.78264768794179e-07,1.2562884876388125e-05,9.604682418284938e-07,0.004827890079468489,0.0034408343490213156,3.277254165823251e-07,1.4233251931727864e-05,2.2337806626637757e-07,0.002470653969794512,3.537300290190615e-05,0.0012352463090792298,0.010720144025981426,0.00010508547711651772,0.00015139034076128155,9.82053165898833e-07,7.247496341733495e-06,0.6291191577911377,0.0009881347650662065,0.3466866612434387,0.00013652973575517535,5.5464388424297795e-06,3.215002152501256e-06,17,17
0.024020323529839516,0.0003040446317754686,0.0005605590995401144,0.00038451305590569973,0.0015021531144157052,0.011245308443903923,0.0041077216155827045,0.00021797769295517355,3.8380323530873284e-05,0.9158315062522888,0.0145657854154706,0.01152095664292574,0.00737007288262248,0.0023034948389977217,2.106495458065183e-06,2.7519755008142965e-07,2.1573679987341166e-05,0.00023786279780324548,0.004412753973156214,0.000943983846809715,7.027858373476192e-05,0.0001399079483235255,0.00019857015286106616,0,9
0.9996801614761353,5.36551011953712e-11,2.4092371531352103e-17,2.786545950581032e-13,1.0822243012853505e-07,2.259146458527539e-05,5.043245335234481e-12,6.438639621464404e-10,6.027827912818463e-16,1.2521420345024126e-08,9.631768299600552e-11,6.6340501980732824e-09,1.9381581409239068e-11,6.0976832173764706e-05,2.9602984966776644e-14,0.00022972025908529758,4.58689130514861e-13,2.3633879141921055e-12,8.625120756500237e-11,1.9475297043043726e-15,1.1012052603120992e-08,6.446124189096736e-06,3.396545468926232e-13,0,0
1.2356799743429292e-06,2.4268831566587323e-07,2.3385833200495476e-12,1.546526284812444e-08,1.0864426940315752e-06,1.2884837019555562e-07,1.5173661722656107e-06,7.10332903608446e-10,1.0785976556348942e-08,0.7577963471412659,0.2421264797449112,6.347694579744712e-05,6.758113613614114e-06,1.986833382261466e-07,3.943333160005835e-10,2.4405193577853312e-12,2.6146719338260294e-12,3.150899263726359e-10,1.9813169274129905e-06,2.949273323338275e-07,8.814056151607019e-10,4.427089805858486e-08,6.448716760587558e-08,9,9
7.639649993507192e-05,3.324361159684486e-07,8.972108844318427e-06,7.589297297272424e-07,6.57354803479393e-07,0.010269368067383766,0.0003544677165336907,7.798643309797626e-06,1.2340628018137068e-05,0.987799882888794,0.0005891757318750024,0.0004424107610248029,5.9166643040953204e-05,3.5041855426243274e-06,6.047025635780301e-08,2.0236965880826574e-08,2.0334607597760623e-06,4.5149223296903074e-05,0.0002906518639065325,3.099808509432478e-06,2.0350844351924025e-06,6.478160798906174e-07,3.115357321803458e-05,9,9
2.1872051547688898e-07,1.242767098119657e-06,1.7258185835089535e-05,0.00012486358173191547,3.471463742243941e-06,7.676942004763987e-06,2.9111177468621463e-07,4.4657554099103436e-07,1.0433457570124816e-10,1.2240127034601755e-05,5.310549749992788e-05,7.335514862205628e-09,0.12707358598709106,1.2581007524659071e-07,1.7257831359529519e-06,5.663094437835525e-10,9.783191217138665e-07,0.007970539852976799,0.0003864614409394562,0.864341676235199,4.669140309943032e-07,1.3406065590970684e-06,2.1690825633413624e-06,19,19
3.4558331751810556e-09,1.2270408112160808e-14,4.625761232390779e-11,1.6344706621138072e-12,1.6620445464354816e-08,1.5510940087892777e-08,2.4005661824685887e-13,2.112660602016092e-10,1.7041285715890808e-08,3.5754419425160222e-09,5.078130693725313e-10,7.313282424092904e-08,1.0641964393043324e-10,1.2670780336065945e-07,0.9999997615814209,3.0130660633176376e-08,7.688275471991191e-13,6.498090368740883e-13,2.6826812993263616e-10,1.2595581522223398e-10,3.0722410292866043e-12,8.576923893333088e-13,2.851233789000207e-12,14,14
3.427299816394225e-05,0.001537746051326394,0.0068204570561647415,0.00018883975280914456,0.0001035698369378224,0.0031596794724464417,2.633810436236672e-05,0.00020256804418750107,9.530932629786548e-07,0.0016326993936672807,0.0008843544637784362,8.720065670786425e-05,0.2874588966369629,4.5181932364357635e-05,0.001061516348272562,1.7349637346342206e-05,0.004550419747829437,0.6623383164405823,0.002129439264535904,0.02066156640648842,0.0035754279233515263,0.00047153988271020353,0.0030117772985249758,17,17
3.9249437122634845e-07,2.8306064089878014e-12,3.139463244494073e-13,1.9045137713527734e-14,2.8868303303397624e-09,8.934560868922858e-10,3.524825223366612e-11,2.8556868241630395e-12,3.7890396657920544e-13,7.750598160782829e-05,8.414373198206704e-09,0.9999220371246338,2.8876714908143697e-10,6.69027278021872e-10,1.5586532444485796e-13,3.198856652654458e-13,2.701239568397157e-13,2.725092287242381e-12,1.2913418164645085e-12,2.308255041098828e-13,8.076229436734458e-14,7.682693999207235e-13,1.9000431436544396e-11,11,11
0.004409210756421089,1.7789072614959878e-07,1.7083746683965728e-07,1.7403447571950892e-08,0.008170154877007008,0.00015963391342666,1.957142558239866e-06,2.203605475870063e-08,4.433833282746491e-07,0.08135508745908737,0.00037321829586289823,0.9053901433944702,4.918986451230012e-05,9.71132885752013e-06,3.669358505931086e-08,4.911115958350365e-09,4.146752985434432e-08,7.19271192792803e-05,6.820240287197521e-06,4.642099611373851e-07,2.960862843792711e-07,2.86746715261188e-08,1.4411079973797314e-06,4,11
5.2696919738082215e-05,0.39890092611312866,0.01944761909544468,0.00043081751209683716,1.9328203052282333e-05,5.6936260079964995e-05,0.00045267806854099035,0.004050138872116804,6.614166977669811e-06,0.00016741121362429112,0.002510106423869729,2.837028887370252e-06,0.01026796456426382,1.4805242471993552e-06,9.59677095124789e-07,2.3347404294327134e-06,0.004656904377043247,0.0018294741166755557,2.0336126908659935e-05,0.027329424396157265,0.017620159313082695,0.511546790599823,0.0006260101799853146,1,21
0.00011188385542482138,0.001371201709844172,3.127736272290349e-05,0.000436541682574898,7.1127706178231165e-06,0.004847321193665266,5.094568768981844e-05,1.2775544746546075e-05,3.550794858142581e-08,0.0010506181279197335,0.0029506173450499773,4.872552381129935e-06,0.8388029932975769,1.8995835944224382e-06,1.661234455241356e-05,3.05558978652698e-06,0.00023229436192195863,0.1291927993297577,0.00036329624708741903,0.003266627434641123,0.00010631175246089697,0.015532976016402245,0.0016060475027188659,12,12
3.026182682219769e-08,1.4583508622934005e-08,3.128036496491404e-07,8.18316721051815e-07,3.611623847210588e-11,1.5536535613591695e-08,0.8858736753463745,2.567762930993922e-05,4.6257389385573333e-07,0.11408994346857071,6.133186161605408e-06,1.6881116380318417e-06,4.681665188854822e-08,5.95399107794492e-08,4.375309714532705e-08,2.4848679558431286e-08,1.933777138418691e-09,1.086005774197929e-08,7.607347924931673e-07,2.63382730736339e-07,3.24870157442092e-08,3.748170662731809e-09,1.1857253667812984e-07,6,6
7.483886774184434e-12,1.3217869525769399e-18,6.9232229473500766e-15,9.041876812164104e-14,2.1014266715635443e-12,4.063776870566471e-08,2.6433611294849127e-16,1.727381848670717e-10,1.4397691927570122e-08,8.174350085710103e-09,2.499305829569559e-13,1.2495816008595284e-06,1.613930343535852e-11,0.9617769718170166,0.03822143375873566,2.473723170748343e-10,2.1901937712307582e-17,4.860066342426972e-13,2.731900963226508e-07,1.686528960931355e-08,9.060142230638696e-14,7.935061401085752e-15,3.9411667471200265e-16,13,13
0.6811599731445312,6.429315362765919e-06,4.509533368945995e-08,4.340706638572556e-08,0.000782080227509141,0.16679029166698456,6.005318482493749e-07,4.1482817891846935e-07,4.382290228477359e-07,0.00017062296683434397,4.0708587221161e-06,6.330628366413293e-06,4.862849436904071e-06,0.15068380534648895,3.350823263303937e-08,4.608560175256571e-06,1.195106165141624e-07,1.3234077869128669e-06,2.0921170289511792e-05,2.7797428359122023e-08,0.00013657963427249342,0.00022641822579316795,7.238002641685171e-09,0,0
0.015464769676327705,1.7374974277117872e-06,0.0029413688462227583,3.595698672143044e-07,0.00027478503761813045,0.11378684639930725,1.6600390608800808e-06,3.320146106489119e-06,0.5469683408737183,0.06469449400901794,0.013178846798837185,0.23951935768127441,2.923090141848661e-05,0.0030854414217174053,8.83186385181034e-06,2.843094989657402e-05,2.752273076112033e-07,2.897316562666674e-06,1.5005356317487895e-06,5.560508498092531e-07,3.737108045243076e-06,1.4647557691205293e-06,1.7792897324397927e-06,5,8
0.05966886505484581,2.0467030481086113e-05,0.0006574274739250541,1.4541997188644018e-06,0.003710126969963312,0.006193592678755522,0.00012180516932858154,0.00020813145965803415,6.859053246444091e-05,0.559242308139801,0.07539111375808716,0.2561871409416199,0.030967138707637787,0.00011170459765708074,8.772729051997885e-05,2.2531723971042084e-06,2.3604408852406777e-05,0.004511516075581312,0.000979039235971868,0.0006476956768892705,0.0002613801625557244,1.8744420231087133e-05,0.0009182332432828844,5,9
4.369834186945809e-06,2.349033727949701e-12,7.191306994336344e-10,3.572009354968486e-09,3.806142512274846e-09,0.0001811423135222867,1.528465271016799e-10,9.623959584814656e-08,8.558608897146769e-06,5.579777734965319e-06,2.7393605250836117e-07,1.2111144087612047e-06,8.493515224472503e-09,0.9997983574867249,1.8649701871709112e-07,6.563793064628953e-09,8.076486528174609e-12,9.020659774705564e-10,1.1084507178793501e-07,7.760702497305871e-11,2.256661080224376e-09,1.7905871230183834e-10,5.3757328449810515e-11,13,13
0.013114900328218937,0.0034102387726306915,0.0008561504073441029,0.000549591553863138,6.312173468359106e-07,0.0010380084859207273,0.0006418963894248009,0.0005344292731024325,1.176769092126051e-05,0.002723461017012596,0.00045246726949699223,1.2215911056046025e-06,0.9048293828964233,6.375157681759447e-05,9.169490056137874e-09,1.886155898134234e-09,0.00011053936759708449,0.0003456825506873429,0.001127455267123878,0.0016087050316855311,0.00011238370643695816,0.0672917291522026,0.0011756132589653134,12,12
0.0005233142874203622,1.4846968099391233e-07,0.00037858920404687524,5.558021243246003e-08,2.140168726327829e-05,0.02745206095278263,5.672959559888113e-06,0.0018007803009822965,0.7649722695350647,0.008202348835766315,0.0005808891728520393,0.005828669294714928,1.2109448107366916e-05,0.158856600522995,0.031322281807661057,7.104677024472039e-06,2.6197609415135048e-08,1.4690679108753102e-06,4.7052017180249095e-06,1.2585711374413222e-05,1.6055222658906132e-05,8.722927304916084e-07,9.257063560141887e-09,13,8
0.4702509343624115,8.692198207427282e-06,0.0004493426240514964,2.4129045073095767e-07,2.8444279450923204e-05,0.07651985436677933,3.1323324947152287e-06,0.00013841557665728033,8.562544826418161e-05,0.001448383554816246,0.0002383643004577607,0.0031824458856135607,0.00021313494653441012,0.44726234674453735,8.234604820245295e-07,6.300635504885577e-06,2.405707846264704e-07,0.0001463282242184505,3.1202962418319657e-06,8.92641855898546e-06,3.069709464398329e-06,1.5884625099715777e-06,3.6042629858457076e-07,0,0
0.5048502087593079,4.7078390252863755e-07,1.7987100875416218e-07,1.4860092711899142e-08,0.3964880108833313,0.007743069902062416,2.9750260637229076e-06,1.6522506696148298e-09,0.00011705554061336443,0.04061482101678848,0.0021269088611006737,0.043419092893600464,2.0672803657362238e-05,0.004605181515216827,3.939448447454197e-07,4.924035579279007e-08,3.35495542458375e-08,4.412820544530405e-06,2.7951487027166877e-06,5.722780542782857e-07,2.1499972717720084e-06,1.088472458832257e-07,7.930811420919781e-07,0,0
0.1931687742471695,4.495084795053117e-05,0.0009665970574133098,0.08197937160730362,0.0007381010800600052,0.19082172214984894,0.0009887589840218425,0.08353681117296219,0.010272787883877754,0.08460191637277603,0.03519730269908905,0.000533684971742332,0.00436527281999588,0.29945382475852966,0.0065915281884372234,0.0022202185355126858,1.5366123989224434e-05,0.0012132830452173948,1.3348893844522536e-05,0.0016815107082948089,3.287858999101445e-05,0.0015351250767707825,2.6824796805158257e-05,5,13
3.20967665174976e-05,2.0211307116824173e-07,1.629625678845059e-08,0.0002892055199481547,1.1076365602491478e-08,1.3863051151474792e-07,3.6439834616430744e-07,1.401640929543646e-05,2.5295252546221614e-13,0.00032071565510705113,1.8193794915077888e-07,4.645865636643265e-10,0.004010770469903946,2.260366116502155e-09,2.598331827474709e-10,1.449501759939742e-12,2.442415714121182e-10,5.490022090270941e-07,9.333572234027088e-05,5.0933113726614465e-08,5.044680051469186e-08,0.9952379465103149,2.898266018291906e-07,0,21
4.446344246389344e-05,0.0014406644040718675,2.4871956156857777e-06,1.5956724382704124e-05,0.00010946140537271276,0.00041756295831874013,1.5640342780898209e-06,2.0231087546562776e-05,7.038131116132718e-06,0.0009578670142218471,0.000902600702829659,1.0249520983052207e-06,0.003227710723876953,6.041692302005686e-08,5.347384899323515e-07,6.117855377851811e-08,0.010370508767664433,0.007340983022004366,0.0009555395809002221,0.002768611768260598,0.3049728274345398,0.00015052621893119067,0.6662918329238892,20,22
0.9987693428993225,3.9946080221398006e-08,6.823873945904779e-07,2.447830271812279e-10,0.0003897831484209746,0.000719197909347713,3.279700777625294e-08,2.4947008347986355e-10,1.591036379977595e-06,4.095849362784065e-05,9.815546945901588e-06,3.826372267212719e-05,6.640907486143988e-07,2.8793261662940495e-05,2.912472780308706e-12,5.8184998485977246e-11,3.18549431277404e-09,7.447051757480949e-07,4.705433553908733e-08,9.688049473766114e-09,3.953871896555938e-08,1.8629201292696962e-08,3.0889122371036137e-09,0,0
3.1560334718960803e-06,0.0005680102622136474,0.0008440420497208834,5.074522505310597e-06,9.652438848206657e-07,4.7812351112952456e-05,3.2411319352831924e-06,6.94126447342569e-06,3.15165991082722e-08,4.741672910313355e-06,0.0016737967962399125,4.0110020194106255e-08,0.9933156371116638,1.7511744943021768e-08,1.757230506882479e-06,2.654540942614858e-08,0.0005700231995433569,0.0009194358135573566,1.7367028704029508e-05,0.0014879292575642467,0.0003496920980978757,0.00014282995834946632,3.7472516851266846e-05,12,12
2.1611256784126454e-08,0.9806185364723206,2.450088686600793e-06,1.8040896554438746e-09,1.550399392202806e-11,1.7397255192008743e-08,2.562439362918667e-07,1.0026301424659323e-06,1.7172478716798167e-12,3.3675291888357606e-08,2.329803646716755e-05,2.5387620825045865e-11,0.00028451113030314445,1.5043978285333992e-09,4.080539517392623e-10,6.303770699878086e-11,8.049282769206911e-06,7.761546960693977e-09,3.7949578768348147e-07,1.361605063721072e-05,1.7595959889149526e-07,0.019047163426876068,5.463051024889864e-07,1,1
4.711843928362214e-07,2.138447996458126e-07,1.1212565098617233e-08,5.757136023021303e-06,3.4788823297798865e-12,6.474937208622578e-07,2.6579200493870303e-05,0.9970571994781494,7.221269129331631e-07,0.0023307420779019594,6.154878207098591e-08,5.165160743558772e-09,1.8779134336455172e-07,0.0005476009100675583,7.908667612355202e-06,5.052077653999731e-07,1.3801115632261496e-11,5.221927890097788e-10,2.0419211068656296e-05,5.8966868721199717e-08,5.141543724107578e-08,8.679798497723823e-07,2.521172426384055e-08,7,7
0.0004940735525451601,7.882978388806805e-05,0.006860284134745598,5.1258721214253455e-06,0.005302336998283863,0.0019470801344141364,8.683442138135433e-05,9.593012509867549e-05,1.6059933841461316e-05,0.00017996404494624585,0.04663567245006561,0.00013161631068214774,0.834796667098999,3.86763258575229e-06,0.0005249063251540065,3.9623366319574416e-05,0.001216859556734562,0.0018801455153152347,0.0002792046871036291,0.08830910176038742,0.010902196168899536,0.00014746288070455194,6.613275763811544e-05,12,12
0.006876623257994652,0.1343226134777069,0.004954630974680185,0.0034100369084626436,7.878063479438424e-05,0.002256794134154916,0.10404245555400848,0.018083034083247185,2.7432104161562165e-06,0.6030996441841125,0.00624107476323843,7.930725405458361e-05,0.09333819150924683,0.00041915319161489606,2.0839263015659526e-05,5.011060011383961e-07,0.0001425493974238634,0.0005027359002269804,0.00943412259221077,0.006681404542177916,0.0003532184928189963,0.004388473927974701,0.0012710378505289555,9,9
0.02384250983595848,0.004852750804275274,0.022512225434184074,1.0926631688334965e-07,0.1761033982038498,0.41781100630760193,0.0004325292247813195,1.1632464520516805e-06,0.00012357448576949537,0.010375051759183407,0.11444448679685593,0.0017421371303498745,0.1345946192741394,2.6522448024479672e-05,3.2933825423242524e-05,1.5525232583968318e-06,0.014368436299264431,0.0010115077020600438,0.005277325864881277,0.024756424129009247,0.04675370454788208,0.0005472496268339455,0.00038886090624146163,5,5
0.056648630648851395,0.0005338279879651964,0.002453642664477229,0.00685044564306736,0.002615772420540452,0.08955668658018112,0.004726683720946312,0.003441573353484273,0.016785474494099617,0.44802501797676086,0.10911335796117783,0.0006750902975909412,0.10399468243122101,0.006562775932252407,0.0005950689082965255,0.000148574254126288,0.0004863828362431377,0.09523187577724457,0.0067530181258916855,0.022528134286403656,0.017379553988575935,0.0044754669070243835,0.00041827300447039306,9,9
7.116838969523087e-05,8.991611621933515e-11,1.9176414622901206e-10,6.132114672811884e-13,3.1043482522363774e-06,7.76639353716746e-07,4.5632027045883206e-09,3.7268178126881324e-11,7.411688329739263e-08,0.004064835608005524,6.686168489977717e-07,0.9958592057228088,2.9668996148757287e-08,1.740465762622989e-07,2.7791521861608715e-10,3.311501246827664e-12,3.647965263198216e-11,4.77020689615415e-09,2.9623025810110448e-08,3.526517411422958e-10,1.367018054310165e-09,5.897649556219076e-12,2.0823556212690164e-09,0,11
1.2705653196221078e-10,3.594154973640684e-09,5.667404393006059e-11,1.5102971095970474e-09,6.795014176981182e-14,2.080619339039913e-07,1.5275512799117763e-10,5.217466458873332e-10,3.176823496105208e-14,2.0463794547787018e-10,3.1548624823685145e-10,2.5276604268854863e-13,0.9999936819076538,4.999520936133095e-11,8.490783488628029e-13,6.280241626223371e-13,3.732638503839425e-11,5.914544544793898e-06,1.673791660827817e-09,1.932963584749814e-07,4.022857880148223e-10,5.3003197386658485e-09,5.735572017329105e-09,12,12
0.9942705631256104,5.961842362012248e-07,2.9646482744283276e-06,4.231082328942648e-08,0.00036143255420029163,0.00022629264276474714,4.723171514342539e-06,3.10865431174534e-07,5.202442707741284e-07,0.002800117712467909,2.7575921194511466e-05,0.0022459726314991713,4.369360794953536e-06,4.535600237431936e-05,2.3243661217975387e-08,2.9322237082851643e-07,7.049736439057597e-08,2.4790108454908477e-06,7.295447517208231e-07,1.3334918946839025e-07,2.4235343971668044e-06,2.859521373466123e-06,1.3323084147032205e-07,0,0
2.040198587849318e-08,4.1066500894304525e-11,1.8404774948521663e-07,1.8503019560967005e-08,1.1089706930533794e-07,0.010453864932060242,1.3781568108939268e-09,1.0125842209163238e-06,1.8288683634182235e-07,0.0005682662012986839,1.623708278941649e-08,6.342509732348844e-05,5.582696758210659e-05,0.07149407267570496,0.022079121321439743,2.6916461592918495e-07,1.3277293930968881e-08,0.0022480532061308622,0.8899362683296204,0.003098925808444619,1.5260059171851026e-07,8.305581111756055e-09,6.910141348015486e-10,13,18
0.00016659263928886503,7.198627281468362e-05,0.000826600065920502,4.413364877109416e-05,8.14534432720393e-05,0.05584906414151192,3.076213033637032e-05,3.0811820579401683e-06,1.0324556569685228e-06,0.0016233640490099788,0.0020227248314768076,4.14704809372779e-05,0.1904209554195404,6.148557440610602e-05,1.0131182534678373e-05,3.0598380362789612e-06,0.0003447116177994758,0.744914174079895,0.0005758872139267623,0.0017678890144452453,0.00021859818662051111,0.00022218420053832233,0.0006985668442212045,12,17
3.0091526492803666e-10,2.451366475260397e-13,1.0,1.2676290630375545e-15,8.925982349083927e-12,1.1865039332981109e-11,1.7794003033186345e-12,1.5486126270225498e-10,7.411853075733887e-11,2.9448610217031046e-10,2.938147771955335e-12,3.3719398828679914e-08,4.832603206494923e-09,7.05900940999038e-13,2.203071709436233e-14,2.3414915043359257e-15,3.5249692054151183e-09,1.5532955477404187e-10,2.389133541610272e-13,9.288814509234022e-12,9.059082650697547e-11,8.369549497899698e-10,5.712241118484285e-14,2,2
0.000300507148494944,2.3372113133746097e-08,0.9995192289352417,6.166755550651715e-09,4.827558655051689e-07,1.156422172243765e-06,6.563879395571348e-08,1.3570868304668693e-06,6.86112525727367e-06,1.5575384168187156e-05,2.7881751520908438e-06,5.1671420806087554e-05,5.9650777984643355e-05,5.196547547825503e-08,1.7931294227224726e-09,4.334608783018723e-10,1.8869120594899869e-06,3.505023414618336e-05,4.138789755359085e-09,2.960963229270419e-06,4.6580242951677064e-07,5.4365635548947466e-08,2.4000090803610874e-08,2,2
5.279216566123068e-06,1.105325111439015e-07,8.352694536029048e-09,1.9077013579948954e-10,0.0050887796096503735,0.9946998357772827,4.731669722701781e-09,2.7054716245089594e-09,3.4610723105288344e-06,6.45486288703978e-05,2.8982615276618162e-06,4.751181768369861e-05,1.7706135622574948e-05,2.961699919978855e-06,7.726806643404416e-07,4.2440088776629636e-08,7.436855753439886e-08,2.345711072848644e-05,2.141205868610996e-06,3.9670474507147446e-05,6.983651132941304e-07,3.620246857849452e-08,4.322476243601159e-08,5,5
0.005224904511123896,0.07381955534219742,0.06507908552885056,0.0003982601047027856,0.0015915022231638432,0.021618174389004707,0.0009903267491608858,0.018666544929146767,0.0019023151835426688,0.03163870796561241,0.008314319886267185,0.0008051983313634992,0.0734281837940216,0.00013922566722612828,5.8911507949233055e-05,3.543575439834967e-05,0.20769380033016205,0.1964600384235382,0.0010902637150138617,0.17949643731117249,0.030662916600704193,0.046551115810871124,0.03433476388454437,12,16
0.08456981182098389,1.1480947250674944e-05,0.2658643424510956,7.972703741643272e-08,0.009054217487573624,0.1716499626636505,0.0019123373785987496,1.3905440027883742e-05,4.2067065805895254e-05,0.2032724916934967,0.013319014571607113,0.2256760597229004,0.02362053096294403,0.0004210248589515686,4.942435225530062e-06,1.1643980997178005e-06,2.0489653252298012e-05,0.00042583871982060373,7.602755886182422e-06,6.302873225649819e-05,3.04396035062382e-05,1.8070368241751567e-05,1.1537863429111894e-06,0,2
0.01995813101530075,0.02013179287314415,0.012856808491051197,0.0005669846432283521,0.0009074578993022442,0.1533391922712326,0.015490674413740635,0.1542704552412033,5.940783375990577e-05,0.364236056804657,0.014959166757762432,0.0008207093924283981,0.05877920612692833,0.0007598207448609173,4.323015673435293e-06,9.846868124441244e-06,0.0029462180100381374,0.024000126868486404,0.000693261856213212,0.003921895287930965,0.01222862396389246,0.13303732872009277,0.0060224710032343864,9,9
3.164165264024632e-06,0.0004486232646740973,7.427521268255077e-06,3.078189138250309e-06,3.6281846860219957e-07,0.00010026036034105346,7.008675311226398e-06,1.7292626580456272e-05,8.546663821107359e-09,6.868997297715396e-05,2.2909314793650992e-05,2.4017111854846007e-07,0.9916878342628479,2.977006943183369e-07,5.8886730585072655e-06,1.8120078770778036e-09,0.0002628464135341346,0.0001588113373145461,0.0002588520583231002,0.006321496795862913,7.82000643084757e-05,4.29093161073979e-05,0.0005037934752181172,12,12
1.3603962401020908e-09,7.880498742451891e-08,3.219583959435113e-07,2.8148081199219632e-08,2.8597998535245805e-12,7.951162501740328e-07,8.005980323133599e-10,4.2912265740824296e-08,3.947603962467516e-12,4.991465463177747e-09,1.755059919616997e-08,8.781107785349462e-12,0.9999879598617554,1.3961486133862167e-10,3.4936264992069255e-10,2.1507255611868947e-12,9.345338725097463e-08,6.4203550209640525e-06,2.9594966477475282e-08,1.5190154272204381e-06,2.4194592995741004e-08,1.6372511879580998e-07,2.6657924081519013e-06,12,12
0.06798475980758667,0.0012733327457681298,0.0009323633858002722,6.927041977178305e-05,0.011172587051987648,0.16741308569908142,0.0005031872424297035,4.415237071953015e-06,2.4663537260494195e-05,0.07579764723777771,0.010022914037108421,0.000227469063247554,0.48251214623451233,5.828043867950328e-05,1.6549270753785095e-07,3.752129984491148e-08,0.010106246918439865,0.09682396799325943,0.0015592245617881417,0.051268916577100754,0.011839289218187332,0.0005176275735720992,0.009888309985399246,5,12
6.44236664015807e-08,3.5909527014155174e-06,5.114078248880105e-06,2.2622370643432532e-09,7.242192956447013e-10,1.6343392417184077e-06,2.095124642664814e-07,8.603279155749988e-08,2.4099652828901696e-11,1.2784626335360372e-07,1.2684272405749653e-06,2.4278304366909254e-10,0.9943305253982544,1.6379153588985673e-10,7.383501365865186e-09,2.1942199446289834e-10,8.15195744507946e-06,2.764467694760242e-07,3.168831028688146e-07,0.005641746800392866,5.254046087088682e-08,6.833675342932111e-06,3.6606465414479317e-08,12,12
2.8551531272569264e-07,3.914950411854079e-06,1.3739426094616647e-06,4.005979462817777e-06,8.308375072374474e-06,1.6294243323500268e-05,7.083047037781398e-09,3.071378102958988e-07,7.45128403423223e-09,1.1916439035530857e-07,7.785095476720016e-06,6.868618451782993e-10,0.6240655183792114,2.6601153990668536e-07,6.1776850301953345e-09,1.0248901727294424e-09,2.505569500499405e-05,0.37539759278297424,3.6231048738954996e-07,0.00023775412410032004,0.000188517413334921,4.43441564357272e-07,4.212453859508969e-05,17,12
6.796908955802872e-13,3.4227189225216614e-12,4.614319976868576e-15,4.968240987883454e-13,6.7640940968625226e-18,2.7084714679381783e-12,6.465419172263509e-11,1.2510278186647628e-12,2.591903944113663e-17,1.2205139676702004e-10,2.93280981097932e-12,7.981803220214086e-16,0.9960189461708069,8.578583671333892e-14,2.952692257363054e-11,3.6014014502460333e-16,1.0099341119120106e-15,2.9572752666823243e-14,2.8694200349121957e-09,0.003981067333370447,9.736855486924996e-15,3.7225168151959476e-13,1.2162739348661744e-12,12,12
1.0167765367441461e-06,1.7201244190800935e-05,3.0747271466680104e-06,0.016940997913479805,3.874721187457908e-06,8.952499047154561e-05,0.003175140358507633,0.005666256882250309,1.7756681680580755e-09,0.647619903087616,3.9646121877012774e-05,4.607389314514876e-07,0.001258180825971067,2.3381759092444554e-05,4.925673692923738e-06,9.218399554811185e-08,4.370558315258677e-07,6.810910417698324e-05,0.324474573135376,0.0001958901557372883,2.1128775188117288e-05,0.00030435985536314547,9.17741417651996e-05,9,9
4.0449100197292864e-05,0.024791911244392395,5.074225100543117e-06,1.2340743751337868e-06,0.6062247157096863,0.014338718727231026,0.00016723337466828525,7.247450412251055e-06,1.898651862575207e-05,0.0006552591803483665,0.03111613728106022,0.003730104072019458,0.0002212163235526532,9.825588676903863e-06,0.003374827792868018,2.4744414986344054e-05,0.013968585059046745,2.2408644326787908e-06,0.002023017266765237,0.001696147839538753,0.050552137196063995,0.2413158118724823,0.005714310798794031,21,4
4.313085082685575e-05,1.2229302228661254e-05,6.94929553901602e-07,2.4092213379844907e-07,0.00010134508920600638,0.0019135650945827365,4.64125259895809e-05,7.077328518789727e-07,1.5419656165249762e-06,0.1838095486164093,0.26571202278137207,0.5476645231246948,1.4370610188052524e-05,0.00017646382912062109,1.212476308865007e-05,4.863207141170278e-05,7.468521516784676e-07,2.306502210558392e-05,0.0001969484583241865,0.00021843347349204123,1.3679009498446248e-06,1.338173547082988e-06,5.496805215443601e-07,10,11
2.4356387484658626e-07,1.2188326081741252e-06,2.5310069595718687e-09,2.712499008339364e-05,9.581503125632995e-12,9.974800541101558e-09,0.9580496549606323,1.328101291164785e-07,1.0572713711465287e-11,0.041472990065813065,5.158667022442387e-07,1.3056619119211632e-09,0.0004089025023858994,3.6070996856096826e-08,3.132125364190691e-13,1.3669684958625417e-12,9.557201696708262e-10,2.767984952356528e-09,2.2326988982968032e-05,3.7669751691282727e-06,1.0041516951275753e-08,1.2971009709872305e-05,1.1543543365633013e-07,6,6
3.880903989283979e-07,0.00010422819468658417,4.208250629744725e-06,1.614346842870873e-06,2.090239235030822e-07,1.1751917554647662e-06,2.2898723273101496e-06,1.804714156605769e-05,3.002298187837482e-09,2.639258809722378e-06,3.5113869216729654e-06,1.5311866263800766e-07,0.19007548689842224,7.395316004021879e-08,8.925909241952468e-06,1.2543073246717995e-08,5.522777792066336e-05,5.116234206070658e-06,2.007382818192127e-06,0.8096966743469238,3.4095185128535377e-06,6.210701940290164e-06,8.491646440234035e-06,12,19
0.024569546803832054,0.0001598856324562803,0.0009426134638488293,5.3745974582852796e-05,0.033736396580934525,0.1630602926015854,0.0003028796927537769,0.0007646791636943817,0.00032690155785530806,0.07968106120824814,0.002122060861438513,0.014347453601658344,0.1256641149520874,0.000392110989196226,0.0003589438565541059,0.00042875311919488013,0.012792905792593956,0.3591700494289398,0.0024222044739872217,0.16576290130615234,0.010140634141862392,7.530662696808577e-05,0.002724586520344019,17,17
0.0013328568311408162,0.0006401676801033318,0.001471564988605678,3.082269904552959e-05,0.57448410987854,0.36219751834869385,0.0002670423418749124,0.00015564399654977024,1.5004344277258497e-05,0.02583366259932518,0.006626197136938572,0.00691706920042634,0.005973523948341608,0.0002476403024047613,0.002278835279867053,2.1334342818590812e-05,0.0001667464239289984,0.001145306508988142,0.004960208665579557,0.0022365322802215815,0.0011475160717964172,0.0017658629221841693,8.493392670061439e-05,4,4
3.706715915541281e-06,6.634320743614808e-05,9.823875757319911e-08,0.0415535494685173,2.6924003027062327e-09,0.00066870212322101,1.545723353046924e-05,0.0023844570387154818,1.6531501501049206e-08,6.331629992928356e-05,0.0002232160622952506,1.866540477735157e-09,0.939632773399353,6.812260835431516e-06,1.7195469581565703e-06,5.043059445597464e-07,1.3693370704004337e-07,0.009628883562982082,0.00023157622490543872,0.0005322071956470609,4.6469763219647575e-06,0.001258841366507113,0.003723075147718191,12,12
3.077514981676861e-14,2.9142118405933726e-13,8.782191553841079e-13,2.9860985103873083e-13,1.1613108391594906e-10,3.2760666401898675e-10,3.3479173116595273e-16,3.079064713157158e-14,1.2560277821546044e-15,6.076967401513755e-11,4.70004035690863e-10,1.2567930030016328e-10,6.743605354131432e-07,1.0788273079780433e-13,2.7715394215754863e-11,8.778506892757887e-13,4.043998469427379e-10,0.9999992847442627,1.4823221816673282e-10,5.75822021176009e-08,3.288246119836913e-08,1.2027615774005962e-13,1.1027130319973821e-08,17,17
0.32515397667884827,0.00016828786465339363,0.1020820364356041,0.0005158879212103784,0.001567165832966566,0.006519600283354521,0.0005737975588999689,3.015826951013878e-05,2.4549572117393836e-05,0.07814769446849823,0.46919795870780945,0.0012015257962048054,0.010651580058038235,0.0013762391172349453,1.615129690435424e-06,4.7583594664502016e-07,4.054513169648999e-07,0.0004728025814983994,8.776393951848149e-05,0.0020628059282898903,6.363870852510445e-06,0.0001558530202601105,1.4176306422086782e-06,2,10
2.734355797340271e-10,1.3278086408163858e-09,9.036075360180362e-11,1.8431641990446224e-08,4.098563309351327e-15,1.336844385191327e-10,7.121922843134065e-12,8.720226624125971e-11,3.4654654735850454e-15,1.2775494551142685e-10,1.1298386670688387e-09,1.674224994752116e-14,1.1272191841271706e-05,8.728588056332309e-13,2.718957329249372e-13,1.517790884295045e-13,6.39456487760981e-09,4.936643316355571e-10,5.82706775276165e-07,6.84958978425243e-10,2.232772855492726e-09,0.9999880790710449,3.454140795611238e-08,21,21
4.725707185571082e-06,1.7076384750680518e-09,3.1248603136191377e-06,1.1287608868426613e-11,0.9996966123580933,6.493923137895763e-05,5.6797597736135685e-09,4.128552014148745e-11,3.613499055532543e-09,1.6569076706218766e-06,8.475037702737609e-07,0.0002212437248090282,3.0316473953462264e-07,1.0079643431026852e-07,2.5382195900647275e-08,1.5028522870608185e-09,1.9893359848310865e-08,1.4653428479505237e-06,2.9629756426174936e-09,3.9034653127600905e-06,9.790935564524261e-07,5.050813656204411e-10,5.340504705131366e-10,17,4
8.421582606388256e-06,0.0007576790521852672,7.214360721263802e-06,3.6247038224246353e-06,1.5111036191228777e-06,1.3965319340059068e-05,0.9969648718833923,7.96051972429268e-05,4.254735941344734e-08,0.0017784042283892632,2.669163677637698e-06,1.6209440900638583e-06,0.00010565161937847733,1.412110037790626e-07,1.988376823192084e-07,1.9075596213724566e-08,5.846419753652299e-06,7.606655344716273e-06,6.30933254797128e-06,3.147787356283516e-05,6.167643732624128e-05,1.5199142353594652e-06,0.0001598389499122277,6,6
0.00041172129567712545,0.003956931177526712,0.0001331939856754616,0.024946315214037895,8.053143574215937e-06,3.49232905136887e-05,0.10269461572170258,0.5095547437667847,0.00047056787298060954,0.14479035139083862,0.10007573664188385,5.233131014392711e-05,0.001344872871413827,0.0005411308375187218,0.005995210260152817,0.0009776444640010595,0.0002995282120537013,0.00017308680980931967,0.024259313941001892,0.012288220226764679,0.0394388809800148,0.010441814549267292,0.017110828310251236,9,7
1.0179189303016756e-05,0.4212499260902405,0.0012926185736432672,2.4723592559894314e-06,1.008741219266085e-05,0.006681487895548344,4.0490826904715504e-06,0.001658426015637815,0.00025881108012981713,0.0001562989637022838,0.0009051591041497886,1.9775382043007994e-06,0.0015702799428254366,1.0071167707792483e-05,1.508623427071143e-05,2.9088602104820893e-07,0.02578319050371647,0.0018802665872499347,0.007761690299957991,0.0013588733272626996,0.051816292107105255,0.4755212664604187,0.0020511546172201633,21,21
0.0006167656392790377,0.0004476254398468882,0.0005854181945323944,0.00011376590555300936,1.137228309744387e-06,0.0021299337968230247,5.5509306548628956e-05,1.1306992746540345e-05,0.9575831294059753,0.025095485150814056,0.012892683036625385,2.019587736867834e-05,4.2288575059501454e-05,6.847362237749621e-05,1.6057714447015314e-07,6.578945743740405e-08,1.973920916498173e-06,5.279235483612865e-05,1.422579134668922e-05,8.517288733855821e-06,7.287432708835695e-06,5.60857779419166e-06,0.0002457411610521376,8,8
5.597877930085815e-07,1.0227831026554668e-08,3.740755261105733e-09,3.1278330619999295e-12,0.9983001351356506,0.00048478622920811176,1.4327743436126639e-09,4.824592548385853e-12,5.938755620604752e-08,2.4704133920749882e-06,1.7380963299729046e-06,0.0012062692549079657,1.4483880761417822e-07,2.985165725721828e-10,2.1774120284590026e-08,5.614317899471644e-09,3.191319919437774e-08,3.1761114769324195e-06,1.9910066484385425e-08,8.640344617560913e-08,4.933702371090476e-07,9.726716099223154e-10,2.4701751755173973e-08,5,4
0.001934772590175271,0.0013298155972734094,0.02645195834338665,0.001987236784771085,0.00043270151945762336,0.0062206513248384,0.000170423329109326,0.0014071529731154442,0.0001625823206268251,0.05505162477493286,0.028876764699816704,0.006587998475879431,0.17361865937709808,0.00017306568042840809,0.000863994937390089,0.00013183946430217475,0.002977854572236538,0.6025784611701965,0.007965748198330402,0.0747154951095581,0.0022136333864182234,0.0007501044310629368,0.0033974454272538424,17,17
0.5557427406311035,3.828691603757761e-07,1.5121453316169209e-06,3.0480420409872977e-09,0.014950716868042946,0.42879554629325867,9.085539431907819e-08,5.77909498034046e-09,8.754009286349174e-06,1.175171109935036e-05,8.84183100424707e-06,4.834884293813957e-06,4.1430234887229744e-06,0.00046275046770460904,2.5790658497726326e-09,3.737902876110866e-09,2.682952811028372e-07,1.4068087921259576e-06,3.182283592195745e-07,2.662175404566369e-07,2.1506129996851087e-06,3.570719627532526e-06,1.1716113634818726e-09,5,0
0.0025553512386977673,1.7848038623924367e-05,3.076749635511078e-05,1.1207728675799444e-05,2.9492830435629003e-05,0.2058897167444229,0.00014854945766273886,0.00012424668238963932,0.0007353524561040103,0.014667353592813015,0.6279635429382324,0.0066147842444479465,0.0009998104069381952,3.021266792302413e-08,0.0012304388219490647,0.13799414038658142,3.4183383945673995e-07,0.0005651417886838317,2.277112980664242e-05,0.00021936501434538513,3.413902732063434e-06,0.0001746233756421134,1.7287425180256832e-06,0,10
6.428302889993631e-10,1.6486026197526371e-06,1.9065424567088485e-05,5.45511795735365e-07,2.8698962650786086e-10,5.84286397042888e-10,3.028415207495527e-08,2.7182236408407334e-06,1.1025237389716835e-09,4.6655355134817e-08,2.274967528137495e-06,1.0856351234656003e-10,0.00643531559035182,1.367292251641672e-10,2.0788419874406827e-08,1.7085563519536606e-10,4.5667584345210344e-05,3.917554295185255e-06,1.727076437418873e-08,0.9934561848640442,3.067473880946636e-05,8.957691761679598e-07,8.515886520399363e-07,19,19
2.666536857987012e-08,4.4465482457092115e-14,2.1631694213652963e-09,7.731476049654962e-13,1.0484373369479272e-09,3.228375078379031e-08,1.3790494302057255e-09,2.2780826114399133e-09,2.99238211987074e-09,5.905987563892268e-06,1.3616851902042981e-05,3.2872631550162623e-07,1.0306581144092775e-09,1.741539273902859e-10,5.328575207386166e-05,0.9999268054962158,4.352671435087219e-12,1.5689055610224045e-10,8.59525436935904e-11,2.0934817768214486e-10,1.6771828066988737e-12,2.792658812533766e-11,8.82841055035305e-13,15,15
8.171064678208495e-07,1.0984013897541445e-05,0.9999576807022095,4.456877977787599e-09,3.1697419444753905e-07,4.2271912548130786e-07,2.052661187690319e-07,3.6992219065723475e-07,2.089660666726445e-10,9.752939149620943e-07,6.8254746565799e-07,6.144605890767707e-07,1.1755873856600374e-05,2.0864964866973423e-08,1.2103634761118087e-09,4.661349639611956e-10,8.432585673290305e-06,8.846864716360869e-07,2.2432326218790877e-08,3.020526037289528e-06,1.6985055140139593e-07,2.4860721623554127e-06,1.2009014227487569e-08,2,2
0.00017843062232714146,0.0015358470845967531,0.0002006268041441217,0.20157630741596222,1.45739477375173e-06,5.7091885537374765e-05,0.0005268147797323763,0.7070727348327637,2.0190136638120748e-05,0.04571583867073059,0.005234446842223406,1.1204757356608752e-05,0.004561631474643946,0.0001486795663367957,0.001969103002920747,7.674805146962171e-07,6.513678090414032e-05,5.2891024097334594e-05,0.0019523376831784844,0.001543959486298263,0.0009507550275884569,0.002049211412668228,0.024574462324380875,3,7
0.41625019907951355,8.531796424904314e-07,0.000874833669513464,2.3363994841929525e-05,0.0026436513289809227,0.2613811790943146,7.545695552835241e-05,1.3687165846931748e-05,0.0007231246563605964,0.07780156284570694,0.00437425822019577,0.033811941742897034,0.00026360206538811326,0.2013571411371231,6.21496292296797e-05,9.93784487945959e-06,8.286937145385309e-07,0.0002516935346648097,1.1677871043502819e-05,1.997334766201675e-05,1.6513771470272331e-06,4.6598292101407424e-05,6.279299782363523e-07,11,0
5.215624376830874e-09,2.0345516382747064e-09,4.09650304789011e-08,8.37176195034317e-09,1.3637492246587612e-09,4.7220078158716206e-06,4.675844600399159e-09,1.2517211711582377e-09,0.9999376535415649,5.925810000917409e-06,5.115282328915782e-05,2.0852264981385815e-07,3.1297510361127934e-08,4.805099251825595e-08,6.054787227149916e-10,4.0023365177610515e-10,9.964051805866347e-10,6.036781030616112e-08,1.8218064834485403e-09,7.52465201259156e-09,2.6168171984863875e-07,9.455667360214193e-09,2.2454777592884057e-08,8,8
0.04927310347557068,0.0022584714461117983,0.029655996710062027,0.0006920838495716453,0.15841133892536163,0.21996267139911652,0.001576125854626298,0.0015207667602226138,0.01531118806451559,0.18661469221115112,0.079501211643219,0.016935687512159348,0.0052409181371331215,0.0022454021964222193,0.15821602940559387,0.016592292115092278,0.004014793783426285,0.04103872552514076,0.0030523345340043306,0.002849813550710678,0.0015446462202817202,0.001247819745913148,0.002243878785520792,14,5
0.9971936941146851,1.130681770433739e-08,1.577365408428344e-12,2.3992652309345885e-09,2.394629700575024e-05,7.465800445061177e-05,2.1009770989621757e-07,1.4704002460064203e-09,9.305232279155362e-11,0.0003680723311845213,4.7253283241843747e-07,2.5359704522998072e-06,6.70157987769926e-07,0.0023307311348617077,1.7467347013244705e-11,7.999256013135891e-08,5.945769571136239e-11,9.992997718200058e-08,1.8548981017829647e-07,1.5857236634886362e-09,3.995194504113897e-07,4.142683792451862e-06,1.92068849713678e-09,0,0
0.00023180065909400582,4.45679688709788e-06,7.412709965137765e-05,5.188356226426549e-05,5.3042167564854026e-05,0.02359130047261715,2.9087989332765574e-06,0.007258957717567682,3.762047029454152e-08,0.00458337040618062,1.9110153516521677e-05,9.456807106289489e-07,0.010259861126542091,0.0021179334726184607,1.116696421377128e-05,4.577769345814886e-07,4.654044460039586e-06,0.0005314259906299412,0.0017520717810839415,1.8643680959939957e-05,0.00018835162336472422,0.9492337107658386,9.795976438908838e-06,18,21
1.7344075331493514e-06,4.3028953200519027e-07,8.161041287202409e-10,1.620152789705287e-09,4.671136366596329e-07,1.6481655620737e-05,4.3565798080180684e-08,9.011495549771098e-09,7.010787950179065e-09,3.74521277990425e-06,2.0951146950665134e-07,1.139801497629378e-05,0.9733090400695801,2.3417649686052755e-07,4.28194027790596e-07,4.202060033264843e-09,0.002090821508318186,2.3973785573616624e-05,5.85900397709338e-06,0.02336648479104042,0.0011564476881176233,1.2255557635398873e-07,1.2091586540918797e-05,12,12
0.001267197192646563,3.83763314459884e-08,5.975292083348904e-07,6.6744818560948715e-09,0.9072251319885254,0.011619580909609795,9.724956271384144e-07,1.0150040452572284e-07,1.1716897461155895e-06,0.02493666671216488,0.0018670966383069754,0.0527062863111496,0.00011975073721259832,8.687798640494293e-07,2.1593659766949713e-05,2.2362187337421346e-06,7.042212928354274e-07,0.0001968332362594083,2.760972893156577e-05,1.4592792467738036e-06,2.486665380274644e-06,5.6321340480280924e-08,1.6152964690263616e-06,4,4
0.0001124289192375727,5.879168263334122e-10,1.8741681984124625e-08,2.894680849185871e-11,8.077669917838648e-06,3.165704038110562e-05,1.7755591441570573e-10,1.1336203975531589e-08,1.1072398820033413e-06,0.0001530906738480553,2.7089816285297275e-05,0.9996366500854492,6.28229130938962e-08,2.445212157908827e-05,6.256507845137094e-07,3.1795598260941915e-06,8.472629708933255e-09,1.3740101394432713e-06,4.871506575909734e-08,3.255035352367486e-08,4.490770422194146e-08,7.973577909048402e-10,3.3497105089708157e-09,11,11
1.882467833076349e-15,1.0,5.817458060414227e-13,4.064736126399741e-20,2.7660003469163486e-23,2.0342588106720593e-17,4.210306148860754e-13,2.006768224020023e-15,1.17537018460114e-22,7.103217766278971e-16,2.5763680231371492e-15,7.411549364082237e-24,1.1907319180749017e-15,5.182487400920248e-14,5.854040094852585e-22,4.14275396000641e-21,4.839623414602932e-20,1.958937366142463e-21,3.61330067496818e-16,7.852803278720808e-16,1.3765632663305076e-18,1.0760491415550029e-14,8.401030478021813e-20,1,1
0.006630915682762861,0.0022845459170639515,0.02440795861184597,0.0017786971293389797,0.0029458566568791866,0.003832549788057804,0.00027928539202548563,0.01818041503429413,0.00013265619054436684,0.04290042445063591,0.011276297271251678,0.0007143911789171398,0.5508883595466614,0.00021072944218758494,0.0008051987970247865,1.5587273082928732e-05,0.008765576407313347,0.14490526914596558,0.0004208931350149214,0.16228148341178894,0.005623502191156149,0.0010229279287159443,0.009696600958704948,17,12
5.0644137185784296e-14,4.972018456672611e-12,2.201888844866051e-12,1.4096584143030721e-11,7.288588135812013e-13,9.785070973974963e-13,7.83104345258856e-11,1.2031435960360715e-12,2.3626827334290114e-16,6.297187077342059e-11,5.632370004421405e-12,2.5803913449333124e-14,2.5676897053017456e-07,3.250272663860021e-12,4.770259534603305e-11,2.434182683978131e-13,1.1980918644335925e-12,3.117983371492272e-10,9.70182476023318e-11,0.9999997615814209,6.1741015945637745e-12,2.2956627918069294e-12,1.604937428616171e-12,19,19
0.000110200846393127,0.022660112008452415,0.004746181424707174,5.844111365149729e-05,1.5586480230922461e-06,2.306734495505225e-05,0.008644180372357368,0.015237724408507347,3.409546934562968e-06,0.025415387004613876,0.02221611700952053,4.495145731198136e-06,0.001091096200980246,3.154313844788703e-06,5.264768333290704e-06,8.764494623392238e-07,0.0008352029253728688,3.0687576781929238e-06,0.0037091379053890705,0.0008397065685130656,0.00911501981317997,0.8741098642349243,0.011166613548994064,9,21
1.0994882160275665e-07,2.3746566512272693e-05,2.3630943246644165e-07,1.3771134454998446e-08,7.523274364595878e-11,2.92289797698686e-07,1.1169489653184428e-06,0.9998204112052917,3.324534247894917e-08,6.307643161562737e-06,8.388326023123227e-06,1.1775997066365562e-08,4.0434993024973664e-06,1.1322069894958986e-06,9.220535503118299e-06,2.8738459150190465e-06,5.7709607972356025e-06,1.5693545662998076e-07,1.446398556481654e-07,7.42277734389063e-06,9.510741620033514e-06,9.83426216407679e-05,7.966025918904052e-07,7,7
3.7850259815286336e-08,2.011023525483324e-06,2.723444595176261e-05,2.3192521894088713e-06,1.1782284869976678e-10,2.974595417981618e-06,1.4212297116955597e-08,4.410684084632521e-08,7.346030728161423e-11,1.87485454716807e-07,1.5963878752245364e-07,2.821871070146642e-10,0.997636079788208,8.033628207115839e-10,9.885385912622446e-12,1.3357838056157756e-12,3.346319317643065e-06,0.0022921962663531303,1.1014014944521477e-06,2.269821834488539e-06,1.6636710142847733e-06,4.555979103315622e-06,2.386024425504729e-05,12,12
6.617005055886693e-06,8.119827725749929e-06,1.5469638015019882e-07,1.1125231367259403e-06,1.1010176592662901e-07,0.001466106274165213,1.1522335796598782e-07,1.0699820052195719e-07,3.56580043270327e-11,9.977567970054224e-05,6.42210288788192e-05,9.448539373124731e-08,0.17991186678409576,5.8118430068532234e-09,1.9180866672741104e-08,7.847915206582456e-09,8.604904905951116e-06,0.818200409412384,2.4592494810349308e-05,5.4239182645687833e-05,4.460250693227863e-06,2.7821513867820613e-05,0.00012148125097155571,12,17
0.0005196057609282434,0.0010583704570308328,0.09928790479898453,0.002376555697992444,0.004762619733810425,0.0024474423844367266,0.00029098361846990883,0.0028177667409181595,5.08408629684709e-06,0.005845158360898495,0.0019442099146544933,0.00029866822296753526,0.18652263283729553,0.00018288972205482423,0.0020135038066655397,0.00012090779637219384,0.004300639498978853,0.18628329038619995,0.00042702449718490243,0.4970315992832184,0.0005891148466616869,0.000594719429500401,0.00027923157904297113,7,19
6.004334807130363e-08,7.638989529823448e-08,5.420130833044823e-08,3.643925339247289e-08,8.422251340789444e-09,1.4150479010766048e-08,1.269041547402594e-07,1.8341488328132982e-07,1.7707947608247565e-10,2.298069006201331e-07,9.536655909414549e-09,8.491331526805368e-10,0.0004908362170681357,1.7086904113838841e-09,2.8102283522457583e-07,9.795896316333597e-10,1.6474886876949313e-07,1.4138643678052176e-07,6.890847714657866e-08,0.9995075464248657,1.5979890122252982e-07,3.303308560020923e-08,1.9985000321298685e-09,19,19
2.8639698939514346e-05,2.2495256416732445e-05,6.601755740121007e-05,0.0021970225498080254,2.085837877530139e-06,5.2359227993292734e-05,0.0003725342103280127,0.0817037895321846,1.1221126072769039e-07,0.8269109725952148,0.008408148773014545,5.145062459632754e-05,0.04767628759145737,2.2439576241595205e-06,2.377318924118299e-05,1.502197960689955e-06,5.3965472034178674e-05,0.001130721066147089,0.0031814000103622675,0.001731349155306816,0.0005632388638332486,0.01866002194583416,0.007159891538321972,9,9
0.2504041790962219,2.026740162364149e-07,5.720921308238758e-06,9.330400274620843e-08,0.0856076031923294,0.1038140282034874,5.316892929840833e-05,5.031369596508739e-07,2.085054120470886e-07,0.13327312469482422,0.005999984685331583,0.41179877519607544,0.00019787858764175326,0.0013975356705486774,6.46966218482703e-05,0.007074538618326187,1.1173925713592325e-06,8.592130325268954e-05,0.00017016963101923466,5.636697551381076e-06,1.674073610047344e-05,2.7914895326830447e-05,2.920816939422366e-07,9,11
0.000387483712984249,0.004824093077331781,9.132231207331643e-05,0.0012559968745335937,1.0635410490067443e-06,0.0009587461245246232,0.0014399993233382702,6.46290136501193e-05,4.812990255231853e-07,0.025096319615840912,0.008555183187127113,1.0819932867889293e-05,0.5768026113510132,2.9434509087877814e-06,2.7082330689154333e-06,6.715945346513763e-07,0.000602889689616859,0.0026057097129523754,0.0362892784178257,0.0005895491922274232,0.0007807518122717738,0.003853612346574664,0.3357831537723541,12,12
1.18933503046037e-08,2.9145926419005264e-06,1.3659111175456928e-07,1.8655482563190162e-05,3.3686552342260256e-05,5.895207323192153e-06,5.99293571212911e-07,3.770110561163165e-05,1.8252746536440156e-10,0.00013785509509034455,0.9906913638114929,4.240779460928934e-08,1.3140938790456858e-05,1.9657855898636e-10,0.006878905463963747,3.5589862818596885e-05,7.992498467501719e-07,2.5930439733201638e-06,0.0015509164659306407,9.166193194687366e-06,3.3394433103239862e-06,5.1791512305499054e-06,0.0005714449216611683,10,10
0.0007465857779607177,0.000771000050008297,0.00210482906550169,0.001434171455912292,0.00021384473075158894,0.00041143145062960684,0.00010543242387939245,0.0009979832684621215,1.1837083775390056e-06,0.00192255899310112,0.00043851902591995895,6.029699761711527e-06,0.8963658213615417,6.994410796323791e-05,7.397686658805469e-07,9.905549092081856e-08,0.0014652374666184187,0.07070570439100266,0.0004161526740062982,0.013213674537837505,0.00424874247983098,0.0008013937040232122,0.003558882512152195,12,12
0.009142962284386158,1.000796867600684e-08,7.87339331509429e-08,1.1277609957005552e-09,0.00012503164180088788,0.03248094767332077,2.584866479082848e-06,2.4219699579219878e-09,4.433941658277263e-09,0.02060999721288681,0.0006350756739266217,0.9369503259658813,7.654121873201802e-06,3.721538814716041e-05,1.0067271887237439e-06,6.713610673614312e-06,6.655436646241242e-09,2.515783421586093e-07,1.8611872576457245e-07,1.618543343795409e-08,7.737420149034335e-10,1.6539232206014276e-08,5.719284601468644e-09,9,11
0.7985585927963257,3.4953088743350236e-06,0.03988555073738098,1.2662954418374284e-07,0.00616460619494319,0.009707183577120304,7.250624094012892e-06,1.6698508034096449e-06,0.007276420947164297,0.008497798815369606,0.0028783949092030525,0.12585479021072388,7.30377432773821e-05,0.000987835112027824,4.838771928916685e-06,1.272213467018446e-05,7.1565968937647995e-06,5.7244233175879344e-05,4.406794232636457e-06,1.0638229468895588e-05,2.71918884209299e-06,2.4696405489521567e-06,1.0163017805098207e-06,11,0
0.00024749519070610404,3.369690602994524e-05,2.5473214918747544e-05,3.4976572351297364e-05,0.0013395020505413413,3.527285662130453e-05,1.1615291128919125e-07,4.798871941602556e-06,1.5285429810774076e-08,0.000920630234759301,0.0041928719729185104,0.00010186109284404665,0.016819950193166733,1.1899469427589793e-06,6.768290745640115e-07,2.6876493919303357e-08,1.0527713129704352e-05,0.974602460861206,2.672078881005291e-05,0.001029202714562416,0.0002711561683099717,1.2034198334731627e-05,0.00028942737844772637,17,17
0.005341682117432356,0.0009467942290939391,0.00020316730660852045,1.03325446616509e-05,1.2817895367334131e-05,0.0003473074175417423,7.67617439123569e-06,0.080467090010643,2.6098232410731725e-05,0.009977330453693867,0.0007379591697826982,1.7269365343963727e-05,0.6421374678611755,3.352636122144759e-05,3.3253609217354096e-06,1.584474489391141e-06,0.0023811394348740578,0.09019813686609268,3.561993798939511e-05,0.027320168912410736,0.133731409907341,0.0019494493026286364,0.004112702328711748,12,12
0.06586193293333054,6.344854419637613e-09,4.470775536447036e-07,6.503542843150356e-11,2.9201980851212284e-06,4.7553865556437813e-07,2.818994371267536e-09,5.596258456641579e-10,4.607610293305697e-09,0.0003309049643576145,1.2678473467531148e-05,0.9337895512580872,5.439234200821375e-07,2.2661065202100872e-07,2.4482373593703866e-12,2.192661200176027e-12,1.126518989202907e-09,3.3604490567995526e-07,3.0086206859181175e-09,1.8521296718532199e-09,4.510706475002735e-09,4.1993097887882413e-10,1.6783194833891457e-09,0,11
9.029358625411987e-05,5.984763993183151e-05,5.503158536157571e-05,0.00291180657222867,4.398008968564682e-06,0.00046536215813830495,0.017232151702046394,0.0009217282058671117,4.7468247998949664e-07,0.9723333716392517,8.388233982259408e-05,3.6120222830504645e-06,0.0011489717289805412,0.00017357287288177758,1.6432975826319307e-05,1.946455995494034e-06,2.064965883619152e-05,3.356952947797254e-05,0.002957258839160204,0.0006953728734515607,7.020679913694039e-05,0.0006717083160765469,4.8370602598879486e-05,9,9
0.6336243152618408,1.3549426967074396e-06,0.011065160855650902,4.933032204945675e-09,0.0006095754215493798,4.098013960174285e-05,1.1093138709838968e-05,7.089905329493718e-10,5.299386316437449e-07,0.09861613810062408,0.0004878882900811732,0.2550602853298187,8.40360462461831e-06,0.00047238171100616455,1.3051433848595972e-12,1.3443899639364876e-11,1.4658821712032477e-08,1.4173187992128078e-06,1.9024575692583312e-07,1.1481382244937777e-07,7.120577016905827e-09,1.253317236660223e-07,1.2398732707197269e-08,0,0
5.747774775954895e-05,1.4482185406450299e-06,2.610625715604442e-09,2.6310972955911893e-08,3.978001041105017e-05,0.002981801051646471,1.6833001836857875e-06,1.612405213791135e-07,1.1336997886246536e-05,0.9639933109283447,0.0022280432749539614,0.027404963970184326,6.897862476762384e-05,0.0028360651340335608,5.671921599059715e-07,3.780188535529305e-07,6.118908402186207e-08,0.00030654724105261266,4.831390833714977e-05,1.536888703412842e-05,2.0498200683505274e-06,6.267622865152589e-08,1.560056148264266e-06,13,9
2.1935393306193873e-05,0.0009266362758353353,5.515325392480008e-05,2.7686022804118693e-05,0.00035549321910366416,0.0007158644148148596,0.0005503944703377783,0.0002407975262030959,0.007690599653869867,0.021746186539530754,0.08439446240663528,0.0001854609145084396,0.03756637126207352,1.0335801334804273e-06,0.0004714845272246748,8.793684537522495e-05,0.0004176225047558546,0.00020529984612949193,0.00032903626561164856,0.7324535846710205,0.10890878736972809,0.0008553952211514115,0.0017927674343809485,19,19
6.355668880075882e-09,4.7232811084541027e-07,2.106341945307122e-08,1.4625568667270272e-07,5.41412359389426e-10,9.985795301759026e-09,4.017178525828058e-06,3.1834599667490693e-07,5.412409964655751e-10,1.7156471585622057e-05,1.053983396559488e-06,4.0724895455923615e-08,0.0020059056114405394,2.2568964475055964e-09,2.4621451544248885e-08,5.232327349169452e-10,9.34380484096664e-09,2.0856863613971655e-07,4.399965291668195e-06,0.9979648590087891,2.1833544749938483e-08,1.146672502727597e-06,9.052946836618503e-08,19,19
0.0004566074931062758,4.563984930427978e-06,0.8720510005950928,3.1958570616552606e-05,6.837433465989307e-05,0.0006121745682321489,2.1730198568548076e-05,7.00589589541778e-05,3.805751447316652e-08,0.07837116718292236,1.7783519069780596e-05,9.39232122618705e-05,0.03617747500538826,1.6684907677699812e-07,5.6773281187361135e-08,2.3507014043633312e-11,9.250671610061545e-06,0.004871397279202938,0.006893377751111984,0.00020190021314192563,8.722570896679827e-07,4.048494247399503e-06,4.212846397422254e-05,2,2
4.6240889589599377e-11,3.01250656364882e-11,1.3897115458405551e-08,1.833446588994647e-12,3.686367075310393e-13,1.556762363463804e-08,1.5039136602723602e-10,4.091671099160088e-11,1.825386196363521e-12,6.390651896559518e-11,2.459723758008181e-09,1.64604452030509e-12,0.9999948740005493,2.9328586000770818e-12,1.805931792997484e-11,2.2546262003642764e-13,5.206756137354773e-10,3.3570476176691955e-08,6.799466545359678e-11,5.134389539307449e-06,9.088930719158839e-10,4.336404499372115e-11,3.910972379284061e-10,12,12
9.642502845963463e-05,2.2755764348403318e-06,1.76798967004288e-05,0.00019527922268025577,6.225756806088611e-05,0.02729424089193344,2.5560264020896284e-06,1.7027125068125315e-05,7.534800006148146e-10,0.0016905224183574319,1.943019924510736e-05,1.2393959991641168e-07,0.7147566676139832,0.0005023746634833515,0.0001919181231642142,1.0773317171697272e-07,7.690455561260023e-08,4.703061858890578e-05,0.007998041808605194,0.001011044718325138,1.19438982437714e-06,0.24609367549419403,8.922642535935665e-08,18,12
0.008322295732796192,2.826808486133814e-05,0.00017420861695427448,3.0444647563854232e-05,0.002021160675212741,0.00940860714763403,0.0009137537563219666,3.955889496864984e-06,9.861441867542453e-07,0.42944979667663574,0.3117520213127136,0.010873688384890556,0.20211586356163025,5.4072897910373285e-05,2.5293704766227165e-06,2.045100266911959e-08,2.7833743843075354e-06,0.013890830799937248,0.00719762546941638,0.0035748372320085764,0.00011575477401493117,2.2855980205349624e-05,4.3685118725989014e-05,10,9
2.2030574586828777e-10,8.897210079794604e-09,1.5282283882811498e-08,5.7731610603184436e-09,4.5475751636603334e-11,1.8221528819140076e-07,1.3523313024954575e-10,5.687449400326727e-10,0.9999971389770508,1.4735221043338242e-07,1.8822198626367026e-06,3.072951060278939e-10,1.8538145241109305e-08,1.8617073160864805e-10,5.343248760114605e-11,2.542677735029031e-10,1.3750856009409063e-09,4.6217873972409507e-08,3.0713395715586955e-10,2.9415994973192028e-08,5.113342922413722e-07,5.864567498292672e-09,5.114583956356e-08,8,8
4.063030064571649e-05,6.74540530098966e-08,0.00010160719102714211,5.779627372248797e-07,1.261704740684877e-09,0.000141815296956338,0.003110400401055813,1.0388060550647893e-10,3.263358116720183e-12,0.001546648913063109,2.2770618670620024e-06,1.124582024725207e-11,0.9893348813056946,4.497104200140711e-08,3.3557700482344036e-14,7.473103025361735e-17,1.4993664088081005e-09,5.902141992919496e-07,0.005720089189708233,3.7044793543827836e-07,1.0914397163830358e-09,1.856970754943177e-08,7.002038060477389e-09,12,12
3.8214100641198456e-05,0.0001247685868293047,0.034902650862932205,6.124526862549828e-06,0.0018818567041307688,0.0036735530011355877,0.00036750544677488506,8.921716653276235e-05,6.03399783472014e-08,0.017673375084996223,0.07472271472215652,0.00041670838254503906,0.019596263766288757,6.732332985848188e-05,1.5571915355394594e-05,3.165223006362794e-06,0.00038556320942007005,0.06014087423682213,0.00042235685396008193,0.7820704579353333,0.003271229099482298,9.117441368289292e-05,3.936504072044045e-05,2,19
8.614169928478077e-07,4.3978205212624744e-05,0.043361932039260864,6.622454975513392e-07,4.0686569668935135e-09,1.6386248944399995e-06,1.034954038914293e-06,0.0001637938985368237,1.995830189116532e-06,3.519164238241501e-06,9.741315807332285e-07,4.019846855385367e-08,0.00980671402066946,8.613582025418509e-08,2.963216783058442e-09,1.2518961423069186e-09,0.6741239428520203,0.00037836801493540406,5.419653916760581e-06,0.00010096507321577519,0.2700729966163635,0.001880936324596405,5.0235033995704725e-05,16,16
0.9999933242797852,2.045700719932597e-09,1.0918475151777685e-10,6.923334822106497e-11,9.129151976594585e-07,1.1825442243207362e-06,1.6818940684615313e-09,3.4124353343045755e-10,1.4581580387584836e-10,1.0893203352679848e-06,4.4756099271126004e-08,3.37474347134048e-07,1.9693133790354977e-09,3.002551238751039e-06,3.639552038654098e-13,9.201690964744103e-09,7.974122057108346e-11,9.813320156482064e-10,6.844088629165412e-10,4.362929462153886e-11,4.266357933602194e-08,1.3123386111146829e-07,1.2380491076768863e-10,0,0
6.959328668898479e-09,3.6228239158608844e-11,2.640218772775871e-13,1.7887663464159764e-13,0.00012817609240300953,4.372401235741563e-06,1.4894499522632998e-10,1.6962142411133807e-13,1.3429100498285607e-08,3.992315396317281e-05,2.3543410065940407e-07,0.9997838139533997,3.824188188339406e-11,4.349911250756122e-05,1.3714510416207304e-08,8.901112624748464e-10,2.2162103749390205e-11,9.865673382403184e-12,4.836221423332177e-10,6.536480384733423e-11,7.990175188155035e-10,3.827953579116361e-11,4.783724111279142e-11,13,11
1.0411799848952796e-05,3.9576175225874977e-08,4.735401404332151e-08,2.3438784246820887e-10,7.840938633307815e-05,9.139079338638112e-05,2.9025338221799757e-07,2.413096638065326e-07,5.0714948685026684e-08,0.0024647752288728952,1.18787484097993e-05,0.997313916683197,7.556109721917892e-06,1.6616126231383532e-05,5.960146722827631e-07,1.2150347572514875e-07,3.566393615983543e-07,1.6856198499226593e-06,8.620882852028444e-08,1.1006447948602727e-06,2.760172037596931e-07,2.0306661241420443e-08,1.706669650047843e-07,9,11
0.7969831824302673,0.0017264247871935368,0.0012751054018735886,1.5409966636070749e-06,0.00019074574811384082,0.07807948440313339,0.000423935241997242,4.051410996908089e-06,8.486550768793677e-07,0.11596524715423584,0.00014783880033064634,3.437607347223093e-06,0.0014965374721214175,0.00011222051398362964,1.772665036980925e-08,2.2233979102281864e-09,2.0026809579576366e-06,0.00010631584882503375,0.002575353952124715,4.796813664142974e-05,1.4838069546385668e-05,0.0008345105452463031,8.347799848706927e-06,2,0
1.2859709386248142e-05,1.947877770192008e-08,2.9153992553432317e-09,3.2543207711954736e-11,0.00042340270010754466,3.113586046765704e-07,8.166137988041555e-09,8.134266038517524e-10,1.3012765087694333e-08,0.0006723608239553869,4.610862106346758e-06,0.9988850951194763,4.4921580411028117e-07,4.282236787389593e-08,1.1664249566223361e-09,3.4074962296237743e-10,1.598571763850032e-08,3.771436638544401e-07,4.5696268990980116e-09,9.289703228887447e-08,1.760369485737101e-07,3.660449499065521e-09,1.2473272192892182e-07,11,11
7.634460780536756e-05,8.922031702240929e-05,2.18585091715795e-06,2.0784511889360147e-07,3.0126031560939737e-05,9.653955930843949e-05,7.624931441796434e-08,1.082041649169696e-06,4.7430256699954043e-07,1.495054107181204e-06,2.5316132905572886e-06,6.092820399317134e-07,0.9865943193435669,2.28765634346928e-06,2.3447144315014157e-07,9.74030989198127e-09,0.004023049492388964,0.0020186584442853928,1.1803404049715027e-06,0.003539311233907938,0.0034219929948449135,1.0387396287114825e-05,8.765541133470833e-05,12,12
0.00010575493797659874,7.447607458743732e-06,0.9932816028594971,9.099550766222819e-07,1.3859862519893795e-05,2.413904257991817e-05,1.1008950423274655e-05,2.2716076273354702e-05,4.516689600109203e-08,0.0018223555525764823,1.0500546522962395e-05,0.00040670004091225564,0.0038692865055054426,1.1717529559973627e-06,1.1703318847366972e-07,2.8188296141706815e-10,9.620527634979226e-06,0.00014726974768564105,1.1957285096286796e-05,0.0002469443716108799,8.02420061063458e-07,4.82598534290446e-06,8.635986432636855e-07,2,2
0.0005871731555089355,0.00027638874598778784,0.001469691633246839,0.00016007095109671354,0.00033943558810278773,0.36136677861213684,0.000883714237716049,5.0645518058445305e-05,4.788950263900915e-06,0.1387757807970047,0.0014148788759484887,0.004590787459164858,0.21706420183181763,0.001823299564421177,5.3746574849355966e-05,2.741111586601619e-07,0.0001728211500449106,0.22492282092571259,0.03303254023194313,0.011612344533205032,0.00014773989096283913,0.0003211903676856309,0.0009289184235967696,5,5
3.4849355870392174e-05,1.3077041671749612e-08,0.9998235106468201,2.747083973058534e-13,3.4987135677511105e-06,7.913282752269879e-05,2.1477046630025143e-07,3.4018068362229315e-08,1.3633251683131675e-06,3.260629455326125e-05,2.1815374395828258e-08,2.071631752187386e-05,1.5054525874802493e-06,4.791100991496933e-07,6.186795520335409e-11,5.511157849524828e-11,9.254644055545214e-07,1.7656364548201964e-07,8.450894739553405e-08,7.27239157782833e-09,1.4214935006862106e-08,7.857880746087176e-07,1.269002680714948e-10,2,2
0.0059694875963032246,8.511370833730325e-05,0.8864854574203491,2.149132160411682e-05,0.002097783610224724,0.027627617120742798,0.0009299887460656464,0.00016594263433944434,1.0887604730669409e-05,0.0211184062063694,0.0009378500399179757,0.002478743903338909,0.021550724282860756,0.000506467476952821,0.00019071431597694755,1.9854132915497757e-05,0.01828693598508835,0.003165016183629632,0.003891835454851389,0.0006379536353051662,0.001309678191319108,0.002424051286652684,8.784733654465526e-05,2,2
2.5696012428966242e-08,0.9999910593032837,7.474461938272725e-08,5.634700334360837e-14,1.3036255492519626e-14,4.80151252091332e-10,3.0726538934738867e-12,2.688057918476261e-07,4.423391861130277e-11,2.811048648628661e-13,2.4160209388668363e-09,1.0928215797567642e-15,2.6483677473265743e-09,7.130232404506387e-09,1.3166195428826119e-14,1.8178457328842101e-13,7.860969097883697e-10,2.1895957269535415e-11,4.631498635131182e-13,3.4504747947750047e-09,1.9910619641905214e-07,8.304026778205298e-06,3.65827946277944e-13,1,1
1.3489651792042423e-05,9.568268978910055e-06,1.1679509952955414e-05,8.842853844726051e-07,0.003819391829892993,0.02031182497739792,1.356622050252554e-07,5.737211949963239e-07,2.684188586954406e-07,0.0004281297151464969,0.0015187030658125877,0.000548610754776746,0.008769618347287178,0.00013558311911765486,6.561994814546779e-05,7.286361096703331e-07,3.254702460253611e-05,0.9512138962745667,0.0011984508018940687,0.011052694171667099,0.000837244966533035,2.4109285732265562e-05,6.329977622954175e-06,17,17
6.667874913546257e-06,3.0166066267156566e-07,3.3805016563803747e-09,7.399403756380707e-08,2.601650492262131e-11,2.5286080926889554e-06,6.621185266730834e-10,0.9992827773094177,7.030579496358769e-08,2.859404446553526e-07,8.604824630609187e-10,7.000144353064286e-10,4.4056514525436796e-07,0.0004231814236845821,7.818086089628196e-08,1.4539586423722994e-08,8.543302731922608e-10,9.435138892399664e-09,1.4069073017708433e-08,4.1543483320083396e-08,6.91448519773985e-07,0.0002828549186233431,5.369933386845105e-09,7,7
0.46262815594673157,0.00024644832592457533,0.002920886967331171,2.618990038172342e-06,0.02151971124112606,0.025850515812635422,0.00010406254295958206,6.48628338240087e-05,0.0011225065682083368,0.13771319389343262,0.0013691246276721358,0.3259005546569824,0.001710828160867095,0.011438118293881416,0.00013244920410215855,0.00159609061665833,0.000629956484772265,0.0032516615465283394,0.00016971907461993396,0.00012766922009177506,0.0012864809250459075,0.00013154285261407495,8.274400897789747e-05,0,0
0.0007070473511703312,0.0006513904663734138,0.744346022605896,6.425137689802796e-05,4.513764724833891e-05,0.003119570901617408,8.549836638849229e-05,0.00019595534831751138,4.465023721422767e-06,0.000997843686491251,0.0025730435736477375,0.0001970741868717596,0.08357401937246323,5.425159088190412e-06,2.7612044505076483e-05,8.820067591841507e-07,0.013931767083704472,0.03551088646054268,0.00026496240752749145,0.10761747509241104,0.00029609689954668283,0.0055591044947505,0.00022445704962592572,19,2
5.049488930285173e-13,4.252471205029584e-12,1.611941781226242e-13,1.5262089552228741e-12,8.947685474491873e-12,8.120722760907029e-09,2.5147249886424807e-15,2.2786097688591925e-14,9.268323447316016e-16,5.750129539183746e-11,3.241485552196721e-11,1.9368609147085714e-11,3.571989145711996e-05,9.65401716901404e-12,3.7493925607486045e-13,1.6346020132070038e-13,3.3491831530341187e-10,0.9999642372131348,7.898899589964259e-11,8.68850058566295e-09,2.6337151126654135e-08,1.9481380484492883e-12,1.5432956246286267e-08,17,17
0.0007486956310458481,0.008958284743130207,0.02426215261220932,0.060159169137477875,0.015128630213439465,0.06344804167747498,0.0022291147615760565,0.01788807474076748,1.3235310689196922e-05,0.07939007878303528,0.02245522104203701,0.008394496515393257,0.10723623633384705,0.0004500812210608274,0.013255632482469082,0.002560168970376253,0.015524267219007015,0.057310909032821655,0.28890857100486755,0.10277003049850464,0.002386053092777729,0.010611526668071747,0.09591133147478104,22,18
0.0006310265744104981,0.003415363375097513,0.0008807270205579698,0.00013733585365116596,0.001999497413635254,0.3476340174674988,0.038363441824913025,0.0022285571321845055,0.0076753925532102585,0.40923744440078735,0.09403163939714432,0.0005950659397058189,0.008573794737458229,2.1370777176343836e-05,0.0001491676812293008,1.9212664483347908e-05,0.0023530488833785057,0.0057730223052203655,0.0013874478172510862,0.004783023614436388,0.03966590762138367,0.006585306487977505,0.0238591767847538,6,9
0.01231712382286787,0.00027336637140251696,2.7467414838611148e-05,8.353666089533363e-06,4.010981228930177e-06,0.0008454406051896513,0.00046769436448812485,0.0009473349200561643,1.0035461173174554e-06,0.289510041475296,0.0013289527269080281,0.00018065777840092778,0.05303013697266579,3.986316642112797e-06,3.763642268950207e-07,8.767712778023906e-09,7.757444109302014e-05,0.00011148965131724253,0.0288555808365345,0.00042527663754299283,0.00010827631194842979,9.166285053652246e-06,0.6114667057991028,0,22
0.9987121820449829,2.0164494074492723e-08,2.974000490318929e-10,2.1218154344637696e-08,0.0002902903943322599,0.00013978639617562294,1.2657807024751833e-09,3.1499164387938094e-11,3.31639160577879e-09,3.551765257725492e-05,0.0006281794048845768,1.4972511053201742e-06,4.8408937800559215e-06,5.359778879210353e-05,9.167268506804493e-12,8.854516078682373e-12,9.74488378879812e-10,0.0001308513747062534,5.616121256935003e-07,2.2767187246586218e-08,1.6572425920458045e-06,1.0312677822810201e-08,8.96914627901424e-07,0,0
1.7448535929792745e-16,1.445763607031865e-14,4.554814125613838e-17,4.659850521941677e-13,1.0496092207745954e-19,4.855571040637709e-17,1.0,1.1983475193058646e-13,4.224049910380627e-18,1.31178908339101e-13,2.0476288816373336e-15,7.928130675590393e-19,7.63600519587107e-16,1.731071175787365e-15,4.768238039483299e-16,2.0983379119230312e-16,9.116792931679502e-21,2.3253145101128772e-18,2.391903305466476e-15,1.312769443129193e-18,4.16301049935744e-16,2.6052733334821125e-17,7.352776701248341e-17,6,6
0.1462070345878601,5.1968094339827076e-05,0.010915685445070267,3.10157956846524e-05,0.06206676736474037,0.10842623561620712,0.00010956779442494735,0.00021251759608276188,0.0008200932643376291,0.34804391860961914,0.01214518304914236,0.15449345111846924,0.01697346568107605,0.03491656109690666,0.0005353856831789017,0.00034309676266275346,0.0001663941948208958,0.10161194950342178,0.00046050644596107304,0.0009767682058736682,0.00014018946967553347,6.0812100855400786e-05,0.00029141941922716796,9,9
0.924249529838562,1.8110305290974793e-06,0.00014716961595695466,8.444778245575435e-07,0.013012911193072796,0.02081429399549961,1.5632700524292886e-05,1.456588876180831e-07,5.965701711829752e-05,0.037041038274765015,0.00035640824353322387,0.0016654133796691895,0.0004963227547705173,0.000798637920524925,2.7805743485487255e-08,1.1193724169800134e-08,7.407460884678585e-07,0.001318045542575419,4.194355824438389e-06,7.672954779991414e-06,1.418679858034011e-06,2.336167426619795e-06,5.801291990792379e-06,11,0
0.0006843435112386942,0.00014462778926827013,0.6069291234016418,6.626735557802022e-05,0.0011422592215240002,0.0001449620904168114,1.7699214367894456e-05,0.00388798164203763,9.823113032325637e-06,0.0011664389166980982,0.00044877303298562765,3.8462741940747947e-05,0.12562716007232666,5.494660399563145e-06,2.637547549966257e-05,7.020717475825222e-06,0.01627255603671074,0.16503621637821198,1.0611121979309246e-05,0.07597052305936813,0.001180216670036316,4.063196320203133e-05,0.0011424454860389233,19,2
0.021557483822107315,1.1503015207026124e-09,2.8728526224597317e-09,4.872769288760681e-12,3.977224878326524e-06,0.024943368509411812,5.422303717139698e-10,7.988594319385811e-08,9.44986425110983e-07,1.5271712982212193e-05,5.637634785671253e-07,3.140723492833786e-05,4.286215826709849e-09,0.9377416968345642,3.2756670975686575e-07,0.015698004513978958,6.113095446513839e-11,8.141378127213272e-10,1.1229917618038598e-07,3.030915449175886e-11,1.6561334632569924e-06,5.044983936386416e-06,4.15302124287531e-12,0,13
0.00031138662598095834,0.2849946618080139,0.001373688573949039,0.06842568516731262,0.00028840178856626153,0.007416122127324343,0.0012545380741357803,0.028861498460173607,2.614181767057744e-06,0.016463540494441986,0.0034901162143796682,2.9691020245081745e-05,0.22045210003852844,0.00011042055848520249,0.0007064911769703031,4.087272463948466e-05,0.0008136561955325305,0.016118166968226433,0.003044996177777648,0.041357893496751785,0.0003804980078712106,0.3013211190700531,0.00274170795455575,1,21
0.003053800668567419,0.005172296892851591,2.818173379637301e-05,3.982452835771255e-05,8.064474968705326e-06,0.0001055202228599228,4.2031588236568496e-06,0.00025646318681538105,5.3416173614095896e-05,0.0007823173655197024,0.0001849251420935616,1.10829978439142e-05,0.08144983649253845,2.8380495677993167e-06,6.186824386134049e-09,4.2275804190694544e-08,0.00035716150887310505,0.8467298746109009,5.970322035864228e-06,0.00958043709397316,0.04822313413023949,0.0029219603165984154,0.0010287159821018577,17,17
0.0008479815442115068,6.610377134563805e-09,2.1662431848312735e-09,1.0491648438915036e-08,2.456031143083237e-05,0.0002961913123726845,3.4263230190845206e-05,6.015736289555207e-05,5.288384730128826e-10,0.9985173344612122,2.6621055440045893e-06,0.00017732754349708557,2.1275832295941655e-06,3.909091901732609e-06,5.729327767767245e-07,6.591146757273236e-07,9.111334464684262e-10,2.6885297543799425e-08,3.15672077704221e-05,3.7071028469171097e-09,1.2928002490752988e-07,3.819202163413138e-07,1.8912390942205093e-07,9,9
2.49069298519089e-08,0.0006104693748056889,1.917248255267623e-06,9.114696553069734e-08,1.216488811905947e-07,9.558307283441536e-06,1.819657313717471e-07,9.694643665625335e-08,3.8159367332646354e-10,3.3388408837708994e-07,1.098702796298312e-06,1.6117233769818995e-08,8.102809806587175e-05,1.5224895122400994e-08,6.278344244492473e-08,5.619703036252588e-10,1.0877292879740708e-05,2.7172388854523888e-06,1.4623436072724871e-05,1.9225077267037705e-05,3.734358415385941e-06,0.999242901802063,9.558940519127646e-07,21,21
0.04993071034550667,0.026164401322603226,0.03135863319039345,0.0010886631207540631,7.819700840627775e-05,0.0037422957830131054,0.10412696748971939,0.07023652642965317,9.651392610976472e-05,0.2917361855506897,0.0009500397718511522,0.0003218290803488344,0.089419886469841,0.013401955366134644,6.53801066619053e-07,0.0001209481488331221,0.0017174212262034416,0.013382107950747013,0.0007923297234810889,0.00481498334556818,0.006440230645239353,0.28878116607666016,0.0012973967241123319,17,9
1.0249211895851928e-10,6.608184555112473e-10,3.281825367018598e-10,1.2011495131858396e-09,5.166150710347872e-13,3.658685443497234e-07,2.6675998215930363e-11,1.0021380253411039e-10,1.3811695521006098e-14,8.274225193893869e-10,2.3434160167923324e-10,4.2705599473391587e-11,0.9998272061347961,1.6984595674340852e-10,4.5662939575363826e-12,9.147388792610234e-13,4.21877421885597e-09,0.00017211461090482771,7.555890135790833e-09,2.0532900180114666e-07,2.5754882670980805e-09,5.747656239840637e-10,8.523219463540954e-08,12,12
5.456438998407975e-07,9.612999747332651e-06,1.8527138308854774e-05,1.0138825334848889e-09,8.589489652877091e-07,0.0009205550886690617,2.06353778509083e-08,2.3956536665536987e-07,1.5540546883130446e-05,1.960939698619768e-05,2.590236590549466e-06,4.062322204845259e-06,0.011314736679196358,1.5643749975424726e-06,2.1445041298306933e-08,4.1534273798049526e-09,3.216024924768135e-05,0.9737541675567627,2.2296912902675103e-06,0.013761460781097412,0.0001386513322358951,3.6655231383520004e-07,2.3939855964272283e-06,17,17
0.0006499856826849282,6.192114909708835e-08,3.1136594316194532e-06,5.633945647787186e-07,7.809842827555258e-06,8.469476597383618e-05,1.3312582041180576e-06,2.272819756399258e-06,0.00015156064182519913,0.01989157311618328,0.0008400353253819048,0.9770720601081848,2.969810793729266e-06,0.0012611007550731301,5.132851583766751e-06,1.1609252396738157e-05,2.6647349216091243e-08,1.0761776138679124e-05,2.0884513105556834e-06,3.055840522847575e-07,2.9022965364333686e-08,3.308980467409128e-08,7.890828896961466e-07,13,11
0.0001423541543772444,0.004259197507053614,0.031030135229229927,0.0009718408691696823,0.000996207701973617,0.00048115971731022,0.0004116534546483308,0.0019553389865905046,4.9400814532418735e-06,0.001248957240022719,0.002771527273580432,5.659838643623516e-05,0.2441529929637909,1.5301215171348304e-05,6.863063754281029e-05,9.338096788269468e-06,0.07050516456365585,0.042689248919487,0.0010880029294639826,0.4395788908004761,0.13312438130378723,0.02168632671236992,0.0027517799753695726,19,19
0.02688557468354702,0.0020515306387096643,0.20415402948856354,7.954639295348898e-05,0.030038755387067795,0.0036402365658432245,0.0008325494709424675,0.002108525950461626,0.00020466363639570773,0.016979336738586426,0.08806093037128448,0.00034131709253415465,0.45625367760658264,1.62614287546603e-05,0.003893800312653184,0.0006423217710107565,0.015558612532913685,0.033351607620716095,0.009217223152518272,0.09242992848157883,0.0028787292540073395,0.00047247749171219766,0.009908380918204784,9,12
0.061289846897125244,0.00026758687454275787,0.0186423659324646,0.0014145534951239824,0.0003836416872218251,0.12521611154079437,0.0008342961082234979,0.048827026039361954,0.0002296731254318729,0.06765027344226837,0.009894910268485546,0.001567761180922389,0.5533481240272522,0.006110792513936758,0.00567582156509161,0.0004167509905528277,0.008531020022928715,0.02549375593662262,0.03722403198480606,0.01008885819464922,0.0042326729744672775,0.01242307759821415,0.00023707811487838626,10,12
1.8278758062706402e-08,1.8446128983421497e-16,3.233637715047024e-20,3.0970411557357873e-22,3.431307158980462e-13,2.310652940550528e-18,6.683811202391017e-15,1.7852183303447817e-21,8.71306045341786e-19,0.0001109013901441358,8.761080511239527e-13,0.9998890161514282,2.7431219899473395e-17,2.537698004479675e-14,4.579575601474733e-22,4.623083441876552e-24,2.642015835749231e-22,8.386833909979515e-22,9.322647276730905e-18,2.111652279830151e-22,1.198176973786421e-22,7.017975204207131e-22,5.247656553503253e-18,0,11
2.197459934905055e-06,2.3399657322897838e-07,1.2578703945109737e-07,1.903910189227087e-11,0.9972821474075317,0.0026781957130879164,5.314422235613847e-10,1.5345311826786556e-11,2.935377665380656e-07,1.2718874131678604e-07,1.195981269574986e-07,1.0813564585987478e-05,1.0413191375846509e-06,9.212958396176418e-09,7.638612409266443e-09,2.0970884750948215e-10,1.3855121778760804e-06,9.698999292595545e-07,2.268170362640376e-08,5.273324745758146e-07,2.15866257349262e-05,4.652936169691202e-08,5.7182663937282996e-08,4,4
0.002525046933442354,0.0024038839619606733,0.44352400302886963,0.012794161215424538,0.0005358028574846685,0.0159145537763834,0.002005570800974965,0.0019748820923268795,8.069209798122756e-06,0.013811357319355011,0.0019293833756819367,0.0004430027329362929,0.23305658996105194,0.00031342078000307083,0.00023177031835075468,1.0814162124006543e-05,0.08490919321775436,0.09333843737840652,0.039427269250154495,0.025861237198114395,0.0026528402231633663,0.003046843921765685,0.01928195171058178,12,2
1.6379733835947263e-07,5.917097041674424e-06,2.3302632143895607e-06,1.7591921164239466e-07,1.0273751849254609e-09,1.6730376728446572e-07,6.604253854902709e-08,3.2434984404972056e-06,1.8547838232744335e-13,1.9349508306731877e-07,2.2119549214494327e-07,3.5932892078482936e-11,0.0008439759258180857,1.9073161106053504e-10,4.588214183587347e-11,1.1409324873756788e-10,1.919406940942281e-06,8.91060039975855e-07,6.27103133865603e-08,5.18220576850581e-06,1.2801624507119413e-06,0.9991342425346375,6.269883812137778e-08,21,21
9.082047472475097e-05,2.4073281110759126e-06,1.2956722912349505e-06,0.00014629156794399023,4.331124614509463e-08,1.18248326543835e-05,3.9010174077702686e-05,0.00023548143508378416,4.764141976920655e-06,0.0060080187395215034,0.0004921289510093629,6.542535629705526e-06,0.9126781225204468,4.367696874396643e-06,8.616370905656368e-06,1.473544671171112e-06,3.5307257348904386e-06,0.037451837211847305,4.354033080744557e-05,0.04054871201515198,0.0018871871288865805,1.7701948308967985e-05,0.00031623474205844104,19,12
0.2930752635002136,5.994515959173441e-07,0.5534750819206238,1.176665449520442e-07,0.015393390320241451,0.001395513885654509,5.55590377189219e-05,1.457132867699329e-07,0.0012344704009592533,0.002638718346133828,0.07206965982913971,0.04913916811347008,0.009494504891335964,4.029424189866404e-07,4.929191277369682e-07,3.442562857003395e-08,1.6781521026132395e-06,0.0018796627409756184,5.086849341751076e-05,4.303021341911517e-05,4.978864672011696e-05,1.685653842287138e-06,1.1239583841415879e-07,2,2
0.005337296519428492,0.0029320353642106056,0.4538281559944153,0.0004887417890131474,0.0019141474040225148,0.0015000606654211879,0.00043671077582985163,0.006280630826950073,0.00023552231141366065,0.006599168758839369,0.0014624743489548564,0.004362938459962606,0.10715536773204803,0.00011876646749442443,3.167976683471352e-05,2.2569542124983855e-05,0.04508719965815544,0.20957519114017487,0.00012340127432253212,0.13593654334545135,0.008145940490067005,0.0018512821989133954,0.006574058905243874,17,2
5.257463726593414e-07,5.1881581697443835e-08,5.466886796057224e-05,4.37177618550777e-08,3.6613405640650853e-09,4.3866025407623965e-06,2.5535582537372647e-08,5.1462716754713256e-08,0.9999136924743652,6.78201695336611e-06,7.2446896410838235e-06,2.5965082528500716e-08,1.360611236123077e-06,4.954228138842609e-09,8.3245334236981e-11,3.901612366519203e-09,6.556391873857592e-09,9.433389095647726e-06,1.1000007571482229e-09,4.921270146951429e-07,1.0150565685762558e-06,3.6409446124707756e-08,3.30585976371367e-07,8,8
0.000797046348452568,0.3168903887271881,0.00024933175882324576,0.0001842077763285488,0.040190499275922775,0.01439591497182846,0.0005672854604199529,0.00010367805953137577,6.38382380202529e-06,0.0027704972308129072,0.4620310068130493,0.000329726783093065,0.00929215271025896,3.109479075646959e-05,8.76961275935173e-05,1.0233964530925732e-05,0.09718888252973557,0.0002729289117269218,0.0001718772982712835,0.0069616916589438915,0.021679118275642395,0.013385668396949768,0.012402664870023727,10,10
2.0592422515619546e-05,4.117374149958941e-11,3.5474578830019254e-10,8.558554039084232e-12,0.016735998913645744,0.8130477666854858,3.6511621503976244e-10,1.07387279624227e-10,5.580269757388123e-08,2.680522811715491e-05,1.828870381359593e-06,0.04470732808113098,3.571222606524316e-08,0.12534718215465546,7.102085510268807e-05,1.7489124957137392e-06,1.2150899730833942e-10,1.6693260818101407e-07,3.893247776431963e-05,2.2936451671284885e-07,2.8899924586767156e-07,2.2076349637245585e-09,1.2264901594338795e-10,5,5
0.012514088302850723,0.0009424564195796847,0.005296110641211271,3.698276850627735e-05,0.2921573519706726,0.193345844745636,0.0006327503942884505,4.3403277231846005e-05,0.00036882443237118423,0.06851235777139664,0.010290936566889286,0.4063824415206909,0.0027200193144381046,0.000948502158280462,0.00017036704230122268,0.0001285701000597328,0.0009172167629003525,0.002323281019926071,0.0001354734558844939,0.0008007029537111521,0.0005275133298709989,0.00042066475725732744,0.00038423261139541864,11,11
0.5016054511070251,1.6140340619585913e-08,1.711411459837109e-05,9.682642465591584e-10,4.925886059936602e-06,3.347451411173097e-06,3.220506812340318e-07,3.4225158818124157e-10,1.0779736214772129e-07,0.015108726918697357,0.0019656287040561438,0.4812900722026825,1.3137292853571125e-06,1.5909137118796934e-06,1.5375162948361165e-11,1.1585102668854041e-11,2.1746413003675968e-10,1.3674543879460543e-06,3.532920089810432e-08,2.6776632022773583e-09,7.352091380141701e-09,6.555181730760751e-09,3.2890623558046173e-09,0,0
0.9960546493530273,3.950471894054175e-12,2.5535976599325855e-14,2.8803305227032006e-13,1.982175668047148e-08,1.299352536676679e-08,4.872504621999951e-10,1.2269947211041021e-11,1.9603849115866143e-14,0.0006176718743517995,5.3667861266148975e-09,0.0033259859774261713,1.4088346808605046e-11,1.6210790363402339e-06,1.783079401089429e-14,1.4553083130947053e-12,1.763071445259922e-15,5.1935347434315174e-14,1.7894608017599012e-10,9.655639850359886e-16,1.3920401018951284e-13,1.1579654769777736e-11,9.10684895549796e-12,0,0
0.0020297872833907604,0.00451991381123662,0.04940293729305267,0.17884446680545807,0.00018149532843381166,0.00625061709433794,0.0032305573113262653,0.006066527217626572,2.803389634209452e-06,0.010005141608417034,0.0013876192970201373,2.9508004445233382e-05,0.5537148714065552,0.0002688265813048929,4.273560625733808e-05,4.918896593153477e-06,0.02001669630408287,0.060943685472011566,0.012949705123901367,0.06646399945020676,0.0018290914595127106,0.012513570487499237,0.009300495497882366,12,12
5.556601274461449e-19,7.195966749037683e-18,4.786765474861543e-19,5.306652819624639e-21,8.028123584028396e-22,1.3857842828884578e-17,2.288168982429206e-21,1.546535647320354e-20,2.270790842903982e-25,4.346229760131114e-19,3.640505886376837e-21,1.3242400261537126e-21,4.994478951508147e-16,1.0820555580165726e-20,1.7171303395494787e-20,5.5862867186944456e-21,1.0136901951441873e-19,1.2377519680876644e-19,1.1236644779685717e-17,2.24425654864818e-19,8.738094040681013e-19,1.0,1.573491244070632e-22,21,21
3.595556563595892e-08,8.310991688631475e-06,4.833339062315645e-09,2.481730199122012e-08,4.5412380522691365e-09,1.3357896477828035e-06,1.827951678912143e-09,1.3231154127879563e-07,6.539517261039407e-10,6.5585851416472e-08,9.587446584191639e-06,6.793808571270432e-11,0.9928821325302124,7.563462633974893e-10,1.539371852210536e-09,6.479103364931404e-10,2.4120130547089502e-05,0.003992130979895592,5.726689522589368e-08,0.00046968014794401824,0.002587485359981656,7.645820005564019e-06,1.7282851331401616e-05,12,12
3.519168068066847e-09,3.778276736615682e-12,9.180518389939607e-08,1.195810898219074e-11,2.621724206619547e-07,1.0939753991578982e-07,2.1548587358921623e-09,1.3091573691781377e-07,1.454219074048524e-07,5.561711986956652e-06,3.499776721582748e-05,6.641295476583764e-05,1.7014876618759445e-07,2.941147880797246e-10,0.005003021098673344,0.9948719143867493,2.110627228546491e-08,1.5572730262647383e-05,1.5293663579996064e-07,1.3511686347555951e-06,9.347314033902876e-08,1.3247875019217759e-09,5.16129416983091e-10,15,15
3.044612810754188e-07,3.699360831771817e-14,3.535837733172585e-14,1.0107159233223263e-15,1.4391260405588469e-10,1.1661863315304277e-11,2.5855003901731344e-12,1.3562435323969313e-15,1.353244908708709e-13,2.188360485888552e-05,5.6083173660681496e-09,0.9999778270721436,8.160799510117944e-13,8.982502242016466e-12,1.053278058372434e-15,1.5036554290646757e-14,3.142776159757374e-14,8.281597656993947e-14,2.0606556554430416e-13,8.380759973535597e-16,6.535289057287659e-16,1.6933014472737037e-16,1.8942822570949813e-12,0,11
0.00022285153681878,4.876275852438994e-05,8.701652404852211e-05,3.883567114826292e-05,8.458485353912693e-06,0.0009713409817777574,2.5652096155681647e-05,5.46913133803173e-06,3.019308136842369e-09,0.003488508751615882,0.00012379400141071528,4.313650606491137e-06,0.9678259491920471,4.828003739021369e-07,2.683315258877883e-08,1.8663932621620916e-09,0.0005709511460736394,0.009173114784061909,0.0005742883076891303,0.0007996847853064537,5.0073907914338633e-05,3.016439404746052e-05,0.015950361266732216,12,12
7.898675047357528e-10,9.87650921047134e-08,2.4170982992899326e-09,3.3121225762045015e-09,1.0235311975748118e-07,6.860646522000025e-07,4.679611559366137e-11,3.1759432861377945e-09,9.056057119483096e-12,5.269599228086008e-07,1.0042615485872375e-06,1.5915892603857174e-08,0.0001232617360074073,6.804020125095178e-10,1.1971788005382678e-08,2.1689510187883343e-09,1.8203530771643273e-06,0.9996263980865479,1.4474106535544706e-07,0.00023297619190998375,9.112378393183462e-06,6.058834145505898e-08,3.7761458315799246e-06,17,17
0.8385974168777466,3.812350612975024e-08,0.00010502569057280198,2.2807917332556826e-08,1.8722239474300295e-05,0.000645535415969789,2.391203395291086e-07,8.123317456920631e-06,5.8327550505055115e-06,0.0008196115959435701,2.738712737482274e-06,0.000393458001781255,6.284401479206281e-06,0.15939582884311676,9.935305200770017e-08,2.3220087186359706e-08,8.228652426112149e-09,1.4284711369327852e-07,4.340731862839675e-08,3.190762143390202e-08,7.980219862702143e-08,8.451817166132969e-07,1.4584146112994745e-09,0,0
7.912910859886324e-08,1.3812739780405536e-05,1.9126977335304218e-08,5.6548844440840185e-05,2.6225598048768006e-07,0.000874697114340961,6.425092578865588e-05,0.0003651645965874195,8.093502401607111e-08,0.020684488117694855,0.00031905353534966707,5.5550284372429815e-08,5.307644096319564e-05,2.7364393417883548e-08,0.971210777759552,0.0002596713602542877,5.8754096698976355e-08,1.0727805602073204e-05,1.6438621059933212e-06,0.005860102828592062,4.981188976671547e-05,0.0001746054767863825,9.148074582299159e-07,9,14
6.326769153019995e-08,0.9974954724311829,6.396801381924888e-06,2.0846546249231324e-06,5.971282357464247e-10,9.528038162898156e-07,7.88603865657933e-05,2.280751687067095e-06,4.9271888652446805e-12,3.979921530117281e-06,1.9970617358922027e-05,1.1788248155397696e-09,0.0003190846764482558,4.306472192183719e-07,1.6770306254798584e-09,1.6769897470680917e-08,1.1943831168537145e-06,1.3206904441176448e-06,5.989950750517892e-06,2.2640144379693083e-05,2.348209818592295e-06,0.002036366844549775,5.662262196892698e-07,1,1
4.252177603081275e-12,2.620900024785655e-12,1.193133235304544e-14,4.4559015223259724e-13,5.811718361875724e-15,4.639110276483116e-12,3.2507477883570585e-14,7.27647759754535e-13,2.1514926373473622e-17,1.622894180153267e-11,1.3876722240366811e-14,2.346982183658265e-15,3.251467428633248e-10,3.8771086628740584e-14,3.178175191282436e-15,1.107832697648005e-15,7.334882653781561e-15,1.323800959259977e-13,5.934817220998312e-11,3.68623832630241e-13,4.736251321690865e-12,1.0,4.1010514686338866e-15,21,21
2.7197684175916947e-06,0.00013478721666615456,6.1319401538639795e-06,2.40258414123673e-05,6.918447592596522e-09,0.00019294639059808105,2.3145021259551868e-06,1.7136163705799845e-06,4.669309205951322e-08,3.406394534977153e-05,2.199879236286506e-05,5.2021796648205054e-08,0.9810787439346313,1.217592853208771e-06,1.9286882491087454e-07,1.050179321282485e-08,6.105073407525197e-05,0.009247618727385998,8.236878056777641e-05,0.003244894789531827,0.0002107137261191383,0.00011751394777093083,0.005534729920327663,12,12
3.068527075811289e-05,0.00018536711286287755,6.480040042333712e-07,6.1208052102301735e-06,1.9653814433695516e-06,3.6504827676253626e-06,1.5607025488861836e-05,3.136818094162663e-08,2.363208240208081e-10,8.416183845838532e-05,2.092765316774603e-05,2.2744423233689304e-08,0.9977763295173645,2.032323749290299e-07,7.493743819919629e-11,7.814254451843361e-12,0.0002921260893344879,7.07661183696473e-06,0.00020926726574543864,0.0011751212878152728,3.6539047869155183e-05,5.211801908444613e-05,0.00010193474736297503,18,12
0.00047877494944259524,0.02949223667383194,0.0017943541752174497,0.00027465587481856346,0.0008375608013011515,0.0004283894377294928,0.000274064252153039,0.0038082636892795563,2.3778561626386363e-06,0.001577524351887405,0.014707369729876518,4.205856748740189e-05,0.15918438136577606,4.968534631188959e-05,0.00012387780589051545,5.412378231994808e-05,0.1162056103348732,0.021381542086601257,0.0002549341879785061,0.49758899211883545,0.02444220520555973,0.12474251538515091,0.0022544730454683304,19,19
5.990090645724422e-09,1.4872384213049372e-07,1.7012508806146798e-06,1.0233822678173965e-07,1.2793742731886937e-09,1.8324040240713657e-07,1.8847453020498506e-07,1.883602465113654e-07,2.3507716606641083e-11,3.787242519592837e-07,5.148277182343008e-07,8.409602791914494e-09,0.03609279915690422,1.822353712377378e-09,1.6741799413466651e-07,7.2338535161975415e-09,7.106723387551028e-07,2.9792479836032726e-05,1.04446326076868e-06,0.9638717770576477,3.243794566287761e-08,1.9475021417747485e-07,1.2660413517551206e-07,19,19
6.992656381044071e-06,0.0034909392707049847,4.206818175589433e-06,5.255324595054844e-06,2.8702456802420784e-06,9.478440006205346e-06,7.864780968702689e-07,4.4694484131468926e-06,1.5236585326761087e-09,4.392095797811635e-05,0.00015960568271111697,7.262643180183659e-07,0.4241941273212433,1.4194348807450297e-08,1.9112383142783074e-07,2.7363844523620173e-10,0.0011234740959480405,0.0005669805686920881,0.0001364137278869748,0.005768749862909317,0.005113978870213032,1.3153939107724e-05,0.5593536496162415,22,22
1.7149810446426272e-05,1.5123124974536495e-11,1.3469488857609235e-09,1.0611251325320578e-13,0.9992399215698242,0.0007395806605927646,3.7932320479105996e-11,1.591595101156293e-13,3.616161814434804e-10,1.2659111803259293e-07,2.9855965522074257e-07,8.34686659345607e-07,1.1216468465136131e-06,6.851450962130912e-07,1.4728239461359038e-10,4.704855754121551e-13,3.06944891725891e-09,2.066489912522229e-08,5.15071363338393e-09,3.226877254292049e-08,1.9407426066209155e-07,1.7214450351299426e-11,2.78975204048848e-10,4,4
0.0006326130824163556,0.0004234530497342348,0.0001908477715915069,7.700040782765427e-07,0.00010896570893237367,0.0003728654992301017,0.6589223742485046,3.4387110190436943e-06,6.809887764802625e-08,0.33665475249290466,0.0010877290042117238,4.893170262221247e-05,0.0007969802245497704,4.655829343391815e-06,6.36056682878916e-08,3.1547216394756106e-07,4.963014816894429e-06,8.637721475679427e-05,0.00016963639063760638,0.00021884455054532737,0.00021093034592922777,5.058405076852068e-05,9.714090992929414e-06,6,6
1.127339714912523e-06,5.949490878265351e-05,6.98888911188078e-08,1.2128496564400848e-05,2.0496770947175946e-09,6.017951454850845e-05,1.6265677231785958e-06,9.676709851191845e-06,5.151912230161315e-10,1.1497630794110592e-06,6.324258265522076e-06,9.604925743644799e-09,0.9963020086288452,1.4295733308244962e-06,4.020529331683065e-08,6.867998081361293e-07,4.3332161681064463e-07,0.0016386148054152727,3.0457192679023137e-06,0.00011140241986140609,9.003141713037621e-06,0.0017592449439689517,2.23775023187045e-05,17,12
0.5006327629089355,9.909262189466972e-06,3.7861541386519093e-06,6.32585006599129e-09,0.001060873968526721,0.09345321357250214,2.5179574549838435e-06,4.171682576270541e-06,3.1502055207965896e-05,0.01249668188393116,0.00016386553761549294,0.0056177955120801926,3.330992740302463e-06,0.3753136098384857,1.0376343198004179e-05,0.010992047376930714,4.4230020534996584e-08,6.219387671535515e-08,4.086056435426144e-07,4.6390432828502526e-08,4.8567708290647715e-05,0.00015437082038260996,5.724726026556937e-09,13,0
0.002564541529864073,0.04408176243305206,0.00015306546993087977,0.0009485465125180781,4.058974354848033e-06,0.00020187038171570748,0.00039246652158908546,0.013400075025856495,3.441551234573126e-05,0.0007774721598252654,0.0069360132329165936,1.081911818801018e-06,0.48463404178619385,5.55318001715932e-06,1.6095015098471777e-06,8.440659257757943e-06,0.009446355514228344,0.00042158589349128306,0.00027844245778396726,0.16544406116008759,0.015597089193761349,0.23941434919834137,0.01525309681892395,19,12
0.0001346516073681414,0.007792193442583084,0.0073810163885355,0.0002413326728856191,0.001960029825568199,0.010559928603470325,0.00039236669545061886,0.00014192899107001722,6.0206166381249204e-06,0.002350117778405547,0.007063705939799547,9.683960524853319e-05,0.06966353952884674,5.93698359807604e-06,4.8779347707750276e-05,1.5348517990787514e-05,0.018556049093604088,0.06803832948207855,0.0008318615145981312,0.7869086861610413,0.005770710296928883,0.011127138510346413,0.0009133820421993732,19,19
1.4529118743666913e-05,2.169069603041862e-06,0.00048291735583916306,2.401448568889464e-07,1.1191420412615116e-07,0.0007151220343075693,7.604372967762174e-06,3.056579203075671e-07,3.579931073804943e-10,6.527739606099203e-05,0.00010199895041296259,1.8761728171057257e-08,0.9982010126113892,4.1636308623083096e-08,3.253071056974477e-08,1.4294569694595083e-10,2.5316464871139033e-06,4.571410954667954e-06,0.000175097186001949,0.00015892382361926138,6.475590197396741e-08,6.695387855870649e-05,3.1163358471530955e-07,12,12
1.8904026788391093e-08,1.3661127695741015e-06,1.6078990938694915e-06,4.6317322812683415e-06,6.338369757941109e-07,1.2474379218474496e-06,2.4402517784238853e-09,1.356071265945502e-06,3.2056828302984286e-08,1.4777337753457687e-07,3.0252399483288173e-06,1.2102354673970694e-09,0.0057960799895226955,8.839477594335676e-09,2.4595294689788716e-07,5.903058930556426e-09,0.6941258311271667,0.0007367483340203762,0.0002912677882704884,3.562165511539206e-05,0.2900843024253845,5.278009666653816e-06,0.008910597302019596,16,16
1.644111398491077e-05,1.882932991748021e-07,8.314314072777051e-06,1.792245893739164e-05,0.00040326453745365143,0.0001895634486572817,9.277724757339456e-07,1.0273580528519233e-06,1.576271557723885e-08,4.747527418658137e-05,4.4681910367216915e-05,2.088548535539303e-05,0.27780431509017944,6.623747322009876e-05,1.7377926724293502e-06,7.683630087740312e-07,4.7387902668560855e-06,0.7090478539466858,5.181227606954053e-06,0.012144945561885834,0.00014885222481098026,5.578493755820091e-07,2.4160166503861547e-05,19,17
4.12740019939406e-09,2.2337401373029309e-10,6.549192854699015e-10,1.483994524487109e-11,1.9195544676345322e-13,6.666499990926056e-11,0.9999810457229614,2.7276673975062948e-11,5.9570768389210875e-16,1.896305002446752e-05,9.539681045112047e-09,5.89538400735945e-12,9.144779933301095e-10,1.4108915424859703e-10,3.046226939858003e-14,1.0590202759869216e-12,4.991301307406522e-15,9.559224072031025e-13,1.1926176712862002e-09,2.207180445357171e-11,5.168821100298704e-12,1.7105091648650372e-11,1.55170523647016e-14,6,6
0.00029821289354003966,0.001669995952397585,9.330148714070674e-06,1.3316011973074637e-06,0.00018698240455705673,1.0349934200348798e-05,1.7752565327100456e-05,0.00014872151950839907,6.905858072059345e-07,0.003955190069973469,0.0005396066699177027,0.0001495347241871059,0.3933291435241699,5.710255095436878e-07,5.183796474739211e-06,2.6829459898181085e-07,0.057290539145469666,0.0006582334171980619,0.00015586058725602925,0.030792908743023872,0.5043417811393738,0.00023039799998514354,0.006207427009940147,19,20
2.0191529870317027e-07,7.346177426370559e-07,1.9695751689141616e-05,1.516330172535163e-08,4.810985046788119e-06,1.0691153420339106e-06,1.6350335529935478e-09,1.550922519300002e-07,3.986881491613303e-09,3.1611325539415702e-06,4.492590051086154e-07,2.197692310801358e-06,0.00020049030717927963,5.569275884909075e-08,5.2509725456673095e-09,5.683234771680645e-09,3.657082197605632e-05,0.9990021586418152,1.0354471413620558e-07,5.2962062909500673e-05,0.0006673642201349139,9.051200891008193e-07,6.912961907801218e-06,17,17
3.929965890474979e-13,1.1524278059615867e-11,5.895823326079741e-12,2.3060615916836724e-11,7.307798810529675e-10,2.9394998435350317e-08,2.0024301024290127e-14,5.262688071785981e-13,1.0307730282385977e-13,2.7508617606031294e-10,9.663936317849675e-10,6.065693086698687e-11,6.175401267682901e-06,9.879302237392196e-11,4.7948547909903994e-11,5.089229818816543e-12,1.9089910208158756e-10,0.9999926090240479,5.214934040154162e-10,1.1923420970560983e-06,1.0317039667029348e-08,1.5730226366264533e-12,3.860045172388027e-09,17,17
8.224742487072945e-06,0.0019483761861920357,4.903395165456459e-07,8.767182180235977e-08,1.7900706694717883e-08,7.751098678454582e-07,9.61922808073723e-08,1.3185610441723838e-05,1.860353116001079e-08,5.594744720838207e-07,5.2207178669050336e-05,2.9390138323037718e-08,0.03872790187597275,5.051382601095611e-08,2.4185446534374933e-08,9.008167545232482e-09,0.9462618827819824,1.0663952707545832e-06,8.686346518516075e-06,0.00010219281102763489,0.002711615525186062,0.001031883410178125,0.009130619466304779,16,16
3.901634215708327e-08,1.2589574907906353e-05,2.4639552620442373e-09,2.7608362529463193e-07,2.773663254629355e-08,3.1554391171084717e-06,2.6207278125411904e-08,4.102079032008987e-08,5.90224327745581e-11,3.650924190878868e-05,3.79196922040137e-06,4.039445045123102e-08,0.0010598467197269201,1.1380474340683122e-10,1.427346347782077e-07,2.9936452622392196e-11,8.09878547443077e-05,3.2263935167975433e-07,0.017584964632987976,4.54439987152e-06,6.656132609350607e-05,7.157275376812322e-07,0.9811455607414246,22,22
2.623943839985543e-10,3.1700966296455135e-09,1.7510257133146467e-11,4.672562683993853e-12,9.889852825573087e-12,8.006794116610649e-10,1.5235999961671354e-11,2.4342242110897416e-10,1.45361628007927e-14,2.4384808061661545e-10,5.882432561887807e-12,3.113059126886447e-13,1.4617503651948027e-08,1.7870642465833697e-11,2.7768100319125466e-12,5.94339790056797e-13,1.5590656543551518e-10,8.330029374614689e-12,1.7038216670872686e-10,1.3454708180926644e-10,1.2646094171842037e-09,1.0,1.2513008207717946e-12,21,21
0.24838265776634216,3.89696111824378e-07,6.014259383846365e-07,2.683376442291774e-05,0.26964402198791504,0.39729321002960205,9.763917660166044e-06,8.446468768852355e-08,0.00010448430839460343,0.031329382210969925,0.012956159189343452,0.038158170878887177,3.196120451320894e-05,0.0018755081109702587,3.863002802972915e-06,1.2271574689748377e-07,9.395743205686813e-08,5.37426421942655e-05,0.0001159689127234742,4.478606570046395e-06,9.263004585591261e-07,6.559795906468935e-07,6.95771586833871e-06,5,5
1.3884195141145028e-05,6.484058394562453e-05,1.002960834739497e-05,2.3847696866141632e-05,1.5948395230225287e-05,0.0003393673396203667,3.1451606901100604e-06,0.00046033819671720266,3.8387565126640766e-08,0.000312939053401351,1.8556404029368423e-05,3.242418870286201e-06,0.8382822275161743,6.609136107726954e-06,0.00023368482652585953,1.640848523720706e-07,1.7218902939930558e-05,8.667730435263366e-05,0.00047666564933024347,0.15932880342006683,2.1379913960117847e-05,6.39167774352245e-05,0.00021643417130690068,12,12
3.1146832956221483e-15,1.0,3.3877767128057124e-13,3.989393825286481e-17,4.2050424372775003e-20,2.1363473242909858e-16,1.424627776858145e-11,1.420594192410793e-13,1.3129270791970212e-22,3.23843226811716e-14,1.057652975074673e-13,4.479558156307135e-20,4.020660486405564e-13,2.0753311449992623e-13,2.4530228473367567e-20,9.797448948336343e-18,8.754312984541646e-18,4.5689797590399314e-17,6.665531807872795e-15,8.723490679818369e-15,5.844887325057255e-16,3.803116242068194e-12,9.865749416950969e-17,1,1
0.0033661324996501207,0.0006393364164978266,0.2709258794784546,1.5121238902793266e-05,0.12426573038101196,0.02837618626654148,4.8995618271874264e-05,5.243335181148723e-05,5.594200047198683e-05,0.023712197318673134,0.018322763964533806,0.04600200429558754,0.00949003640562296,0.00010159121302422136,0.0006881571607664227,9.871242582448758e-06,0.0006403664010576904,0.4014948308467865,0.001014792826026678,0.06939921528100967,0.0005447422154247761,0.0007282827282324433,0.00010549800208536908,2,17
3.833427797417244e-08,0.5232312679290771,0.0003995864826720208,8.069858559167642e-09,8.131728890248269e-08,5.3445828598341905e-06,5.344263627193868e-07,1.9971179426647723e-05,7.907369194981584e-07,4.6207631498873525e-07,5.8483325119595975e-05,3.4509073376653987e-09,0.06407077610492706,1.3817175181785046e-09,2.0789141075283624e-08,2.577859037344865e-10,0.32903870940208435,3.19095761369681e-06,4.2349529394414276e-05,0.010360428132116795,0.06350724399089813,0.008727666921913624,0.0005330541171133518,16,1
2.5515726065350464e-07,0.14177165925502777,1.2335598512436263e-05,7.343922447944351e-07,1.778590740286745e-05,1.5999297829694115e-05,2.3634989076981583e-07,2.633840040289215e-06,2.249904298423644e-07,1.0736703188740648e-06,0.001104547642171383,1.963332607601842e-08,9.630094427848235e-05,8.375855564679568e-09,8.528333523827314e-07,1.4868372311127587e-08,0.0023373363073915243,2.0921057512168773e-05,2.3952965420903638e-05,0.0006093452102504671,0.0036995788104832172,0.8489084839820862,0.0013756802072748542,21,21
2.0854358808719553e-06,1.6239042333054954e-09,5.0703736348411965e-11,1.1414299193324151e-11,0.9999059438705444,7.714745152043179e-05,4.719128976482523e-10,1.9709711293613985e-13,5.027240149502177e-06,1.2418266805980238e-06,1.3251242592104973e-07,7.64641572459368e-06,1.8350364783259465e-08,1.9494706293698982e-08,1.6131026514543123e-09,6.21466281214289e-11,7.53542506171101e-10,2.2960783496728254e-08,3.160844919136707e-09,2.1757209367478936e-08,6.952351441213978e-07,5.731949359599753e-10,7.827629211476506e-09,4,4
0.3749566972255707,3.6463427477428922e-06,0.002370895352214575,4.0259960769617464e-06,0.010540619492530823,0.1967722475528717,1.6794385373941623e-05,1.3104919389661518e-06,0.1925710290670395,0.12249849736690521,0.01719980500638485,0.05034385994076729,2.637407487782184e-05,0.029798408970236778,0.0002861612301785499,0.0011355119058862329,2.15697741623444e-06,0.001418019295670092,3.860236029140651e-05,5.6774888435029425e-06,2.755899913609028e-06,2.3690261059527984e-06,4.576889750751434e-06,0,0
0.0005604871548712254,0.00895446352660656,0.034852974116802216,0.0029371308628469706,0.0005714267608709633,0.001776843797415495,0.0028838301077485085,0.007270931266248226,1.701992005109787e-05,0.018679959699511528,0.4061674177646637,0.001616927795112133,0.17186586558818817,4.342774991528131e-05,0.0002105568564729765,5.6753091485006735e-05,0.07501552999019623,0.018276739865541458,0.06524720042943954,0.071568064391613,0.08149446547031403,0.011981538496911526,0.017950452864170074,16,10
0.02790641039609909,1.0012345228460617e-05,0.0004244959563948214,2.1409723558463156e-06,2.8566397304530255e-05,0.7783674001693726,2.1237654436845332e-05,2.3392174171021907e-06,0.0002654179115779698,0.02156001329421997,0.0019068546826019883,7.598819502163678e-05,0.027256695553660393,0.0005309849511831999,1.1759867675209534e-06,2.708603652479269e-08,1.9368739231140353e-05,0.13857777416706085,0.002409412059932947,0.0002944617881439626,4.6844041207805276e-05,0.00012117231381125748,0.0001710828801151365,10,5
0.021880723536014557,0.0004965444095432758,0.00013851710536982864,2.0379402485559694e-06,3.101325205534522e-07,0.00010971784649882466,0.9701728224754333,4.3888098844035994e-06,8.836829579195182e-08,0.000258477171882987,0.0001470162533223629,2.237959961348679e-06,1.877373142633587e-05,0.006762189790606499,2.295176715350067e-09,2.582180691490521e-09,2.7340767427830315e-09,4.252819053363055e-06,1.1510992408148013e-06,4.810632958651695e-07,3.679764049024925e-08,1.362082286959776e-07,1.5200285474747943e-07,0,6
1.0333274985896423e-05,5.313412998475542e-07,0.0010580209782347083,0.0008803221862763166,1.54758650339204e-09,4.0638653331370733e-07,1.0066353439697195e-07,0.9976456761360168,3.1852914617047645e-06,1.228420569532318e-05,1.904017040033068e-06,1.6555320314637356e-07,0.0001385675132041797,5.2754086937056854e-05,1.425576556357555e-06,2.664333287327736e-08,2.611404283925367e-07,7.205417932709679e-05,4.234915351730706e-08,8.139386045513675e-05,2.6531251933192834e-05,1.3138607755536214e-05,9.463857395530795e-07,7,7
0.026958176866173744,2.3623572360520484e-06,0.00020852165471296757,1.4127764735860637e-08,6.679030047962442e-05,0.013557574711740017,1.22814583392028e-07,1.236835669260472e-05,0.9379154443740845,0.0007485565729439259,0.002744461176916957,0.013463466428220272,0.0011640357552096248,0.0027867420576512814,7.613316847709939e-05,2.489246071490925e-07,1.374898238282185e-05,5.767741458839737e-05,1.6259851690847427e-05,0.00012936147686559707,7.100182847352698e-05,4.322943823353853e-06,2.519072950235568e-06,8,8
0.0011378523195162416,3.634088159287785e-07,2.641753599164076e-05,2.242055785472985e-08,0.7741603255271912,0.19253717362880707,1.0385933819634374e-05,2.132296295087599e-08,0.00027316671912558377,0.0014293543063104153,0.003596837166696787,0.02415943704545498,0.0005600507720373571,0.00012576206063386053,4.396502390591195e-06,1.2273028460185742e-06,6.375454631779576e-06,0.001406966825015843,7.282100796146551e-06,0.00015013385564088821,0.00040451105451211333,1.5340173149525071e-06,3.3768341722861805e-07,5,4
1.7200374458070655e-09,3.049846833413916e-11,0.9999998807907104,9.201407844482926e-15,5.758763951813073e-11,3.6318721363670647e-09,5.778389919330884e-12,1.8475960778668865e-12,1.9688181410160675e-14,1.230765628301711e-10,1.2936247559269809e-11,1.5107327611119103e-09,1.2578148300690373e-07,9.608467450503144e-13,1.987614691500235e-15,5.966142738434669e-18,1.8692128400665808e-10,3.5954506039104217e-10,1.736967340792983e-12,2.7194499430116537e-10,7.902759393066394e-13,4.249716412108029e-10,5.917916811703627e-15,2,2
0.9970012307167053,4.538208315807424e-07,7.729362150321606e-10,2.0764376884585545e-09,8.70250573825615e-08,5.962680916127283e-06,4.6745881832066516e-07,8.715719257423871e-10,2.6060013522122283e-13,0.0029707131907343864,1.291760963795241e-05,5.398559096647659e-06,1.927536914081429e-06,1.3885930627566268e-07,1.8249678569552674e-13,3.0545457656294683e-12,3.0947300277972545e-11,1.6864914798020436e-08,5.208150355429098e-07,4.051050814246615e-11,1.526263421203211e-10,1.6089062171431578e-07,8.554338570831987e-09,0,0
1.7332295321192959e-10,2.066744642092999e-08,1.7743347768828244e-07,1.4618450450143428e-08,1.3635541336043389e-06,7.495314235939077e-08,8.946226870421015e-09,4.31328439631784e-09,2.867663051464575e-11,6.209971559201222e-08,1.4526493714583921e-06,3.034635653875739e-09,4.907760740024969e-05,1.0710534681379613e-09,1.7540344288136112e-07,1.1038164160481756e-08,9.997576171372202e-07,0.00037933042040094733,4.0506304799237114e-07,0.9995651841163635,1.5074841712703346e-06,7.855995676209204e-08,3.610697518752204e-08,19,19
3.0605085044044245e-07,1.5290689248104172e-07,0.9999914169311523,1.2069979564433009e-11,1.21766476013363e-07,2.399858658463927e-06,2.151723208498879e-07,8.557653252694308e-09,1.0925031712627487e-11,2.1190962797845714e-06,2.1383772264016443e-07,8.645028692910728e-09,1.6077140116976807e-06,1.4327483643938876e-09,2.293151640797575e-10,4.857730190321874e-11,4.7166757610739296e-08,3.078347106111323e-07,2.25518204111097e-09,9.234543654201843e-07,1.3421669997626395e-08,4.06446254430648e-08,1.6155760756975113e-11,2,2
0.31714653968811035,8.429129252363055e-07,0.0002963765000458807,1.3437474422062223e-07,0.004179490730166435,0.1635694056749344,1.9843057089019567e-05,2.4784007109701633e-05,0.20098483562469482,0.07276348024606705,0.0010134688345715404,0.0023474697954952717,1.2321610483922996e-05,0.23715628683567047,0.00042210955871269107,2.2104506570030935e-05,4.1664429772936273e-07,1.895481182145886e-05,1.1051658475480508e-05,4.137253597491508e-07,1.0192703712164075e-06,1.8178102436650079e-06,6.822241630288772e-06,8,0
0.0019875294528901577,0.022109385579824448,5.060483999841381e-06,2.313400955245015e-06,0.00016302053700201213,0.009466630406677723,5.353787400963483e-06,2.0629629489121726e-06,9.98300856736023e-06,0.00018034680397249758,4.503105446929112e-05,4.4023960072081536e-05,0.7074421644210815,3.760883600989473e-06,1.3215817773470917e-07,5.472895470148842e-09,0.003317979397252202,0.0025310267228633165,9.876320109469816e-05,0.0004472591681405902,0.049383267760276794,0.02475714683532715,0.17799775302410126,22,12
2.8282267521717586e-05,6.128591394372052e-06,2.9857073968742043e-07,0.000281383516266942,0.0001075629479601048,0.00045948769547976553,3.240508476665127e-06,0.00018897645350079983,4.078544435515141e-08,0.00040852988604456186,0.0013876623706892133,3.9004694372124504e-06,0.008774654008448124,5.00573742101551e-06,9.121373295783997e-06,6.748799705746933e-07,0.0004501674266066402,0.0006622746004723012,0.0004075364558957517,0.0003850060165859759,0.0053261034190654755,8.132842594932299e-06,0.9810957312583923,22,22
1.3604865671368316e-05,0.02402529865503311,1.8155863017454976e-06,0.00013443843636196107,1.2145176242484013e-06,1.0057672625407577e-05,0.00028340902645140886,5.299717940943083e-06,1.2463820198149733e-08,0.00022712693316861987,0.0003104901406913996,4.6702433564860257e-07,0.5110305547714233,4.796268513018731e-06,1.392973842939682e-07,8.850532529081079e-10,0.0004177615337539464,4.998946678824723e-05,0.01830459013581276,0.057196419686079025,0.00032318918965756893,0.3874923884868622,0.00016703520668670535,18,12
3.030742664122954e-05,0.00019041815539821982,0.00041350803803652525,5.87439353694208e-06,0.0008049370371736586,0.002196525689214468,2.5982271836255677e-05,0.00044705846812576056,2.95217614620924e-05,0.002055027987807989,0.016123443841934204,0.16133423149585724,0.012195143848657608,2.425970342301298e-05,0.6981017589569092,0.06145960092544556,0.013117572292685509,0.0047348542138934135,0.0007802588515914977,0.02003660798072815,0.002117561874911189,0.002851714612916112,0.0009238573256880045,19,14
1.2581034825043247e-10,8.377867150022311e-11,2.4127508879701054e-08,3.034799433976332e-08,8.488857810044423e-14,2.1507864933489884e-10,8.015545865935891e-11,4.731547185304885e-12,2.4142974945629003e-12,3.994351516212191e-09,2.8513703984739402e-12,9.542676571898737e-14,6.4626073381646165e-09,1.7922312939289142e-12,6.0064787345270876e-12,5.848821318758801e-13,0.890202522277832,1.778502900506851e-10,0.10964212566614151,8.338263239593413e-12,0.0001552764151711017,7.583189898241471e-08,1.585033260198543e-08,20,16
4.223849464324303e-05,0.05994768068194389,0.0008008012664504349,1.935086584126111e-05,6.476219560624941e-09,2.6056577553390525e-05,6.68160919303773e-06,0.0004118874785490334,4.664991138270125e-06,1.5359049939434044e-05,0.002550855278968811,1.2156352369174783e-08,0.9251172542572021,7.379564067377942e-06,5.409288128532808e-09,5.172419825782981e-09,1.0802174983837176e-05,0.004884485621005297,8.630036973045208e-06,0.0007005479419603944,0.0011349456617608666,0.00412132078781724,0.00018900954455602914,12,12
6.290633985939209e-11,3.1262062383241584e-11,2.146756383769599e-11,9.40131195115157e-10,2.965856726877547e-11,6.9494379140166984e-09,1.4549160987087362e-08,5.785368928715173e-13,1.6523443946425687e-08,1.850084572652122e-06,0.9999980926513672,3.447356178298833e-08,1.1582870947102197e-11,3.944559956448046e-11,4.225999064577657e-11,1.0739496097977863e-10,3.5134405801384716e-11,1.516661622680271e-11,6.051207535051617e-09,8.54940944428062e-12,1.290754308991282e-10,5.74571683634173e-12,5.042134265664799e-09,9,10
0.0024022229481488466,0.006821322254836559,0.001089148921892047,3.080797614529729e-05,0.15151923894882202,0.012580153532326221,2.4010994820855558e-05,0.0007296304102055728,4.183228884357959e-05,0.01086763571947813,0.0022184220142662525,0.0031723619904369116,0.0331544391810894,2.2114480088930577e-05,5.0691662181634456e-05,8.299639375763945e-06,0.026080820709466934,0.6211690306663513,0.0001109446311602369,0.04239526763558388,0.07314449548721313,0.00192704563960433,0.010440066456794739,17,17
2.0352625540454028e-07,4.825059249924379e-07,2.6698998567553645e-08,8.421235406785854e-07,1.2147706174303607e-09,6.447576652135467e-06,0.5814114809036255,2.3264460580207924e-08,3.124954073285835e-09,0.41839122772216797,9.595512528903782e-05,5.331233410288405e-08,5.744856679257282e-08,9.910487506203935e-07,1.6299420702026168e-09,2.2038608715746477e-09,4.1557757235466397e-10,1.9495456637930175e-10,9.210812277160585e-05,4.652679130856541e-09,2.2356276829782473e-08,4.043353030169783e-08,5.1070866646796276e-08,6,6
9.028328236126981e-07,5.061691950997149e-12,2.4580886371500243e-12,1.279944439281852e-13,0.07314430922269821,2.2751557480660267e-05,4.0387476696324143e-10,1.5311975862589144e-13,6.906785143812044e-10,5.494989818544127e-05,8.462782119522672e-08,0.9267744421958923,1.4638142431522283e-07,1.7028357888193568e-06,7.085449738042371e-07,1.7540275898397795e-09,2.8342200808495477e-10,5.791645385500033e-09,1.0591888255362392e-08,1.1350945072763352e-07,1.9985037624792312e-08,5.008755996765979e-12,3.0552835261765665e-10,4,11
1.169510028375953e-06,0.001630876213312149,7.836256372684147e-07,3.525997271935921e-08,2.2317658476822544e-07,2.0049110389663838e-06,9.877462048279995e-08,8.235317494609262e-08,5.966802052448372e-10,8.957410500443075e-06,6.2959097704151645e-06,2.0521183330401982e-07,0.001530035282485187,2.7991438855679007e-07,1.0364125113682121e-09,1.6108450684448883e-10,0.00027934813988395035,4.19067782786442e-06,1.2125827197451144e-05,1.587641418154817e-05,7.6204564720683265e-06,0.9964922070503235,7.615552476636367e-06,21,21
9.502075215550576e-08,1.9704600451309062e-10,0.9999922513961792,1.2102135699826322e-13,1.1226873084524414e-06,1.6994935236880337e-08,2.680538568888835e-10,1.6818537673657374e-09,2.434104251491931e-09,5.2749573598021016e-09,7.279076896793413e-08,6.271660367929144e-06,1.0179452658576338e-07,6.442157918229441e-11,6.203670022131291e-09,5.636889843785298e-10,1.594596810150506e-08,3.4830794248819075e-08,1.389430792642088e-10,2.9338638185549826e-08,1.9609229795491956e-09,2.247964925317092e-09,5.025455962828773e-13,2,2
0.0005623145843856037,0.10236547142267227,0.0027223879005759954,4.394234929350205e-05,8.175271432264708e-06,0.001499066362157464,0.0009841675637289882,0.0023554135113954544,4.000774788437411e-05,0.003877593670040369,0.004493206273764372,7.0505557232536376e-06,0.7212035059928894,3.722100882441737e-05,8.472366062051151e-06,5.783790584246162e-07,0.008390340022742748,0.00036305340472608805,0.004552863072603941,0.05951613187789917,0.003509179688990116,0.0770140141248703,0.0064458828419446945,19,12
1.6832557321322383e-06,1.624381184228696e-05,4.209885810269043e-05,1.4902369684932637e-06,1.4825581651223274e-08,7.152138437049871e-07,3.236594636746304e-07,2.0533669157885015e-05,1.4679761761726695e-07,1.1518092833284754e-05,6.044325346010737e-06,1.0954575024868518e-08,0.8374243378639221,3.49547519817861e-08,3.778650636832026e-07,3.0267885975376885e-09,3.1556533031107392e-06,1.7865380868897773e-05,3.5397195006225957e-06,0.16241660714149475,2.264298382215202e-05,6.117124939919449e-06,4.348738002590835e-06,12,12
0.16920238733291626,5.593753303401172e-05,0.00037663450348190963,4.944578790855303e-07,2.3894848709460348e-05,0.7769521474838257,1.7877600839710794e-05,0.0023977647069841623,5.841894380864687e-05,0.001304883393459022,4.6719553211005405e-05,1.5016566067060921e-05,0.04357166588306427,0.0022808935027569532,1.3905308151151985e-05,7.650352529253723e-08,1.3539806786866393e-06,4.4571053877007216e-05,0.00028424549964256585,0.0001076431290130131,4.564380105875898e-06,0.003231718670576811,7.191804797912482e-06,5,5
0.0012823058059439063,1.3038749784755055e-05,0.00041193622746504843,0.0001117307911044918,0.06471015512943268,0.027735508978366852,6.739420496160164e-05,0.0003650966100394726,1.961773341463413e-05,0.13587510585784912,0.0006686735432595015,0.04414447769522667,0.01787736639380455,0.0015245385002344847,0.653465747833252,0.0003343181451782584,0.00044213232467882335,0.021839531138539314,0.003615111345425248,0.024245431646704674,0.0008361624204553664,2.0268362277420238e-05,0.0003944023046642542,17,14
1.0531463938770469e-12,3.2785844885532107e-16,6.936773611033661e-14,5.076535979781083e-13,1.26905957964496e-10,4.652637441981966e-10,6.087048221325748e-16,1.9030920502677295e-12,4.185329513517466e-11,6.995004575571784e-11,1.3507715996077807e-12,7.2886323643217565e-09,2.3141375968260824e-11,6.723403500608072e-10,1.0,5.270218705888396e-10,5.796421963287848e-14,1.0936602101371817e-13,5.111586848238758e-11,2.72222019231938e-11,3.544784095161485e-13,9.791191972865002e-14,1.1473687397314108e-13,14,14
2.049685917882016e-06,0.000412220397265628,0.001696510473266244,0.0013995810877531767,3.483110276647494e-06,1.309128765569767e-05,7.096642366377637e-05,0.0013615461066365242,8.413735486101359e-08,0.0005210994277149439,7.650087354704738e-05,1.1142227549498784e-06,0.058519817888736725,6.80018331422616e-07,2.646700340847019e-05,2.2709070890414296e-07,0.0006504979683086276,0.0011936704395338893,0.00014870143786538392,0.9304133653640747,0.0001466321846237406,0.0032186300959438086,0.00012307144061196595,19,19
5.226385110290721e-05,0.001421006629243493,6.65096479224303e-07,4.727263558379491e-07,0.002979009412229061,0.5117278695106506,5.371785391616868e-06,3.0490321023535216e-07,0.4580204486846924,0.017313923686742783,0.008235913701355457,7.476486644009128e-06,5.1033297495450824e-05,1.923357103805756e-06,2.18823590358852e-08,1.512095423095161e-06,3.4481396937735553e-07,4.250074562150985e-05,6.357104211929254e-07,7.28704544599168e-05,3.1588631827617064e-05,2.6493407858652063e-05,6.342283995763864e-06,8,5
1.9983019683422754e-09,1.366581841466541e-06,6.240604477625311e-08,5.336082722351421e-07,4.264282260635355e-10,1.0931335481245696e-07,7.526597123330703e-09,1.0648842874161346e-07,1.1300478330866781e-09,5.884796792088309e-07,1.8615774024510756e-06,5.4292285944779195e-11,1.6460096958326176e-05,2.7079485875880493e-10,2.1186549403751087e-08,8.228242392993579e-11,5.527285247808322e-05,2.0894395547088607e-08,0.9996564388275146,5.85769612371223e-07,0.00019793988030869514,8.16999363451032e-06,6.057078644516878e-05,18,18
8.827466757566071e-09,1.9994998012862197e-07,5.6295093031621946e-08,2.555379374769018e-08,1.2383083274059015e-11,1.2176850638923042e-08,4.747487292178221e-09,7.00630451433426e-08,6.4732228466368724e-09,5.39031290713865e-08,6.003724450920345e-08,1.5831023991719206e-10,2.431461325613782e-06,2.7452998097032832e-08,1.2793606452010664e-10,6.086236514768473e-10,1.6266900502159842e-06,1.3168739769753302e-06,1.4210877452569548e-05,2.7232900379203784e-09,0.9999418258666992,3.799946352955885e-05,6.448345857279492e-08,20,20
4.867058578383876e-08,3.561841666055443e-08,8.539852558442362e-08,2.10870908290417e-07,9.670776535131154e-08,2.9552314373404442e-08,1.0341764250521024e-10,3.770085399423806e-08,2.8622262338018345e-09,1.1734472593616374e-07,6.065768616281275e-07,3.169517981405079e-10,0.0019500439520925283,1.1100326213764333e-09,3.309886739688572e-11,1.0714014397894545e-10,2.0354782748199796e-07,0.9979603290557861,2.7440316685556354e-09,3.880370786646381e-05,4.8473189963260666e-05,2.0608905515473452e-07,7.409105364786228e-07,17,17
0.8611324429512024,0.0005305748200044036,0.00011154001549584791,1.164562036137795e-06,0.00037743509165011346,0.03583623468875885,0.00019712003995664418,7.619971256644931e-06,7.449064469255973e-06,0.00018884455494116992,1.5095818525878713e-05,7.90775357017992e-06,0.0010917405597865582,0.0005312056746333838,3.5867286918289665e-09,2.3011909888737136e-06,6.871136065456085e-06,0.00030309936846606433,9.217756996804383e-06,1.8751930838334374e-05,0.00014183393795974553,0.09948112815618515,3.8331023688442656e-07,0,0
0.00013626999862026423,3.6212097143106803e-07,4.6844576218063594e-08,4.441515386588435e-07,0.00024024531012400985,0.013469025492668152,1.4349999446494621e-06,9.83727545644797e-07,7.38026084690091e-09,0.06703697890043259,0.002156987087801099,0.9165442585945129,9.434790990781039e-05,0.00017630915681365877,4.8141162551473826e-05,1.4136026038613636e-06,1.7717669607009157e-06,1.5346962754847482e-05,6.359320104820654e-05,1.0978377531500882e-06,3.176420023009996e-06,7.52174855733756e-07,6.984643277974101e-06,11,11
0.1259247064590454,8.016780839170679e-08,0.00036349985748529434,3.4512376290152247e-10,0.00502336909994483,0.058708805590867996,5.091040293336846e-06,7.046734751270378e-09,0.0006149752298370004,0.09937085956335068,0.0003659370413515717,0.7016305923461914,2.6718334993347526e-06,0.007982108741998672,1.295515232868638e-07,2.4029009182413574e-07,7.111223965239333e-08,6.481466385821477e-08,6.4689434111642186e-06,1.2065486387768942e-08,6.610322600408836e-08,8.818711449976036e-08,1.2471252475165784e-08,5,11
3.876734808727633e-07,9.541623567643764e-12,2.1466445332407602e-07,1.648808173326799e-11,9.107917549044942e-07,4.302185345750331e-07,1.4656310887151136e-10,3.1423179613909724e-09,1.342673158433172e-06,1.264238420617403e-07,2.8146787371952087e-06,0.0024738500360399485,4.1648192450338684e-08,8.39383140771588e-09,0.9974846839904785,3.521962935337797e-05,3.329080788816441e-09,3.0502184111824704e-10,3.913065871330446e-09,7.786841393908617e-09,2.2718860126502705e-09,4.66926719511207e-10,1.318067599509476e-10,14,14
0.005150862503796816,0.08969368040561676,0.00045729486737400293,0.05081571638584137,0.0007233948563225567,0.0047230226919054985,0.002076859585940838,0.14997795224189758,8.229761078837328e-06,0.12286011129617691,0.12661530077457428,0.00013579308870248497,0.1636577546596527,0.00028212106553837657,0.0008044994901865721,0.0001784331543603912,0.002516669686883688,0.023793216794729233,0.02057603932917118,0.038192473351955414,0.008219162933528423,0.08792611956596375,0.10061527043581009,9,12
2.290286118037093e-14,1.166110113728388e-18,2.2138118754491806e-15,3.070642135167016e-16,5.480434357198194e-13,2.885054348200633e-11,3.1307003610912046e-18,3.24538878030637e-14,7.687866727772164e-13,7.300833657249151e-13,5.656790953625229e-15,4.0840317794277325e-09,2.257370045012294e-13,4.360437705352993e-11,1.0,3.120890481808636e-12,1.4959814164416702e-15,2.7317421353882025e-16,2.5064243215633386e-12,3.2579931048999644e-13,2.7245001095682966e-15,3.8971003874347136e-16,1.740897684417801e-16,14,14
2.577693614114196e-09,2.3507149352064438e-11,4.803391018270986e-09,5.472348685309214e-10,1.3851361030381426e-11,8.355603142717882e-08,4.1627808968769386e-05,2.6259197483113894e-08,2.4264347042030066e-12,0.9999525547027588,2.9117592781346957e-09,6.040902889026256e-08,1.2504232316246089e-08,7.867379991921553e-08,2.0740189080048488e-12,5.792748659222413e-12,9.150127704138367e-12,5.951629467038089e-11,5.605034857580904e-06,3.0234093006953344e-10,2.6976912370635375e-10,1.2537750004870674e-10,1.384370135887325e-11,9,9
2.6242438252666034e-05,1.2416469985510048e-07,6.117901563129635e-08,1.0483398682481493e-06,4.3827335503010545e-06,1.2309878911764827e-06,6.791474152123556e-05,2.655406383667014e-08,4.0111824972655086e-09,0.9857959747314453,0.013770407997071743,9.003610466606915e-05,5.673807390849106e-05,3.533301295988167e-08,1.8465162732184126e-09,5.780263073740244e-11,4.792678698350983e-09,2.0621489227323764e-07,0.00017734986613504589,1.087105303554381e-07,1.0510933634577668e-07,1.1761111196051388e-08,7.996457497938536e-06,10,9
1.2316847541882225e-09,1.715415898217998e-08,1.3648767094309733e-07,2.4966595901787514e-07,2.2167248592275257e-10,1.9047638488700613e-07,4.001827136335123e-08,1.3522722497327777e-08,6.188555527406048e-13,9.02515679968019e-08,2.029719468055191e-07,4.563411454272526e-11,0.9999467134475708,2.71552197395053e-10,3.5736211212444857e-10,1.0167733842381121e-11,9.885140883625354e-08,9.057033821591176e-06,1.3379339236507803e-07,4.1464681999059394e-05,1.2225153334100014e-08,1.314964048759748e-08,1.5496029845962767e-06,12,12
0.0019728434272110462,2.0217130725086463e-07,0.7282740473747253,3.223136445740238e-05,0.08098534494638443,0.005896406713873148,5.7723402278497815e-05,3.5954199120169505e-06,2.431766610300201e-08,0.0027287807315587997,0.09467609226703644,0.002264364855363965,0.014233248308300972,0.0003995816223323345,0.00019228826567996293,5.1077004172839224e-06,3.439297643126338e-06,0.023114291951060295,0.0005841728416271508,0.044565245509147644,9.134510037256405e-06,3.547316964613856e-07,1.618022224647575e-06,2,2
2.7382950520404847e-06,0.9557831883430481,2.347546978853643e-05,0.00011707562225637957,6.630868654156075e-08,5.679249625245575e-06,0.0005090594058856368,1.8870781559598981e-06,2.0973189851503093e-09,0.0026404112577438354,0.003760864259675145,2.7710250094514777e-08,0.03051619790494442,4.385943611850962e-06,6.623764647883945e-08,1.7058118473300965e-08,7.1973145168158226e-06,1.3070703062112443e-05,0.0012614941224455833,0.00030414029606617987,1.849311047408264e-05,0.004886271432042122,0.0001440366468159482,1,1
8.4294024418341e-06,0.09578685462474823,2.2282365534920245e-05,3.2562893466092646e-06,4.111569069209509e-06,0.00012818753020837903,9.092020263778977e-06,9.710833546705544e-05,2.928850939554195e-08,0.00023386899556498975,0.0015171507839113474,6.405737167369807e-07,0.02874676324427128,2.9384587207914592e-08,1.9679315300891176e-05,8.390126993162994e-08,0.17152884602546692,2.9619703127536923e-05,0.010248222388327122,0.0036779113579541445,0.0011732782004401088,0.0061954171396791935,0.6805691123008728,22,22
5.522161359294842e-07,2.331461104176924e-07,2.385583138675429e-05,2.800961055982043e-06,4.526590146269882e-06,4.764627192344051e-06,2.1345107597880997e-05,6.524455784528982e-07,6.846179179120782e-10,9.363216122437734e-06,9.387826480633521e-07,9.389379584945345e-08,0.10006920993328094,1.2240917612871272e-06,1.3237308849056717e-07,1.3296305167997957e-09,4.670152122798754e-07,6.946850044187158e-05,1.2415252967912238e-05,0.8997766971588135,3.952205815949128e-07,7.604342613376502e-07,4.5654868330302634e-08,19,19
3.7368344529831177e-11,0.9999613761901855,1.2981148600488268e-08,1.0170710496026913e-08,4.650431956025342e-15,5.0113121985440046e-11,1.7192373746865997e-08,1.4037715345693869e-07,1.0296624489307391e-16,6.181541944982882e-10,1.853454811850952e-08,2.5279923621568563e-14,4.2690629697972327e-08,1.5059938851536003e-09,2.6566314252629564e-13,6.7315541162071835e-12,1.3651484456755902e-12,2.6269807509859966e-11,1.1559763563040448e-10,2.3112814773185164e-08,4.870507816501224e-11,3.853756788885221e-05,2.688758504038047e-12,1,1
3.8232771983059965e-12,5.057892039223022e-13,1.0,2.3186658722315536e-15,1.1343464170838406e-15,1.8971608477442482e-14,3.5991471779360344e-15,2.2496418519268174e-13,7.984220229406702e-11,7.108456347420383e-14,8.26016078453451e-12,1.5454610789895906e-14,1.0371170588996392e-09,1.9457379119835745e-16,3.707093956706629e-17,1.9131091109769303e-18,1.4269494873903055e-12,3.36387931398896e-11,7.305669757980181e-16,1.607670702293007e-12,2.8564435972794344e-12,5.089003220562494e-13,2.0535502772133516e-15,2,2
3.9070773283356175e-09,9.732670669393428e-09,5.976231731708026e-10,2.0900806418922002e-08,6.8991700373499665e-12,1.6450524071842665e-06,8.31906845633057e-08,1.4827075123236e-09,2.3183902714274396e-11,2.7541182134882547e-07,6.453108625237292e-08,2.5625229715942055e-10,0.9991546869277954,2.1926418458662056e-09,9.472080897410251e-09,1.293167656291061e-11,5.627607713165617e-09,1.303031922361697e-07,1.5592886484228075e-05,0.0008264743373729289,1.1559396995153293e-08,5.440905059828083e-09,9.382080179420882e-07,12,12
8.91253813372489e-13,1.3743211213154694e-13,2.5211942451287828e-14,2.7191557382469367e-13,1.7321743303220453e-15,1.0431187164039457e-12,8.839216291539191e-17,1.1229848465249635e-14,4.818940008955288e-18,2.23346905206534e-12,1.440357842762488e-14,7.745935249348101e-16,5.865632424217893e-10,1.9179502549950683e-14,8.742612448602635e-15,3.972976606233019e-17,6.466153974022879e-14,3.4590253296211404e-13,6.063051970206512e-12,9.523057933587611e-14,1.9975754991102823e-12,1.0,5.532585430371648e-15,21,21
0.31693747639656067,8.833462743496057e-07,0.0005439671804197133,1.5166964351109868e-09,0.10185115784406662,0.25866371393203735,6.113879180702497e-07,1.7192251107189804e-06,0.0010947003029286861,0.005646390374749899,0.001449713483452797,0.3126331567764282,0.0007763783214613795,0.0003487564099486917,1.891267856990453e-05,1.887473899842007e-06,5.819759280711878e-06,5.189971943764249e-06,4.626082500180928e-06,1.2157398487033788e-05,7.428207595694403e-07,1.1822745591416606e-06,7.308372005354613e-07,5,0
0.00013548160495702177,0.0005897660739719868,0.0040739914402365685,6.846703035989776e-05,3.0936694201955106e-06,0.0005706986994482577,0.0001832197594922036,0.0005477437516674399,1.60228577072985e-08,0.0036513274535536766,0.011759161949157715,1.5678849649702897e-06,0.010288572870194912,0.00014222120807971805,1.8760107195703313e-05,2.535189560148865e-05,2.377730879743467e-06,0.00032810214906930923,0.0002244602655991912,0.0001778121222741902,0.00010418739839224145,0.9671019911766052,1.5790401448612101e-06,18,21
0.04721673205494881,0.0014715214492753148,0.0025022150948643684,0.000549216172657907,0.0005777354817837477,0.00025523174554109573,2.073584073514212e-05,0.002887710463255644,0.006328114308416843,0.0022518548648804426,0.0016304582823067904,0.0007940272334963083,0.0960666835308075,2.2603169782087207e-05,1.150074604083784e-05,3.1276969821192324e-05,0.16573944687843323,0.22782915830612183,0.0001048239428200759,0.021237490698695183,0.39048150181770325,0.004422290250658989,0.027567658573389053,17,20
1.3860714716429356e-05,7.582637044833973e-05,0.000867584953084588,3.624165628934861e-06,1.4807691286478075e-06,0.0015528780641034245,8.065703696047422e-07,2.69520137408108e-06,6.523068663000231e-08,6.662689429504098e-06,2.0555296941893175e-05,5.591861736320425e-06,0.3301651179790497,6.4981704781530425e-06,1.868177612607269e-08,6.373928052028077e-09,0.00021545003983192146,0.6665006875991821,3.328450247863657e-06,0.00017501888214610517,0.00017549857147969306,7.05890342942439e-05,0.0001361045433441177,17,17
8.105629945021064e-07,4.168584314540036e-12,2.999706705253402e-09,1.2077338911939406e-12,4.326123903553025e-09,3.9503552216046955e-06,5.574866577262583e-07,7.990052304680806e-13,5.315910472231122e-12,0.9984322190284729,0.0008984218584373593,0.0006639346829615533,1.416848327551179e-08,1.0110030146393001e-08,2.325477321558217e-13,7.065571408114077e-14,3.807224988831154e-13,2.115271291458498e-10,6.658826379180027e-08,2.6900595466450294e-12,1.4971436633828827e-12,1.8018124969473859e-12,1.70154550171997e-11,10,9
0.0055823917500674725,0.004293737467378378,3.0921808047423838e-06,0.0032786314841359854,6.0160340353832e-07,0.0007722284644842148,0.003256264142692089,0.6589909195899963,6.847844360891031e-06,0.1534939706325531,0.02568652108311653,1.8019862181972712e-05,0.11028661578893661,0.001303427037782967,6.932357791811228e-06,1.2634975519176805e-06,0.00018754506891127676,0.0003414630482438952,0.008749631233513355,0.000916730088647455,0.002060040133073926,0.005545677617192268,0.015217396430671215,7,7
8.077466162603741e-08,0.9984158277511597,0.0001396427396684885,3.950314741985039e-09,3.315251007052211e-08,3.769774821194005e-06,1.2925042369715811e-08,1.971901397723741e-08,2.349840599880082e-10,1.4601418740767258e-08,8.614755984126532e-07,3.191258368673289e-11,6.595937975362176e-06,2.3076551780576438e-09,6.579134459450131e-11,4.582333644476133e-12,6.4824535002117045e-06,2.8999590995226754e-06,2.3543212535059865e-07,3.521322651067749e-05,7.012800324446289e-06,0.0013812988763675094,1.0304393782689658e-07,1,1
7.266464763233671e-07,2.107175168930553e-05,0.00014056994405109435,5.0909424231804223e-08,2.2485727058096927e-08,2.9714781248912914e-06,2.5689095650704985e-07,1.5326531865866855e-05,1.2375757307836466e-08,1.5053765309858136e-06,2.2844218619866297e-05,9.19818461397881e-08,0.9717311263084412,3.0453087163095915e-08,5.032781018599053e-07,8.836259723921103e-09,0.0001997488143388182,4.525524491327815e-05,1.518006797596172e-06,0.027784330770373344,1.490493377787061e-05,1.2312771104916465e-05,4.747280854644487e-06,12,12
1.651318370932131e-08,3.7239999972626947e-09,1.1750925565934267e-08,9.563297709291874e-09,5.876011482941479e-12,3.9360807022603694e-06,0.0003626540710683912,1.1000562381013879e-06,1.3214542349260228e-08,0.9994420409202576,0.00018380778783466667,1.0937519334675017e-07,3.75511604033818e-07,5.4113233893815504e-09,6.13333028809393e-09,6.072014713254248e-08,8.74839159448193e-11,3.425870698237077e-09,5.739877906307811e-06,6.741084490613503e-08,1.872541233183256e-09,5.314536588585383e-10,1.1205301131411716e-09,9,9
1.6457183393825403e-09,1.6536642988285166e-06,2.7676291480815962e-08,5.983275030985169e-08,3.971745154984774e-10,7.20388488844037e-05,7.907018928499099e-10,2.879655125465064e-10,1.6388567586345104e-11,1.659807224996257e-08,1.431750291658318e-07,1.3559449396627343e-10,0.9364266395568848,1.155093443117039e-08,4.033744727127697e-10,1.483922533462856e-11,5.953509685241443e-07,0.06344208866357803,1.2412486967150471e-06,8.260365120804636e-07,1.266698632207408e-06,1.9016331975763023e-07,5.328234692569822e-05,12,12
0.9774787425994873,9.925634913088288e-06,5.763692456639546e-07,0.0001597312220837921,9.266252163797617e-06,0.0003805748710874468,8.38605992612429e-05,4.343977977327995e-08,1.2445069280664356e-11,0.00765150785446167,0.00025806555640883744,2.6613961381372064e-06,0.012404140084981918,9.47895459830761e-05,5.418710185417508e-12,2.7278668907060322e-11,9.582652005235559e-09,2.125886021531187e-05,0.000993572175502777,9.340789119960391e-08,1.797190378738378e-07,0.000450835534138605,2.487714994003909e-07,0,0
3.296135400887579e-05,0.9763864874839783,0.0017203496536239982,8.566184988012537e-06,6.335932266665623e-05,0.0001803352643037215,1.012242955766851e-05,8.318070285895374e-06,1.4311559937141283e-08,7.890385313658044e-05,0.0018773535266518593,2.444529911826976e-07,0.00915113091468811,1.675118028288125e-06,5.156549377716146e-06,2.24030536344344e-08,1.00933375506429e-05,5.135321771376766e-05,0.0010745978215709329,0.006038413383066654,1.9914776203222573e-05,0.003242593025788665,3.803725849138573e-05,1,1
5.603142949617279e-11,2.795475795291935e-10,4.571412581810819e-09,1.6272133640526931e-09,8.540474141227605e-07,1.992589648835974e-09,1.1828274470992994e-11,4.3125170101632193e-10,6.183621865420152e-13,7.571579807574835e-09,6.979232303194749e-09,4.889838756128029e-09,3.383915463928133e-05,6.634862104171191e-11,5.461814889251571e-10,5.443209771804902e-10,4.2627078755685943e-07,0.999788224697113,4.614231663424562e-09,0.00017225371266249567,4.435777555045206e-06,2.988082281607518e-10,2.0189339977605414e-08,17,17
1.117169404096785e-06,2.293304879330549e-09,0.00043545564403757453,1.6715610229312006e-08,1.044401528815797e-06,3.3313895073661115e-06,5.247515582595952e-05,2.477708585502114e-05,5.989961948671407e-08,0.0004053922020830214,0.6344531774520874,0.00036673693102784455,0.00011632012319751084,8.58845217166504e-10,0.29925498366355896,0.06412117928266525,1.7661351421338622e-06,1.2054440503561636e-06,0.0006228385609574616,0.0001339207956334576,2.6180314307566732e-06,1.5276013982656877e-06,9.486757157617376e-09,10,10
5.873380928278493e-07,3.332112896714534e-07,5.194624918658519e-06,2.9331624773476506e-07,3.430792958170059e-06,0.0006865072064101696,7.838249871383596e-08,1.1391744010325056e-06,0.9984911680221558,4.12009576393757e-05,0.00032300673774443567,7.334319434448844e-06,5.655806489812676e-06,1.7088415233956766e-06,0.0002918067038990557,1.454682774237881e-06,4.459650426724693e-07,1.1199213076906744e-05,2.1629971058700903e-07,4.956899647368118e-05,7.36217261874117e-05,7.652345175301889e-07,3.2281363928632345e-06,8,8
0.006999216508120298,2.7326982343645057e-10,6.317945008049719e-06,2.5444429549437153e-12,5.930443876422942e-05,5.805799901281716e-06,1.991426188396872e-06,1.5140934062074507e-09,5.329078703653067e-06,0.19279006123542786,0.00037276462535373867,0.7997565269470215,1.0750522960734088e-06,2.6865825475397287e-07,1.4032619510828681e-09,1.1127898602580899e-08,3.0833471331703777e-09,2.4276699761571763e-08,1.0473531801835634e-06,9.822584523533351e-09,2.2122408793734394e-08,7.962714515530323e-11,1.0826157392784808e-07,5,11
1.0131332146556815e-06,2.0111268206335353e-09,1.7312312694528487e-09,1.961381349246949e-05,2.2685911482689392e-10,1.7425846321472704e-09,0.0008216800633817911,0.0022895887959748507,8.032540019416168e-13,0.9968576431274414,9.999333627774831e-08,5.877161157741284e-08,5.210393283050507e-06,2.755592277026153e-06,9.279064738798581e-10,3.743252181744733e-13,8.942475232531777e-12,9.828627495211961e-11,1.661166947997117e-06,9.198105033192405e-08,9.022046998374833e-10,7.212506980547317e-11,5.318798912412603e-07,9,9
1.3165811617021894e-16,4.232888004353511e-17,9.248525068613483e-14,1.5798372809613936e-12,3.3254262046297615e-16,6.417838808135679e-13,1.607795800588987e-15,1.1332091948840217e-13,1.0207615223185255e-15,1.1838710350584036e-12,1.6652315377313487e-13,2.7980178260054653e-14,1.3206427865952719e-05,5.584685274992451e-13,3.005599380490054e-10,3.472933529299893e-12,6.721605151811805e-13,5.6215518270619214e-05,8.7996667244572e-12,0.9999305009841919,1.2467413212924328e-10,7.565520746769666e-14,3.1868909909030935e-14,19,19
3.55981283064466e-05,1.587088007681814e-07,1.9426158459623366e-08,7.568172755156866e-09,0.0004694220842793584,0.0016341980081051588,1.277109163311252e-06,1.4754131250072078e-09,0.00022853142581880093,0.9637434482574463,0.004861399531364441,0.028848396614193916,3.9659704498262727e-07,0.0001766526693245396,2.5290523453236347e-08,7.205919416719553e-08,1.8428572556850042e-10,1.6996363427779215e-08,1.1273753841578582e-07,1.1343228578652997e-07,8.269300799668144e-09,1.1550925194114825e-07,3.2254291681965697e-08,9,9
1.1783018635469489e-05,0.0009498581639491022,0.0009010761277750134,0.0003328177845105529,2.9748700853815535e-06,0.00030883558792993426,5.530145062948577e-05,0.15516261756420135,0.00030950811924412847,0.00926001463085413,0.014844358898699284,1.2095962347302702e-06,0.002128737047314644,1.2708704844044405e-06,0.0013329912908375263,9.808743197936565e-05,0.008159306831657887,0.003975654486566782,0.00026234114193357527,0.006088488735258579,0.757075309753418,0.004682295490056276,0.03405521810054779,9,20
0.0005536716780625284,0.12775498628616333,0.0015377489617094398,0.00353424996137619,0.00017299220780842006,7.131187157938257e-05,0.00013190030585974455,0.004972725175321102,0.00028149361605755985,0.011983741074800491,0.33307066559791565,0.00010237911919830367,0.05669784173369408,4.022043867735192e-06,9.699643851490691e-05,5.823917035741033e-06,0.010597669519484043,0.0033352295868098736,0.0007919379277154803,0.06238571181893349,0.19859707355499268,0.022115010768175125,0.16120487451553345,9,10
2.916643825301435e-05,1.876746758000536e-08,4.762740424268941e-09,3.7556378146286207e-11,0.0005613216198980808,0.9993065595626831,3.685854288448809e-09,1.2993510434267108e-10,1.9654347852338105e-05,5.464223795570433e-05,2.0335897715995088e-05,8.735235610402015e-07,1.1874120673383004e-06,5.162942073866361e-08,1.3628294048828593e-08,7.322629308470496e-11,1.0260531269068451e-07,2.331469886485138e-06,2.3214104203361785e-06,8.268394680044366e-08,1.080901483874186e-06,2.0646577780780717e-08,3.348397115132684e-07,5,5
0.01956537738442421,2.6252744646626525e-05,0.9562718868255615,3.828071839961922e-06,0.0007583177066408098,0.01564432494342327,2.313471668458078e-05,8.86540328792762e-06,7.093498879839899e-06,0.0005247780936770141,0.00023474989575333893,0.00030991126550361514,0.0058577656745910645,3.373804429429583e-05,2.0216498342051636e-07,4.5248769175998405e-09,6.710212619509548e-05,0.00043823482701554894,9.685091754363384e-06,0.00018490897491574287,6.376619239745196e-06,2.078810030070599e-05,2.7233643322688295e-06,2,2
9.026082992136253e-09,3.6455339795793407e-06,4.010871079707101e-10,2.5145990178998545e-08,1.280988370933045e-10,6.733957835791671e-09,0.999990701675415,1.089251888686249e-08,1.1991377509013024e-11,5.475893885886762e-06,1.723063114411616e-08,1.982656677723682e-10,1.6171558314681533e-08,1.0722965848586341e-09,2.8713981192751703e-10,9.19720063996543e-11,6.948319697386296e-11,1.6526267854199972e-10,2.8542118002405914e-08,3.7238701011688136e-09,4.112352236518291e-09,4.918866203240668e-09,1.0121196325485471e-08,6,6
0.025852028280496597,3.6465184205525247e-09,1.980897508246926e-07,2.816088681689699e-11,1.2456686818040907e-05,3.965949872508645e-06,1.3594426206964272e-07,1.1018979506616233e-08,5.68557595670427e-07,0.018558742478489876,9.495944141235668e-06,0.9555543661117554,7.347836685767106e-07,7.294164333870867e-06,1.1200982363845924e-08,1.2494001389029563e-08,1.024940465832458e-09,1.760586165744371e-08,2.04032222228534e-08,4.023591237967139e-09,3.901896583613507e-09,7.648534028348308e-10,5.928328938864524e-09,11,11
0.024364985525608063,0.026133943349123,0.004000253044068813,0.00036342491512186825,0.004900053609162569,0.008061629720032215,0.0007863262435421348,0.002849720185622573,0.0002127360348822549,0.03973567485809326,0.05134350061416626,0.00548089575022459,0.1831769049167633,0.00023531120677944273,0.0004310027288738638,0.0002001590619329363,0.14424285292625427,0.05783945694565773,0.0013613100163638592,0.04888083413243294,0.2013281285762787,0.18259689211845398,0.011474085040390491,17,20
0.0889173150062561,1.4984854033173178e-06,5.8297187024436425e-06,2.87149055111513e-06,0.0006692106835544109,0.00403537368401885,2.197428693762049e-05,5.2001454605488107e-05,0.00018181699851993471,0.7630471587181091,0.013769477605819702,0.1269906908273697,0.00013632823538500816,0.0010217288509011269,0.0002812059537973255,0.00010447216482134536,2.4682321964064613e-06,0.000392020505387336,0.00026174733648076653,6.746654889866477e-06,8.695882570464164e-05,8.304702532768715e-06,2.7938770017499337e-06,9,9
8.594263789518664e-08,6.279391936980794e-12,7.004643975960789e-09,1.024789302896123e-12,6.389294426867309e-09,1.8319276762213121e-07,6.1082774394094486e-09,5.0355407343882774e-11,7.564907633650364e-08,0.0012387733440846205,0.00017216337437275797,0.998588502407074,3.0563182207288264e-08,2.409914046097583e-09,1.4745825893669462e-08,3.0673308337725302e-09,2.4651714003454117e-10,2.5111065227179097e-08,1.3048394009729236e-07,2.1745987233146025e-09,2.6464383462432295e-10,9.139737577879004e-12,1.5990588020375895e-10,11,11
0.1403195559978485,1.072685972758336e-05,0.00427926704287529,1.8119841115549207e-05,0.004322584718465805,0.10113664716482162,0.0014623422175645828,4.978183369530598e-06,3.8206397334761277e-07,0.5922644734382629,0.006826016586273909,0.0029045629780739546,0.0002770943974610418,0.14584746956825256,1.456688067946743e-07,2.191952034991118e-06,1.011287508845271e-06,5.3859468607697636e-05,0.00018833148351404816,2.271934363307082e-06,3.377798566361889e-05,3.444222602411173e-05,9.765435606823303e-06,10,9
6.070614388779816e-13,3.0778730258917975e-11,6.190231920805145e-12,2.2299352035043407e-12,2.3057784776973162e-15,8.290001574096095e-09,9.586850410747694e-12,1.3841132233405329e-11,1.5328013033841042e-15,1.4251435968837267e-11,1.5489046156780262e-10,4.610587627830454e-13,0.9999996423721313,8.446108396009677e-13,9.356839305099673e-13,1.5268445145363851e-13,1.3586734168291592e-11,7.00226081562505e-08,1.6692727061728974e-11,2.292216265686875e-07,1.0089763052834044e-10,8.684320623730812e-12,3.018826577605438e-10,12,12
0.20878957211971283,6.590164048247971e-06,0.0001481269864598289,0.011416707187891006,7.331600500037894e-05,0.09738105535507202,0.0005794106982648373,0.0014996499521657825,0.008739405311644077,0.07349971681833267,0.011567356996238232,6.440994911827147e-05,0.07042399048805237,0.4871823191642761,0.0002344066888326779,0.00021299641230143607,2.1025939531682525e-06,0.012431249022483826,0.002741512842476368,0.01225266233086586,4.100350270164199e-05,0.0006527493242174387,5.963573858025484e-05,4,13
1.9045741282752715e-05,2.9242123673611786e-06,6.915507242410968e-07,0.002463849261403084,6.455471712740746e-09,2.1537714928854257e-05,1.2225107639096677e-05,0.9708722233772278,1.128203848566045e-06,0.00013331463560461998,2.5018173346325057e-06,7.744147012545e-08,0.0003604672383517027,0.021056504920125008,0.004016935359686613,5.327502549334895e-06,1.0695574204078184e-08,1.3477404081640998e-07,3.369352634763345e-05,6.51420559734106e-05,1.9295348465675488e-05,0.0009117964655160904,1.1518048950165394e-06,7,7
0.00028634173213504255,0.018772903829813004,0.002304480178281665,0.003511862363666296,9.722921095089987e-05,0.0004316096310503781,0.00026482457178644836,0.010603459551930428,8.267039106613083e-07,0.01766885258257389,0.001219254219904542,4.060498031321913e-05,0.7482301592826843,0.00021895587269682437,0.00011042611004086211,4.4194686665832705e-07,0.0025411536917090416,0.01810779981315136,0.0030194937717169523,0.10325874388217926,0.0016502189682796597,0.06505266577005386,0.0026078277733176947,12,12
7.994641393338497e-09,6.755692538717994e-08,3.250263702625489e-08,5.336853181603374e-10,4.835349614040751e-07,1.8808348613674752e-05,3.532647785409182e-11,6.434466293114838e-10,3.2613883815812983e-10,1.731900667323316e-08,2.6445846401657036e-07,1.0455092347427808e-09,0.013101344928145409,3.1815894363518282e-09,3.1679631140590914e-10,5.299272132219812e-10,5.479283800013945e-07,0.98687344789505,1.6199134478256383e-08,3.171627668052679e-06,1.3312761666384176e-06,3.4665641468478725e-09,3.7710353240072436e-07,17,17
0.8033760190010071,6.0552101786015555e-06,0.005666250828653574,5.374497050070204e-06,0.0029331129044294357,0.009820664301514626,0.0004285151371732354,5.0648113756324165e-06,0.00013852737902197987,0.12256897985935211,0.04378996789455414,0.0001355891436105594,0.00016666525334585458,0.008571922779083252,4.970433656126261e-05,0.00024269385903608054,4.701437319454271e-06,7.93936396803474e-06,0.00029783466015942395,1.628248719498515e-05,7.4554054663167335e-06,0.0017544173169881105,6.271312486205716e-06,2,0
3.7240501114865765e-05,0.14468608796596527,0.00016016124573070556,0.006795641500502825,0.00030632049310952425,0.00012981303734704852,0.00014037969231139868,0.0017154059605672956,0.00854181032627821,0.024856535717844963,0.4909946918487549,0.00011528766481205821,0.0034132071305066347,1.2229517778905574e-05,0.00048768153646960855,0.00018039779388345778,0.003161367028951645,0.00017322268104180694,0.008649087511003017,0.025460239499807358,0.01867436058819294,0.2179575115442276,0.043351300060749054,21,10
2.0349696683297225e-07,0.002481977455317974,9.737608479554183e-07,8.161293294506322e-07,2.1039330000416356e-10,3.229392291359545e-07,1.7616713421375607e-06,9.349320862384047e-06,1.0127504168622181e-07,7.860217010602355e-06,0.00023938952654134482,1.7731819568211904e-08,0.9824545979499817,3.782509949701307e-08,3.325762776285046e-08,1.7283076303442613e-08,0.0008146733161993325,0.00013512885197997093,2.914123069786001e-05,0.0013040878111496568,0.00014862048556096852,0.0001514873147243634,0.01221927348524332,12,12
9.688891441328451e-05,9.893479955280782e-07,1.1006811291736085e-05,3.721926589150826e-07,0.0053655789233744144,0.007778482511639595,5.018466708861524e-06,9.18743244255893e-05,0.004050881136208773,0.015109210275113583,0.0012653839075937867,0.08815417438745499,0.00011082528362749144,0.001513224677182734,0.8711196780204773,0.0006523951888084412,1.3076597497274633e-05,0.0009245508699677885,0.0007736250408925116,0.0018021489959210157,0.0011222457978874445,3.694773477036506e-05,1.4194017694535432e-06,9,14
0.024223729968070984,1.7892659576190795e-11,1.0568033115276876e-09,1.4281920101850282e-13,1.6240063871464372e-07,1.8653838473881024e-09,4.5213874311222924e-11,5.064967542600662e-12,2.407357820033429e-11,0.0007527089910581708,1.4217819455097924e-07,0.975023090839386,2.318047753746555e-09,1.5583117374262656e-07,8.357425804025518e-16,1.4761654829813058e-14,2.7715694322916207e-12,6.887810144462492e-08,2.837484804410484e-12,1.2753930940870295e-12,2.4254201078099946e-11,1.2777250774347743e-13,3.2828201962376014e-11,0,11
0.024027107283473015,0.0005558138363994658,0.04821483790874481,0.00031873994157649577,0.19064050912857056,0.1820882111787796,0.00217272131703794,0.0014426864217966795,0.00019619232625700533,0.08797688037157059,0.009409289807081223,0.01635955087840557,0.059828851372003555,0.004406631458550692,0.0682876706123352,0.10844945162534714,0.020555052906274796,0.13168638944625854,0.005344971548765898,0.03431610018014908,0.002112890360876918,0.00043551879934966564,0.001174002536572516,15,4
5.312683344464719e-13,5.0042279348128105e-12,8.70180576900692e-12,2.906829811577527e-11,3.807881787665224e-11,9.603070338926045e-09,7.809392204899315e-15,9.664086208800021e-14,6.537523106686042e-15,3.256210856505959e-10,6.815245034985651e-10,1.2250261915980332e-10,8.385487490158994e-06,3.466395226414676e-11,5.816124665214417e-11,1.6494009933906706e-12,2.967897039241052e-10,0.9999910593032837,6.281433151400506e-10,6.055177550479129e-07,4.077768345212007e-09,2.9122336053094555e-12,4.2705146086063905e-09,17,17
0.7164269089698792,4.0141705426322005e-07,4.864095330958662e-07,4.293048334602645e-07,8.331920071213972e-06,2.8809796276618727e-05,2.1683601971744793e-06,2.4812801711959764e-05,7.857044437287186e-08,0.004508697893470526,0.00023126983433030546,0.27836233377456665,3.799801197601482e-05,2.877577571780421e-05,2.938051135714659e-09,0.0001853036810643971,9.537764356082334e-08,3.3558461609572987e-07,8.512128601978475e-07,1.1264984323133831e-07,6.992416956563829e-07,0.00015095225535333157,1.1791817655648629e-07,0,0
0.0006316519575193524,0.24416595697402954,0.0015524720074608922,6.292211764957756e-05,0.00018825884035322815,0.04187333956360817,3.134412690997124e-05,0.0037202180828899145,0.0006195959867909551,0.008878481574356556,0.012175369076430798,6.962316547287628e-06,0.014757425524294376,0.0008639440638944507,0.00023237377172335982,4.3676038785633864e-07,0.0323239304125309,0.00512965302914381,0.13399136066436768,0.01741478405892849,0.4073909819126129,0.0034668510779738426,0.07052170485258102,16,20
0.001348581863567233,0.024305885657668114,0.0005100672715343535,0.0010419964091852307,0.0012948410585522652,0.00011369818821549416,2.6582591090118513e-05,0.0003246110863983631,2.091396163450554e-05,0.0014385331887751818,0.0035880855284631252,8.534474545740522e-06,0.8443307876586914,4.000327317044139e-05,3.960127742175246e-06,1.3750745608831494e-07,0.01369860116392374,0.0034161137882620096,0.0012180296471342444,0.03837759047746658,0.006288119126111269,0.001351528917439282,0.057252805680036545,16,12
0.19359970092773438,1.5251386265013878e-10,8.769600612368051e-15,1.1570939519034429e-12,3.806750470403131e-09,2.7027632909515376e-10,1.2905370283533557e-07,5.429082097080373e-12,1.4173232899816757e-15,0.22014972567558289,7.2034689324596e-09,0.5862504839897156,3.465834286231484e-09,7.185191552849801e-09,2.7138350647898585e-16,2.288512939265311e-14,4.730068299660297e-15,3.887486253045802e-12,2.0858224869524378e-10,4.953463854373563e-13,1.9268243142515906e-13,2.465624059089233e-11,4.78997189135022e-11,0,11
1.5456421920134744e-08,8.34729974030779e-08,5.2687347817936825e-08,3.5924754229199607e-06,2.2742840428691125e-06,2.3605414298799587e-06,1.5877205328251875e-07,2.18089553527534e-05,1.7105273641959684e-08,2.440906064293813e-05,5.7843503782351036e-06,9.012565556076879e-07,1.3726653378398623e-05,1.5306136447179597e-07,0.9996640682220459,8.62766569298401e-07,3.7808213164680637e-06,1.3356617500903667e-07,2.955370109702926e-05,0.00017509714234620333,3.822264989139512e-05,1.0158745681110304e-05,2.9080879357934464e-06,14,14
0.007032356690615416,0.05898221954703331,0.0013956590555608273,0.001904300763271749,0.01907401718199253,0.006023767404258251,0.021163519471883774,0.003577674273401499,0.0008207082864828408,0.5273498296737671,0.01828993670642376,0.0024442123249173164,0.04337095841765404,0.00015814058133400977,0.00022854343114886433,4.325546251493506e-05,0.014120858162641525,0.0024960178416222334,0.0048680598847568035,0.10701461136341095,0.09590696543455124,0.009579824283719063,0.05415448173880577,19,9
6.722980288031977e-07,1.1839623766718432e-05,5.604070611298084e-05,2.157374365197029e-05,3.136132065151287e-08,9.216836042469367e-05,9.00958457350498e-06,5.871743837815302e-07,8.159299347276772e-10,2.4208267859648913e-05,1.3589376067102421e-05,3.1767530117576825e-07,0.9927842617034912,6.948926767336161e-08,1.756256029494807e-09,2.6732435709497793e-10,2.734434929152485e-05,0.005425480660051107,0.00010737566481111571,0.0001576194481458515,1.8138662198907696e-05,0.0012194933369755745,3.01116488117259e-05,17,12
0.0018995050340890884,0.01460648700594902,0.0005390873411670327,0.0024956713896244764,0.0017836983315646648,0.0017903534462675452,0.0006214231834746897,0.05220244452357292,0.0003616204485297203,0.01861749030649662,0.028789939358830452,0.003741530003026128,0.5980590581893921,0.003944489639252424,0.007137046195566654,0.0003456113045103848,0.018074244260787964,0.022677836939692497,0.006914053112268448,0.14358074963092804,0.04099703207612038,0.0043620276264846325,0.02645856887102127,17,12
9.187497198581696e-07,7.96628501120722e-06,1.9255717234045733e-06,6.4324153754569124e-06,4.430931426213647e-07,9.373646889798692e-07,2.0143890822055255e-07,1.2814302863262128e-05,1.329146357420541e-07,1.4139287486614194e-05,1.1331193263686146e-06,7.362667133747891e-07,0.009047310799360275,4.5797617076459574e-07,2.4494465833413415e-07,3.2855222542593765e-08,5.781290019513108e-05,0.1580279916524887,8.166457519109827e-07,0.8312618732452393,0.0015200594207271934,3.926870249415515e-06,3.164464214933105e-05,19,19
4.941353992649056e-08,1.4705684669991115e-08,1.2254760761720718e-08,3.346559140915417e-10,7.549499914105695e-11,3.636654355432256e-07,4.925143626266504e-11,2.7008857728105795e-07,6.203943470062256e-10,1.574554175931553e-08,1.9829269337634514e-09,1.12448756903194e-11,0.9999758005142212,5.535452651805883e-10,5.944272296609654e-10,3.1034151485621886e-13,2.0369745890036484e-09,4.0624169628245e-07,5.64895152876943e-09,2.3026939743431285e-05,7.2023067509974226e-09,3.0085345326114066e-10,1.0426047936107352e-07,12,12
1.7953601627596072e-06,1.1036135338926556e-09,2.949824647657806e-06,2.544218835609513e-09,6.934250995982438e-05,2.732366556301713e-05,3.0431790420948346e-09,1.5429745303663367e-07,3.6053791063750396e-07,4.01275246986188e-06,7.23405605640437e-07,0.00013863720232620835,1.9444517818101303e-07,1.96437267732108e-05,0.9996832609176636,5.031844921177253e-05,9.172386938871568e-08,9.921764387854637e-08,5.994144203214091e-07,3.53574591827055e-07,6.508540195682144e-08,2.5358048105772468e-08,1.785901382334032e-08,14,14
0.011352676898241043,0.00012709895963780582,0.00017017178470268846,2.1616115191136487e-06,0.009578104130923748,0.0018731888849288225,0.00012434097880031914,9.069762541003001e-07,4.423526115715504e-05,0.374518483877182,0.036804113537073135,0.5652415752410889,5.2508883527480066e-05,3.74672599718906e-05,5.3559182333629e-07,4.5946030695631634e-06,1.1303513502980422e-07,4.501068906392902e-05,9.88713054539403e-06,2.5060787720576627e-06,3.941808870422392e-07,7.333700978051638e-06,2.6807085760083282e-06,2,11
6.207684919486839e-14,1.498695373532144e-12,3.3305485105938892e-12,1.8642806211537771e-13,1.1973195004899573e-11,7.020705128368832e-10,4.146873833497976e-15,2.6320376542328383e-13,7.889969496259551e-16,4.997478819657175e-11,2.2366782037597233e-11,4.4098391605018605e-11,1.2378894098219462e-05,1.2661798692858994e-12,3.2464832146368583e-13,3.1867724605005865e-12,1.7949991493182438e-10,0.9999876022338867,3.690804606382159e-11,9.313230187046884e-09,2.1250388115845453e-09,4.579392962923701e-13,1.6395489410570008e-09,17,17
0.2671041786670685,2.6007788278548105e-07,3.61625360767448e-08,1.6494446697379317e-08,0.0020895805209875107,0.4732702970504761,9.698494807253155e-08,2.896805710861372e-07,4.4964203880226705e-06,0.05248251557350159,0.0010218748357146978,0.1811259537935257,7.844761057640426e-06,0.022642213851213455,2.563381030995515e-06,1.2861199820690672e-06,1.3387995068114833e-07,0.00014502066187560558,8.894626807887107e-05,9.708248427386934e-08,1.5639297998859547e-06,2.751469310169341e-07,1.0442593520565424e-05,0,5
0.010211925953626633,0.0010780931916087866,0.029260894283652306,0.00034338945988565683,0.0005263389321044087,0.2780822813510895,0.0002687427622731775,2.5620525775593705e-05,2.178803924834938e-06,0.006475860718637705,0.0021452284418046474,0.0001021784046315588,0.4009298086166382,0.0004896651371382177,2.2524861833517207e-06,5.9749180536528e-07,0.0033275482710450888,0.17309866845607758,0.05483376234769821,0.002087967935949564,0.0023031234741210938,0.033991437405347824,0.00041241527651436627,17,12
8.605434231867548e-06,4.602442459145095e-06,5.558430871133169e-07,0.00010687991016311571,1.7121369637607131e-06,1.7435855625080876e-05,0.0012853194493800402,8.943991269916296e-05,6.1516596261412815e-09,0.9978430271148682,5.095926553622121e-06,3.8102007238194346e-05,0.00011049433669541031,3.37526471412275e-05,1.9266024537500925e-05,3.5043885304730793e-07,7.39432948648755e-07,8.969839200290153e-07,0.0003494365082588047,6.207392289070413e-05,4.28565817855997e-06,1.6348414646927267e-05,1.3805879461870063e-06,9,9
4.283428889362284e-10,3.601799303254438e-09,2.933140308414295e-08,2.9412059454614337e-09,1.800749306613003e-11,1.7047161904315544e-08,1.017430723004864e-10,1.9432093434357256e-10,2.67915657242929e-14,1.878709632308073e-09,2.9032704018661093e-10,5.0779679940105016e-12,2.3138063625083305e-06,3.835444808975019e-11,6.314765550741175e-12,7.813769705052043e-13,1.0846303410971814e-07,7.817184233260832e-09,1.302443024542299e-07,8.624752578789696e-10,5.0951502572615937e-08,0.9999973773956299,3.6649450141368334e-09,21,21
1.9171002350049093e-05,0.0003096504951827228,4.8959864216158167e-05,5.005382718081819e-06,1.861131295299856e-06,0.0008225711062550545,3.8143474512253306e-07,5.037587470724247e-06,4.871748160439893e-07,1.6012932974263094e-05,3.10023533529602e-05,5.862903549314069e-07,0.865716278553009,6.95341213940992e-07,8.46719316882627e-08,6.589312651072987e-09,0.0005616422276943922,0.12901845574378967,4.0914561395766214e-05,0.00047586337313987315,0.0012726399581879377,8.942614658735693e-05,0.001563230063766241,12,12
3.6866904338239692e-06,0.028833482414484024,0.0006566022057086229,8.628679643152282e-05,1.7830672732088715e-05,0.0015729039441794157,7.585573621327057e-05,0.000340430298820138,1.517298997555372e-08,0.0007836922304704785,0.001823508064262569,1.0507758361200104e-06,0.7128862738609314,7.475076557739158e-08,5.905957550567109e-06,1.9181307209237275e-07,0.028310732915997505,0.0016164457192644477,0.008849804289638996,0.11749603599309921,0.00448268000036478,0.08328970521688461,0.008866945281624794,18,12
1.1978971770076896e-07,1.3667036569131596e-07,1.3552609345879318e-07,4.54931779358958e-07,1.987661944757857e-11,8.938727980023486e-09,0.9998785257339478,6.6993297878070734e-06,2.8716031774678186e-09,0.00011355223978171125,2.223070794116211e-08,2.1026003160784512e-10,2.4358340056096495e-07,4.330963676579813e-08,5.343002082436321e-11,4.221580862662222e-10,5.523324020373366e-10,7.320723138803942e-09,1.3850831592776558e-08,4.2751377549166136e-08,2.3741819177303114e-08,1.2263764226361218e-08,9.007769641300456e-09,6,6
8.736461313674226e-05,9.703776413516607e-07,0.9960582256317139,1.250004061148502e-06,0.0003466289781499654,3.069993545068428e-05,3.4296836020075716e-06,1.811874972190708e-05,1.3632526133733336e-05,6.705897976644337e-05,0.00010106145055033267,5.193408651393838e-05,0.0021684528328478336,4.224319582135649e-06,1.1714240827132016e-05,1.7678405583865242e-06,0.00010833473788807169,0.000533352664206177,2.269575588798034e-06,0.0003541923069860786,2.8818034479627386e-05,4.8111746764334384e-06,1.7140773707069457e-06,2,2
3.4265856811543927e-05,0.0007487524417228997,9.551278708386235e-06,0.0002637852740008384,2.6692587198340334e-05,4.65982302557677e-05,0.9712368845939636,0.00038748307269997895,2.171049118260271e-06,0.026216629892587662,0.00010280241986038163,5.014346243115142e-06,0.00013698972179554403,1.8139147869078442e-05,1.801941920120953e-07,1.0379433206253452e-06,3.7654699553968385e-06,1.4198204553395044e-05,8.488004823448136e-06,0.0004063863889314234,0.000164957411470823,5.524116932065226e-05,0.00010992945317411795,6,6
0.00010489161650184542,5.842839982506121e-06,7.148527220124379e-05,1.0129468375197348e-09,0.959952712059021,0.03878873959183693,5.341483415577386e-07,6.125138618529036e-09,7.295840305232559e-07,3.2816853490658104e-05,3.5284992918604985e-05,0.00044866272946819663,5.006779247196391e-05,8.671646014590806e-07,5.095941446597863e-07,7.20609421023255e-08,4.99853485962376e-05,3.598013427108526e-05,2.014964820773457e-06,8.592281665187329e-05,0.0003302343247924,1.9119268017675495e-06,6.577665772056207e-07,17,4
0.0001053430896718055,8.951609743235167e-06,3.86611418434768e-06,2.4871464120224118e-05,2.05321875057507e-08,2.532604594307486e-05,0.5671334862709045,1.2975017398275668e-06,3.28537724803013e-10,0.42743223905563354,1.0548674254096113e-06,1.266561788781928e-08,0.001410918077453971,2.411403102087206e-06,1.012450012716215e-09,1.314078845737754e-10,1.267409430738553e-07,1.4405643469217466e-06,0.0038277164567261934,1.3114704415784217e-05,7.643603225915285e-07,6.123802450019866e-06,9.233953619514068e-07,6,6
0.00017253399710170925,1.8307187929167412e-05,2.332226131329662e-06,4.680924575950485e-06,2.4066204673545144e-07,0.002547978889197111,8.767197869019583e-06,1.197908687800009e-07,3.7418455001159145e-09,0.0029539589304476976,0.0009809932671487331,4.101667855138658e-06,0.6967275738716125,6.149377895781072e-07,2.3262172632598777e-08,9.441327719628134e-10,1.1861808388857753e-06,0.29485857486724854,0.00016265996964648366,0.001055274740792811,1.5111686479940545e-06,4.274655225344759e-07,0.0004982536192983389,12,12
2.3525187771156197e-06,1.1118288512079744e-06,0.00040918897138908505,8.588221689365128e-09,1.5879979287092283e-07,8.251886356447358e-06,1.6727960883144988e-06,8.329834599862806e-09,0.08516348898410797,5.054929715697654e-06,0.91440349817276,9.630302884033881e-07,6.53778215564671e-07,8.797252704084713e-09,2.2004620348070603e-08,9.371059483953559e-09,8.088631631153476e-08,1.1393968435413626e-07,3.3557263634520496e-08,8.032963023651973e-07,2.366533180975239e-06,7.982983163401514e-08,5.292536542356174e-08,10,10
6.195771570490297e-14,2.908185844918698e-13,4.705769126689234e-14,3.390266312044282e-14,5.611029349483765e-11,9.62856017139302e-10,2.370138158612066e-15,2.8922326231022033e-13,7.668694103129745e-15,1.7895666892808748e-10,1.5289896085346477e-11,3.1313543424893453e-10,9.448389448607486e-08,1.366630506677291e-11,1.0573360763321826e-11,2.1337277431032753e-11,4.001273617992851e-11,0.9999988079071045,3.1349281504056137e-10,1.0544105180088081e-06,8.068690160456526e-10,1.467216918706743e-13,7.827187786801915e-10,17,17
0.0006468018400482833,7.060999562824577e-10,7.239946489545623e-12,4.098641565031258e-12,0.0005848970613442361,6.823845666303896e-08,2.6787883911083554e-08,1.591248725667238e-12,2.4878623605673056e-09,0.026258530095219612,0.00012281289673410356,0.9723865985870361,3.447683472046492e-09,2.259201039578329e-07,2.0643196874114977e-10,1.2950487036922365e-12,4.768657257264719e-12,5.533475344599026e-10,7.619955333382222e-09,2.94915931953188e-11,9.515760401868079e-10,2.921602543226598e-11,1.4954067983907748e-09,0,11
0.5211160778999329,2.1590988126263255e-06,5.504584787985323e-09,1.999638232774714e-09,0.09573113173246384,0.010298721492290497,7.46811963381333e-08,2.5854693941340656e-09,4.377373272745899e-07,0.01792006380856037,0.00015291770978365093,0.35474199056625366,7.920776852188283e-07,1.793155024643056e-05,5.644757994360816e-10,1.9089307912167897e-09,1.4574575857295713e-07,1.2466391126508825e-05,1.0726124628490652e-06,2.5436152739644058e-08,2.214027972513577e-06,1.0347239509655992e-07,1.5960875998644042e-06,5,0
2.201817677157823e-16,6.976686481134642e-14,4.729267840290252e-18,1.2412994872409629e-17,2.4370281469703075e-19,1.5810669559603724e-14,1.1010053126537535e-19,5.163424338136672e-18,5.039976535213827e-22,3.675818588618244e-17,8.426780894833924e-18,2.5335839382095994e-21,4.625212539355328e-12,4.2046477273687054e-17,4.5683278838485725e-20,2.3766522663718047e-21,2.371179532681156e-16,2.9458196542904783e-15,9.861169430395826e-15,1.1971349577605522e-16,2.17490766065212e-13,1.0,1.4359768579956242e-18,21,21
1.5238876471812546e-07,0.9992086291313171,7.429619927279418e-06,4.406192033457046e-08,5.8668883085033485e-09,6.696849368381663e-07,3.947751281430101e-07,8.73130284162471e-06,2.4482343929932426e-10,2.0203247004246805e-06,1.8825705410563387e-05,2.782548913504712e-10,0.00032786885276436806,2.1317237752782603e-08,4.9051696038304726e-08,2.6980090384043365e-10,2.7258884074399248e-05,2.115041979777743e-06,2.7133950425195508e-05,0.00015403232828248292,3.2895171898417175e-05,9.848520858213305e-05,8.3138671470806e-05,1,1
0.00018384310533292592,0.00026462701498530805,5.973135193926282e-05,4.980604353477247e-05,0.00016486961976625025,6.262533133849502e-05,9.448173659620807e-05,0.0010281342547386885,1.8847491674023331e-06,0.016279922798275948,0.03128928691148758,0.0003349390462972224,0.425432026386261,6.166746402413992e-07,0.002118390519171953,0.00010785225458675995,0.0056413644924759865,0.01186031848192215,0.001585226389579475,0.4706578850746155,0.02931927517056465,0.0012707853456959128,0.002192152664065361,19,19
0.0008597533451393247,0.0002527253236621618,0.014009893871843815,1.4737436686118599e-05,5.926639914832776e-06,0.035463906824588776,0.01221960037946701,0.0009566075168550014,3.4989695905096596e-06,0.8881500363349915,0.0016786279156804085,0.010923243127763271,0.011340375989675522,0.0005757641047239304,5.487750058819074e-07,1.655189066696039e-06,4.088200148544274e-05,0.01212998852133751,0.0005668549565598369,7.83648356446065e-05,0.00018025982717517763,0.010511395521461964,3.524178100633435e-05,9,9
1.2546242942335084e-06,1.748380640265168e-08,1.2350959366358438e-07,2.8154960318715894e-07,8.421417874160397e-08,0.0005372219020500779,1.0698588681634646e-08,4.795076691266331e-08,7.493199949415441e-10,8.121320149712119e-08,3.4156303172494518e-06,3.0483007229520354e-09,0.974783182144165,1.2946293281856924e-06,1.3191874259632641e-09,8.738185641732343e-08,8.100683146494703e-08,0.024664059281349182,1.0845696785111159e-08,6.629794825130375e-06,8.358252898688079e-07,1.479905442636209e-08,1.2100404092052486e-06,12,12
2.9966992087793187e-07,3.204974063919508e-06,5.369665956322933e-08,5.729020631406456e-05,4.4055237680140635e-08,0.0005728605319745839,0.00013617319928016514,1.6904905919545854e-07,3.602297626859041e-10,0.0011069024913012981,0.9972941279411316,2.1765811197838048e-06,0.00023129077453631908,8.230462299252395e-06,7.415132952104386e-09,6.469148772225708e-09,8.995444389370277e-09,2.5840899979812093e-05,0.0005427459836937487,1.443434757675277e-05,1.271263556645863e-07,3.487736421448062e-06,7.12055850726756e-07,10,10
0.9993528723716736,6.040375311044954e-09,1.8790507344546015e-12,1.7318975142899262e-09,3.109832107384136e-07,8.568651566065455e-08,3.94266024272838e-08,3.6532477043493827e-09,5.779874408945451e-12,8.582280861446634e-05,9.533784606219342e-08,0.0005586504121311009,2.9265461165550732e-08,1.6168490901691257e-06,1.8320817085637486e-11,2.1456202148328885e-08,1.3454614158914247e-11,8.001364848464476e-11,1.2060265675017945e-08,3.1282556406386774e-11,4.739815651078061e-09,6.161003511806484e-07,6.7801125824829e-10,0,0
7.018220911109846e-14,8.107072305141294e-12,1.2843422159125595e-10,1.0,1.5538747588986213e-12,1.4166552046029901e-12,1.6884136775328906e-13,3.147360772004504e-08,4.437676284976816e-16,7.480360948719511e-12,7.468318324876932e-11,5.986074482474746e-16,1.9649966098711502e-09,1.1266122583453164e-11,2.6424462618024336e-10,3.893612252818361e-14,2.267057208626966e-09,1.5444741319203814e-10,6.2561320568477186e-09,8.974952447893259e-10,1.439591779117677e-10,2.647238817043984e-10,2.7518030520923276e-08,3,3
5.6888500694185495e-05,0.3070453405380249,0.018802564591169357,1.5084370943441172e-06,0.003140941495075822,0.0007001940975897014,0.00014535787340719253,0.0031055626459419727,8.838773283059709e-06,0.003774687647819519,0.032900139689445496,0.0012851720675826073,0.06677515804767609,4.1180542211805005e-06,0.0001632095518289134,1.7191287042805925e-05,0.18745021522045135,0.0007424915675073862,0.001606350182555616,0.03322414308786392,0.11763399094343185,0.2205936312675476,0.0008223108598031104,1,1
8.924757599615418e-10,0.003999166656285524,2.286137288365353e-07,4.134698428970296e-06,1.483415820735523e-11,3.173262208555627e-10,6.829217369386242e-08,2.0392693841131404e-05,8.103621940147576e-11,1.1622297790836456e-07,1.054598487826297e-05,4.6699658029503155e-12,4.7903827180562075e-06,5.6109561441530786e-11,7.104019039694265e-10,1.0441400521976618e-10,9.95089067146182e-07,2.4947135912611884e-08,1.2485809293139027e-06,3.1671311262471136e-06,1.2435276403266471e-05,0.995927631855011,1.4972836652304977e-05,21,21
0.7980166077613831,6.724991976625461e-07,0.00018481785082258284,7.824869086014985e-10,0.08707777410745621,0.11423692107200623,9.59536237132852e-08,1.4101344092409818e-08,6.168117397464812e-05,2.769853745121509e-05,5.177914772502845e-06,4.805649587069638e-05,7.532374002039433e-05,0.00019956113828811795,1.8841046500739367e-09,1.0983766118854987e-09,1.4227659903554013e-06,4.017856190330349e-05,3.086905167037912e-07,1.343791268482164e-06,2.0228537323419005e-05,2.1673706669389503e-06,1.4446820628677415e-08,0,0
8.30819863040233e-06,8.509968211001251e-06,3.2248870411422104e-05,3.6402147998160217e-06,1.0001492228184361e-05,0.0007954195025376976,2.253856109746266e-05,6.424677849281579e-06,5.119586887758487e-08,0.001021752948872745,0.00042018803651444614,1.3124622455507051e-06,0.022273367270827293,1.8153748897020705e-05,6.185582268614098e-09,2.52904808206722e-08,0.00025490709231235087,0.0026691399980336428,0.0016245665028691292,2.731609311013017e-05,0.9704931378364563,0.0003032884851563722,5.527495886781253e-06,20,20
1.6857384377289009e-09,3.1081086597668783e-13,1.6095977361293284e-14,2.882219126654705e-15,0.9999972581863403,1.8751205743683386e-07,8.076297876996597e-14,2.574641558232408e-15,8.492919366907825e-13,5.797108926230976e-08,8.320281130735907e-10,2.4868086256901734e-06,1.57865587269157e-09,7.377602001534811e-11,2.6676261893898712e-11,4.617229992440186e-13,3.576752782841197e-11,9.530137790036974e-10,4.971868472480878e-10,9.657656618866639e-11,4.405848186284089e-10,1.1487094912429607e-14,2.1518554993438244e-10,4,4
0.2922850549221039,2.1930460206931457e-05,0.0012854564702138305,1.1499993206598447e-06,0.14463035762310028,0.1974918395280838,6.049659350537695e-05,7.729290132374445e-07,0.015331603586673737,0.1417672485113144,0.07032983750104904,0.12722937762737274,0.00013365910854190588,0.005400406662374735,0.00010387292422819883,0.00021539346198551357,1.6355286788893864e-05,0.0034604237880557775,9.19168014661409e-05,3.927715806639753e-05,7.752863166388124e-05,1.0403025044070091e-05,1.5611698472639546e-05,0,0
0.09545368701219559,2.4292100775369363e-08,4.292021185392514e-05,7.364697185430202e-10,1.4418842511076946e-05,0.1033831238746643,0.0009150728583335876,1.5212023072308511e-06,2.574208110672771e-06,0.7266832590103149,2.671653601282742e-05,0.00021616292360704392,7.473960863535467e-07,0.07266518473625183,7.056862614263082e-07,0.0005837337812408805,1.1942529187791706e-09,1.3607492910239216e-08,9.98345967673231e-06,1.4470463938209832e-08,2.0716006687848676e-08,2.15233640687984e-07,1.1688620071836908e-09,0,9
4.539999043373655e-09,1.438942689446776e-07,3.467543194801692e-07,3.423892280807195e-10,1.838433155709751e-10,7.363540444060845e-09,1.3293564860017426e-10,6.871594138146975e-08,1.10544418063796e-09,2.5651425872297295e-08,1.4484247135015949e-09,3.603984055633447e-10,2.825961757935147e-07,4.870030156922667e-09,1.2160987494791442e-11,1.0766894320557441e-10,2.032533120654989e-05,2.028424023592379e-05,2.0997931642341428e-06,1.5636290484621895e-08,0.9999500513076782,6.347015641949838e-06,2.155884715193679e-08,16,20
0.39624956250190735,4.207058373140171e-05,0.030335616320371628,7.084768640197581e-06,0.03539792448282242,0.059325817972421646,0.00020784356456715614,3.345472941873595e-05,4.4026652176398784e-05,0.2197626531124115,0.0005483374698087573,0.015798205509781837,0.027539683505892754,0.001044783741235733,2.393665909039555e-06,1.0412340998300351e-06,0.00022024140344001353,0.21273228526115417,6.695481715723872e-05,0.0003349280159454793,5.4025262215873227e-05,2.149660076611326e-06,0.0002488698228262365,0,0
0.9985853433609009,6.063125002064851e-10,0.0002961468417197466,8.066942114304254e-10,7.795764389584292e-08,0.0005463632987812161,7.79242384396639e-07,2.552630606889039e-10,2.2779970095143653e-05,0.00046042195754125714,6.824745651101694e-05,3.4030747428914765e-06,1.1313293271086877e-06,1.4624687537434511e-05,2.0356914938457482e-12,1.036909382141904e-12,1.9664036024491516e-11,3.662524932224187e-07,2.1779852943382139e-07,1.0532721361755648e-09,8.091655817610288e-11,2.9921246036401783e-10,1.7474701685671334e-09,0,0
3.667523529315986e-08,3.9767505199961306e-07,2.2424595513825807e-08,8.887960589731847e-09,1.362144147476485e-10,4.923851406601898e-07,5.465970076556914e-08,1.1497658647385833e-07,4.505431791534953e-11,3.5495145311870147e-07,2.4604560167063028e-08,5.817801240759479e-10,0.99044269323349,1.012661732247011e-09,6.214072811872029e-08,5.547147810536224e-11,8.236141013640008e-08,9.428469560646136e-09,7.894831810517644e-07,0.00955442525446415,1.404837934870784e-08,2.602585311706207e-07,2.499268418887368e-07,12,12
0.00019079184858128428,0.0010357204591855407,1.6058203300417517e-07,5.126789233145246e-07,0.2860095202922821,0.05730277672410011,0.00024366234720218927,8.842138043974046e-08,0.005073117092251778,0.12140453606843948,0.035646721720695496,0.09745102375745773,3.9037854548951145e-06,0.39539462327957153,8.896093277144246e-06,9.035268817569886e-07,5.971731411591463e-07,8.912006705941167e-06,6.565113380929688e-06,1.0410371942271013e-05,0.0001796242140699178,1.2464193787309341e-05,1.4386124348675366e-05,13,13
0.004033977631479502,0.0003851951041724533,0.00017450015002395958,4.806430524695315e-07,0.00036070894566364586,0.0016009759856387973,0.0010552187450230122,9.696856295704492e-07,1.1121948517711644e-07,0.35051000118255615,0.2225821614265442,0.41619765758514404,0.002543847309425473,4.109146902919747e-05,1.339665800514922e-07,3.768058434161503e-07,1.2385796253511216e-05,4.7055880713742226e-05,4.396224903757684e-05,0.00036712869768962264,8.356108082807623e-06,3.205790926585905e-05,1.6745975699450355e-06,10,11
3.747893788386136e-05,0.00020782642241101712,1.540692977641811e-07,1.529535984445829e-05,0.00908023864030838,0.8260436654090881,5.845073701493675e-06,7.514024673582753e-06,0.0021108360961079597,0.10594110190868378,0.008191975764930248,0.0011608076747506857,9.029091415868606e-06,0.0014649081276729703,0.04440023750066757,1.7420603398932144e-05,9.103791285269835e-07,2.6485031412448734e-05,0.0007663322030566633,4.1704253817442805e-05,0.00036818848457187414,9.775265061762184e-05,4.317888397054048e-06,0,5
1.991336873174987e-08,2.64109445424765e-07,3.5332063816895243e-06,2.6507020578492302e-08,1.1018087207048666e-06,1.5786903873049596e-07,6.557592246991817e-10,1.7394011564419998e-08,1.9807197548793454e-11,3.994499877535418e-07,3.6044855278305477e-07,5.9344070990619e-08,0.003519105026498437,1.2420361406029201e-09,5.010475923050706e-10,1.5516343765398233e-10,2.340644641662948e-06,0.9958866238594055,4.7478106779408336e-08,0.0005780328647233546,7.362949872913305e-06,5.561880911386652e-08,3.028835919849371e-07,17,17
0.005045264959335327,5.2668315220216755e-06,0.00030438104295171797,2.981872057716828e-05,1.2952235010743607e-05,0.01131612341850996,0.0003997199528384954,0.00026846423861570656,7.437930662490544e-07,0.632356584072113,0.3478887677192688,6.901859705976676e-06,0.000533477810677141,0.0003745043359231204,4.7553569970659737e-07,1.227270871595465e-07,5.771781161456602e-06,2.883292381739011e-06,0.00021608315000776201,7.49182618164923e-06,4.909400104224915e-06,4.506061668507755e-05,0.0011741522466763854,10,9
0.00025861398898996413,0.002481320407241583,3.828790795523673e-05,1.2771140063705388e-05,1.0095560355694033e-05,0.0039051207713782787,2.654168838489568e-06,0.0007115036714822054,5.005484808862093e-07,1.1491511031636037e-05,0.00011642087338259444,5.131649345457845e-07,0.185511976480484,6.949347834961372e-07,6.512330855912296e-06,3.658283094409853e-05,0.4884374737739563,0.00304990541189909,8.282146154670045e-05,0.0015871652867645025,0.12774094939231873,0.032108332961797714,0.1538883000612259,22,16
2.9778360840282403e-05,0.9467625617980957,0.0004899834748357534,2.3224645246955333e-06,1.8488924979465082e-05,0.00010888047836488113,7.660354981453565e-07,0.00026920129312202334,9.680562129688042e-08,1.0505857062526047e-05,0.00043889402877539396,4.672320486065473e-08,0.0037174304015934467,1.425518973974249e-07,3.569387558854942e-07,1.04136609024863e-06,0.003334651468321681,0.00781914871186018,3.4285912988707423e-06,0.011764707043766975,0.0014167928602546453,0.023656576871871948,0.00015405917656607926,1,1
0.10465892404317856,0.002891633892431855,0.2309621274471283,3.2081575227493886e-06,0.014738369733095169,0.31624242663383484,0.0025975226890295744,0.0028628611471503973,0.006654263008385897,0.06901261955499649,0.02160734124481678,0.07380197942256927,0.03288046270608902,0.004248932935297489,0.0006455794209614396,0.0001950034056790173,0.05209197849035263,0.013876799494028091,0.0006832380313426256,0.029539648443460464,0.010578327812254429,0.008056290447711945,0.0011705005308613181,9,5
0.0073984903283417225,0.002115433569997549,0.025423932820558548,1.633913598197978e-05,0.0007587730069644749,0.00032314963755197823,0.0002150402287952602,0.00024887503241188824,4.842767339141574e-06,0.0006978834280744195,0.007944267243146896,0.0003683003014884889,0.8639719486236572,1.38799612159346e-06,4.782295491168043e-06,2.7572159524424933e-06,0.026277195662260056,0.0014503683196380734,0.0003274297050666064,0.054574038833379745,0.004489471670240164,0.001616136753000319,0.0017691155662760139,12,12
4.78720357932616e-05,5.715637598768808e-05,0.11509186774492264,0.00030168466037139297,5.1816634368151426e-05,0.0004267088952474296,7.6520889706444e-05,0.001580684445798397,3.9116998777899425e-06,0.00024046342878136784,0.005520583596080542,0.0005472828634083271,0.5263429284095764,1.2098902516299859e-05,0.0002780637296382338,1.590135616424959e-05,0.01448797807097435,0.08273725211620331,0.00020252469403203577,0.24217765033245087,0.008143851533532143,0.0009760974207893014,0.0006790449842810631,19,12
8.596182965447952e-08,1.936394600221547e-09,1.0879030121202504e-08,2.0548346357784908e-10,1.215519351838168e-09,1.7061958033082192e-06,1.5659917806942758e-08,6.269635477451629e-09,2.3444612570755474e-11,5.491709771376918e-07,1.4540435131493723e-06,5.48853940074423e-08,0.9865763187408447,2.120245090608819e-09,2.654110744515492e-07,3.861114983294556e-09,4.8335408564526006e-08,1.504996134826797e-06,1.390367572184914e-07,0.013417628593742847,8.489149649903993e-08,8.063249623546653e-09,2.4188167913052894e-08,12,12
5.7993911468656734e-05,0.1223219707608223,0.00022821829770691693,0.0005663522752001882,3.677191853057593e-05,0.0006110677495598793,0.5162268877029419,0.030973095446825027,5.785205416941608e-07,0.3017122447490692,0.007728835567831993,5.855501967744203e-06,0.0027953600510954857,1.9510411220835522e-05,0.0002837658685166389,2.9922483008704148e-05,0.00012176390737295151,0.0003655114269349724,0.006453894544392824,0.0008969702175818384,0.0018418276449665427,0.006482028402388096,0.00023960335238371044,6,6
9.083533925036136e-09,3.822150151933101e-09,2.5084400476771407e-05,1.2502646917766924e-08,7.191387396687787e-08,2.3684901861997787e-07,6.679965281364275e-06,4.282177542336285e-05,1.0457017474152508e-08,3.737825318239629e-05,0.6106370687484741,8.827254305288079e-08,4.0790506318444386e-05,1.1387007656238346e-11,0.18798808753490448,0.1996414214372635,1.373910265556333e-07,3.2591306080576032e-06,3.112806780336541e-06,0.0015724687837064266,1.1284165566394222e-06,2.4897465422668574e-08,3.100774392805761e-08,10,10
9.526378574875594e-10,1.2667525879805908e-05,2.5455477725699893e-07,3.6931473434975715e-09,1.1518522802234088e-09,1.155404305563934e-08,1.2940388344206966e-11,1.522114345675618e-08,1.4432701700428652e-09,5.5820996713862314e-09,5.4095337986836967e-08,5.284654658321841e-12,8.492332563037053e-05,4.140353424691989e-12,7.769369349264199e-12,3.250470205495848e-12,0.6429764628410339,0.00023547376622445881,9.575199300115855e-08,8.159098797477782e-06,0.3566303849220276,9.146954653260764e-06,4.2463787394808605e-05,16,16
3.275832716198579e-09,3.747006177556855e-11,4.198401348798342e-11,2.2638256286927616e-12,1.1195658771612216e-05,1.3102070397508214e-06,6.413677228200854e-11,1.803133059530282e-10,3.1853474524723424e-08,1.970544616369807e-08,2.950318389594031e-07,1.5473166286028572e-06,1.977857344570566e-08,7.862913098399815e-10,0.999984622001648,2.2226336682251713e-07,5.67240920901213e-09,5.1220191282785876e-11,1.1648443987155588e-08,3.438302371705504e-07,3.9671201079727325e-07,7.564228132750372e-10,3.336919629504109e-10,14,14
0.00044184018042869866,0.00011128626647405326,0.9756333827972412,4.05611535825301e-06,0.00013161763490643352,5.823233732371591e-05,2.065977969323285e-05,0.00020597623370122164,9.270384907722473e-06,4.2645031498977914e-05,0.019262654706835747,0.0004717262927442789,0.0008414274780079722,9.98265477392124e-06,0.0005291983834467828,0.00020440352091100067,0.00032962876139208674,0.00010850313992705196,4.63359901914373e-06,0.0012320822570472956,9.667308040661737e-05,0.00024850809131748974,1.7143729564850219e-06,2,2
2.157089264154255e-11,9.435721093353777e-10,1.1501416485870664e-09,2.5131563496927356e-09,1.0553426080077422e-13,2.3953434721835087e-11,1.6168360053581132e-12,8.908977071689361e-13,1.8369244385134376e-14,7.263193518847189e-11,8.801149370928074e-14,8.053587568427993e-15,4.546402365690483e-08,1.1100943298272825e-12,1.9666442140162804e-13,5.668560645833917e-14,0.9986552000045776,4.7846944184470885e-09,0.0006533245323225856,1.2408693517151903e-10,0.0006913685938343406,3.413480342828734e-08,4.6770853856514805e-09,16,16
1.304619711822155e-14,3.267976696460485e-20,1.0,1.031565499802995e-24,1.833614149052273e-15,7.450162990869924e-15,1.2209366166656225e-17,1.0959612066374358e-17,1.8673310747218675e-18,1.3172869201417536e-14,3.959811199603625e-18,2.0252503558741697e-13,3.157910266832556e-14,4.3299459342911833e-19,2.1587414536997117e-19,9.38117427456662e-22,2.075381492637647e-14,1.1618442564554878e-16,5.8721237356506664e-18,2.3093672950834674e-18,4.296367002613688e-18,1.2619057143525164e-17,1.6237984817183863e-22,2,2
0.8645914793014526,9.375683589496475e-07,0.0003325995057821274,1.428394347247064e-10,0.001296677510254085,0.1335494965314865,2.6440790179549367e-07,4.871335690381784e-08,8.727879321668297e-05,6.913884590176167e-06,3.159331640745222e-07,1.8400103726889938e-05,6.5992007876047865e-06,6.66509586153552e-05,1.036268959531128e-09,4.0937909062677136e-08,4.2429368818375224e-07,3.21695588354487e-05,1.1326944715506215e-08,7.703141591264284e-07,7.388706535493839e-07,8.182683814084157e-06,1.1940242128360978e-09,0,0
0.8996337652206421,2.9385523703240324e-07,0.00040451038512401283,7.910806232303003e-09,0.0005014601047150791,0.011203417554497719,3.04742047774198e-06,4.1334726574859815e-07,0.04125509411096573,0.006459507159888744,0.0005230836104601622,0.039550602436065674,2.18089553527534e-05,0.0004027916002087295,1.53223780330336e-07,1.8325074790936924e-07,1.7190919834320084e-06,4.7668195293226745e-06,4.6034139700168453e-07,1.1585327683860669e-06,4.862957894147257e-07,6.045284806077689e-08,3.1124385714065284e-05,8,0
4.3297646284273794e-13,2.438674595595103e-09,1.7557000298040748e-10,1.0831563423963075e-10,5.391177091475805e-15,6.162839683021559e-11,1.326958421615787e-11,9.538086764848686e-09,8.714060831423176e-13,1.8320436834251552e-10,3.379976964978937e-09,1.5985539714852282e-12,6.106064347477513e-07,1.015937126092048e-10,8.12419047508707e-14,9.289911098416329e-14,3.083351884924923e-08,1.2919531400257256e-07,1.868223051815221e-07,1.4136475844084284e-11,0.999998927116394,8.031786791207196e-08,3.79096531943901e-09,20,20
7.387429690197678e-08,3.3833778001479686e-09,1.036962385114748e-05,1.7049700318239047e-08,5.434821689909164e-11,1.8159154933528043e-05,6.188542300833433e-08,8.861283928851549e-11,1.1202939617649399e-12,3.878701093640302e-08,7.063871976242808e-08,3.3665795845516655e-11,0.9999574422836304,1.2081465827762372e-09,1.0107109593704422e-11,9.638492261265785e-13,1.0330426647442437e-07,1.1602423001022544e-05,6.652054480582592e-07,1.3111969110468635e-07,1.0029574948333675e-09,1.1570991773623973e-06,9.789236798951606e-08,12,12
0.00044903659727424383,0.011441569775342941,0.014664845541119576,0.006788545288145542,0.0007198710227385163,0.0042455666698515415,0.0014624655013903975,0.0029349762480705976,2.001032407861203e-05,0.02983250468969345,0.0038122436963021755,0.00014909496530890465,0.14360520243644714,7.192324846982956e-05,0.00022117736807558686,8.832837920635939e-06,0.01945965737104416,0.07733768969774246,0.006848447024822235,0.6601150631904602,0.006981336511671543,0.005256209522485733,0.003573777386918664,12,19
1.6220375982811674e-05,0.12363046407699585,4.335456469561905e-05,4.592232471622992e-06,1.018961029330967e-06,8.808357961243019e-06,5.755493930337252e-07,5.768990740762092e-05,6.197486072778702e-05,7.282370006578276e-06,0.013506004586815834,1.7642994620814534e-08,0.002140078227967024,2.7214861120228306e-07,1.668914606511862e-08,1.9239267956550066e-08,0.0008981360006146133,0.00031446866341866553,9.257872079615481e-06,0.0006960360915400088,0.690947949886322,0.16709567606449127,0.000560003099963069,20,20
0.9890974760055542,1.5033910116812876e-08,1.120316839298141e-09,1.542733607529101e-09,0.00029497864306904376,1.999441155930981e-05,1.1375816910685899e-07,1.8204491247786336e-09,1.969978624671853e-09,0.008120984770357609,7.455151717294939e-06,0.0024498857092112303,9.307908044320357e-08,8.516120942658745e-06,3.93362703521305e-10,1.3238436125107e-08,5.3525517351715735e-11,7.884330699425846e-08,1.5785114726440952e-07,3.3935734777834625e-10,3.246205082518827e-09,4.9695508153035917e-08,6.912882355436523e-08,0,0
4.481868472794304e-06,5.241678185247123e-12,4.3396468640821695e-07,2.4877358506536495e-10,2.8490039767348208e-06,1.9189510567230172e-05,6.195633450722937e-10,1.8759102715648623e-08,1.8039886526821647e-06,1.222819173563039e-05,8.764956191953388e-07,0.0017548949690535665,1.324919196576957e-07,3.119137545581907e-05,0.9979585409164429,0.0002131580258719623,5.856676477122846e-09,6.04459327036011e-09,8.030487208543491e-08,3.283495431105621e-08,2.354484385236333e-09,5.894080779000888e-10,2.557478950837577e-10,14,14
1.3006942936044652e-06,1.272130884899525e-05,3.351933401063434e-06,0.00016041852359194309,1.2172833407930739e-08,4.1494795368635096e-06,3.6499266116152285e-06,4.471706688491395e-06,1.4578064089221243e-08,0.0001360047608613968,2.7083720851805992e-05,1.5237650359267718e-06,0.00165943440515548,7.3189942995099955e-09,3.0411413831643586e-08,1.6976583694372493e-08,0.13048070669174194,2.6243958927807398e-05,0.02003340609371662,2.756086814770242e-06,0.0008344202651642263,1.3872484487365e-05,0.8465944528579712,22,22
5.33805361024875e-11,7.616569180912691e-11,8.235144510759795e-11,6.037229827171586e-09,1.0009207872252457e-11,1.5017667465144768e-07,3.2348816958460702e-09,8.957427161115916e-11,4.211563010229208e-13,8.672597573422536e-08,6.637976390777567e-09,2.303251200874712e-10,0.0051056151278316975,2.3337173971071934e-08,7.452349293224358e-10,2.0928385413565564e-10,3.988374908114878e-11,0.0029170371126383543,5.159786269359756e-07,0.9919766783714294,1.7873029722892397e-09,5.346758036317567e-10,2.0056589722372564e-09,19,19
1.9498331838008198e-08,0.9996685981750488,3.913135969924042e-06,2.508605545514797e-09,1.915388819773156e-10,3.9171123233927574e-08,8.9764682797977e-07,2.169546633012942e-06,2.592455139449612e-10,3.208923970987598e-08,1.423964306468406e-07,1.1546508194015814e-10,2.7195580969419098e-06,1.890059486697737e-08,4.9440139482381795e-11,2.1529040702961133e-11,2.998151785504888e-06,1.3420927302831842e-07,1.7862701540138914e-08,2.8738234050251776e-06,2.6937791517411824e-06,0.0003128267708234489,8.78498767065139e-08,1,1
0.03209413215517998,1.620006969460519e-06,7.332693030548398e-08,5.978426287356342e-08,0.0005349586135707796,0.0002978711563628167,5.363534364732914e-05,8.559209874192675e-08,2.5700845071696676e-05,0.9040893912315369,0.0010097206104546785,0.06177148222923279,4.9129877879749984e-05,7.678885936002189e-07,7.61893588219209e-08,7.233413157337054e-08,5.547905175262713e-07,2.0595824025804177e-05,1.1380626347090583e-05,1.9472129224595847e-06,1.045491899276385e-05,9.725275731398142e-07,2.5445620849495754e-05,9,9
0.0018957857973873615,7.588856765217145e-10,7.873069307606784e-08,3.112242234759588e-12,2.7609927201410756e-05,5.2134923862467986e-06,2.003616828005761e-08,3.5903124917524565e-10,1.2985115915853385e-07,0.00048131358926184475,8.858842761583219e-07,0.9975885152816772,5.626403520864187e-08,4.0913971588452114e-07,2.292052658781074e-10,4.637568384868729e-10,1.4188671348946968e-09,8.012025709547288e-09,1.8027976889101183e-09,3.821284677574255e-10,4.101018635793707e-09,1.2078267552784183e-10,1.4686977189981576e-09,0,11
1.967828575288877e-05,0.0018635186133906245,0.09081735461950302,0.004571832250803709,5.244813564786455e-06,7.827164517948404e-05,6.311589095275849e-05,0.00615080539137125,0.0042882985435426235,0.004742795135825872,0.0015231630532070994,4.7302961320383474e-05,0.2578611969947815,3.530241156113334e-05,4.905685273115523e-06,3.870557208074388e-09,0.0028663647826761007,0.013588394038379192,0.00019923971558455378,0.03499994054436684,0.5560246109962463,0.017000872641801834,0.0032477567438036203,12,20
0.0229792483150959,2.9634758647034687e-08,8.210611849790439e-05,7.176377181394855e-08,0.0009367977036163211,0.04242097586393356,9.750820936460514e-06,5.108372533868533e-07,0.038385361433029175,0.6846321821212769,0.021162576973438263,0.07910404354333878,4.4559947127709165e-06,0.0014234823174774647,0.000513499544467777,0.10832792520523071,6.027575238931604e-08,1.1220835403946694e-05,5.1304623411851935e-06,2.439992670133506e-07,4.799702679747497e-08,2.3245742397648428e-07,7.579765082255108e-08,15,9
1.8143936131309601e-07,9.733005299494835e-07,4.165967126823489e-08,1.6972258265468554e-07,8.721872113426343e-09,7.779709267197177e-05,1.6393014945492723e-08,5.826854554413785e-09,3.2145418271678494e-11,3.927868021946779e-07,1.334602899305537e-07,8.779131310809873e-10,0.9994853734970093,8.821451125129443e-09,1.8735581974738125e-09,1.2184002071147226e-11,3.264893280174874e-07,0.00039415404899045825,6.61433568893699e-06,2.9577628083643503e-05,1.5500043559768528e-07,7.682966725042206e-07,3.473679953458486e-06,12,12
0.774236798286438,3.638801672423142e-06,1.3923520114644816e-08,6.464079937984479e-09,7.3041323958022986e-06,0.0019358106656000018,1.8080262975672667e-07,2.8022521291859448e-05,1.5017230126090908e-08,0.004657690413296223,1.949805664480664e-05,0.217370867729187,3.9802250739739975e-07,1.0109016329806764e-05,4.0382360566582065e-08,0.001724793342873454,1.7523898776516944e-08,5.853281095369312e-07,4.808637754649681e-07,3.514387358904969e-08,6.6946341803486575e-09,3.539466206348152e-06,1.3392971709436097e-07,0,0
1.4228420145648984e-13,5.323289552217059e-13,5.8669128583099805e-12,0.9999998807907104,1.0445481285481506e-12,3.8462819734741416e-11,7.327590140562834e-13,5.0217416003306425e-08,1.422472233861445e-14,1.248469799763896e-10,1.3903533879755514e-10,1.2994317197235171e-14,1.8561122416826947e-08,9.199570549789371e-10,9.93821824835095e-09,1.0973961675356594e-13,1.5550456972449056e-12,8.432791270829298e-11,5.625400145703452e-09,2.2454225978574271e-10,2.960690373421393e-11,3.683821910710483e-12,5.1518224353230835e-08,3,3
1.2279228030820377e-05,1.543373002732551e-07,1.3543067112209428e-08,1.9524113437086044e-09,2.0246654131028663e-08,5.858910753886448e-06,2.039351585381155e-07,6.773677105331721e-12,9.702194074634463e-05,6.6110765146731865e-06,0.9998764991760254,1.2317974551478983e-06,1.600099386322995e-09,1.3227152351191762e-07,1.145846091621383e-11,4.201087394628544e-11,4.078683502051206e-10,7.230380183465002e-10,1.0660937910245138e-08,1.104521404893255e-10,3.5981231327752994e-09,1.5080849902204818e-09,1.5220811278027213e-08,10,10
0.05432382598519325,0.04277527332305908,0.025298113003373146,0.00044792203698307276,0.005905599799007177,0.004597196355462074,0.00335362134501338,0.02948150411248207,0.0016112932935357094,0.548049807548523,0.01185195054858923,0.10580596327781677,0.06396923214197159,0.0008948454633355141,0.00017538845713716,7.046063547022641e-05,0.009222266264259815,0.03918885439634323,0.001041747396811843,0.026884909719228745,0.006279129534959793,0.004142137244343758,0.014628800563514233,2,9
0.0035291414242237806,0.0001075508989742957,0.016678547486662865,5.654862616211176e-05,0.002373829483985901,0.40018418431282043,0.001295840134844184,0.0014603150775656104,1.1542554148036288e-06,0.1651582419872284,0.0003164707450196147,0.00046566344099119306,0.32019707560539246,0.0018639500485733151,1.8469698943590629e-06,1.2414399463978043e-07,0.00010735711839515716,0.0780106857419014,0.006737826392054558,0.00040089330286718905,0.00013897787721361965,0.0008089413749985397,0.00010480321361683309,17,5
0.56283038854599,8.703882485860959e-06,0.03672917187213898,7.168332150087053e-09,0.0005614196415990591,0.34606310725212097,2.4891982320696115e-05,4.501026069192449e-06,3.128830576315522e-05,0.009766622446477413,7.036768511170521e-05,0.03430543839931488,0.001198993413709104,0.008255518972873688,4.115630360956857e-07,1.1605065992625896e-06,3.49702804669505e-06,5.0973278121091425e-05,1.5212854123092256e-05,3.542203558026813e-06,9.894870345306117e-06,6.494343688245863e-05,5.132279667918738e-08,9,0
7.567612919956446e-05,0.0002818248758558184,0.9787935018539429,3.885987098328769e-06,5.329873602022417e-06,0.00011532080679899082,1.0422554623801261e-05,3.28588139382191e-05,4.154620114604768e-08,6.438346463255584e-05,0.0003531307738739997,2.4008104446693324e-05,0.017117109149694443,1.6250730823230697e-06,3.804289235631586e-06,2.202595794642548e-08,3.9432416087947786e-05,0.00043458325671963394,6.151612979010679e-06,0.0025546408724039793,7.908561769909284e-07,7.882907812017947e-05,2.5760068638192024e-06,2,2
8.527747752395953e-08,5.6033002238109475e-08,1.2156474440416787e-06,4.5434326523263735e-08,1.1945046063388531e-09,3.0543333195964806e-08,3.039976492758001e-09,7.021721870614783e-08,5.063946224154181e-12,1.1490210738429596e-07,1.0064441724466633e-08,4.845706058631549e-10,2.9830154744558968e-05,1.337439825555009e-09,2.812462485124456e-09,2.962911860304729e-10,1.582468200922449e-08,1.3462504000472109e-07,6.56632082041142e-08,8.529509045729355e-07,8.367544523935067e-08,0.9999673366546631,1.4837492345876058e-09,21,21
0.0016979642678052187,1.4940978232402813e-08,0.0002653270203154534,8.577121235475715e-08,0.0062285917811095715,0.018084991723299026,1.9787637484114384e-06,5.621302989311516e-06,0.0017853599274531007,0.02057909406721592,0.00043801762512885034,0.10276241600513458,2.3075734134181403e-05,0.0022629951126873493,0.8403717875480652,0.004932433366775513,3.17701460517128e-06,5.387446890381398e-06,0.0005397897330112755,8.735937626624946e-06,1.9664698811538983e-06,5.160072760190815e-07,6.477429792539624e-07,14,14
0.00045283965300768614,0.006757243536412716,0.4629760682582855,2.905885412474163e-05,2.63348101725569e-05,0.00033013694337569177,0.00019016042642761022,7.220897532533854e-05,8.652475662529469e-05,0.030129486694931984,0.008445724844932556,0.001185823930427432,0.3329780101776123,6.918211875017732e-05,1.3846250794813386e-06,7.964320047904039e-08,0.11652377247810364,0.0001926217373693362,0.0069744279608130455,0.0014596779365092516,0.0014904220588505268,0.028414485976099968,0.00121430738363415,18,2
1.6708978645141315e-10,8.25204438115179e-09,4.5434767059759906e-11,7.203195195870649e-08,5.7334857347934864e-12,3.775665544103468e-11,0.9999995231628418,1.756674272712644e-08,5.71929182073723e-14,3.790306379869435e-07,5.697383537173195e-11,1.0065536945602638e-11,3.4306988361265667e-09,3.9534103768446016e-10,2.435688152904736e-12,5.692598627725365e-13,2.1174212285878652e-13,5.3424258072976016e-11,7.227523024511129e-09,1.666151938639615e-11,4.544594908728605e-11,1.5363224581399493e-11,2.7851604356143866e-10,6,6
8.040285320021212e-05,4.3936577753811434e-07,6.666507346153594e-09,0.00018962683680001646,1.1890280404713849e-07,1.6322732335538603e-05,0.6757930517196655,0.000566380622331053,4.863841329694196e-09,0.32224488258361816,0.00011210390948690474,3.203799963102938e-07,0.0002897605882026255,6.333128112601116e-05,6.863183443783782e-06,1.3160243952370365e-06,4.371799589009129e-10,1.7866124153442797e-06,0.0005972888320684433,3.38339050358627e-05,1.4076932757234317e-06,4.967554332324653e-07,1.9124598793496261e-07,9,6
4.8661720486453675e-11,4.793215477305601e-11,5.501240019079034e-10,5.264161995199856e-09,1.5833365976831992e-13,1.7652242167986998e-10,1.7683826625258803e-09,2.7910094374528072e-11,5.953714965153435e-15,2.9298917070263997e-07,2.0611340325465966e-12,1.0262767198565559e-12,5.5767219464542e-07,6.906331517959885e-13,5.812947692640513e-11,2.8260625176829146e-12,0.762648344039917,2.6951888637549715e-11,0.23735035955905914,3.9660264405938506e-07,5.23317034151205e-08,3.6213021470388185e-09,9.689591351502713e-09,16,16
1.3571006093116011e-05,3.3358764994773082e-06,0.011319508776068687,0.0009546201326884329,1.1973886557825608e-06,6.71863163006492e-05,0.0010825736680999398,2.633732663070987e-07,6.873850377786539e-10,0.0008039328386075795,5.95966821492766e-06,4.343853987620605e-08,0.04884789139032364,1.3133144420862664e-06,9.730736216795322e-09,2.3710938767962375e-10,0.11781152337789536,2.1444402591441758e-05,0.8183982372283936,7.612506578880129e-06,2.089684312522877e-05,7.657858805032447e-05,0.0005623448523692787,18,18
0.24756039679050446,0.00012879037240054458,0.03497963771224022,2.8934673537150957e-05,0.2994934618473053,0.16884256899356842,0.000657928001601249,7.652968633919954e-05,0.002268930897116661,0.14937184751033783,0.03589407727122307,0.024325111880898476,0.0014918738743290305,0.01872234418988228,0.00021741089585702866,0.0005261108162812889,8.157053525792435e-05,0.014229580760002136,0.00025000690948218107,0.0004891145508736372,0.00015535246348008513,7.992715836735442e-05,0.0001284725294681266,11,4
4.82507278557376e-15,2.4958595068817634e-18,6.4638469732501685e-18,1.8041855543256413e-18,1.3089503212897143e-16,1.866168894762432e-12,4.505447020509718e-15,9.152018877987833e-14,7.534303855718377e-15,2.774501765487325e-12,5.630660326015613e-13,4.759858414533913e-13,6.998055978899389e-16,2.593358741729418e-14,1.3611432293780812e-11,1.0,2.778033280049038e-16,7.032118482430935e-17,7.300683380898813e-16,4.5224601007717944e-15,5.8220140473496e-15,3.059630728028534e-14,5.659283339800719e-19,15,15
0.2727608382701874,1.3084964223253337e-07,4.5992092054802924e-05,1.1135431243758376e-08,0.0007198972161859274,0.7215637564659119,1.3939408745500259e-05,9.592734606655995e-09,0.0001212342904182151,0.003854804439470172,0.00027897892869077623,1.7090131223085336e-05,7.469398406101391e-05,0.0005079384427517653,1.9430104192252884e-09,1.8837198467736016e-08,1.417980683982023e-06,3.088699668296613e-05,3.2629129691486014e-06,2.658654523202131e-07,1.3728123349210364e-06,3.3908902423718246e-06,7.297965964880859e-08,0,5
0.871812641620636,0.00011392635497031733,1.5865041405049851e-06,6.466673418970004e-09,0.0032870578579604626,0.12060926109552383,2.9629118216689676e-06,1.0268724508932792e-05,2.320100065844599e-06,0.0025380838196724653,2.456247602822259e-05,7.48233560443623e-06,3.7800367863383144e-05,0.00011952845670748502,1.34534928974972e-07,6.577179010491818e-05,4.1836042896647996e-07,6.605644557566848e-06,1.2241474905749783e-05,1.2784443015334546e-06,0.0002370062720729038,0.0011091481428593397,9.114937427057157e-08,0,0
9.671120848597781e-11,1.3552981436779077e-12,7.488958758683495e-11,4.376675237505179e-12,7.565675516629788e-13,2.761296968856186e-09,7.718689576385884e-10,1.6714007955442867e-08,5.870008119987155e-14,9.351563079462721e-09,6.692833787180774e-11,2.8905557059033526e-08,4.929193719860336e-10,3.2862028653823927e-09,9.553021707020548e-10,1.0,1.3137510176952638e-11,1.8300479187605134e-10,1.2718868493133417e-11,3.7945266373462516e-10,1.0374167670745837e-11,1.9373892767848844e-10,5.2821333732747805e-14,15,15
2.8234035198693164e-06,6.746604049112648e-05,0.0003333277127239853,1.8088953765982296e-06,0.00010690381895983592,0.0003144551010336727,1.1533660654095002e-05,0.00010227484744973481,2.0025895537401084e-06,5.491345655173063e-05,0.06114824488759041,0.004995980765670538,0.17743432521820068,1.7792690414353274e-06,0.032754916697740555,0.0007857102318666875,0.0473301075398922,0.018026478588581085,0.0003151257988065481,0.6386381387710571,0.01628020778298378,0.0011556027457118034,0.00013589630543719977,19,19
0.00021035279496572912,0.007603075355291367,7.688802725169808e-06,0.00022609072038903832,1.9577532839321066e-06,0.010008752346038818,6.231931911315769e-05,0.0003331492480356246,1.4352448118870598e-08,0.09225086867809296,0.0016608068253844976,1.5225528841256164e-05,0.5884709358215332,1.834058821259532e-05,6.0743959693354554e-06,2.113698904793182e-08,8.824617907521315e-06,0.0003816450771410018,0.07667239755392075,0.00024908932391554117,2.3352189600700513e-05,0.005001027137041092,0.21678799390792847,9,12
0.014439604245126247,0.0001272246881853789,0.10235396027565002,1.3130303386788e-06,0.15469083189964294,0.23325997591018677,9.56803560256958e-05,2.904005305026658e-05,0.0014716151636093855,0.09212321788072586,0.08079501241445541,0.12005248665809631,0.022916896268725395,0.0001465097302570939,0.00022430070384871215,5.41896088179783e-06,0.002871251432225108,0.1509299874305725,0.004055791534483433,0.004941811319440603,0.014093675650656223,0.00023412368318531662,0.00014028657460585237,5,5
2.2725204151200634e-13,2.181974462223124e-10,5.149963029811577e-13,1.6101723632807458e-15,4.577669920032067e-16,6.070399825169881e-12,6.8791391176102265e-15,7.899291030316613e-14,5.021256806257183e-18,8.540457295362625e-13,7.177530867829435e-14,2.4004199041137626e-17,1.9728886926917433e-11,6.499089833737325e-15,1.7229021782858077e-15,1.0896961075907346e-16,7.638059455750135e-12,6.302715409311783e-15,1.733718030250131e-11,6.958851355397255e-14,1.0136600586685418e-10,1.0,2.6961096827587006e-15,21,21
0.0024473611265420914,0.1318455934524536,0.001652163453400135,0.0005006243009120226,0.0010334622347727418,0.010919785127043724,0.0005119647830724716,0.0003446002956479788,1.2143771527917124e-05,0.002810841426253319,0.0037010605446994305,0.00012257292110007256,0.6238890886306763,0.00011341872595949098,1.509104640717851e-05,2.828768629115075e-06,0.0349641777575016,0.04376603662967682,0.0024505737237632275,0.044805798679590225,0.011344886384904385,0.03566049411892891,0.04708541929721832,22,12
0.5439049601554871,9.086234058486298e-06,0.12219889461994171,2.133531097570085e-06,0.003882454242557287,0.0838756188750267,0.00025650273892097175,0.00016128915012814105,0.009704201482236385,0.09467009454965591,0.016168750822544098,0.11223345249891281,0.0014906014548614621,0.009563228115439415,0.00040330461342819035,0.00018334640481043607,0.0001707780611468479,0.000593600096181035,0.00020009228319395334,0.000154709312482737,4.6476350689772516e-05,1.2449317182472441e-05,0.00011397719208616763,10,0
0.021110907196998596,0.0004376293218228966,1.6284630532936717e-07,4.603008164849598e-06,0.0007415119325742126,0.0077552832663059235,3.1982854125089943e-05,3.2227012525254395e-06,4.0074915887089446e-05,0.5031638741493225,0.4582206904888153,0.005448146257549524,0.0010197904193773866,4.2802195821423084e-05,2.9634051657012606e-07,4.942398490470623e-09,1.5072069459165505e-07,0.00031126037356443703,0.0006731461617164314,5.037351729697548e-05,1.875135967566166e-05,3.430930291870027e-06,0.0009218400227837265,10,9
1.5302731526389834e-07,2.249267438969582e-09,6.25119639607874e-07,3.1140642148264064e-11,9.507505005501571e-09,2.3136621166486293e-05,6.300672206194236e-10,7.905858745438366e-10,8.855932098761343e-10,1.8681437552459101e-07,5.0466564260887026e-08,8.192786253857776e-07,0.00847261119633913,4.406475540008614e-08,1.3829175651847159e-11,7.491629538947109e-10,1.185762457112105e-07,0.9915003776550293,1.307075003786906e-10,1.5894464695520583e-06,2.764230941920687e-07,3.260675618399489e-10,2.7674712299585735e-08,17,17
0.006775835063308477,2.0808076328648895e-07,4.5311045937523886e-07,4.133052233790124e-11,0.8767725229263306,0.03511318564414978,4.2980556713700935e-07,1.6122080059854937e-10,5.706959314011328e-07,3.459251092863269e-05,0.00013595448399428278,0.0038974075578153133,9.636042364036257e-08,0.07726814597845078,4.294759037293261e-08,1.044717912179749e-08,5.826521043417188e-09,3.1276712331163026e-09,2.8448143396531123e-08,3.196955233875087e-08,4.5853556684960495e-07,1.2357021184072892e-08,6.548119269034203e-10,0,4
0.00036192266270518303,1.9046862007598975e-06,3.264571546424122e-07,3.355978961394612e-08,0.05154170095920563,0.8987832069396973,9.725328027343494e-07,1.4754722599263914e-07,0.03979092091321945,0.0018794116331264377,0.0016120349755510688,0.005063510499894619,6.665682576567633e-06,0.0006085102795623243,5.156035058462294e-06,7.014441052888287e-06,1.4167883932714176e-07,1.352424078504555e-06,5.542498797694861e-07,3.4131837765016826e-06,0.00031881677568890154,1.1646339771687053e-05,6.002616146361106e-07,5,5
0.000722898927051574,0.034047629684209824,0.000508111494127661,0.00016684668662492186,0.0007430568221025169,0.00038165372097864747,0.0027865362353622913,0.24402554333209991,0.0003991526609752327,0.013018127530813217,0.3203865885734558,0.0025911100674420595,0.009594503790140152,4.217756577418186e-05,0.0028144398238509893,0.0012712222523987293,0.0766262412071228,5.25150571775157e-05,0.0019466259982436895,0.028659334406256676,0.07214956730604172,0.10791171342134476,0.07915443181991577,16,10
6.9911288846924435e-06,1.0974448372280676e-07,5.17626290275075e-07,3.895399913744768e-08,1.09508778223244e-06,0.002299841959029436,4.4119685682630916e-09,1.4446648322063993e-09,1.4077365939613173e-09,9.595006389417904e-08,3.026950707862852e-07,3.741299536841325e-08,0.6768688559532166,2.17709680327971e-06,1.0322422083763882e-10,5.019372140147027e-10,2.3049633455229923e-06,0.32048115134239197,5.705565513380861e-07,1.6218649534494034e-06,0.000326354056596756,8.10558674402273e-07,7.03221257936093e-06,12,12
1.0990721222015054e-07,1.0629460120981093e-06,3.4421441341692116e-07,1.811402034945786e-05,0.3053537905216217,0.012071091681718826,4.044905494993145e-07,1.908814661888414e-09,3.51580486945835e-10,0.00045037403469905257,0.00824308954179287,2.216823759226827e-06,0.0013980020303279161,1.5045533473312389e-05,0.00039289292180910707,7.598499962568894e-08,1.340819289907813e-05,0.1388055831193924,0.29063233733177185,0.24079647660255432,7.742594607407227e-05,1.6662233974784613e-06,0.0017264931229874492,12,4
0.006484739016741514,0.0009613934671506286,0.001572369015775621,4.96064021717757e-05,2.1078396457596682e-05,0.012918957509100437,0.003992023877799511,0.15525230765342712,1.6018402675399557e-05,0.022621704265475273,0.012837751768529415,2.3035065169096924e-05,0.7488272786140442,0.00045856134966015816,0.0010552630992606282,3.27843263221439e-05,0.0007571091991849244,8.507825987180695e-05,0.005759165156632662,0.013311265036463737,0.0021964770276099443,0.01056787371635437,0.0001982033863896504,7,12
1.2762412552547175e-05,6.496988498838618e-05,9.434060484636575e-05,6.197424954734743e-05,0.0023321828339248896,0.16433185338974,3.825692692771554e-05,1.1801929758803453e-05,1.1000859245768879e-07,0.011959816329181194,0.011151810176670551,0.0013148161815479398,0.38024577498435974,0.0005032633198425174,0.00044717820128425956,1.3984476936457213e-06,0.0007450649281963706,0.030027788132429123,0.20859891176223755,0.18470469117164612,0.0014691522810608149,0.0010571698658168316,0.0008249469683505595,12,12
6.129024404799566e-05,0.0007371007814072073,4.711338988272473e-05,6.0583588492590934e-05,0.003914049826562405,0.16393910348415375,0.0005661522154696286,1.8676146282814443e-05,0.0013632549671456218,0.3591861128807068,0.027517372742295265,0.43869641423225403,0.00011632929818006232,0.0016545351827517152,3.357109017088078e-05,7.893406291259453e-06,7.436134183080867e-05,0.0008261713082902133,0.00021086735068820417,9.434659295948222e-05,0.0002548355550970882,0.0003783440333791077,0.0002416029601590708,9,11
3.4422254202581826e-07,3.908977760147536e-06,5.940763912803959e-06,2.9680037187063135e-05,1.2315773290083598e-07,1.0100069630425423e-05,8.475083745906886e-07,7.598407592013245e-07,5.572919903329421e-09,7.076111160131404e-06,0.00031710040639154613,4.1479900403373904e-08,0.03698538616299629,5.556865971811931e-07,6.785015784771531e-07,5.892560039910677e-08,3.7933823477942497e-06,0.006380848120898008,7.446418749168515e-05,0.9561009407043457,9.608554137230385e-06,6.16350953350775e-05,6.072083124308847e-06,19,19
3.223417088804581e-10,1.1955815226727395e-09,5.194470721614497e-12,1.4330294728637227e-09,4.8615401797551944e-14,4.2677852918338033e-10,2.200174938071786e-11,2.988232716827355e-10,2.5952459311359005e-14,3.3627816087289375e-09,2.332294635198906e-10,1.9907332889351065e-13,3.471355375950225e-05,2.0353260743455337e-11,9.022269042979758e-12,2.8574739146039474e-13,8.169128151713778e-10,4.698012534554152e-10,7.437399176524195e-07,1.528303150699628e-09,1.0655167415052347e-08,0.9999644756317139,3.3651366138087724e-09,21,21
1.6000802460780505e-08,1.1013795528924675e-06,9.070203255134857e-09,3.820785632324686e-10,6.640315380890272e-11,8.797991313258535e-08,8.072466028963277e-10,6.537066721268303e-11,1.3864538857266684e-11,1.5532880581758945e-07,3.0981484044900753e-09,8.826046837828727e-11,4.875742888543755e-06,8.029699682943203e-10,3.6967252040531404e-14,2.961147901317171e-14,2.1479247269695634e-09,5.859370322269797e-09,3.402963244525381e-08,3.292053962766772e-09,2.4542250898207385e-08,0.9999936819076538,2.2850882297476005e-10,21,21
9.613335821834212e-11,3.506266999832308e-13,1.0,3.207820179766034e-16,9.012334606893491e-13,1.2191979370523853e-10,1.2320804099186233e-11,7.057151629567826e-13,4.7384151317291304e-14,8.342244256498432e-11,8.581082350765656e-13,1.0673333050714717e-10,1.1557724777233602e-09,2.7800201377048417e-13,3.4367544448049136e-15,5.911593816631492e-17,3.2184157561232496e-09,8.069830394197286e-12,6.233170229963392e-12,1.2669493275677124e-12,3.67905445691763e-12,3.2561266183339654e-11,7.0462502477740274e-15,2,2
0.00036424724385142326,0.003476656274870038,0.059048861265182495,0.00045996406697668135,0.00020454195328056812,0.00019968432025052607,0.0015452195657417178,0.004421951249241829,1.0181131528952392e-06,0.011514893732964993,0.007044692058116198,0.00010677185491658747,0.7532936334609985,1.7962283891392872e-05,5.461247201310471e-05,9.563758567310288e-07,0.11290057748556137,0.0015540927415713668,0.004331646952778101,0.01723366603255272,0.003677633823826909,0.006570055149495602,0.011976581066846848,18,12
8.860867819748819e-05,0.0015154641587287188,0.00025312896468676627,5.922444415773498e-06,3.103004075910576e-08,0.00019548839190974832,5.983465234749019e-05,4.440279008122161e-05,3.3716617053869413e-07,0.0006598756299354136,0.0014904545387253165,7.101780283846892e-07,0.9702903032302856,5.965579816802347e-07,3.556602621301863e-07,1.003493892426377e-07,0.0015197830507531762,0.0008676217985339463,0.006755257491022348,5.428547956398688e-05,0.002157025272026658,0.0008793841116130352,0.013161051087081432,12,12
0.5461629033088684,0.0011281977640464902,0.038941964507102966,6.111619586590677e-05,0.011406059376895428,0.03803635761141777,0.00029486999846994877,0.0023197061382234097,0.06355376541614532,0.01598661206662655,0.06564510613679886,0.008903327398002148,0.08438047766685486,0.0016694136429578066,0.00019725211313925683,0.00010178230877500027,0.0667366310954094,0.005580873694270849,0.000730375642888248,0.02194027230143547,0.0124518359079957,0.0011630912777036428,0.012607946991920471,20,0
0.7888911962509155,8.906064863367646e-08,0.17660975456237793,2.4331615122719086e-07,3.2494994229637086e-05,0.009255771525204182,0.00015967863146215677,3.633788381307568e-08,0.001949179102666676,0.002530178287997842,0.009868825785815716,0.00021540185844060034,0.01005086861550808,2.402018935754313e-06,9.765651398652153e-09,6.39316544148727e-10,1.373215582134435e-06,9.742572729010135e-05,0.0003220133949071169,4.385929059935734e-06,2.6590614652377553e-06,5.258463716018014e-06,8.307349048664037e-07,2,0
1.7349384506815113e-06,0.5110940933227539,0.0006794969085603952,0.00041838345350697637,3.299537638667971e-05,0.0001719238789519295,0.00014945339353289455,0.0004492973966989666,1.0575508468946282e-08,0.0008784986566752195,0.32640132308006287,1.5046354917558347e-07,0.008282488211989403,1.846458985710342e-08,0.0007476420141756535,9.849265916272998e-05,0.00027253071311861277,0.0012234741589054465,0.0047684404999017715,0.07566274702548981,0.00010264183219987899,0.06793641299009323,0.0006277957581914961,1,1
1.0619930363711325e-13,1.0,3.6780918311052346e-09,9.040147170885811e-15,9.814393743184492e-18,3.45388153570169e-14,1.8295443285354374e-11,1.7463686746710394e-12,9.419998990202883e-17,5.700032459921012e-13,2.5759910871059333e-10,6.588742250156514e-19,2.282384559126882e-10,3.5647176942037173e-13,3.8241589392752975e-16,5.635179917136383e-18,3.1198711691361736e-13,3.5172081752339688e-15,7.053633371834067e-11,6.070981911632245e-11,7.398459449248218e-12,1.9300369302754916e-08,8.876703354570442e-14,1,1
1.1278874362252722e-10,1.0241408832101229e-09,6.84685446117328e-08,8.663856476687215e-08,2.2033379894897953e-12,2.036737618837936e-11,9.249880375539199e-12,7.335319018864084e-10,2.8492924165901545e-12,3.638508516701222e-08,3.4401395621053155e-10,4.431162468204741e-12,7.209674208752404e-07,1.5425781854129517e-13,9.574697805436738e-12,4.768973844299085e-12,0.9998737573623657,3.3154299217130756e-07,0.00010358590225223452,3.742980592136291e-09,1.959352448466234e-05,4.22456132298521e-08,1.7726098349157837e-06,16,16
0.1647270917892456,0.0003578030737116933,0.0037165966350585222,4.7231420467142016e-05,0.0018952743848785758,0.30117127299308777,0.004986320622265339,9.438526467420161e-05,0.0022493721917271614,0.2937967777252197,0.16073259711265564,0.0026671814266592264,0.038919996470212936,0.005331359338015318,7.701910362811759e-06,1.4623311471950728e-05,6.115897122072056e-05,0.011444095522165298,0.0013990039005875587,0.0012223059311509132,0.00039171180105768144,0.004578106105327606,0.00018807663582265377,10,5
0.0009073351975530386,2.971771891679964e-06,1.7762167772161774e-05,2.3960944872669643e-07,0.027489138767123222,0.9647509455680847,2.0994266378693283e-06,8.35023820400238e-06,2.4421990474365884e-06,0.0016312528168782592,5.7638291764305905e-05,0.00137839384842664,0.0014226289931684732,0.0010615302016958594,5.305011654854752e-06,6.8047893364564516e-06,8.23425125417998e-06,0.0010491139255464077,4.131340028834529e-05,0.00011596335389185697,1.8277476556249894e-05,1.7855099940788932e-05,4.416220235725632e-06,5,5
0.00988739263266325,0.00038407332613132894,0.00012528143997769803,0.0034895131830126047,3.614936940721236e-05,0.000787201919592917,0.0013255983358249068,0.0010753906099125743,0.0015425710007548332,0.11099347472190857,0.31861454248428345,0.00032440663198940456,0.2958124577999115,3.3198157325387e-05,8.254255590145476e-06,9.566724656906445e-06,0.0006043024477548897,0.09715452790260315,0.004756689537316561,0.08608932048082352,0.037881039083004,0.0023168749175965786,0.026748178526759148,17,10
1.049410798259487e-06,8.335678813864433e-10,8.17897927163358e-09,3.0033002994256375e-12,0.998282790184021,0.0005242957849986851,3.188413699728443e-10,1.8565296869277326e-12,7.567229620697447e-10,7.673982509004418e-06,1.771313264953278e-07,0.001183449407108128,3.928286140819637e-09,4.650962353025534e-07,9.127786859686182e-10,1.4030900052919293e-10,6.917641459658341e-10,1.923644576962147e-09,1.6739400976462093e-08,2.151775868597383e-09,2.38666135743415e-08,1.4495131483993617e-10,2.753255623488826e-09,4,4
0.9955630302429199,1.4824021832282597e-07,1.8214948795503005e-05,1.0405719619299703e-09,2.2875212835060665e-06,0.003782085608690977,3.6731046293425607e-07,9.078999596567883e-08,5.508424649747212e-08,8.502573473379016e-05,8.862501272233203e-05,2.5172301320708357e-05,9.60960824158974e-05,0.00019158414215780795,1.4407944837202535e-09,1.2769189083883248e-07,1.5945037512565818e-09,5.192891308070102e-07,2.41897794239776e-07,7.58394680389074e-09,6.115139399298641e-07,0.00014578999252989888,7.765523779568184e-10,9,0
1.2656453662884815e-10,2.8077479230503855e-10,1.6277575121126375e-10,2.737507776018333e-09,2.3357601660126126e-13,3.594871900158836e-10,1.7628890702781064e-07,1.4938015269194693e-08,2.5303433393714103e-12,7.069548360050248e-07,2.726060488456028e-09,1.1955836320964863e-10,0.00015604673535563052,2.1631309243819175e-10,4.4890416717180415e-08,9.84789694236099e-10,3.782129470719653e-11,1.6025093751981245e-10,1.91821342809817e-07,0.9998427629470825,6.598586260730954e-11,2.047606084687459e-09,1.1247182352125407e-10,19,19
1.9642519077933684e-07,6.175128510221839e-05,1.2192078457928801e-08,7.4948179644707125e-06,1.4310700180431013e-08,2.365952013860806e-06,5.900074597775529e-07,6.427495691241347e-07,2.6916023229683894e-11,4.066284600412473e-05,3.3194521620316664e-06,2.4927344632885706e-09,0.9930315017700195,1.8539919821591866e-08,9.988616511691362e-08,7.01714381046159e-11,2.7189189495402388e-05,5.6289030908374116e-05,0.0012646475806832314,0.003601592965424061,0.00017068037413991988,3.330688559799455e-05,0.0016975565813481808,12,12
1.4699634220960434e-07,2.6048210202134214e-05,7.999079230103234e-07,5.437373662431355e-09,7.612285246594297e-10,2.1495276314453804e-07,5.105458811272001e-08,8.417062417720445e-06,3.6776026668405848e-09,2.5445374376431573e-06,1.230858686085412e-07,3.336002407650085e-08,0.005231254268437624,2.3667261928039807e-08,1.5678404130525792e-09,4.45810388605139e-10,0.0016069684643298388,9.457980922888964e-06,0.000132686021970585,1.2902130947622936e-05,0.9927996397018433,0.00011149365309393033,5.726823292206973e-05,20,20
8.286124675294104e-09,3.3033501267709653e-07,2.8538316154680388e-09,1.7658177142720888e-08,3.193603159701297e-10,6.5414601522206794e-06,2.8972968468821136e-09,7.043736149903168e-10,6.241671676038285e-12,1.5009270271093555e-08,4.2156408142091095e-08,5.854626505819027e-11,0.9999819993972778,7.970112902988546e-10,5.913064482498953e-10,2.929762552353332e-12,1.803949771783664e-07,2.8848558031313587e-06,9.62285071182123e-07,1.1011062497345847e-06,6.227319460094805e-08,9.461214744987956e-08,5.563872036873363e-06,12,12
1.4233184075784777e-10,2.722823522205431e-09,8.727139011455165e-09,4.754457165745407e-07,7.357118803064111e-10,3.1413073031671956e-08,1.9061232592321176e-09,1.5527984231766823e-08,6.225440085314005e-13,1.2188427263026824e-06,4.4382222341710076e-09,9.462109984426093e-10,6.015343842591392e-06,1.4221976374351186e-10,4.146547549765955e-09,5.721680906844995e-10,0.0006414332310669124,2.5011353500303812e-05,0.9991242289543152,4.1985677512457187e-07,0.00018752166943158954,7.154479817472748e-07,1.2892717677459586e-05,18,18
7.780645319144242e-06,0.0055374461226165295,3.9688613469479606e-05,0.00014973014185670763,9.793659216938977e-08,0.00012272121966816485,5.058088390796911e-06,0.0004093222669325769,2.8344297220428416e-07,9.062368189916015e-05,0.00034795262035913765,4.673993814208188e-08,0.955243706703186,2.2040494513930753e-06,4.834320407098858e-06,2.3167854124039877e-07,0.0004361386818345636,0.00931492354720831,0.00015906497719697654,0.0009225398534908891,0.0013670880580320954,0.020217088982462883,0.00562139879912138,12,12
6.438605737457692e-07,0.00029428076231852174,0.00010557958739809692,0.00047367377555929124,3.072083927690983e-05,0.00028996769106015563,7.679206646571402e-06,6.28656562184915e-05,1.1374198471969521e-08,0.0006573657155968249,0.00010306186595698819,6.291186309681507e-06,0.062156885862350464,4.378602625365602e-06,1.1348699445079546e-05,1.8387819409326767e-06,0.0010990843875333667,0.9165717959403992,0.0032726938370615244,0.01203807070851326,0.000337909470545128,0.0006256788619793952,0.0018481588922441006,17,17
0.00021369689784478396,0.04561522230505943,0.20775173604488373,0.0008952656644396484,9.895139373838902e-05,0.013594858348369598,0.002559548243880272,0.0005665274802595377,4.898888073512353e-05,0.007773364428430796,0.043688807636499405,8.686033834237605e-05,0.056595057249069214,1.628378959139809e-05,1.2730444723274559e-05,1.6690970596755506e-06,0.12786202132701874,0.008952532894909382,0.15519487857818604,0.003340665716677904,0.035498399287462234,0.18609395623207092,0.10353796929121017,22,2
0.005459894891828299,0.00010454976290930063,0.3990306258201599,3.998747786226886e-07,0.031021611765027046,0.012169364839792252,1.8606584490044042e-05,4.675139643950388e-05,1.0968822607537732e-05,0.015562754124403,0.000395543611375615,0.511500895023346,0.00994960032403469,5.550722198677249e-05,9.181017230730504e-05,1.0456501513544936e-06,0.0007386845536530018,0.010400991886854172,2.9604610972455703e-05,0.003222093917429447,0.00010728631605161354,7.058987102936953e-05,1.0881200068979524e-05,2,11
0.04458953067660332,9.92954483081121e-06,0.00200162292458117,1.0496670483917114e-06,0.11064225435256958,0.7193021774291992,2.266071351186838e-05,4.563978563965065e-06,0.003702417016029358,0.05629175156354904,0.026682665571570396,0.029759839177131653,0.0014230540255084634,0.0015371291665360332,0.0010473637375980616,0.00013764374307356775,1.2394873920129612e-05,0.0023937679361552,1.4606206605094485e-05,0.00027808541199192405,0.00014254479901865125,2.2825431642559124e-06,7.461304676326108e-07,5,5
1.0157727515832602e-19,1.0119726995506791e-23,7.107672197984066e-21,3.820438876450075e-17,1.4728943423241721e-16,1.370094718076246e-16,1.718317279105007e-19,4.743277778472728e-15,9.852570894338987e-20,4.731943736484636e-16,5.248281653892159e-17,4.7128999212012976e-17,2.7760433349581417e-15,1.61161484715503e-17,1.0,1.4154202441184205e-13,1.1344733633550758e-20,3.786711675232719e-21,1.0268829447250376e-14,1.8892645694407184e-13,1.5144687707833323e-17,1.2970737427047876e-19,1.5097495813116254e-18,14,14
1.8045913721675966e-11,1.876541766421269e-08,4.301209995810629e-12,8.71341943042836e-10,3.6576759687451804e-14,1.5260019026186455e-08,1.2660698045507957e-09,3.418769434215818e-11,2.649189732601559e-13,4.310036327836997e-09,1.8467089191176456e-08,1.0562700752036677e-13,0.9999600648880005,1.8042817240271347e-11,3.57210150347953e-10,1.488315764033854e-13,2.1748684450595412e-11,1.2736459664708377e-09,2.6959921228808525e-07,3.9231472328538075e-05,2.475625260345282e-10,3.7390129881131884e-10,3.3350960393363493e-07,12,12
3.621750465754303e-06,4.802514581569994e-07,6.339428750834486e-07,4.4600727733268286e-07,5.307219907990657e-06,0.00018555497808847576,5.2762285207563764e-08,3.8579113237346974e-08,0.9977346658706665,0.00014838566130492836,0.001608500024303794,1.1768542208301369e-05,2.5888716663757805e-06,5.23759335919749e-05,1.4829483916400932e-06,1.0000821504263513e-07,1.6433843086360866e-07,8.247359801316634e-05,7.52042126350716e-07,3.4743977721518604e-06,0.00014640999143011868,1.5106516002560966e-06,9.392994797963183e-06,8,8
3.4903802070829215e-09,1.520499524898522e-11,1.0,1.953934543935036e-16,2.3951906430452752e-11,6.752126080478149e-10,1.4755469415761446e-11,1.0086644193496586e-11,1.962919410347652e-11,1.0064169497780995e-09,2.1434045944374036e-12,3.2151517004308516e-09,2.140082555612821e-09,5.868964342292671e-11,4.145045174068149e-14,8.507087314322051e-15,1.2545869232383211e-08,9.336279666039005e-11,9.696193500885464e-13,6.151639961315958e-12,1.8224438624869777e-10,8.248456362380807e-10,2.7993746457320246e-15,2,2
8.847104595588462e-07,2.3797994799679145e-05,2.677786505955737e-05,4.052588337799534e-06,5.911782636758289e-07,6.838864010205725e-06,0.9305411577224731,0.00033386683207936585,1.3128143905305478e-07,0.0682392567396164,2.3141845304053277e-05,3.0445849915849976e-05,0.00026085524586960673,3.2087914405565243e-06,1.137420167651726e-05,1.2697152840246417e-07,1.2316278343860176e-06,6.480191245827882e-07,0.0001922648516483605,0.0002661001344677061,1.2990910363441799e-05,2.165911610063631e-06,1.7941736587090418e-05,6,6
0.0006413939408957958,0.0019112499430775642,0.013726208359003067,0.014337635599076748,0.0006021489971317351,0.006937140133231878,0.004132126923650503,0.025450510904192924,6.328656309051439e-05,0.43679413199424744,0.012696640565991402,0.009948624297976494,0.18553923070430756,0.0005453723133541644,0.005091502331197262,0.00045052063069306314,0.007678933907300234,0.15764382481575012,0.00836805161088705,0.09649422764778137,0.004271058831363916,0.0009908736683428288,0.005685333162546158,7,9
6.802021630392119e-07,0.00026391056599095464,0.00012780541146639735,9.83779682428576e-05,3.4443658591953863e-07,0.0005693557905033231,2.356244749535108e-06,2.699335163924843e-05,6.146403386253496e-09,1.835093462432269e-05,0.0013700852869078517,3.571617241959757e-07,0.9488576054573059,3.110596253463882e-06,2.3554425965244263e-08,5.7357145699654666e-09,0.0007720235735177994,0.0310343187302351,5.018869342165999e-05,0.00012593706196639687,0.006980848032981157,0.00037401061854325235,0.009323223493993282,22,12
4.3348655220931676e-10,1.916432541360178e-14,6.6111096631849e-12,1.7040759914266346e-09,7.102551899151877e-05,0.029975544661283493,2.1832251718284512e-12,6.999407997643203e-11,3.156669647896848e-10,0.0001522074599051848,1.6836472696013516e-06,0.00010570949962129816,6.321943715192901e-07,0.008585181087255478,0.019511578604578972,2.842519464252291e-08,2.2064097077167943e-11,0.0004032530705444515,0.9403631091117859,0.000830116041470319,2.4205821347322853e-08,5.964867488827963e-11,6.702075339148905e-09,12,18
0.0032345824874937534,8.473170082234915e-11,1.583507724944866e-07,1.744937638825661e-09,0.008828039281070232,0.00017126824241131544,5.335343303158879e-06,5.065468045017951e-08,2.973520167870447e-07,0.9853782653808594,0.00037801440339535475,0.0011939911637455225,7.585550179101119e-07,0.0008021836401894689,1.2809653071599314e-07,8.98084238087904e-08,2.2916821218466055e-10,1.0177437559377722e-08,6.7152268456993625e-06,1.5524445062808923e-09,1.557456719147865e-09,6.808425490056891e-10,2.2636811536358437e-08,0,9
0.0024409389588981867,0.10741079598665237,3.983748683822341e-06,1.3423205018625595e-05,0.0010740249417722225,0.0016381876775994897,0.0006164554506540298,0.0005117222899571061,0.0008587808115407825,0.049762994050979614,0.019046973437070847,0.13070939481258392,0.46911418437957764,0.00040424009785056114,6.360632482937945e-07,6.8428644226514734e-06,0.006097763776779175,0.027120769023895264,6.60010555293411e-05,0.01812194287776947,0.15085317194461823,0.008012576960027218,0.006114059593528509,12,12
0.0005109215271659195,0.00030647648964077234,5.343515113054309e-06,4.1872891642924515e-07,0.005729987286031246,0.02065344527363777,2.920752422141959e-07,2.8930023177053954e-07,1.6850750625962974e-06,0.00015278988576028496,3.526000728015788e-05,3.125836155959405e-05,0.2295520156621933,5.545186013478087e-06,9.868925587852573e-08,8.547720398155434e-08,0.00047639908734709024,0.7364659309387207,9.573683200869709e-05,0.0026807573158293962,0.0030922521837055683,6.930725794518366e-05,0.00013363351172301918,12,17
1.1491486475279089e-05,0.0007520961808040738,1.127648738474818e-05,5.111124892209773e-07,5.53132622371777e-07,0.00020923859847243875,7.750826398478239e-07,0.0002374763134866953,8.485974589689249e-09,0.00016159149527084082,0.00018236684263683856,1.0163788743966506e-07,0.9881546497344971,1.842194450318857e-07,5.260172201815294e-06,2.775808525257162e-07,1.6305490134982392e-05,7.182446279330179e-05,0.0004076149489264935,0.007932540960609913,4.457785689737648e-05,0.0017906568245962262,8.639323823445011e-06,12,12
0.022963587194681168,3.962391019740608e-06,0.0003640180511865765,4.973112481820863e-07,3.765300425584428e-05,5.2112849516561255e-05,0.0019456804729998112,0.00011348653060849756,4.588494277868449e-07,0.9659792184829712,0.00069400918437168,0.0028910350520163774,0.004531100858002901,4.287859383111936e-07,1.5566925526400155e-08,5.088434704703104e-07,3.3192470709764166e-06,0.0002154637622879818,9.322327969130129e-05,3.1194245821097866e-05,1.443389805899642e-06,2.8386584745021537e-06,7.467014074791223e-05,9,9
0.3793390691280365,0.0008120265556499362,0.2419564425945282,0.0001534205221105367,0.08530234545469284,0.040388502180576324,0.00011012460163328797,0.0005847586435265839,0.00034698445233516395,0.04681702330708504,0.012745662592351437,0.10392041504383087,0.05074428394436836,0.012745078653097153,0.0005492445197887719,8.877900654624682e-06,0.0018038288690149784,0.004232472740113735,0.00012698980572167784,0.016816381365060806,0.00020124769071117043,0.00018291911692358553,0.00011194226681254804,2,0
0.00042035707156173885,0.0028779555577784777,0.016151558607816696,0.0026642486918717623,3.105890937149525e-05,6.150593890197342e-06,0.00014100623957347125,0.20174695551395416,6.1018999986117706e-05,0.003247890155762434,0.02648932673037052,8.143889863276854e-05,0.07321248948574066,4.935165634378791e-06,0.000933099421672523,1.3240253792901058e-05,0.0891040489077568,0.0007287145708687603,0.0047722687013447285,0.04985493794083595,0.4265073537826538,0.007963776588439941,0.09298613667488098,16,20
4.570934419914619e-16,4.191260305462902e-17,1.1015548282561349e-13,1.0,1.5384656774001897e-16,6.2168707376899276e-15,1.2598903715080922e-17,4.081650382264934e-12,1.1341685136951376e-16,2.590213411934731e-15,1.1718018963740705e-15,8.24782450521114e-18,5.2859105981184484e-11,1.1160942309240696e-10,8.193570821823926e-11,2.1241255653043923e-16,2.8599826059651483e-15,6.500286420241252e-13,8.805142487529338e-13,3.758263665554207e-12,5.177399443412681e-14,5.31911584819144e-14,2.721894128002774e-14,3,3
0.055678870528936386,0.004917662125080824,0.043068259954452515,0.003490807954221964,0.0012295386986806989,0.016402602195739746,0.001705385628156364,0.07545380294322968,0.0016390196979045868,0.04369615763425827,0.06109284609556198,0.004789581522345543,0.29801085591316223,0.003905111225321889,0.0032293840777128935,0.0005647391080856323,0.008034731261432171,0.04768194630742073,0.0009452848462387919,0.3058409094810486,0.009958658367395401,0.0060974713414907455,0.002566347364336252,12,19
6.631628934883338e-07,4.53737669658949e-09,9.09844999341658e-09,4.4011406389980745e-13,0.9999825954437256,1.2503137440944556e-05,7.786169625711992e-11,7.346789734734294e-13,7.514214250825546e-10,1.157391960049381e-08,4.6264649000704594e-08,3.620886445787619e-06,3.052877417530908e-08,5.8760374344046795e-09,5.794508761702843e-10,1.2889629641410494e-10,7.027871617992787e-08,2.336956184123551e-09,1.6535812996654187e-10,1.9643865201146582e-08,4.720497770449583e-07,6.683331665868764e-10,1.4454160091048607e-10,2,4
0.12756890058517456,0.0010106092086061835,0.05202610790729523,0.00012675172183662653,0.08461905270814896,0.363982617855072,0.0009753138874657452,0.00027923713787458837,0.020327560603618622,0.1649802327156067,0.004705727566033602,0.09551719576120377,0.008065215311944485,0.01681392826139927,0.0004995755152776837,0.0004942513769492507,0.000746718083973974,0.052886392921209335,0.0008409359725192189,0.0013858661986887455,0.0006125493673607707,0.000169402061146684,0.0013657824601978064,0,5
4.850360113550778e-08,5.0763726555658195e-11,9.54633527783244e-09,7.71678068667292e-11,9.61915773700639e-08,1.2188037601390533e-07,2.378683529968839e-05,2.087872097433774e-09,5.229864718375721e-12,0.9999668598175049,4.566838640585047e-07,4.9994282562693115e-06,3.56930307532366e-08,1.7437681520959813e-08,2.0819588275600154e-09,1.578501773735752e-10,1.884728595413776e-09,9.093201747134572e-10,3.5406587812758517e-06,1.9444374999011416e-09,2.1285858409214597e-08,1.7347158431935128e-11,4.1997785804603893e-10,9,9
0.48134344816207886,3.316764832561603e-06,0.00014317879686132073,9.216157650371315e-07,3.295191709185019e-05,0.33515143394470215,7.193699730123626e-06,0.000200488037080504,0.15868720412254333,0.010719121433794498,0.0015542511828243732,0.0027052080258727074,0.0007530684233643115,0.00845539290457964,7.399178798550565e-07,7.229800047525714e-08,1.3051617315795738e-06,0.00020997284445911646,6.806789656366163e-07,1.784779306035489e-05,3.532159780661459e-06,1.6798643400761648e-06,6.891714292578399e-06,0,0
0.00022359774447977543,1.2738076371476836e-08,1.8581150840191185e-08,5.818069914731439e-10,2.076987357213511e-06,2.601363303256221e-05,7.228834988382005e-07,2.034153112617787e-08,4.8883528336318705e-08,0.02707262523472309,5.30796532984823e-05,0.9726080298423767,6.57895498079597e-07,1.2660126230912283e-05,7.279318481323571e-08,5.198951669171947e-08,3.712112284226521e-10,7.353852993219334e-08,6.368431115788553e-08,4.63322269439459e-09,1.3514780405898819e-09,2.0501063069389147e-09,1.945799077418542e-08,11,11
0.0008846075506880879,0.0004978437791578472,0.0005655174609273672,0.00471779890358448,0.0010508461855351925,0.008540283888578415,5.7351458963239565e-05,0.0010127326240763068,1.4522974822739343e-07,0.027143478393554688,0.0027668422553688288,0.002504577860236168,0.3836449086666107,0.00032322824699804187,5.7822835515253246e-05,2.898297225328861e-06,0.0016745360335335135,0.11629144847393036,0.39568910002708435,0.012872577644884586,0.00040618720231577754,0.0002694357535801828,0.039025746285915375,12,18
4.375674689072184e-05,0.00018953270046040416,0.00676532881334424,0.0001326812052866444,7.173146877903491e-05,4.641726991394535e-05,1.012009488476906e-05,0.0001746241032378748,1.939497025205128e-07,0.0003684926778078079,0.0001902192598208785,1.9165119738318026e-05,0.4828028082847595,8.071109505181084e-07,3.705386575347802e-07,3.016806360278679e-08,0.0025585107505321503,0.4370277225971222,6.0214497352717444e-05,0.06511823832988739,0.0031695503275841475,0.000588233582675457,0.0006613577716052532,19,12
0.008399927988648415,2.2276500999396376e-07,6.636319938024826e-08,2.0349244511663755e-09,0.0036843775305896997,9.548617526888847e-05,2.7716362183127785e-07,9.75340030962002e-10,4.313796125643421e-06,0.3214389979839325,0.00044489040737971663,0.6659179925918579,6.864318947918946e-06,1.1654410627670586e-06,7.471465224284657e-09,4.1813598272710806e-07,5.237127620461024e-09,2.977193616970908e-06,5.248582510830602e-07,1.2391032555569836e-07,1.411297745335105e-08,1.1579495584612687e-08,1.3566107099904912e-06,5,11
1.3262920761647479e-09,5.887355669642602e-08,1.4291384076159375e-08,9.687922464252097e-09,1.4570113778672455e-12,1.604252020115382e-07,1.609586464113022e-09,2.1069391564765283e-08,4.511687204389325e-11,1.0807700512316387e-08,1.2746903088611816e-08,5.4349968969802376e-11,0.9998999834060669,1.9981932775081646e-10,4.25170787465845e-10,2.098389517701804e-11,5.950247583541568e-08,3.356522574904375e-05,7.51614948057977e-09,6.429345376091078e-05,3.231327241337567e-07,1.2872632737526146e-08,1.524090862403682e-06,12,12
0.0329720713198185,4.6679965635121334e-06,1.1269236892985646e-05,9.394004507612408e-08,0.13559037446975708,0.17612169682979584,5.3012921853223816e-05,1.3407388976816037e-08,0.0004580904496833682,0.6259097456932068,0.007838999852538109,0.020885534584522247,4.483890370465815e-05,4.4806161895394325e-05,1.1597486526682133e-08,1.4849716123421786e-08,1.077965634976863e-06,1.8664401068235748e-05,1.4427065252675675e-05,9.660296882429975e-07,1.455543861084152e-05,1.1266367437201552e-05,3.8236671571212355e-06,5,9
8.746344759558156e-10,8.009153340537978e-10,1.744916849899525e-10,2.1642694580936706e-10,6.871238300565352e-11,2.106059895368162e-07,6.648819272925266e-10,2.6720048049155842e-11,2.1616916427453364e-13,1.5158980737339789e-09,1.2409581806593906e-08,2.1730776900152904e-12,0.999897837638855,8.802774481564413e-11,2.4189329358992318e-11,4.215994686609242e-15,2.92189050732361e-10,2.9654733779693743e-08,7.857738069105835e-07,0.00010110128641827032,1.2957220185683127e-08,5.531213709275562e-09,2.0583739157586933e-09,12,12
5.158173053132487e-07,3.716667720254918e-07,1.8067468090521288e-06,2.4376177520935016e-07,2.078536596172853e-07,1.0835199049097355e-07,1.4815117538091727e-05,2.698809282719594e-07,5.720793630481502e-11,2.745697202044539e-05,2.9772669222438708e-05,5.1162626135692335e-08,0.11705505847930908,3.0697078212682527e-09,1.2599895171661046e-07,6.890050197050357e-10,1.2235388169301586e-07,3.569932687241817e-06,1.312817130383337e-05,0.8828514218330383,2.5882908971652796e-07,6.53964832508791e-07,4.365475447798417e-08,19,19
1.898912671549624e-07,2.1949293937950642e-08,2.979344593256883e-08,2.858246750392368e-09,4.1598414100008085e-06,2.3913591576274484e-05,3.9258654660478953e-10,9.925442412406227e-11,2.3270767257610459e-10,3.4099343793059234e-06,5.187508023141163e-08,2.231517328254995e-06,0.01732557639479637,5.675759666701197e-07,8.817555713358516e-11,1.1037139084624226e-11,1.3548184085721005e-07,0.9825268387794495,2.449074827381992e-07,0.00010781542368931696,1.6354741774193826e-06,2.6547084530648135e-09,3.0320602490974125e-06,17,17
