prob_0,prob_1,prob_2,prob_3,prob_4,prob_5,prob_6,prob_7,prob_8,prob_9,prob_10,prob_11,prob_12,prob_13,prob_14,prob_15,prob_16,prob_17,prob_18,prob_19,prob_20,prob_21,prob_22,true,pred
0.026602620258927345,1.976769999600947e-05,7.545793778263032e-05,1.7412421584594995e-05,0.020703410729765892,0.0023660643491894007,0.010468068532645702,7.950565486680716e-05,0.0004565980634652078,0.17845453321933746,0.007205436937510967,0.5589432120323181,0.027343466877937317,9.167781536234543e-05,2.6291645554010756e-05,0.00033143634209409356,0.0005607913481071591,0.0005152312805876136,6.521564500872046e-05,0.0005292686400935054,0.00016619969392195344,4.005886148661375e-05,0.1649383008480072,11,11
1.394166559975929e-07,1.1751956074945724e-09,6.116265467426274e-07,1.1398716424082522e-06,3.3904722585020863e-08,1.9710445542386879e-07,0.999976396560669,1.3672824934474193e-06,1.3800559827359393e-05,3.3558749237272423e-06,2.7820740911010944e-07,1.3249761821043649e-07,1.0376813008861063e-07,3.7602743141462724e-09,1.8732744244687183e-09,1.8337600238282903e-07,3.97812360830585e-09,1.804698541718608e-07,5.07958813900089e-11,7.723595274455874e-08,1.9961596535722492e-06,3.4779372715121326e-09,1.9068286949419644e-09,6,6
0.0007770060910843313,7.988523407220782e-07,0.017466580495238304,8.237988708970079e-07,0.0007907176041044295,0.0009099793387576938,2.7840134862344712e-05,1.6232672805926995e-07,3.2068175670474375e-08,0.003395318752154708,2.2493620690511307e-06,1.625175656272404e-07,0.9726647734642029,7.651489795534872e-06,5.562368698974751e-08,6.591197587724196e-10,5.0416801968822256e-06,0.003589930012822151,0.0003132003184873611,9.67409596341895e-06,5.672920906363288e-06,1.5171579548223235e-07,3.225655382266268e-05,12,12
3.148302596400754e-08,2.6770318600766174e-11,0.9999997615814209,1.6149364831519186e-11,5.717704532059997e-09,4.1691405883170773e-10,1.6255093104877716e-10,6.209043501570477e-09,7.482721664509029e-10,9.762939345847599e-10,5.702290861719916e-10,3.83977649676126e-09,7.111120936542648e-08,3.887441835104255e-08,6.442077982171668e-09,3.444690366283254e-10,4.064510061851934e-09,3.203564702403128e-08,4.125206079508281e-11,3.380500046556989e-10,7.227524800867968e-09,8.919296551335165e-11,3.5724832922641447e-13,2,2
1.2391027439662139e-06,6.103369014454074e-05,0.00010271651262883097,1.2721682651317678e-05,2.969363208649156e-07,9.588353350409307e-06,1.2886971489933785e-05,1.0985690579445873e-07,8.640584081565095e-11,7.542212551925331e-05,5.762873843195848e-05,2.391869031725946e-07,0.16674302518367767,1.4855193342100392e-07,1.2422611916917958e-07,2.6761604488001467e-08,9.59865064942278e-05,0.3199494183063507,0.24520695209503174,0.26699385046958923,2.7158346256328514e-06,5.65362825000193e-06,0.0006681978702545166,17,17
5.728795713366708e-06,2.507601593038089e-08,7.166798923208262e-07,9.306653225849004e-09,4.382566132221655e-08,2.5023936700563354e-08,1.0969981190100953e-07,1.7553770703671034e-07,4.263273761795361e-11,1.2132575193390949e-06,3.520123914579898e-10,9.280490154139898e-09,0.9998838901519775,1.95879562570056e-10,1.255963222313028e-09,3.7224601873164787e-11,9.28328192095762e-10,3.1862450668995734e-06,8.384579786024915e-08,0.0001045657045324333,2.3220484024477628e-07,1.0394116145562293e-07,8.346249913415704e-09,12,12
1.9342014101475513e-11,8.729648254268696e-11,8.642030979721937e-10,3.900599288009232e-10,3.322475627953736e-11,7.377282812415231e-11,1.3073589953671583e-11,6.268587537071324e-13,2.3666520132525903e-12,9.367515652058955e-10,8.44700004387633e-12,2.2772995295072818e-11,1.7440326871565048e-07,9.89413759255875e-11,5.110600831415013e-11,3.768977074880553e-10,1.8348157437841905e-09,1.98733914658078e-06,2.6184961754438518e-08,0.9999978542327881,2.073162752580515e-09,2.7957032522341052e-11,1.3084010871272644e-12,19,19
4.638026439351961e-05,1.0075057232938889e-08,8.074409834080143e-07,0.0004964926629327238,5.87021804676624e-06,0.028806954622268677,6.108174410712763e-09,0.0003762961714528501,0.0035220403224229813,0.00010794373520184308,9.058455907506868e-05,0.0032408239785581827,1.9598300582401862e-07,0.9621540904045105,0.0008905953727662563,0.00021887737966608256,1.7900788407132495e-07,1.0843831432794104e-07,3.97526819142513e-05,5.644776024382736e-07,6.291920158219e-07,3.5575990153802195e-08,8.034444363147486e-07,13,13
8.421869279118255e-05,0.9518905878067017,4.135401104576886e-05,3.8504073017975315e-05,0.0001073489838745445,2.7447877073427662e-05,7.343576271523489e-07,3.878923234879039e-05,5.783824235550128e-05,6.824330193921924e-05,0.0004336548736318946,9.438794563720876e-07,8.962900210462976e-06,8.036498400088021e-08,1.952239927049959e-06,0.0023706452921032906,0.002505076816305518,8.586599869886413e-05,0.0006230294238775969,0.00015719456132501364,0.003672644728794694,0.03528621047735214,0.002498695394024253,21,1
0.00040276875370182097,6.410635251086205e-06,0.0014933488564565778,3.078525310229452e-07,7.576629286631942e-05,0.0738735944032669,1.0223904610029422e-05,1.4703129636473022e-05,0.8995317220687866,0.00242098281159997,0.01961492747068405,0.00035156190278939903,0.000933842093218118,0.0007485752576030791,1.2617374522960745e-05,3.911609383067116e-05,2.00349841179559e-05,0.0002578126732259989,3.322019779261609e-07,0.00011705215729307383,2.095249692501966e-05,3.8464454519271385e-06,4.948242712998763e-05,8,8
3.7970974631207355e-07,3.946274862443033e-09,7.436224080947795e-08,6.145361339804367e-07,1.6722102600397193e-06,2.585020956757944e-05,9.48736644801329e-10,1.0852886367374026e-09,1.4393268799040015e-09,1.1322721604756225e-07,2.1611051579384366e-06,1.0292312557780292e-09,0.00017472846957389265,1.778220770631833e-08,1.7343543845527165e-07,2.632839946059562e-09,6.900666704723335e-08,0.9989749193191528,6.625509172408783e-07,0.0008185782353393734,5.998582963684385e-08,1.4290633121305518e-09,1.288824491574303e-09,17,17
1.0369722076575272e-05,6.609404579194234e-08,1.2423217867763015e-06,1.899055135368144e-08,6.204710700785654e-08,8.528383477823809e-05,3.5300598000276295e-09,2.441014146370435e-07,6.38932151630911e-09,1.1901416883119964e-06,1.9770134258578764e-06,2.708873569901016e-09,0.0014935468789190054,6.60868622048838e-08,3.098880929641723e-09,4.4591917713887597e-08,0.00046172403381206095,0.9956353306770325,3.5826018574880436e-05,0.0022615829948335886,1.032283398672007e-05,8.123238970370039e-09,1.0359910902479896e-06,17,17
3.768999334852197e-09,0.9996771812438965,1.9173807430661327e-08,4.0746224172494294e-09,1.2577775192895713e-12,2.8102162374921136e-08,9.746493390139221e-09,6.19915785371461e-10,1.0079225232217937e-09,4.907640800411173e-07,0.00031732849311083555,1.688327602722417e-11,1.439306203110391e-07,4.788727400728554e-11,1.9103536027381685e-12,1.8123823622429036e-11,4.159015354332496e-09,6.115674722195763e-08,9.654505817024983e-08,2.606176167319063e-06,1.7872228141868618e-08,1.967186790352571e-06,1.6975748806657975e-08,1,1
1.804190397081129e-08,6.032963995039609e-08,2.8563647003210235e-09,9.984178414579326e-12,8.894754266464133e-09,1.6345101938597395e-09,5.88544892821119e-08,1.734873467107434e-09,2.603885163043884e-10,8.998479188448982e-07,1.4112535495769407e-07,2.444449819449801e-06,0.9981263279914856,1.3473737681124476e-09,1.4519705437976427e-09,4.190174252016732e-08,8.179901669791434e-06,1.6550042118979036e-06,1.6988284556873623e-08,0.00184589100535959,1.23299741972005e-06,9.500196185285859e-10,1.3148297512088902e-05,12,12
0.9998335838317871,6.895124329275859e-07,2.4710065105182366e-09,2.5824539728880325e-10,3.994692576725356e-09,4.598224734309042e-08,1.1461232816145639e-06,3.469044145276712e-07,9.659585131771564e-09,0.00016081151261460036,3.998770647939409e-09,6.4785865561134415e-09,1.671160099192548e-09,4.260765251729026e-08,4.249572482101227e-12,2.4967901524064473e-08,2.2097466967352375e-07,1.3066214776813467e-10,1.5023883861431386e-06,5.914820282865163e-12,7.754688340355642e-07,6.112820756243309e-07,1.0338469991211241e-07,0,0
8.007746998828225e-08,6.535420737918685e-08,8.683622709781957e-09,9.496615049897628e-09,5.454105433955192e-08,1.0787713478066507e-07,5.438279271352542e-10,7.2400112571813224e-09,8.501964687823715e-10,9.944004375483928e-08,9.14663402795668e-08,1.4429932804205237e-08,0.9992141723632812,2.568424917193113e-10,1.6956466453166286e-08,1.6092435162207153e-09,1.2451135944502312e-07,1.789093175830203e-07,1.00678676062671e-06,0.000742398842703551,6.623661647608969e-06,9.162388892036688e-07,3.392043799976818e-05,12,12
4.490704213822028e-06,0.2750455141067505,7.244201697176322e-05,6.343736913549947e-07,5.7463280427327845e-06,5.659843372995965e-05,9.38909397518728e-06,0.06351511925458908,1.5047018564473547e-07,0.0007182314293459058,0.2842923700809479,1.3011928956530028e-07,0.025198722258210182,1.1101843711003312e-07,0.04147780314087868,0.009038159623742104,0.025992343202233315,0.00015119754243642092,0.07069557905197144,0.1672070324420929,0.00030620291363447905,0.0004220604314468801,0.03578988462686539,14,10
1.5495817933697253e-05,6.82050028899539e-07,1.1254985388120531e-08,1.8021300007831087e-08,0.9996465444564819,2.0781406419700943e-05,2.1795014504277788e-07,4.3712898900594155e-07,1.2038033219141653e-06,2.8316087536950363e-06,2.9921700388513273e-06,0.00012741268437821418,1.4111316204434843e-06,0.00015463038289453834,9.895678886095993e-06,1.0732002010627184e-05,2.4966350338218035e-06,4.6734779601820264e-08,1.9325993250163265e-08,2.7634396815301443e-07,1.930607140820939e-07,7.532902657203522e-08,1.4467505025095306e-06,4,4
7.184600690379739e-05,1.257815629429615e-09,2.8089894854588238e-08,1.7725350354158564e-10,1.4102258205639373e-07,7.748856296529993e-05,1.3919286175223533e-05,1.1071158212416776e-08,6.173038400447695e-07,2.7164958737557754e-05,0.9997993111610413,8.150050803124032e-07,5.053038876212668e-06,1.8250608135872426e-08,1.7104209715235186e-10,1.6448545636649214e-07,8.744978352570598e-11,3.4601514471432893e-06,6.697494780993907e-10,1.1513983544375606e-08,7.3494801355877826e-09,2.7697724114261746e-09,2.5753884358437062e-08,5,10
2.90076371811665e-07,9.990957551053725e-06,0.00023931442410685122,2.9232831710857e-09,1.6648284884013265e-07,1.7950435804436893e-08,9.78222942649154e-07,2.145658754670876e-06,2.635191265198955e-08,7.353911769314436e-06,4.006752618579412e-08,4.4693784673199843e-08,0.008863083086907864,1.1199203786560474e-09,3.3116752007344985e-08,8.86744965100661e-06,0.001998322084546089,0.001897028530947864,1.234444511055699e-07,0.986842691898346,7.198876119218767e-05,9.60607849265216e-07,5.6467837566742674e-05,19,19
0.002956672105938196,1.235922991327243e-05,0.0007493007578887045,6.412254265342199e-07,2.280260247289334e-07,0.00030792353209108114,3.124216163996607e-05,2.5452192858210765e-05,0.9738845229148865,9.509579103905708e-05,0.00044174943468533456,0.014736629091203213,1.0348508112656418e-05,2.970062041640631e-06,2.347420391402011e-08,2.9422324587358162e-05,5.6684089940972626e-05,0.006325349677354097,1.1153351664461297e-07,2.4374407075811177e-05,0.0002771891886368394,2.7230360501562245e-05,4.659960723074619e-06,10,8
4.4231022400254005e-08,1.4972274808844332e-10,6.526431661768584e-08,7.826413295219936e-09,1.56800545880742e-08,1.6563840077310488e-08,1.343214844906626e-10,7.468471174831848e-09,2.250442020235166e-12,3.0311659315884754e-07,2.225201967132051e-10,7.733576001811571e-10,0.999987006187439,7.13454920142631e-11,1.5077176840350148e-08,1.2342296074052683e-09,4.812084508643011e-09,1.379738250761875e-06,1.7192339782923227e-06,9.09288337425096e-06,2.1209640976849187e-07,1.1812510969377854e-09,1.238981042206433e-07,12,12
3.6312890472345316e-08,3.65448560302184e-10,1.9061764666705727e-10,6.690778573542611e-13,6.509688187800178e-12,7.55025486576244e-10,4.2684944467907826e-10,2.3675061910921613e-10,1.3596058306974967e-11,1.3443890622966137e-07,1.9284288055310128e-10,1.482011624531765e-09,0.9999761581420898,8.234571336439289e-13,3.567329764919691e-11,4.910882356150281e-13,5.907873301680411e-08,9.109809298024629e-07,4.198778658093261e-09,1.013821588458086e-06,9.925863508897237e-08,4.074725626357356e-11,2.154164576495532e-05,12,12
2.739886095781685e-10,2.973417956297908e-08,3.387059450687957e-06,7.082508191036396e-12,7.977478400089666e-11,2.127008855504209e-12,7.639575051143765e-05,1.2331382137631408e-08,1.9422781254423843e-13,3.2923130675044376e-06,6.277676334320859e-08,1.0435116593043858e-07,0.9940233826637268,1.5448079827059397e-13,1.848485774169628e-11,1.0374838765869754e-08,5.70951499412331e-08,2.3008137617352986e-09,1.5440378142717037e-11,0.005887944716960192,5.34475702806958e-06,3.8357043236070254e-11,5.3675917044415655e-09,19,12
0.007180849555879831,4.4593285565497354e-05,0.0007797057623974979,3.963862582168076e-06,0.002667323686182499,0.3682132065296173,3.9610644307686016e-05,7.732909580226988e-06,0.3638187646865845,0.0009148417157121003,0.0009379546390846372,0.25030988454818726,1.9748927115870174e-06,0.0036273212172091007,5.037143182562431e-06,0.0003773589269258082,2.0414561731740832e-05,3.9832666516304016e-05,5.6332260101044085e-06,1.6966629345915862e-06,3.8214238884393126e-05,0.000928046996705234,3.602217839215882e-05,5,5
0.001505271065980196,2.831120013979671e-07,6.27396657364443e-05,8.380258709195232e-10,2.774090535240248e-05,0.5467473268508911,0.0007316806586459279,2.702960557598999e-07,0.00016277078248094767,0.0007549837464466691,0.44992655515670776,1.3179750567360315e-05,2.3487849830416963e-05,3.200153150828555e-05,2.9151951963513056e-09,2.9603363316255127e-08,3.4225186573699773e-10,1.1448865734564606e-05,1.6616578946138105e-10,3.599718567670607e-08,6.840753030701308e-08,1.5802311281731818e-07,9.835153136350527e-09,5,5
2.376475094933994e-06,4.501826467162573e-09,5.42869145192526e-07,6.175527289542515e-08,3.280287614870758e-07,0.9593691825866699,7.374205135413092e-10,1.3733247214986477e-06,0.0003035737026948482,1.2470044566725846e-05,4.229411842970876e-06,3.4270439641659323e-07,6.705063726464289e-10,0.04030304774641991,4.081566373770329e-07,8.135542373111093e-08,1.075172590958573e-07,2.7392383916691188e-09,1.7466917370256851e-06,2.0966368641239796e-09,3.1207292749968474e-08,1.4310541196493887e-08,1.4904426304251928e-10,5,5
9.480311746301595e-06,0.40174269676208496,0.0041800606995821,9.17260240385076e-06,1.1972093489021063e-05,5.2896903071086854e-05,2.2869871827424504e-06,2.2299213014775887e-05,5.022462090664703e-08,0.027987420558929443,0.00010928304254775867,1.4070288933965003e-08,1.115905888582347e-05,6.373662930769797e-09,1.788935696822591e-05,2.2791631636209786e-05,0.07261773943901062,0.0003838267002720386,0.4904029369354248,0.00012467334454413503,1.526362575532403e-05,1.1099912171630422e-06,0.002275037346407771,1,18
0.00021863386791665107,2.83926183328731e-05,0.002246860647574067,3.1182194106804673e-06,4.7668960178270936e-05,3.570110857253894e-05,0.005450444761663675,0.002406803658232093,0.00010103334352606907,0.9509580135345459,0.0027141408063471317,7.340146839851514e-05,0.02553064376115799,2.5557683329680003e-05,1.3538276107283309e-05,0.00044513048487715423,0.0011711129918694496,0.0006548209930770099,2.655953039720771e-06,0.0009863895829766989,0.0015256446786224842,3.498618639241613e-07,0.005360023118555546,9,9
0.08196865022182465,1.2637372037715977e-06,0.0016739891143515706,3.0918292850401485e-06,0.6785569190979004,0.008987540379166603,0.001873863860964775,4.3238792386546265e-06,0.008694925345480442,0.16944310069084167,0.00034480931935831904,0.0001320876181125641,0.0004810098616871983,0.035533610731363297,0.011259820312261581,0.0005476101650856435,0.0004491024010349065,9.624230187910143e-06,2.0424054127943236e-06,2.392199121459271e-06,2.0432071323739365e-05,8.913325473258737e-06,7.999715876394475e-07,0,4
7.411212266106304e-08,4.052296986856163e-08,8.987893806988723e-08,1.2416743189191948e-08,1.7350676273508725e-07,2.8719188094328274e-07,1.967027003502153e-07,1.7177038458271454e-08,2.423551137553659e-09,1.0741047844931018e-05,3.925717084740654e-09,1.688046751269212e-07,0.9916993379592896,1.0937649008724293e-08,1.340799826721195e-07,1.869670995802153e-08,2.691083800243632e-08,3.071481557981315e-07,5.765259629697539e-07,0.00828623492270708,7.815541493982892e-07,1.5831416178002655e-08,7.872753826632106e-07,12,12
3.8830057746963575e-05,4.642085059458623e-06,2.9854776585125364e-05,5.302579486610171e-10,0.00011164115858264267,0.9244351387023926,2.6264574444212485e-06,5.175062938178598e-07,0.00026809200062416494,5.601196335192071e-06,6.292164471233264e-05,0.0005422377726063132,6.0829439462395385e-05,4.643344436772168e-05,3.6169674894059867e-11,8.746353330479906e-08,2.4617229428258725e-06,0.07362157106399536,2.2547980149667524e-10,0.0007388131343759596,2.6911573513643816e-05,7.724937631792272e-07,1.0730082777854477e-07,5,5
1.2089267364956413e-08,2.041759122883846e-11,1.6923864976092773e-08,3.120782920973397e-08,3.671714694064576e-06,1.0734076738572185e-08,8.84003814594081e-10,2.1088561452664578e-10,1.579793185157996e-08,7.891000564086426e-08,3.6798332985199522e-06,4.848191110795597e-07,2.306049573519431e-09,3.2564119578637474e-07,1.6225660147028975e-05,0.9999730587005615,1.9606439735642134e-11,8.967780962265692e-10,7.408477165071758e-10,2.4282790036522783e-06,2.3094741674611896e-09,9.928937012848582e-12,7.795575296398738e-11,15,15
9.128747478825971e-06,1.8679331333260052e-05,6.0888305597472936e-05,2.844860091499868e-06,0.0008508855826221406,0.0002534132800064981,1.3865566472759383e-07,6.8376571107364725e-06,1.0807432317960775e-06,3.964983648074849e-07,7.002254278631881e-07,1.6798096567072207e-06,0.013608535751700401,1.3450740880216472e-05,1.6447869484181865e-06,8.464352845294343e-07,3.400326750124805e-05,0.2791781723499298,4.6026740164961666e-05,0.7058925032615662,3.2802306577650597e-06,7.25649670130224e-06,7.585071671201149e-06,19,19
0.9736430048942566,4.0581066969025414e-06,0.00024577940348535776,1.933942783693965e-08,0.006518259644508362,0.0024391498882323503,7.281226862687618e-05,1.531132966192672e-06,8.643075852887705e-05,0.0008050776668824255,4.109670044272207e-05,0.0006816236418671906,2.3066111680236645e-05,0.015370570123195648,1.918493808261701e-08,3.924646989617031e-07,5.692748459296126e-07,1.6267349565168843e-06,2.198198126279749e-05,1.2559330286876502e-07,2.1788139292766573e-06,3.0516919650835916e-05,1.0089752322528511e-05,0,0
7.448564929291024e-07,6.483656420641637e-07,3.753656983462861e-06,7.54766560362441e-09,2.4299467327182356e-08,7.661578593776142e-10,1.0737242064351449e-06,1.396396775987796e-08,2.0611264084369196e-10,0.00022752191580366343,2.3239932644969485e-08,1.4999656627878721e-07,0.9556115865707397,9.50741707583802e-11,5.663222113483357e-10,6.708338418093263e-08,7.729118323140938e-08,7.65592631069012e-06,2.7737792507309678e-08,0.044141773134469986,7.729969411229831e-07,4.4577386226762883e-10,4.108648226974765e-06,19,12
2.6317719559187935e-08,2.822318947437452e-06,1.385704854328651e-05,6.224249204933585e-07,3.868544595775347e-09,1.503668478619602e-08,1.0921684179265867e-07,5.493173915738225e-09,5.986763795817751e-08,2.1917812773608603e-05,3.6141358577879146e-05,1.1536652744226217e-09,0.0004465696110855788,2.3509846847069582e-11,6.752307046831163e-11,4.0932611966582044e-08,3.785482022067299e-06,0.06165070831775665,1.0086067980807911e-08,0.9377737045288086,3.343042772030458e-05,1.597501614014618e-05,2.3836730633775005e-07,19,19
0.0003019460418727249,6.082790378059144e-07,1.741341577599087e-07,3.267538772888656e-07,0.01424199715256691,0.001195936114527285,1.3613349381103035e-07,2.5720945373564064e-08,2.4386567929468583e-06,2.0393013983266428e-05,0.0003221075749024749,0.9837114214897156,9.483753729000455e-07,0.00014675746206194162,6.94470543294301e-07,3.135951919830404e-05,5.401279281613824e-07,2.297478658874752e-06,1.720595577126005e-08,2.968054388929886e-07,1.0648049908468238e-07,1.5380996046587825e-05,3.94018479710212e-06,11,11
0.00011135501699754968,2.7611797293047857e-08,0.0002615372359286994,8.24657327029854e-05,0.0025513300206512213,0.9834181666374207,0.0002617528080008924,1.9905424153421336e-07,7.965465920278803e-05,0.009197945706546307,0.003242183243855834,1.9806152522505727e-06,0.00046223605750128627,0.0002639142330735922,1.013560563478677e-06,6.670127561392292e-08,4.73420840307881e-07,4.1459450585534796e-05,1.5439389244420454e-05,3.7099067640156136e-07,3.187009724570089e-06,3.235620624764124e-06,9.381982835066083e-08,5,5
2.378711627670782e-08,1.804658111836943e-08,9.537249752611388e-06,3.575172968339757e-06,6.499024607364845e-07,2.9406706403278804e-07,4.805828552889579e-07,4.6079449589342403e-07,1.5788278062700556e-07,1.7910207361637731e-06,6.184344556459109e-07,8.452041555528922e-08,4.341655221651308e-05,5.049520495958859e-06,0.9998829364776611,3.771042884181952e-06,1.098469624594145e-06,1.0560287222460829e-07,1.2636797919185483e-06,4.4120704842498526e-05,5.17208945893799e-07,4.580250401176045e-09,1.587982367823315e-08,14,14
3.845325100004793e-11,0.9999971389770508,8.552720753840504e-10,1.6204963759758328e-10,5.107993021613577e-12,1.8424822431639676e-11,3.5983120483251696e-08,3.2248277381796697e-09,9.952739587343329e-13,1.0231450353614946e-08,3.447336305306692e-10,6.276141444657574e-14,6.4302049906928e-08,3.676888437817438e-13,8.901600702208856e-14,8.471954908439994e-12,3.243268154040635e-11,1.6621584109088872e-07,8.528949074770864e-11,2.5332094537589e-06,2.2183423153965265e-10,8.761799819012595e-08,6.1815415008936725e-09,1,1
0.00031490030232816935,2.6171909084382605e-08,0.0018999596359208226,0.003719617612659931,6.907257193233818e-05,0.05916405841708183,7.525784894824028e-06,2.823696831910638e-07,7.759203981549945e-07,0.015442747622728348,9.591770503902808e-05,0.00030571670504286885,0.00016955034516286105,0.0006300039240159094,0.00047530391020700336,6.236218155208917e-07,0.2738032937049866,9.639827112550847e-06,0.6438425779342651,3.2454759093525354e-06,7.155476396292215e-06,6.107605258875992e-06,3.195980752934702e-05,4,18
9.633127007191433e-08,2.1994496535171493e-07,9.05535557649273e-08,1.7495452198090788e-07,4.3670186911093367e-10,0.002429063431918621,8.960818753678268e-09,5.880396656721132e-06,0.9974729418754578,2.1174071207497036e-06,7.735774852335453e-05,6.835937824689609e-07,5.941207348314492e-08,9.81614107331552e-07,2.52429792624298e-08,5.295017331263807e-07,3.5344463356068445e-08,1.6336715091824772e-08,2.6583395040802316e-08,1.0920599606834003e-06,4.623790346158785e-07,6.080420007492648e-07,7.611359251313843e-06,8,8
1.0516265636084654e-09,8.6913869381533e-06,6.049316159106866e-09,1.7609199858270586e-05,9.294668507076054e-11,2.4833838097038097e-08,5.534015144803561e-06,5.5585380742684265e-09,2.6680449849436627e-08,0.006773447152227163,4.4455420720623806e-05,1.3751409255746694e-07,1.510588504061161e-06,1.027876672665684e-10,7.011285418911939e-08,2.495082362941048e-08,1.521093236078741e-05,7.688084613377555e-10,0.9919455647468567,6.266672585297783e-07,0.0008954274817369878,8.492236247548135e-08,0.0002915339428000152,18,18
0.044512905180454254,2.4527820642106235e-05,0.7556672096252441,6.264150579227135e-05,0.011620420962572098,0.001471930998377502,0.06601448357105255,5.575764134846395e-06,1.273092721021385e-06,0.11723010987043381,0.0013089353451505303,3.255177216487937e-05,0.0009200363419950008,0.00017152049986179918,1.080037350220664e-06,2.837438842107076e-06,0.00020948877499904484,0.0006349703762680292,3.1735788070363924e-05,5.758357019658433e-06,1.683701339061372e-05,1.3587259672931395e-05,3.9604154153494164e-05,2,2
0.003396746004000306,1.0602989277685992e-05,9.110345126828179e-05,5.151263735569955e-07,0.30182820558547974,0.685499370098114,1.6169908121810295e-05,5.00844691941893e-07,0.00100030901376158,0.005428722593933344,0.0010844266507774591,0.0004702078294940293,3.234760515624657e-05,5.141342626302503e-06,1.0099790159756594e-07,3.716369789685814e-08,8.13939914223738e-06,0.0007688218029215932,8.749901780902292e-07,4.0165955397242215e-06,1.1475387964310357e-06,0.0003476932761259377,4.705011633632239e-06,5,5
0.045048125088214874,0.0043768323957920074,0.20300504565238953,3.6546738556353375e-05,0.00834362581372261,0.022847246378660202,0.07211519032716751,0.007508174516260624,4.518324203672819e-05,0.6152908205986023,0.00044978922232985497,0.00022573779278900474,0.003614097600802779,0.0013088046107441187,3.2674961403245106e-06,1.903990596474614e-05,1.6536700059077702e-05,0.015340419486165047,1.4353775441122707e-05,0.0002716445014812052,2.3436577976099215e-05,5.894135756534524e-05,3.7037218135083094e-05,0,9
3.0606370771124602e-09,4.163763151154853e-06,4.237034889609248e-10,5.2337247325340286e-05,5.095113220221492e-09,5.053474978922168e-06,8.04818522937012e-09,1.210938904705472e-09,1.2185891185012565e-10,8.09727771411417e-06,1.530785027625825e-07,9.435052739092953e-09,1.0453926506670541e-06,1.0393931937358047e-08,1.6451573401354835e-06,1.588735187851853e-08,0.856143593788147,5.257562065708044e-07,0.14349977672100067,3.815329182543792e-05,0.00024319300428032875,1.3797946394333849e-06,8.485311582262511e-07,18,16
6.574201734110829e-07,8.496410828229273e-07,1.8224135089894844e-07,1.905333890661609e-09,1.5082791904319492e-08,7.56275824187469e-08,1.768096495879945e-07,7.575271077087109e-09,1.5525654362136265e-06,2.2287033516477095e-06,2.3413133476424264e-07,1.4471888789557852e-06,9.298835357185453e-05,2.9690037095519983e-09,1.9824838992654747e-10,3.6810565706701937e-09,0.03460492938756943,2.4193488570745103e-05,1.3050673430825555e-07,8.782726945355535e-05,0.9650871753692627,4.514378915132511e-08,9.535888239042833e-05,20,20
0.9040890336036682,0.00013158594083506614,0.0013275768142193556,7.345100129896309e-06,5.844561746926047e-05,0.0003140485205221921,3.513179035508074e-05,6.184315282098396e-08,0.00039325462421402335,0.027232641354203224,0.006963133811950684,0.00017839335487224162,0.02769574336707592,0.00025639228988438845,1.7638498093219823e-06,7.037522919972616e-08,7.933699816931039e-05,0.001942318631336093,0.0277856532484293,1.4103809007792734e-05,0.0012843121076002717,1.0621013643685728e-05,0.0001992932811845094,10,0
1.0023092078537132e-10,1.2437983087920657e-08,3.2099567448540256e-08,7.980786698169595e-09,1.8908921303739668e-11,1.9079603175153892e-10,3.666838013782758e-11,2.999694026159516e-12,4.11166239944194e-12,7.327856987870973e-09,5.007497083653334e-09,8.434656445510669e-11,1.2996595614822581e-05,4.777205107192595e-12,1.6382117884461422e-10,2.47869724745442e-09,3.14487181185541e-07,0.0005395751795731485,1.4127273573194543e-07,0.9994469285011292,4.803783149043284e-09,7.997731366060634e-09,1.6945598257933625e-09,19,19
0.9955105781555176,1.4290775141034828e-07,9.563674393575639e-05,5.334791239874903e-07,0.00011099845141870901,0.0003840310382656753,1.2323848750384059e-05,8.846344599078293e-07,9.21848914003931e-06,0.00208833790384233,1.8609751350595616e-05,9.73635815171292e-06,1.2439781130524352e-05,0.0017451986204832792,8.228487224926084e-09,3.5192670111428015e-08,1.5633013106253202e-08,1.003772425178795e-07,2.9703574000450317e-07,7.377234823024992e-09,3.2795529136819823e-07,3.621292705702217e-07,1.421934854306528e-07,0,0
1.597127430308376e-10,1.0147918061420569e-09,2.0345324003301357e-07,2.7670034796756227e-07,1.1263540447559173e-11,1.7928214468554415e-09,3.05390770449776e-08,8.518286449543666e-06,6.572857813580413e-09,1.1790268317213304e-08,4.0618918006884996e-08,1.0100916769673063e-09,8.70962867338676e-06,9.406975198800183e-10,1.114614267549996e-08,4.49697701299101e-09,4.9431855586590245e-05,4.852786261722031e-08,1.618679412729307e-08,2.2618563889409415e-05,0.9999099969863892,1.3247535513016828e-08,1.5553659693523514e-08,20,20
0.6732355356216431,9.835168839344988e-07,1.9015409634448588e-05,1.8415828435536241e-06,1.9152583263348788e-05,0.2786017060279846,1.3464425308029604e-07,2.831789743140689e-06,0.04574843496084213,0.0009457537671551108,2.407028296147473e-05,0.0008515084628015757,1.5208738659566734e-06,7.491809355997248e-06,1.8596736595100083e-07,0.0001339414739049971,7.287836183422769e-07,0.00017363260849379003,0.0001429669209755957,4.112535862077493e-06,6.3044331909623e-05,4.760757747135358e-06,1.66956233442761e-05,9,0
4.555261057248572e-09,2.666950882357355e-09,2.1883005629774743e-08,1.7747029401604664e-09,1.759056550594551e-12,4.739054038083168e-09,1.922939918586053e-05,1.3101048024211082e-09,6.4955321121829e-09,0.9997240900993347,1.9660919861053117e-06,1.525635062726849e-09,2.7184395889889856e-07,2.9540293822183372e-12,8.718020229336876e-12,2.1954557616332693e-10,3.4138065529987216e-07,1.8696028059039804e-10,0.00014896468201186508,8.058777467567779e-08,8.446896572422702e-06,4.3643845482055355e-11,9.644473902881145e-05,9,9
0.004908949136734009,2.1902206981394556e-07,6.127253527665744e-06,8.967350026978238e-07,0.0031234840862452984,0.3116649091243744,0.008616827428340912,2.176096495531965e-05,3.2495219784323126e-05,0.46238264441490173,0.06616932898759842,0.00017894356278702617,0.12381570041179657,6.127373490016907e-05,8.152932906568822e-08,1.0353560355724767e-05,0.0006049759103916585,0.00965856947004795,2.845482356406137e-07,3.2548010494792834e-05,8.267916200566106e-06,4.4280443489697063e-07,0.008701025508344173,5,9
1.818698223132742e-07,1.048017228555409e-09,0.9999837875366211,5.351053489199842e-10,1.690395805553635e-07,8.436932148470078e-06,1.0085148716143522e-08,4.4580802938121167e-10,2.822172007199697e-08,5.901116310269572e-06,9.24898927223694e-07,3.0676122264594596e-07,1.4880540355477478e-08,2.1340692768490044e-08,8.96819701834417e-11,1.7328577461839245e-10,3.013719052091801e-08,2.946815014226445e-09,2.897491668818475e-08,3.563672690276576e-10,1.8575343929683186e-08,2.229764106687071e-08,6.046961542605089e-11,2,2
2.9375660233199596e-05,4.467857797862962e-05,4.303878085920587e-05,7.09524483610835e-09,3.453179715506849e-06,0.0016177344368770719,3.9734803181090683e-07,1.909807906486094e-06,0.0009659270290285349,0.0006960596074350178,0.000288721319520846,8.88275244506076e-05,0.5286888480186462,3.250135341659188e-05,9.757033012647298e-07,5.374222382670268e-07,0.019046101719141006,0.0001043624070007354,0.0016555215697735548,0.00012001733557553962,0.006837091408669949,6.254619933088179e-09,0.4397338926792145,0,12
0.023442300036549568,0.0005147678311914206,0.0005694766296073794,5.55621681996854e-06,0.022510934621095657,0.06829290091991425,1.1189943506906275e-05,0.0003017927228938788,0.031828612089157104,0.002301652915775776,0.001467177178710699,0.005624004639685154,0.00025562290102243423,0.006105806678533554,0.8098914623260498,0.015149201266467571,0.005624511279165745,0.000898739555850625,0.0020220985170453787,2.3094957214198075e-05,0.00019801707821898162,0.00046692093019373715,0.00249408558011055,5,14
1.5750611055409536e-05,1.0434293471917044e-05,2.810210162351723e-07,1.5182923561951611e-05,3.3347696132279836e-11,9.609254902898101e-07,0.0003573512367438525,5.742883146808708e-08,2.7804526681052266e-08,0.365470826625824,0.6307237148284912,4.92185181499849e-09,0.0032762791961431503,1.4817085336460423e-09,4.157377997415779e-09,1.5601648861718331e-09,1.2846119545883994e-07,2.4195796868298203e-06,7.274644303834066e-05,4.856587111135013e-06,1.4986729013344302e-07,3.680013094253809e-07,4.834100036532618e-05,10,10
0.008128522895276546,5.073059128335444e-06,0.10334733128547668,2.3848076580179622e-06,0.7964122891426086,0.0480349101126194,0.0006251352606341243,1.8648483091965318e-05,4.2483701690798625e-05,0.03609524667263031,0.0003850916982628405,0.00026830023853108287,0.0002269173855893314,0.00018783412815537304,0.00015647037071175873,0.00013518001651391387,0.00016892541316337883,0.003888253588229418,0.0016408538212999701,9.043998943525366e-06,0.00011682432523230091,0.00010053020378109068,3.7603974760713754e-06,4,4
1.578252408762637e-07,2.497472273432777e-08,1.8112112698531746e-08,1.3388547159820519e-08,3.529702610194363e-07,3.3787785014283145e-07,2.106056865361361e-12,3.637512166476675e-11,6.435263433246519e-09,4.433502176492965e-10,1.6329538610193595e-08,7.86549847475726e-09,7.811474642949179e-05,1.710060537618574e-09,8.555164576762309e-09,5.350897946954092e-09,3.608251972764265e-07,0.9803066849708557,8.27867552288808e-09,0.019613584503531456,4.0078174379232223e-07,6.422465048672166e-08,4.987956714330721e-09,17,17
0.023673459887504578,8.944852636361134e-10,0.00010749185457825661,1.1601232863256428e-08,0.0028607838321477175,0.00024094386026263237,4.7789148084120825e-05,4.5416374661044756e-08,2.9298794856913446e-07,0.9695414304733276,1.2729553588997078e-07,3.615990135585889e-05,0.0034821948502212763,7.794886187184602e-06,5.30109076635199e-08,4.949429310840969e-09,1.991908415988064e-09,5.271487424352017e-08,2.778049577045749e-07,7.786401567955181e-08,1.1058197912916512e-08,5.8100087241275133e-11,1.0066617051052162e-06,0,9
0.887909471988678,1.6568787941650953e-06,4.451559652807191e-05,8.373502851100056e-07,0.003372609382495284,0.03020448237657547,6.89281648647011e-07,4.0996004827320576e-05,0.0018836798844859004,0.00031192906317301095,7.941271178424358e-06,0.0009231709409505129,4.164602160017239e-06,0.07468277961015701,4.699925739259925e-06,6.6140950366389e-05,0.00017884609405882657,1.1589194173211581e-06,0.00011687030928442255,1.9106155946246872e-07,3.0811595934210345e-05,1.6777283235569485e-05,0.00019560243526939303,0,0
0.12318222224712372,1.0635566468408797e-05,0.015970556065440178,0.0002567855699453503,0.0005971171776764095,0.5707483887672424,0.00030899769626557827,1.875676616691635e-06,0.0006351556512527168,0.1077163890004158,4.4401622290024534e-05,5.76879974687472e-05,0.02020837552845478,0.001116555416956544,8.078282007772941e-06,1.5742034520371817e-07,8.649499250168446e-06,4.379406527732499e-05,0.0003443164168857038,1.306547437707195e-05,0.15870720148086548,1.8668082702788524e-05,8.393761845582048e-07,5,5
1.766673449310474e-06,5.049857008998515e-06,1.454203356843209e-06,0.0025332714430987835,6.507802652322425e-08,7.520329177168605e-07,8.601830359111773e-07,1.1210404693429155e-07,5.601210162353709e-09,3.8314925632221275e-07,1.2049223130361497e-07,8.553138286515605e-08,9.305995831709879e-07,9.333414823231578e-07,5.598494445813174e-10,2.3102659785223523e-09,2.8606003979803063e-05,1.300231247114425e-07,4.22907032771036e-06,2.432630481052911e-06,1.8207523453384056e-06,0.9974161386489868,8.098230637187953e-07,21,21
2.4435237833131396e-07,4.00512453779811e-06,2.234056637462345e-06,6.5415592942486e-09,1.9303989517993614e-08,1.9339394441431068e-07,1.0299353903064912e-07,3.0635051189165097e-06,1.0422986207458962e-07,1.847196131166129e-06,4.111901219516767e-08,2.6713662393262894e-08,0.010304410941898823,2.0055576643862594e-10,1.8473967244858613e-08,2.8672329221990367e-07,0.0014337500324472785,4.5146731281420216e-05,2.3204045646707527e-05,0.0001823978964239359,0.9871746301651001,1.235256149811903e-06,0.0008231186657212675,20,20
0.0003786300658248365,2.3165361184851463e-08,1.1599582649068907e-05,1.8191920503340953e-07,0.9956727027893066,0.0038002426736056805,4.3117758252719796e-08,1.06944613165183e-08,9.097004749492044e-08,7.01027674949728e-05,1.0111957635672297e-06,6.175530143082142e-05,3.201490983428812e-08,2.0342938000794675e-07,1.2879239363883244e-07,8.971920806288836e-08,2.000159042836458e-07,6.974663335768128e-08,7.455198414163533e-08,1.2121504910922454e-09,5.201941655208486e-10,2.7363205390429357e-06,5.2618304380303016e-08,4,4
0.03172602504491806,0.0021669790148735046,0.0005454027559608221,0.003930008038878441,0.00015625789819750935,0.0015579670434817672,0.00454360619187355,0.05031716078519821,2.2286792955128476e-05,0.015696272253990173,0.0014850674197077751,6.60986770526506e-05,0.7183474898338318,1.8712817109189928e-05,2.610156479931902e-05,8.843815885484219e-05,2.882514127122704e-05,0.0016880418406799436,0.008530164137482643,0.006650642026215792,0.0024953861720860004,0.1318155974149704,0.01809735596179962,7,12
0.14029693603515625,1.6196961496461881e-06,1.2844029697589576e-05,1.8716274041707948e-07,0.0003586391976568848,0.0028787499759346247,9.637468565415475e-07,5.65328093671269e-07,0.0006922606262378395,0.0033403909765183926,0.0189644955098629,0.8325206637382507,0.00023889733711257577,0.00015751016326248646,4.3144892103441634e-09,7.700451760683791e-07,5.954220227977203e-08,0.0004420364275574684,1.4821939657849725e-05,4.677355718740728e-06,1.1390259260224411e-06,3.081504473811947e-07,7.148959412006661e-05,10,11
6.0337511968100443e-05,1.943957158800913e-06,5.8028313105751295e-06,2.9101056497893296e-07,4.3790123527287506e-06,6.303937880147714e-06,0.0011368871200829744,2.9146694942028262e-05,1.415593975373497e-09,0.0019024393986910582,1.34054710088094e-06,1.1543654181878082e-05,0.9963356256484985,2.075993847938662e-07,2.0489615337737632e-08,8.13120148990265e-09,4.29091642217827e-06,2.6058172807097435e-05,7.950989697746991e-07,0.0004528618592303246,5.818130830448354e-06,5.389953230405808e-07,1.3400940588326193e-05,12,12
0.005868121515959501,2.2311789507512003e-05,0.01276633981615305,9.563917410559952e-05,0.2195250689983368,0.027430091053247452,0.0008815395995043218,4.364628239272861e-06,0.00010138280049432069,0.5119460225105286,0.0006113130948506296,0.002728275256231427,0.13860628008842468,0.00018926012853626162,0.00014782811922486871,0.00011779131455114111,0.0009317686781287193,0.06332238018512726,0.001317095709964633,0.0016306883189827204,8.757648174650967e-05,1.5712645335952402e-06,0.011667205952107906,4,9
0.00016191450413316488,3.326180376461707e-05,0.00013555429177358747,0.00015154542052187026,1.7574965340827475e-06,0.01956780254840851,3.9963124436326325e-06,6.038356787030352e-06,0.88839191198349,0.02054084651172161,0.07068433612585068,0.00011634336988208815,2.5081671992666088e-05,0.00010712269431678578,4.985667146684136e-06,3.0564092412532773e-06,1.9591327315993112e-07,7.207694125099806e-06,8.03343573352322e-06,1.8441967768012546e-05,9.159139153780416e-06,8.55145844980143e-06,1.2766558938892558e-05,8,8
3.749077586689964e-05,4.138097574468702e-05,0.0016473722644150257,0.00026812354917638004,7.298198761418462e-05,0.0002131930086761713,1.6439382306998596e-05,1.392192245930346e-07,4.279362286752075e-08,0.0009340054821223021,5.711053745471872e-07,2.5134158931905404e-07,0.2132066786289215,2.5561014354025247e-06,8.423949111602269e-06,7.231789389550158e-09,0.20802241563796997,0.0014701480977237225,0.5538073778152466,0.010240962728857994,0.009747199714183807,0.0001594859204487875,0.00010266768367728218,18,18
3.8159973314577655e-07,0.9985313415527344,5.510717073775595e-07,9.841173778113443e-06,1.776006147702347e-10,1.253140453627566e-07,4.3792243786811014e-07,5.8903402532450855e-05,8.620050451213501e-09,1.0793643923534546e-05,8.592407994001405e-07,5.238683931096944e-10,0.00043552659917622805,5.93998095155257e-09,7.147540337371083e-09,2.9945219637284026e-09,8.524358463546378e-08,1.3810021300741937e-05,3.15843158205098e-06,0.0002756465401034802,3.324284762129537e-06,0.0006498443544842303,5.364123353501782e-06,1,1
9.345503144686518e-07,5.5005693333498584e-09,1.7299241150681155e-08,1.1683638057036205e-08,6.456900791818043e-08,4.189118385511392e-08,7.847638130442647e-07,1.456418319278896e-10,6.075390884818788e-11,0.9999916553497314,2.6213146497866546e-07,8.851646526863988e-09,5.490227067639353e-06,6.241193784006782e-09,3.843065622677333e-12,3.8377809263856477e-10,2.1509941050545933e-10,3.1246770504367305e-08,1.2684533601259318e-07,5.636626383420662e-07,9.413591434137558e-11,2.787419546481512e-13,1.439712238315849e-09,9,9
9.371640352640043e-09,6.956002494007407e-07,2.2007643565302715e-06,0.0004060958162881434,9.918439403122647e-09,3.155251135922299e-07,6.858859705971554e-05,1.3392709661275148e-06,2.2253496823054775e-08,0.050734058022499084,5.230846909398679e-06,1.3527898090615054e-07,0.002237752079963684,7.628388892788607e-11,1.2721423026107459e-08,1.9247275417910714e-07,6.458313146140426e-05,2.0141389541095123e-05,3.321041788240109e-07,0.9461247324943542,0.0003042980970349163,3.0302210518584616e-08,2.911378578573931e-05,19,19
4.1086013879976235e-07,6.2819555068927e-07,1.5190768465345172e-07,3.489766095299274e-05,1.4681822424478241e-09,0.0002344336244277656,1.5427067623363655e-08,0.9982051849365234,0.00024233020667452365,4.889351475867443e-05,8.654486123305105e-07,1.1993485315997532e-07,2.451689169902238e-06,2.2591220272261126e-07,1.9182467440259643e-05,1.6860130926943384e-06,1.9452517374674017e-09,2.506491014742096e-09,0.0003181420615874231,1.0208486145302231e-07,2.2805219487054273e-05,2.1359463175940618e-07,0.0008672969415783882,7,7
1.349236185888003e-06,1.7794526740999572e-07,2.5301433836943943e-08,2.6950680576121044e-10,1.6992005025251444e-10,3.213533661394763e-09,9.913854626120155e-09,1.174576436113739e-08,3.4933758663591163e-10,6.076680136857249e-08,1.4158703379507642e-05,4.9611838193186486e-08,0.03526455909013748,6.112797334284492e-12,4.559013214687491e-13,1.4854829588628604e-09,2.7178190066479146e-05,0.9450058341026306,1.72001239917563e-08,0.019289329648017883,0.00014818206545896828,6.037561917082712e-08,0.00024897820549085736,19,17
0.003989718854427338,2.377216468119059e-08,0.00014667805226054043,4.74308876619034e-07,0.00013214345381129533,0.0014834493631497025,5.1750016609730665e-06,8.402315643252223e-08,1.5913439710857347e-05,0.9592504501342773,0.0037823321763426065,0.030336294323205948,4.015342710772529e-05,0.00010786426719278097,2.1228271407380817e-07,2.229828169220127e-06,1.2285559591873607e-07,6.850769750599284e-06,0.0006965745706111193,1.5603160363752977e-07,2.567508943229768e-07,2.0563247105087612e-08,2.818474058585707e-06,9,9
0.5720584392547607,2.897171361837536e-05,0.00021695325267501175,2.468547972966917e-05,6.699875666527078e-05,0.0008325245580635965,0.11166314780712128,0.015155700966715813,2.1839025066583417e-05,0.020567193627357483,0.0032015624456107616,1.2309021258261055e-05,0.27451881766319275,1.0018392458732706e-05,1.200372850007625e-07,6.124798346718308e-06,5.564576781580399e-07,0.0011108487378805876,0.0001244680752279237,7.084149547154084e-05,0.00010734915849752724,1.730478288664017e-05,0.00018313550390303135,0,0
0.3418513834476471,5.7082339480984956e-05,0.311933696269989,5.1703591452678666e-05,0.0688861683011055,0.028107894584536552,0.0034421496093273163,6.38348751635931e-07,0.0005264261271804571,0.07218208909034729,0.022678708657622337,0.14527669548988342,0.0023354250006377697,0.0009480827138759196,2.9721286409767345e-06,3.6394169455888914e-06,8.102636638795957e-05,9.711847815196961e-05,0.0007414090796373785,1.3440921975416131e-05,8.085623267106712e-05,0.0006452513625845313,5.6040604249574244e-05,2,0
0.00010662773274816573,1.5145204770306009e-06,5.1397946663200855e-06,7.502086646127282e-06,7.585985031255404e-07,0.0021053561940789223,6.000492476232466e-07,6.9771663220308255e-06,0.9871739149093628,0.00032124316203407943,0.002355828182771802,0.0028392914682626724,8.754641385166906e-06,0.00504912668839097,1.8695740777729952e-07,9.099805424739316e-07,8.731873002432167e-09,1.5553308685412048e-06,1.1936284849412004e-08,4.794263759322348e-07,5.397830591391539e-07,8.853910912876017e-06,4.8542915465077385e-06,8,8
0.30146822333335876,0.0003594167355913669,0.0070593105629086494,8.436986536253244e-05,0.0005087140016257763,0.08778522908687592,0.003189550247043371,0.0015666857361793518,0.0068736206740140915,0.2853449285030365,0.0004048657137900591,0.0020012271124869585,0.2574669122695923,0.030375784263014793,1.5410524838443962e-06,1.1714823813235853e-06,1.1559592167031951e-05,0.0002008468727581203,0.003248414723202586,8.378542406717315e-05,0.010950952768325806,0.00036633244599215686,0.0006465553888119757,5,0
0.0009239779319614172,5.771718133473769e-05,0.2595837116241455,1.5643594451830722e-05,0.0007100161164999008,0.003647502511739731,2.298295294167474e-05,1.0249598858536046e-07,2.6462084079525994e-08,0.009947382844984531,7.87095927989867e-07,6.219857368705561e-06,0.5535256862640381,1.7474081914770068e-06,2.018202167164418e-06,5.988946583102006e-08,3.635831490100827e-06,0.011900586076080799,0.12590816617012024,0.033719900995492935,1.963090653589461e-06,1.5499208529945463e-05,4.597050974552985e-06,12,12
0.26149627566337585,4.058056583744474e-05,0.0021547696087509394,2.0076175132999197e-05,0.0003488127840682864,0.29767635464668274,5.031900218455121e-05,0.0010800075251609087,0.023428380489349365,0.016158299520611763,0.03082314506173134,0.05011622980237007,0.00011767789692385122,0.2995021343231201,1.260653243662091e-05,0.0026669714134186506,1.8079150322591886e-05,0.0005701017798855901,0.0112225953489542,1.67669804795878e-05,0.00018945983902085572,0.0022396338172256947,5.059014438302256e-05,11,13
0.001926303026266396,5.249889341030212e-07,0.00016626458091195673,0.00034643508843146265,0.006217767484486103,0.047261666506528854,0.00010259717237204313,0.00012752080510836095,1.5972613255144097e-05,0.0050656599923968315,0.0005718384636566043,0.0008969998452812433,0.0011250179959461093,0.9353035092353821,0.0005411809543147683,0.00014766176172997802,5.616025759991317e-07,2.681491241673939e-05,0.0001266824983758852,1.5972278561093844e-05,6.403263910215173e-07,2.6486427486815955e-06,9.785499059944414e-06,13,13
0.9609745144844055,2.1377307348302566e-05,2.6601710487739183e-06,1.5416414953506319e-06,9.179117199664688e-08,3.968957571487408e-06,0.00034103047801181674,3.298863521195017e-05,8.650200129523e-07,0.019674556329846382,5.589251372839499e-07,1.241424797626678e-06,2.163863200621563e-06,5.982842594676185e-07,1.1393876775400713e-06,4.0599432395538315e-05,5.564671937463572e-06,1.269994953645437e-07,0.011427029967308044,1.1141082723042928e-07,0.007462200243026018,4.918891136185266e-06,1.4356356814460014e-07,0,0
1.7444468767280341e-06,6.224475868066293e-08,3.3275924238296284e-07,2.2659423848381266e-07,1.3678321408860938e-07,2.9898849334131228e-06,2.7343012298786107e-09,1.754355061223123e-08,1.4476888132719523e-08,5.306304728946998e-08,5.298130645314814e-07,1.622900214215406e-08,0.000283374305581674,1.2860075226939216e-09,3.6257270519257645e-09,4.350681592768524e-09,1.33542107505491e-06,0.9993671774864197,1.7263774907405605e-06,0.0003329698811285198,4.781678853760241e-06,1.9996070932393195e-07,2.2435399387177313e-06,17,17
7.923552658439803e-08,2.76693050693666e-08,0.9977523684501648,1.9208346913046626e-08,4.178617729611034e-10,4.252674656868294e-08,1.1873847824972472e-06,1.6650800205297855e-07,9.29315735476166e-09,0.0022122215013951063,1.5092167515717847e-08,2.3539473148481704e-10,1.6738599697418977e-06,2.4499121309418115e-07,2.567253298835226e-09,1.1775276587133732e-10,1.6254494767053984e-05,3.570730555679802e-08,1.5658892152714543e-05,7.1417876057466856e-09,6.433993604559873e-08,5.815081402515965e-11,3.67382568811081e-08,2,2
0.9292418360710144,2.1684171258584684e-07,2.60083174907777e-06,1.6708844441382098e-06,2.4848179236869328e-05,0.0005407505086623132,2.305422412973712e-06,2.068351705020177e-06,6.697661592625082e-05,0.008074108511209488,0.00015670467109885067,0.05960840359330177,5.2371586207300425e-05,0.00018530120723880827,2.9321958209038712e-05,1.3864580523659242e-06,9.374533874506596e-06,3.009511601703707e-06,0.001815496594645083,7.139505697750792e-08,6.431858491851017e-05,2.948182554973755e-06,0.00011382332013454288,0,0
0.9995152950286865,3.0426997454924276e-07,3.649719815257413e-08,8.266034079440487e-09,1.4931412550822643e-08,1.3553205462812912e-05,1.5161660371632024e-08,9.660061550675891e-06,1.1675952009682078e-05,6.392450450221077e-05,1.1538398894117563e-06,1.8993366666109068e-06,1.3350240912757272e-08,2.2400322450266685e-06,1.8694113634865062e-07,1.8535019989940338e-05,1.8226789677555644e-07,4.740811743175755e-09,4.840378824155778e-05,5.872985431309985e-10,0.00030395862995646894,8.682493898959365e-06,3.1029188107822847e-07,0,0
0.010602084919810295,1.166048605227843e-05,2.1670441128662787e-05,9.691103514342103e-06,0.6771733164787292,0.13658937811851501,1.149069703387795e-06,2.391489260844537e-06,0.0008813115418888628,0.0006818676483817399,0.14909599721431732,0.010904863476753235,3.931696483050473e-05,0.005385533906519413,0.00035976647632196546,0.007682692725211382,1.1461585245342576e-06,0.00042308459524065256,1.2345931281743106e-06,7.962388190208003e-05,5.475238594954135e-06,4.25686921516899e-05,4.229564638080774e-06,10,4
1.3409738208736144e-08,1.2619780220823884e-10,3.2381439196704775e-10,2.1900473101688078e-10,2.9983668881072845e-09,5.014163662053761e-08,7.849356165046117e-10,3.0115323568224994e-09,5.468918503823139e-13,7.594059603377445e-09,5.52876189274798e-10,4.7052993445984015e-11,0.9999736547470093,3.335489384692636e-10,4.419443977443649e-11,3.2225000445862406e-10,1.2988887299059115e-08,1.876074406936823e-07,1.0355949431328781e-10,2.587203198345378e-05,3.389958536104132e-08,3.319294838988185e-09,2.7660135515361617e-07,12,12
1.6681104170856997e-05,0.0051638162694871426,0.4757019579410553,1.6311189483531052e-06,3.847266043521813e-07,6.136760930530727e-05,0.150795117020607,0.013073990121483803,8.228437764046248e-06,0.3398614227771759,4.669180270866491e-05,8.793605843493424e-07,0.002482393989339471,1.7490141317466623e-06,8.000387019535538e-09,1.998420202653506e-06,0.0002821764792315662,8.692260598763824e-05,9.241081716027111e-05,0.0004906045505777001,0.011618301272392273,1.307907609771064e-06,0.0002100061537930742,9,2
6.627773927903036e-06,9.706043783808127e-05,3.399227580302977e-06,2.315906385774724e-06,2.769497768895235e-07,1.694133516139118e-06,1.9835008515656227e-06,0.00024715904146432877,9.756948884387384e-07,0.00025922752683982253,2.5132369046332315e-05,5.939540059785031e-08,0.000934408453758806,1.2932807602616947e-10,1.6272084394586273e-05,0.0014260289026424289,0.0002172497333958745,1.1961105883528944e-05,0.00040066713700070977,0.003510316601023078,0.0009040861623361707,0.00015943532343953848,0.991773784160614,19,22
0.0005157545092515647,4.37951484855148e-07,1.9017251133846003e-06,0.0006083640619181097,8.984856236793348e-08,9.212127042701468e-05,7.80237969593145e-05,1.6488009350723587e-05,1.3067155180124246e-07,0.00039484616718254983,0.00034292059717699885,3.926310796487087e-07,0.717898428440094,1.2210313116156613e-06,0.00010239245602861047,5.722642981709214e-06,5.204119133850327e-06,0.008647169917821884,5.45803559361957e-05,0.27109116315841675,5.3573086916003376e-05,6.80460361763835e-05,2.096240314131137e-05,12,12
5.986586302242358e-07,5.840499639475638e-09,0.9999970197677612,5.005231472343663e-12,1.4927492575367296e-09,2.738629989451624e-09,5.244625178590923e-09,1.0923457693934324e-09,5.629060065293068e-11,2.0676129963703715e-07,5.882328651951596e-11,5.1122054506302916e-11,6.265678962336096e-07,1.5012351362031495e-09,8.13418017837908e-13,5.585599799524943e-13,1.0832350199052598e-06,1.941495142432359e-08,2.3180007246992318e-07,5.428605898138983e-10,1.5350080673215416e-07,3.099589029886829e-09,4.294569144747129e-10,2,2
3.289112646598369e-05,1.2775537925335811e-06,8.300201443489641e-05,0.0012119775637984276,1.4666389915873879e-06,8.97867630555993e-06,1.1968298167630564e-05,0.00343865854665637,3.538009138992493e-07,4.1804549255175516e-05,0.025515016168355942,1.050807441060897e-05,0.03906508535146713,1.907791329358588e-06,5.3833438869332895e-05,7.3539704317227e-05,0.011073269881308079,0.0014061465626582503,0.004837440326809883,0.005165925715118647,0.9058419466018677,0.001279883668757975,0.000843239831738174,22,20
9.186283023154829e-06,0.0029191733337938786,1.4647349416918587e-05,7.741677109152079e-06,0.00019753941160161048,1.2950683412782382e-05,2.0675947780546267e-06,3.231407390558161e-05,2.5614083298819423e-08,0.0003609169798437506,6.048748218745459e-06,4.067553405207036e-08,0.19070084393024445,3.0863367417310883e-09,9.72976067714626e-06,1.5036585864436347e-05,0.0032857039477676153,0.008251267485320568,0.07533353567123413,0.10136806964874268,0.001121958252042532,4.806960350833833e-05,0.6163031458854675,22,22
4.5871118345530704e-05,4.3521200154827966e-07,9.927357496053446e-06,1.84748259925982e-05,7.641413617420767e-07,6.625927198911086e-05,7.215783261926845e-05,2.8201116997195186e-09,1.5491204152784377e-10,0.0006159770418889821,0.00105869653634727,6.506100103109702e-10,0.24925300478935242,2.6607247516352572e-09,1.1129112920116313e-07,1.073909583482191e-08,1.0517712034641136e-08,0.7163817286491394,0.02686239965260029,0.005611713044345379,1.3524536370823625e-06,4.0644403043188504e-07,6.998200205998728e-07,12,17
2.5638391321081144e-07,1.1127206533956269e-07,4.714542853889725e-07,1.2352236566925967e-08,8.33157187685174e-08,1.0293157437502032e-08,2.254052560601849e-06,1.1138567970192526e-05,3.089228650665632e-09,2.6412490115035325e-05,1.3372189577864901e-08,3.8084159825757524e-08,0.9587200880050659,6.09702566212178e-10,7.777752131232774e-08,2.233331315437681e-06,1.0962141914205858e-06,4.9547770686331205e-06,4.7832880767373354e-08,0.04115679860115051,6.546024815179408e-05,1.478028011092647e-08,8.42610916151898e-06,12,12
2.7983526251773583e-07,1.317641817877302e-07,1.8998388213731232e-06,3.3812182209658204e-07,0.00013121165102347732,1.0783904826894286e-06,4.5903564283023e-10,4.9781139210836045e-09,2.0845655868129143e-08,5.303656891442188e-08,2.7867768537248594e-08,4.823826316169288e-07,0.00024006575404200703,1.2820359529541747e-07,9.489821906072393e-08,3.1090021366253495e-06,0.0007855790317989886,0.03738906979560852,8.385540013478021e-07,0.9614400863647461,1.1693889518937794e-06,2.658272535427386e-07,4.033147433801787e-06,19,19
0.40136656165122986,1.908901367642102e-06,0.01333900447934866,0.0006388914189301431,0.0006068293005228043,0.008490710519254208,0.0021440149284899235,1.5589897657264373e-06,0.11427232623100281,0.3567541837692261,0.00014017405919730663,0.008648276329040527,6.195206879056059e-06,0.09298048913478851,2.671917400220991e-06,1.4130572708381806e-05,2.2859623641124927e-05,6.63975470160949e-07,1.7724098142934963e-05,7.047383121516759e-08,0.0005205977940931916,2.966459396702703e-05,5.527965640794719e-07,0,0
1.1289246515389095e-07,0.00019055040320381522,1.5471328879357316e-05,4.5468878662191514e-10,8.293515207924429e-09,6.194958501737347e-08,2.3115789815619792e-07,2.1628818736019184e-09,2.803781917748438e-08,1.8281840311829e-05,1.3036877135164104e-05,7.781702038300864e-07,0.9757604598999023,1.1043064240823242e-09,6.224167709012463e-11,1.7067358637490315e-10,0.0008223722688853741,0.00017832941375672817,3.612064574554097e-06,0.009358339011669159,8.435510244453326e-05,8.453969257971039e-07,0.013553081080317497,12,12
1.2329844139458146e-05,8.633741117591853e-07,4.889843694400042e-05,1.609982263062193e-07,4.191481275483966e-05,6.208541662999778e-07,2.2004863353686233e-07,3.089184019700042e-07,9.02392327528645e-10,1.15954105694982e-06,7.662073642222822e-09,7.16446280080163e-08,0.6776269674301147,4.301964651176604e-08,5.144978132420874e-08,4.8427551746499375e-08,9.36168544285465e-06,0.31749802827835083,4.4826387579632865e-07,0.004754805471748114,1.5587148709528265e-06,4.7362541977236106e-07,1.6972503544820938e-06,12,12
0.00014439848018810153,3.831084086414194e-06,7.885825652920175e-06,3.932348988655576e-07,0.9881072044372559,0.0006128636305220425,2.244084498670418e-06,9.828744396145339e-08,8.50423239171505e-05,2.1505104086827487e-05,1.5041572623886168e-05,0.010185381397604942,3.2020729122450575e-05,5.664046329911798e-05,1.3042223145021126e-05,0.0006112779374234378,2.9573693609563634e-05,2.6585361410980113e-05,8.597706369073421e-08,2.7107900677947327e-05,8.921360858948901e-06,2.761645419013803e-06,6.206933448993368e-06,11,4
5.870074648584023e-09,6.924614093933856e-12,4.227497796271962e-10,3.8015871006713553e-10,4.035718807748889e-12,6.239598615565001e-09,3.020976697964972e-12,1.2179698916092718e-10,0.9999954700469971,3.331234177395004e-09,4.433533376868581e-06,6.819400599766823e-09,5.806351927040154e-11,6.7825740579507965e-09,1.581629271996121e-11,9.261759004175474e-08,7.659262221855478e-13,5.001449254748991e-10,5.43666370603213e-12,8.013935348660794e-11,1.071735855617817e-08,6.09440442556064e-10,2.38230074556256e-10,8,8
7.539499620179413e-07,3.424390888540074e-05,1.7900838429341093e-06,3.6650915262725903e-06,1.7165836752042196e-08,2.0664838729089752e-08,0.0010405437787994742,2.2093163352110423e-06,3.451928165532081e-08,0.9975993037223816,1.1774392305596848e-06,3.573602924689112e-08,0.00012677251652348787,6.960204079753396e-10,7.3681487577914595e-09,1.1079816431447398e-05,5.139648919794126e-07,1.5516282019234495e-06,6.271707206906285e-06,0.0008804625831544399,4.2684018808358815e-07,3.1596240290809874e-08,0.0002889519091695547,9,9
1.0771721015156999e-10,4.814738538416741e-11,1.7638079885529123e-09,2.4167521282814075e-12,2.8994511649336465e-15,1.3577992064028876e-09,2.0127853161966414e-08,3.263884096327274e-08,4.810197240523451e-10,0.9999996423721313,2.7241571842751e-07,6.991614232010335e-11,3.4445809919680936e-12,2.510648373227342e-12,3.500739195055891e-13,3.5973531011673776e-12,6.701711126148868e-14,2.331758206387379e-14,1.1879415495741341e-07,2.23223214001686e-13,9.441501747087244e-11,1.778385906825398e-15,2.3885244476717915e-11,9,9
5.774882350095822e-09,1.9866643052868227e-10,1.434031449143447e-09,4.734946701216713e-13,2.729997825023922e-11,3.100841805547816e-11,9.205957107738527e-10,9.258365629705168e-09,1.9392546596330718e-11,3.3097498430834094e-07,0.9999996423721313,8.779226789989991e-10,4.531036879029671e-09,3.865302717655228e-13,2.7196983554134135e-10,3.6284248494666826e-08,5.751972791297189e-13,1.2611043320731596e-09,3.123351854927847e-10,3.3746649918953153e-09,8.423883118835462e-11,1.3863246488277081e-11,3.065955475611837e-11,10,10
8.008385066204937e-08,2.5020840976365533e-13,4.698743172326658e-09,3.568736417491891e-07,1.012771377872923e-08,9.93937874227413e-07,2.4609431420685723e-05,2.141223376384005e-06,1.0281414830615176e-08,0.9999611377716064,3.7000236261519603e-06,6.021384137966379e-07,5.286133752946398e-09,2.49480694947124e-06,2.0235000341983778e-09,3.7602226257149596e-06,1.4007602022747534e-10,3.145715285479689e-11,1.7924345341313597e-09,1.5438789136013042e-09,7.780239030807934e-08,1.057576118693171e-12,9.016901808545086e-13,9,9
7.212567254555324e-08,6.40278385866111e-10,6.728958368285021e-08,2.0321997556971283e-11,7.81180009568061e-09,5.710397488201124e-09,9.217432372921053e-12,1.680222350142202e-10,1.2636002244548195e-09,2.1769805957916333e-09,6.453497292113752e-09,9.148197221975352e-08,8.00919224275276e-06,6.639843536104806e-11,2.0845467713082044e-11,1.527671500411998e-08,6.784820016036974e-06,0.9994878768920898,1.2835430496238587e-09,0.00049684225814417,1.3976686830119434e-07,1.7614625036355136e-10,1.4459752284423644e-09,17,17
0.059707753360271454,4.987707870895974e-05,0.6401224732398987,1.6833546396810561e-06,0.0386650450527668,0.007198470178991556,3.078957161051221e-05,7.487382845283719e-06,0.051442548632621765,0.14359347522258759,0.012641879729926586,0.00040944808279164135,0.0002539873239584267,4.329888542997651e-05,0.005014464724808931,0.021640807390213013,8.960229024523869e-05,0.0001346216449746862,0.000636223703622818,1.3870854672859423e-05,5.335834066499956e-05,6.33031368124648e-06,0.018242409452795982,0,2
0.000907143868971616,0.4409347474575043,0.010535349138081074,0.0004629006434697658,0.0001971100427908823,1.692925434326753e-05,0.019700853154063225,1.0762191777757835e-05,8.943693501350936e-07,0.47348323464393616,6.943436164874583e-05,8.915115176932886e-05,0.011193351820111275,8.845011620906007e-07,1.2384111869323533e-07,3.0329201763379388e-05,0.004845927469432354,0.0037875385023653507,0.005820680875331163,0.014167403802275658,0.00019650952890515327,1.0602243492030539e-05,0.013538123108446598,1,9
0.8191776275634766,8.647758704682929e-07,6.72374153509736e-05,4.666669042308058e-07,6.950511988179642e-07,5.078795766166877e-06,2.5080353225348517e-05,2.8317091960161633e-07,3.98173760629561e-08,0.14836975932121277,0.0010603710543364286,8.83357733982848e-06,0.030732411891222,1.2317057951349852e-07,2.36602959446941e-10,7.982677852069742e-10,6.702875143815845e-09,0.00045563169987872243,7.804869528627023e-05,2.9400106882349064e-07,1.9224389689043164e-06,1.9690955532780663e-09,1.547656938782893e-05,0,0
0.07679799944162369,6.056545771571109e-06,3.357520836289041e-05,0.003330946434289217,0.00042351867887191474,0.046442676335573196,0.021666059270501137,0.09764207899570465,1.1097363312728703e-05,0.6045827269554138,0.034512508660554886,0.006941024214029312,0.02863362617790699,0.07593764364719391,4.1191382479155436e-05,0.0003367563185747713,9.836075332714245e-05,0.0011430092854425311,0.0006649730494245887,5.781680010841228e-05,4.6313511120388284e-05,9.362673881696537e-05,0.0005563977174460888,4,9
5.615299232886173e-05,4.0324354699805554e-07,8.713661969750319e-08,1.2649365999095608e-07,2.1142335104862298e-10,6.927236029241612e-08,2.7126957320433576e-06,2.4917118935263716e-05,2.9689292802004275e-08,9.374321052746382e-06,3.823996848950628e-06,2.196056954062442e-07,0.9799721837043762,9.058208072509899e-10,8.39180169798226e-10,1.2334237797784198e-10,0.00015178017201833427,0.017264550551772118,2.801819505293679e-07,0.00011480505781946704,0.0012606325326487422,1.7743368516676128e-05,0.0011202326277270913,12,12
0.13904772698879242,4.4861677451990545e-05,0.0024340462405234575,0.0003755137149710208,0.006914092693477869,0.05158700793981552,0.0008252415573224425,0.0002281179476995021,0.0028688947204500437,0.0004969091969542205,0.00014002418902236968,0.007551297079771757,9.447956836083904e-05,0.7853814959526062,2.9517725579353282e-06,0.00020418177882675081,8.02774156909436e-05,1.1129244740004651e-05,3.9674578147241846e-05,2.602758650027681e-05,0.001094865845516324,0.0005483292625285685,2.898691263908404e-06,0,13
3.0935425456846133e-06,5.4995648035571776e-09,6.37976627331227e-05,1.5753942150809053e-08,3.661350334027702e-08,3.170721925016551e-07,2.922379449543655e-09,1.606607753501521e-07,1.0605021572018813e-07,2.4249939656328934e-07,1.4013322413575224e-07,7.761649612803012e-06,0.065707728266716,1.2451701003612925e-08,2.2062042470682997e-10,1.2707265240052834e-09,0.0004112753376830369,0.9330841898918152,2.284074929193025e-09,0.0006405304302461445,5.7332290452905e-05,1.9970153530834978e-08,2.3307689843932167e-05,12,17
1.8261484058257338e-07,0.9993323683738708,1.4062782156543108e-06,4.125894736972668e-09,8.210331081670574e-09,4.798878308065468e-07,1.6407350358349504e-06,1.5902525962729896e-09,3.1691103075104365e-09,0.0006580686895176768,8.984375767795427e-07,4.905248429665221e-10,2.1253088178241342e-08,6.210203906675815e-09,1.1372215669158692e-10,9.828363123354222e-11,8.314447463853014e-10,8.72002886564971e-11,4.592795903590741e-06,9.538744238923869e-10,3.5896274841462628e-09,5.172458727997764e-08,1.0193051025453315e-07,1,1
0.00010201329132542014,2.898929778893944e-06,9.554547432344407e-06,3.6820431148498756e-08,2.9674154120584717e-06,0.000554135418497026,4.5538768063124735e-06,5.262887370349745e-08,3.2597274213230776e-08,0.004591600503772497,0.0018663675291463733,2.2985320811130805e-06,0.07181357592344284,1.4281705773555586e-07,1.2384971270762435e-08,1.765956092469878e-08,2.636380941112293e-06,0.8990664482116699,0.016113338991999626,0.00578602310270071,1.1703986274369527e-05,4.106863826791596e-08,6.95510971127078e-05,17,17
1.6211297193535756e-08,8.875471024794024e-09,6.626823534361392e-09,1.3417392197290212e-10,5.877752062843911e-09,3.212233368188322e-09,0.9999997615814209,2.6078137427276715e-09,2.0026395819439102e-10,9.749178531137659e-08,8.213218194441652e-08,1.4457944841339554e-09,3.297423845083358e-08,1.0317423582151264e-09,9.28198815551562e-13,4.18494509879519e-11,2.895590434093265e-10,2.9212440466608314e-08,3.086560737899924e-12,2.5348554366644294e-09,5.648235656963152e-09,1.0643141923338817e-10,1.583823183715083e-09,6,6
4.7242152504622936e-05,8.898290388970054e-07,7.322920282604173e-05,6.718501310842839e-08,1.1342203833919484e-05,2.27385444304673e-05,4.695613824878819e-06,1.4597870290344872e-07,2.8726988787752816e-08,0.0015260414220392704,3.2141267638507998e-06,5.936660940619731e-08,0.07636278867721558,1.207316557838567e-08,5.39809141830716e-10,1.5775015738128673e-09,2.369912408539676e-06,0.9209938049316406,6.2731273828831036e-06,0.0009274384938180447,9.333277375844773e-06,1.4010727689139912e-08,8.322455869347323e-06,17,17
6.36915331142518e-07,8.508640894433483e-05,7.317202062040451e-07,3.03577826343826e-06,7.830386493878905e-06,5.061112460680306e-05,7.182215711054596e-08,4.5576644680522804e-08,4.595636227122668e-08,0.0011885683052241802,4.5547466243078816e-07,1.1938466570882156e-07,0.040801312774419785,9.86996511187499e-08,0.0003308913728687912,5.557001827583008e-07,0.0013201291440054774,0.0005643438780680299,0.05757368355989456,0.8980106115341187,4.1436298488406464e-05,1.7706693142827135e-06,1.7971038687392138e-05,19,19
2.6233139578835107e-05,7.955221690281178e-07,0.9961066842079163,5.9174705135944805e-09,4.5037222662358545e-06,0.003542009275406599,1.200916841526123e-07,2.007214838783966e-08,3.3101709817628944e-08,0.0002530866186134517,3.6953292692487594e-07,4.905788273390499e-07,3.5755168937612325e-05,5.54847065359354e-06,4.969282763056526e-10,3.1451161119910864e-11,1.666173011471983e-05,4.087233094196563e-07,6.903478151798481e-06,2.549348998570622e-08,2.407940087323368e-07,1.915693275122976e-07,1.9252894389865105e-08,2,2
4.901210548524659e-10,2.8383000838516637e-08,8.030357889765583e-08,4.518397247466055e-07,1.4181603114060692e-10,5.823189042075683e-09,3.958372740697769e-09,2.923788294806329e-11,7.391649792243271e-12,1.3849322613168624e-06,4.2233674890646e-10,1.936042659522741e-09,0.00010911412391578779,3.803353187947778e-10,9.544583434717424e-08,5.479715348144509e-09,8.21140933027209e-11,2.211868377344217e-06,0.0004735246766358614,0.999413013458252,6.233253024845453e-09,2.7428732618517415e-09,3.877790588635577e-10,19,19
5.131138891556475e-07,0.7658577561378479,0.002913051052019,5.330718977347715e-07,1.588211853231769e-05,9.708095376481651e-07,0.0020435701590031385,0.0031852119136601686,3.329541016228177e-07,6.061027306714095e-05,8.19704364403151e-05,9.707417980564514e-09,0.018446791917085648,3.334680798161571e-08,1.3907151696912479e-07,1.3879764992452692e-05,0.0008433988550677896,0.0053402576595544815,8.674977289047092e-05,0.19712550938129425,0.0007405492942780256,0.0007412205450236797,0.002501030219718814,19,1
9.76847669420522e-09,4.133364223807279e-12,1.3657772829356318e-11,2.2785479059095337e-10,4.281509521919524e-11,3.7445432865546024e-10,1.6260520707689352e-10,5.294045202219877e-10,8.52762108702939e-15,1.8265065904188305e-08,4.17928018581204e-12,1.2154184325652295e-09,0.9999922513961792,9.807007636530862e-13,4.699451383594067e-10,1.2672882708508748e-11,6.223432186258648e-11,4.738950565297273e-09,2.130614085160687e-08,7.595486749778502e-06,1.9674217810461414e-10,8.161563785913373e-11,1.0835433528200156e-07,12,12
1.2514852265610443e-08,1.1952312206631177e-07,4.564488449432247e-07,1.8521498645895917e-07,6.468831657002738e-07,6.022373213454557e-07,9.35978738958454e-10,1.497945945061474e-08,1.0872495612157529e-11,4.5593327513415716e-07,6.8945311682000465e-09,4.3389378201474926e-10,0.00026712234830483794,3.6017688831435635e-09,5.047748885544934e-08,2.5608448694924846e-10,0.99907386302948,1.8483473468222655e-05,0.00011499049287522212,0.00012144327047280967,9.200501835948671e-07,5.276049463986965e-08,0.0004006214439868927,16,16
4.4510084990179166e-05,1.298854613196454e-06,0.9996021389961243,7.735858531532358e-08,8.770911335886922e-06,0.00014207304047886282,4.0725262806518003e-07,4.6852388635443276e-08,1.8211223107300611e-07,9.34026320464909e-06,1.2216022469146992e-06,3.2513322366867214e-05,5.745228463638341e-06,0.00013898707402404398,4.038928125282837e-08,1.0762666313723912e-08,4.1910629988706205e-06,1.2573632375278976e-06,3.1714930059933977e-07,4.7600534003322537e-07,9.710549875308061e-08,6.332161319733132e-06,6.747795211481389e-09,2,2
0.0356079638004303,8.816876288619824e-06,1.0787611245177686e-05,2.3645799274163437e-07,0.0039032099302858114,0.8637867569923401,0.00017208882491104305,5.724508810089901e-05,0.070918969810009,0.010614852420985699,0.0004935468314215541,0.002549737459048629,6.195267587827402e-07,0.011835345067083836,1.4240258394693228e-07,2.0041843526996672e-05,1.1088515350365924e-07,1.7144208186437027e-06,2.2419026208808646e-06,1.4098199585532711e-07,4.330877800384769e-06,7.571713013021508e-06,3.4283204968232894e-06,11,5
1.164911623163789e-06,1.8762479157885537e-05,0.9968191385269165,4.5505186108130147e-07,1.6246013956333627e-07,4.2705667624431953e-07,3.154653711590072e-07,6.548327291966416e-06,7.372051641141297e-06,3.870027285302058e-07,1.832859925343655e-05,1.842541132646147e-05,1.4112089957052376e-05,4.539375026979542e-07,1.0682665418926263e-08,1.4041830809219391e-06,0.0003881569136865437,0.00020018179202452302,1.2973021057405276e-07,0.00010304839088348672,0.002102225087583065,0.00029683837783522904,2.028180460911244e-06,2,2
1.693791595869243e-08,1.1724913520083646e-06,5.109401627123589e-06,2.4899509121212304e-09,1.555223172466924e-09,3.3896024875801345e-11,0.0001823821075959131,2.046643385256175e-05,8.33548841061571e-10,1.4082896996114869e-05,1.1540636251083924e-06,2.1772694758226407e-09,0.978460967540741,1.9982307909033326e-12,9.054397764884925e-08,1.37672316213866e-07,0.0006170478300191462,4.6517433816006815e-07,1.2679967653639324e-07,0.013155685737729073,0.005291820503771305,1.9741685264307307e-07,0.002249071840196848,19,12
0.052730873227119446,0.03514666482806206,0.017871947959065437,0.0007510993746109307,0.05503902956843376,0.17448240518569946,0.006955588236451149,0.0025266774464398623,0.031006012111902237,0.009645186364650726,0.23155386745929718,0.006340365391224623,0.005537021905183792,0.03952602297067642,0.039645712822675705,0.00621163472533226,0.24282187223434448,0.017858505249023438,0.0012958589941263199,0.003563422244042158,0.005637365859001875,0.01090786512941122,0.002945051295682788,0,16
6.1296617559492e-08,3.70705578234265e-07,2.006113941632748e-09,0.00012995362340006977,5.451279889712168e-07,0.0003594947047531605,2.1258900062548491e-07,3.969596917841045e-08,1.240622093945376e-08,0.0020897083450108767,6.977099474170245e-06,1.1239723789913114e-05,6.981422484386712e-05,4.660348622564925e-07,1.2313732440816239e-05,5.2145541218351354e-08,9.332848094345536e-06,7.132268251552887e-07,0.9956291913986206,1.6030848200898618e-05,1.2737945098706405e-06,5.074633158130837e-09,0.001662045018747449,5,18
4.023229038807585e-08,0.0008759411284700036,0.00010943986853817478,4.1343571410834556e-07,1.5699838096239205e-09,6.872045599237708e-09,2.61574177784496e-06,1.4671006631772343e-08,5.69812044770579e-11,4.522004383034073e-05,1.8166423615184613e-05,9.332119077498646e-08,0.9788185358047485,7.750378472337616e-08,5.974410299813826e-09,4.828017430291709e-10,0.0012178333709016442,0.00029042697860859334,9.058480645762756e-05,0.010317300446331501,7.635734073119238e-05,2.3727116271743398e-08,0.008136973716318607,22,12
2.419949487375561e-05,0.015134252607822418,8.612580131739378e-06,0.0005495083169080317,9.557681579508426e-08,7.729483513685409e-06,1.2789524816980702e-06,0.00026284781051799655,0.00022053201973903924,3.0129744118312374e-05,0.00011687328515108675,1.8951047309201385e-07,8.8053729996318e-07,2.3032518114973755e-08,3.720236918525188e-08,2.292770631129315e-07,0.0006018683779984713,1.570993646282659e-07,0.00017815253522712737,5.1883353080484085e-06,0.00015529451775364578,0.8829230666160583,0.09977877140045166,21,21
0.0013789960648864508,2.2894830181030557e-05,0.00045369635336101055,0.00012432393850758672,7.1495192059956025e-06,0.0845775380730629,0.002454034984111786,7.027512037893757e-05,0.005228795111179352,0.01706733927130699,0.05906108394265175,0.009710276499390602,0.00031477754237130284,0.818739116191864,8.552015628993104e-08,0.0003520625759847462,3.478082817309769e-06,0.00017138551629614085,4.8125628381967545e-05,8.554793748771772e-05,3.436690121816355e-06,6.902921450091526e-05,5.6488275731680915e-05,9,13
0.9963194131851196,4.456072133507405e-08,1.1422763179780304e-07,3.065298770366098e-08,7.732843982921622e-07,4.565407323298132e-07,1.0068644584748654e-08,1.3806472054511687e-07,0.0002678348100744188,0.00293063186109066,4.16947216308472e-07,0.00045385409612208605,1.4396523795312532e-07,4.4261832954362035e-06,1.4110121355770389e-06,1.8660055502550676e-05,2.6278568654447554e-08,8.894873282372373e-09,3.361354288244911e-07,6.64010027517925e-11,4.476733010960743e-07,7.387454648011271e-09,9.706395758257713e-07,0,0
0.011736668646335602,4.891999560641125e-05,0.00010540138464421034,2.1736726921517402e-05,0.010988859459757805,0.003945624455809593,0.0001626818993827328,0.002251121448352933,0.04459555074572563,0.0026533042546361685,0.0008383388631045818,0.0002772003354039043,0.00011726638331310824,0.004342041909694672,0.053881093859672546,0.8632740378379822,5.2930652600480244e-05,9.412451618118212e-05,2.4471231881761923e-05,3.569859472918324e-05,0.0003082826442550868,0.00010411720722913742,0.0001405505317961797,15,15
2.781697219234047e-07,4.2901814595097676e-05,2.3084680833562743e-06,3.278909588289025e-09,1.5917646090102266e-09,9.244075016567876e-08,5.495064669958083e-07,5.0267651374724664e-08,1.7341157843020483e-07,1.4058156921237241e-05,2.359297104703728e-05,4.584555401976331e-09,0.002157211070880294,1.4654377711309508e-09,1.9329069594897774e-12,5.8920580414678625e-08,8.326013812620658e-06,0.6946460008621216,2.094950879438784e-09,0.3030608594417572,4.0803115552989766e-05,6.26175644669047e-09,2.7758130727306707e-06,17,17
1.5135496767015866e-07,4.5848866925268794e-09,3.536074189014471e-07,1.025292628575869e-09,8.043969046411803e-08,3.633787315493464e-08,1.6650261724926452e-10,1.7503255789197425e-10,7.88840659460277e-10,1.6417631698573132e-09,5.858860951946099e-09,1.1338525673920685e-09,3.315678259241395e-05,3.1028207780892103e-10,2.334023425920595e-11,4.617408400076073e-10,6.9539338731772204e-09,0.999862790107727,2.68446118667498e-08,0.00010335456317989156,1.5044157919419376e-07,7.745930008518087e-10,6.391834284080744e-10,17,17
0.0012019358109682798,1.0450064564793138e-06,0.23547619581222534,7.510186696890742e-05,0.06819498538970947,0.005834676790982485,0.0009696397464722395,7.993071093892468e-09,1.8727556039266346e-07,0.24884994328022003,5.122478978591971e-05,7.775029189360794e-06,0.1379375010728836,3.2064150445876294e-07,1.0264423053740757e-06,2.1108682801695977e-08,0.00018900007125921547,0.3008405268192291,8.492602501064539e-05,0.00027156612486578524,1.038297705235891e-05,2.3108513858005608e-07,1.8750922663457459e-06,4,17
0.2271834760904312,1.6392635870943195e-06,0.004429316613823175,2.4451072022202425e-05,0.06999102979898453,0.0034073253627866507,8.57146515045315e-05,6.482093886006624e-05,0.000822721398435533,0.02526116371154785,4.911562064080499e-05,9.898549615172669e-05,0.0012214436428621411,0.012091333046555519,0.6467423439025879,0.006917907390743494,0.001268242485821247,0.00011764619557652622,0.00013406410289462656,4.213821375742555e-05,3.495783676044084e-05,2.143490746675525e-06,8.002214599400759e-06,0,14
0.004553928505629301,1.3822054825141095e-06,4.98724921271787e-06,7.194687441369751e-07,7.711039415880805e-07,0.18600669503211975,1.7260268577956595e-05,4.063981123181293e-06,0.004017770290374756,0.07593103498220444,0.7288986444473267,0.0004642739659175277,7.556631658189872e-07,5.954273365205154e-05,2.141499616525877e-10,3.7133055741378485e-08,1.7101620120030248e-10,3.4951728594023734e-05,2.485446430000593e-06,9.617052398880332e-08,2.117126030043437e-08,5.098608468756538e-08,4.6444063173112227e-07,10,10
0.1096569299697876,6.374181248247623e-05,0.000707404047716409,3.65454179700464e-05,0.044639524072408676,0.07625067979097366,3.7022234664618736e-06,0.0009362361743114889,0.0075064655393362045,0.0001537641219329089,0.0002324882079847157,0.004515975248068571,1.5727540812804364e-05,0.7522650957107544,0.00013154401676729321,0.0019310037605464458,8.181302109733224e-05,9.58680629992159e-06,4.720278411696199e-06,6.477984697994543e-06,2.0914822016493417e-05,0.0007975889020599425,3.205207030987367e-05,13,13
0.00033995119156315923,4.9569032906093824e-11,3.3459214137110393e-06,2.660787812303056e-09,0.9994838237762451,4.659139085561037e-05,1.7175324273921433e-07,1.090738788178669e-08,3.3089353479454076e-09,9.767441224539652e-05,1.2945328364821762e-07,1.1380207070033066e-05,1.5167098581514438e-06,1.0728914276114665e-05,3.2350458241126034e-06,6.012033395563776e-07,8.178817267889826e-08,5.725230778352852e-08,6.447860982916609e-07,1.396897442162981e-08,2.9890661057407897e-09,5.71403202531684e-10,1.9751556834535222e-08,4,4
8.410004426195883e-08,3.5331034430562125e-13,1.7186662759627325e-08,1.2266182861098152e-11,1.9284122909635215e-12,1.256067463373256e-07,2.9534214718296425e-07,1.0475096345885504e-09,7.771642773768406e-10,0.9999991655349731,9.446952020653043e-08,1.0356559165813906e-08,2.4451773938949373e-09,3.024737058043847e-11,8.82864067226416e-14,4.189423113976076e-11,2.2307437147484066e-11,4.661189656474107e-09,2.9268514367686294e-07,1.2583854791525795e-10,1.8624303876890735e-08,4.823654090090404e-14,5.576534893581009e-12,9,9
0.018666571006178856,2.2004792299412657e-06,0.10035129636526108,0.002497452311217785,0.17300455272197723,0.40774011611938477,0.0005544294253922999,1.3879088328394573e-05,0.015069881454110146,0.022689295932650566,0.0009495048434473574,0.08287747204303741,0.004528413061052561,0.008922849781811237,0.005554715637117624,0.0010015283478423953,0.0004334796394687146,0.0004866269591730088,0.0004822933115065098,0.00010124380787601694,0.15398238599300385,8.856086788000539e-05,1.275972181247198e-06,0,5
0.00754772312939167,8.450239693047479e-05,0.004167585168033838,0.00127407256513834,0.00011326644016662613,0.14876040816307068,0.0014548590406775475,0.00011312458809698,0.015542430803179741,0.18245279788970947,0.0004788396181538701,0.00021609179384540766,0.20226864516735077,2.8743885195581242e-05,9.225540270563215e-05,1.751096533553209e-05,0.0007232807110995054,0.030977170914411545,0.3791426420211792,0.018331661820411682,0.0033873196225613356,0.0010864405194297433,0.0017386438557878137,17,18
8.408057396991353e-07,3.898847822370044e-08,6.724361583110294e-07,6.849315104773268e-05,2.1677800759789534e-05,6.425647006835788e-05,8.621406699660383e-09,5.2030738828534595e-08,9.657372679328091e-10,6.958568974368973e-07,3.2030041552388866e-07,1.9424980735038844e-07,1.1294361684122123e-05,2.1192887800225435e-07,0.00041667369077913463,6.93724018674402e-07,0.9867728352546692,0.0003687702992465347,0.011585197411477566,0.000212823404581286,0.0004710606881417334,1.7944939827430062e-06,1.5565192370559089e-06,16,16
2.2347619310636446e-09,8.709017151886655e-08,6.832804047007812e-07,9.013685797754079e-09,2.1525367073635046e-14,5.5860387426776015e-09,0.04007220268249512,1.9636012815738013e-09,7.52903428491436e-09,0.9598023295402527,0.0001183004496851936,2.9024005421263155e-10,8.356710168300197e-08,1.4386949964695361e-11,3.476866621758383e-14,2.1398000558947583e-12,7.499391108112263e-10,1.2942748001815163e-12,9.294611191812407e-10,5.782250234176445e-10,6.377380032063229e-06,1.572046832987173e-11,3.247437652120766e-09,9,9
0.03520755097270012,0.01097158994525671,0.02480887621641159,1.672886043024846e-07,2.045006476691924e-05,2.5976029064622708e-05,0.0504322424530983,8.020570385269821e-05,1.2332841947682027e-07,0.8675680160522461,3.071678293053992e-05,2.2561812329513486e-06,1.1092171234849957e-06,0.010815556161105633,9.63352135840978e-08,2.1294188627507538e-05,9.436077448299329e-07,4.015404897472763e-08,9.942413271346595e-06,1.0047103593535667e-08,2.843348966052872e-06,1.3153123035181125e-08,1.020602358181577e-08,0,9
2.4849671262927586e-06,2.9105242660421027e-09,0.9999822378158569,1.1595525428731435e-08,1.8955007874410512e-07,2.520503272762653e-08,3.1999729088738604e-08,1.5089547105162637e-06,3.973036086790671e-07,5.245803436082497e-07,4.195537695039775e-09,6.407631758520438e-08,1.5075996770974598e-06,1.9769578329942306e-07,3.743124565858125e-08,2.332119386494469e-09,5.9795738707180135e-06,1.5392093928312534e-06,2.7637324251372775e-07,5.7470732173214856e-08,2.574388645371073e-06,2.856127707673295e-07,1.1753095718880502e-10,2,2
0.06750137358903885,0.0005070328479632735,0.5260530114173889,5.569977656705305e-05,0.040066417306661606,0.045476190745830536,6.192456930875778e-05,0.00021830703190062195,7.493240900657838e-06,0.12579965591430664,0.001212064758874476,3.912393003702164e-05,0.13578160107135773,0.0039500584825873375,4.6071869519437314e-07,6.155489245429635e-06,6.389166810549796e-05,0.05043425410985947,2.205420969403349e-05,0.002229832112789154,8.040051761781797e-05,9.274924650526373e-08,0.00043285105493851006,4,2
1.0945509387738639e-07,2.328115442651324e-07,0.9990929365158081,4.786743779128244e-10,1.8292783954265701e-09,5.892227861181709e-08,4.0724454919427444e-08,5.067305437478353e-07,5.061994670541026e-06,2.8092692446080036e-05,9.370506631967146e-06,1.0318262688713276e-08,4.938609345117584e-05,4.4912606966818203e-10,1.7105351801660618e-08,9.04999453155142e-09,0.0007785047055222094,1.589662497281097e-05,6.200914413057035e-06,3.1782849418959813e-06,7.043406071716163e-07,4.6500003918481525e-06,4.915666977467481e-06,2,2
2.7214011311116337e-07,6.557747678215264e-09,2.223422370661865e-06,1.220390233314106e-09,5.339315656271992e-10,9.39735309657408e-06,2.135564225458353e-10,7.865054094113866e-12,5.133247071853475e-08,5.744640020566294e-06,4.5799367853760486e-07,1.688464544713497e-05,0.0014723982894793153,1.1541828826011624e-08,1.5394747976404943e-10,6.315027667458395e-11,3.67964230463258e-06,0.9849324822425842,7.364891189354239e-06,0.013548828661441803,2.465895647674188e-07,3.427109152021046e-10,8.551414687474335e-09,12,17
0.9946355223655701,1.1332712119838106e-06,9.295682502852287e-06,4.464148730676243e-07,0.00010554157051956281,0.0008781122742220759,2.585777110652998e-06,0.0001843539357651025,1.3167940778657794e-05,0.001322495169006288,2.6203790184808895e-05,0.0018447644542902708,3.5209486668463796e-06,0.0006460397271439433,1.0866810953302775e-05,0.00015020395221654326,5.942620759924466e-07,1.0478411383019193e-07,4.9475162086309865e-05,1.3611709981375952e-08,8.72973760124296e-06,0.00010290642967447639,3.940268015867332e-06,0,0
7.1483736974187195e-06,2.3327038078946316e-08,2.752393584160018e-07,8.308663090872415e-09,3.33707646404946e-07,1.74867564055603e-05,1.2741256660842026e-10,9.146257085035359e-10,1.0010068329791011e-08,3.9337603396916165e-08,1.8403804915578803e-06,1.0525556426443927e-08,4.63494779978646e-06,7.97363242099891e-09,1.5213925053103594e-07,4.103225990093051e-07,1.6472797881306178e-07,0.9993226528167725,1.1592868759180419e-05,0.0006328629096969962,4.0312522742169676e-07,9.503571263280719e-09,1.0055439148004552e-08,17,17
0.0006517764995805919,7.983135219546966e-07,0.0001877099130069837,5.361698640626855e-07,0.8997784852981567,0.09845516830682755,2.9603099847008707e-06,2.738522084655415e-07,1.6416621292592026e-05,0.0002458704402670264,2.3594615413458087e-05,0.00011956878006458282,3.8058377072047733e-07,0.0003454903489910066,6.486969505203888e-05,7.429507240885869e-05,2.1699737828839716e-07,1.3171589671401307e-05,1.3977774869999848e-05,4.6995594971122046e-07,4.0942117607301043e-07,2.8542938252940075e-06,7.585837238366366e-07,4,4
0.036316581070423126,0.000253117032116279,0.02193571627140045,8.161107871273998e-06,0.0008249410311691463,0.0703262910246849,0.0006617452017962933,5.2552159104379825e-06,0.0627828985452652,0.7646364569664001,0.0026107640005648136,0.004105816129595041,0.0010519481729716063,0.012905214913189411,1.1717196457539103e-06,3.2048035336629255e-07,0.0012341852998360991,0.001235317555256188,0.018307503312826157,2.9311546313692816e-05,0.00041630424675531685,1.7855409168987535e-05,0.0003331415355205536,5,9
0.0017164060845971107,2.272765868838178e-07,2.44359323886556e-08,2.5917287871379813e-07,0.99720299243927,4.831244223169051e-05,3.170219542880659e-06,7.735288818366826e-07,2.5462705366408045e-07,8.066836016951129e-05,3.720783070093603e-06,0.000585904810577631,7.022979843895882e-05,5.159055490366882e-06,1.0954684512398671e-05,4.431629804457771e-06,2.635251803440042e-06,1.8384148461336736e-06,0.00018111128883901983,8.140150953295233e-07,1.3143835531082004e-06,4.590097546497418e-07,7.825119246263057e-05,4,4
0.0022024570498615503,0.000505013857036829,0.00021625947556458414,3.4059823974530445e-06,0.0012369443429633975,0.7166402339935303,2.2205536254205072e-07,3.061642701140954e-06,0.26079973578453064,2.90722800855292e-05,0.0005735516315326095,0.017054690048098564,3.4339727790211327e-06,0.00021539705630857497,1.6218595192185603e-05,0.00022851336689200252,4.020920641778503e-06,5.897277151234448e-05,6.448663043556735e-07,8.502966011292301e-06,2.0198020138195716e-05,0.00015946917119435966,1.9964229068136774e-05,8,5
1.423660211941069e-08,6.35542396487665e-10,8.61116955519492e-09,2.386647111052298e-07,8.490632552593524e-08,4.938494271300442e-07,6.663699106401744e-12,8.937345796766749e-08,4.129187214374497e-09,2.406701060664318e-09,3.178662333347404e-10,1.4433130246516157e-08,1.5872446468279122e-08,0.9999294281005859,6.008642594679259e-05,4.629599814620633e-08,3.3992744619126825e-08,3.9102837634530374e-10,9.307304026151542e-06,2.2306426927798384e-08,1.307219861246267e-07,6.722348372401044e-11,6.08189110185009e-10,13,13
0.002901113126426935,1.3778610536974156e-06,2.840187335095834e-05,1.0710869702279524e-07,0.002737903967499733,0.9871680736541748,7.015767096163472e-07,1.6556422224311973e-06,1.6450782140964293e-06,6.458163989009336e-05,9.404237061971799e-05,4.844179056817666e-05,0.00024281816149596125,0.003986312076449394,1.5477345982617408e-07,4.866492542277001e-09,9.241866791853681e-06,0.002332820324227214,0.00036257258034311235,5.303362740960438e-06,3.5181926705263322e-06,2.1695657324016793e-06,7.138544333429309e-06,5,5
0.4273108243942261,0.0011422823881730437,0.01145990937948227,0.000632881245110184,0.3510781228542328,0.1161249652504921,0.0010228246683254838,0.0007397349691018462,0.024598529562354088,0.0036649061366915703,0.010776849463582039,0.0042579201981425285,0.0013902337523177266,0.030272068455815315,0.0008872253820300102,0.001163202803581953,0.0006758614326827228,0.0006934916600584984,0.0003376873501110822,0.00011767672549467534,0.0002772124717012048,0.006950085517019033,0.004425457678735256,0,0
0.000328441325109452,2.1986259923778562e-07,1.1154279491165653e-05,2.2898174023566753e-08,0.00017895165365189314,0.41625288128852844,4.7340563469333574e-05,1.3264843801152892e-07,0.00016085777315311134,0.00011864064435940236,0.5819491744041443,0.0008221936877816916,5.9994250477757305e-05,3.699774242704734e-05,2.3552825467731964e-08,1.3569248835665348e-07,5.0037751719855805e-09,2.7714919269783422e-05,8.964433106939396e-08,4.31730200034508e-07,1.5929103938105982e-06,7.446635663654888e-07,2.2803485535405343e-06,5,10
7.067321033948915e-11,9.34744496432563e-14,5.37340527975716e-12,1.1319031649470457e-11,1.787117545962169e-14,7.043361893721567e-09,2.0325787494085423e-12,9.450629168128444e-11,0.999998927116394,9.00660346303539e-09,1.0617799262035987e-06,2.5232158376575775e-11,1.5671717396026352e-12,4.3170757767219126e-12,1.444434307405762e-13,1.9619013080784953e-09,3.726219907716072e-15,1.4199980601092843e-11,2.682188780973871e-13,4.641211893974262e-12,1.722936104897599e-08,3.999622085349569e-13,4.964622896813653e-12,8,8
0.0001249997440027073,0.0565885566174984,2.3328751922235824e-05,0.0015391852939501405,9.32043576540309e-07,0.0003755496582016349,0.0003656089829746634,0.09098745137453079,7.301245932467282e-05,6.788422615500167e-05,0.00017030991148203611,1.3903026228945237e-05,0.00042619745363481343,0.00044964111293666065,7.971446507326618e-07,1.1377079545127344e-06,8.08237527962774e-05,2.0685205527115613e-05,0.000724655925296247,0.0003448771021794528,1.3505328752216883e-05,0.8284134268760681,0.01919352076947689,7,21
0.26949965953826904,4.76183942055286e-07,3.993757854914293e-05,2.782070964713057e-07,0.0003325978759676218,0.006706761661916971,1.544173210277222e-05,1.340036988040083e-07,0.00019132031593471766,0.000127785126096569,9.349299216410145e-05,0.6257255673408508,0.021907586604356766,0.0002782114897854626,2.523251652064573e-08,2.7757661769101105e-07,9.333170055469964e-06,0.07494060695171356,4.0705083392822416e-07,5.38202075404115e-05,1.2748065273626707e-05,5.288415650284151e-06,5.823687752126716e-05,5,11
1.3500814475264633e-06,8.92669405061497e-09,0.002134854206815362,1.0289740615121445e-08,1.0519007886955478e-10,8.398390491493046e-06,3.1597305678587873e-06,4.31778701681651e-09,8.603487367508933e-05,0.9977309107780457,1.4770006373510114e-06,5.730883767540718e-09,9.35784828470787e-06,8.52832693354344e-10,9.058651051496724e-11,4.672680298245524e-11,3.070969682994473e-07,1.4839761774965154e-07,2.2798320060246624e-05,3.911853951876765e-08,5.05827358665556e-07,2.1980187114856164e-10,7.891841846685566e-07,9,9
0.00022596378403250128,7.376989969998249e-07,0.0011597072007134557,2.1639998522005044e-06,0.9785488247871399,0.009375201538205147,9.67049982136814e-06,2.0930765458615497e-06,0.0014299646718427539,0.0009671957814134657,0.005210516508668661,8.931328193284571e-05,0.00046284726704470813,1.3115968613419682e-05,9.262822277378291e-05,0.00039762951200827956,8.538871770724654e-05,0.0016512350412085652,8.725760380912106e-06,2.6688174330047332e-05,0.00020298888557590544,5.17560374646564e-06,3.204829408787191e-05,4,4
6.774223948013969e-06,2.3506529487349326e-06,4.397561426117136e-08,2.1595917587546865e-06,0.0013644433347508311,0.29117274284362793,1.831724148360081e-06,3.495158296118461e-08,2.8284486575103074e-07,0.000820163288153708,0.7064938545227051,5.104686806589598e-06,0.00010408442176412791,3.2121834010467865e-06,1.836452980796821e-07,2.186040319429594e-06,6.815248099201199e-08,1.2494497241277713e-05,2.663955172010901e-07,4.179576535534579e-06,3.05319218796285e-08,4.734102176939814e-08,3.4524496186350007e-06,10,10
2.918508698712685e-06,0.0015192191349342465,0.026762492954730988,0.00017886159184854478,9.245535466106958e-07,5.3488365665543824e-06,1.2004848940705415e-05,2.7745006718760123e-06,3.120793962807511e-06,3.3723947581165703e-06,0.0011463507544249296,9.224662562701269e-07,4.7818393795751035e-06,1.4917745829734486e-06,1.0354187196526254e-07,2.1415687569970032e-06,0.0003220727667212486,1.5595483091601636e-06,0.00016545242397114635,2.9088707378832623e-05,4.772379179485142e-05,0.9693204760551453,0.0004667189787141979,21,21
1.8544535123510286e-05,4.302158913560561e-07,2.0334027794888243e-06,5.761307875218336e-07,6.919587680620509e-10,0.00027294951723888516,1.5956124116200954e-05,3.35360468284307e-08,1.9447770682745613e-06,0.018481560051441193,0.9808030128479004,8.00569832790643e-05,2.2100223304732936e-06,1.8979055482759577e-07,3.157056213676235e-11,2.301828727624411e-09,6.157546472707054e-09,9.680591261940208e-08,0.0002326561661902815,6.531701757239716e-08,5.630577106785495e-06,8.209667430492118e-05,4.324113689335718e-08,10,10
0.9370432496070862,0.00014140093117021024,2.6650390282156877e-05,4.51055821031332e-05,0.0002484713913872838,0.047108396887779236,0.0003899324801750481,0.0002205798082286492,0.005506197921931744,0.0004357777943369001,0.0013310061767697334,0.0025710032787173986,5.747052000515396e-06,0.0029760703910142183,6.723426395183196e-06,0.0002525889140088111,7.617183541697159e-07,2.4840123842295725e-06,5.77148784941528e-06,1.28215344830096e-06,3.300048047094606e-05,0.0016320758732035756,1.578481897013262e-05,0,0
0.08763890713453293,0.002591304946690798,0.0006734878406859934,0.0010878705652430654,0.0019149644067510962,0.12269888818264008,0.0021825148724019527,0.11783179640769958,0.006957055069506168,0.3360748887062073,0.046274784952402115,0.2480083405971527,0.0005619444418698549,0.020838109776377678,3.9014258845782024e-07,0.0016486315289512277,1.6443713320768438e-05,0.0013079288182780147,2.6941336273011984e-06,0.0001769741647876799,1.0903721886279527e-05,1.7815671526477672e-05,0.0014833395835012197,9,9
0.00032714277040213346,0.47607213258743286,0.07236673682928085,0.0001458871556678787,0.0020388448610901833,0.0010085292160511017,0.0015565926441922784,0.0011485806899145246,0.00018760250532068312,0.0018906514160335064,0.004155825357884169,0.00043640544754453003,0.17758740484714508,4.74409171147272e-05,1.5134770364966244e-05,0.00010965808178298175,0.011012167669832706,0.01084339339286089,0.0008918222156353295,0.138529971241951,0.0430905856192112,0.04511897265911102,0.011418508365750313,21,1
0.2389947921037674,6.772152687517519e-07,0.0011390420841053128,1.2564588359964546e-05,0.009498103521764278,0.037409231066703796,0.00038383895298466086,0.009965985082089901,0.009443797171115875,0.27720969915390015,0.001653116662055254,0.3791215419769287,1.2254938610567478e-06,0.01938432641327381,0.000209970457945019,0.01483234018087387,6.610495620407164e-05,9.51319577779941e-07,0.0005438558291643858,3.773910179916129e-07,3.755130819627084e-05,8.507672464475036e-05,5.870030236110324e-06,11,11
4.090914629273357e-08,2.97388016434752e-08,6.866845865260984e-07,1.8299784798614382e-08,2.1680641282273427e-07,2.0183426840958418e-07,8.181135058293876e-07,1.546646255512485e-09,2.7921007172970747e-10,2.5497568003629567e-06,1.0641969083735603e-08,1.715898712006947e-08,0.9600386023521423,1.8505850185590589e-09,9.832756830974176e-09,3.352677024892614e-09,1.3909003655498964e-06,0.00023698176664765924,8.303188678837614e-07,0.039712272584438324,4.726245151687181e-06,1.9301026554785494e-07,4.515433147389558e-07,12,12
3.510436663578531e-10,0.9999586343765259,2.9667555079271324e-09,1.5005271052359603e-06,1.9465486080644245e-12,8.347565694233339e-11,6.66402513616049e-07,1.2276424321555623e-08,5.591877330103634e-13,3.738707164302468e-05,1.1342116295054439e-06,3.630634475785405e-13,7.899168963376724e-08,4.383492809185985e-13,4.318235873046472e-12,6.161455234909852e-10,1.8605022036877195e-11,1.1585634673849654e-08,2.9084330321893503e-07,1.2377886093872803e-07,3.8033420857175315e-09,3.00397751118453e-09,6.384541784143494e-09,1,1
1.3169828783077264e-08,6.301425855781417e-06,0.0007491579744964838,6.532128463732079e-05,4.417814558621558e-09,5.873610486872849e-09,5.566602794715436e-06,7.023633656899619e-07,3.5169175904847805e-10,4.403620550874621e-06,5.786471888313827e-07,6.583105971458281e-08,0.8515303134918213,3.1202662675866577e-09,6.674761721114919e-07,8.184774635822123e-09,0.04138806089758873,9.92068016785197e-05,7.2472130341338925e-06,0.026926115155220032,0.0792064517736435,1.427703409717651e-06,8.425326996075455e-06,20,12
4.749386334879091e-06,0.3507463037967682,1.400394376105396e-05,2.598527998998179e-06,2.518436570397853e-09,2.0334057637683145e-07,2.1882124201511033e-05,3.4026063076453283e-05,7.060544362502696e-07,1.3411400686891284e-05,0.0011943908175453544,9.413394508328565e-08,0.00015923554019536823,1.6317359907702667e-08,4.535957831564019e-09,2.272343557763179e-08,0.0005943633150309324,1.8214140595773642e-07,7.995393389137462e-06,0.0004809240344911814,0.00025513465516269207,0.6452605724334717,0.0012090809177607298,21,21
0.8999742865562439,1.2196476291137515e-06,0.0006300133536569774,6.659170139755588e-07,0.0004311557859182358,0.0057969046756625175,0.00014212979294825345,0.006459136493504047,0.00884639285504818,0.06691024452447891,0.0010176432551816106,0.004843084141612053,0.0003695828199852258,0.0003529649111442268,0.0006812938954681158,0.0027608436066657305,5.6345238590438385e-06,0.0006593554280698299,6.674596079392359e-05,9.448884156881832e-06,6.864939223305555e-06,1.0386312169430312e-05,2.3911252355901524e-05,0,0
0.0008504499564878643,1.553435936330061e-06,9.873268709270633e-07,2.360172175031039e-06,3.6282522160036024e-06,0.0003705325070768595,3.162035255854789e-08,1.2354912541923113e-05,0.9935526847839355,5.5711141612846404e-05,0.004740324802696705,6.343387940432876e-05,2.4307810235768557e-06,4.6391342038987204e-05,5.6151195167331025e-05,8.406485721934587e-05,8.5678584582638e-07,6.659327027591644e-06,2.878462055377895e-06,6.066205173738126e-07,7.763265602989122e-05,5.200158921070397e-05,1.6285186575260013e-05,8,8
4.19671087001916e-05,6.139672041172162e-05,0.008506984449923038,1.57976405290583e-08,3.303473931737244e-05,0.00019050414266530424,0.0008898873929865658,8.987175533547997e-05,1.597357368154917e-06,0.7165816426277161,0.13154388964176178,1.4609940990339965e-06,0.00013900161138735712,1.7860656953416765e-08,0.00030664229416288435,0.11548268049955368,6.664935426670127e-06,2.750414580532379e-07,0.015033082105219364,9.763937123352662e-05,0.010989916510879993,1.8037015934169176e-06,4.8466564095406284e-08,15,9
3.8441561400759383e-07,2.13377737701137e-09,2.0211430751260195e-07,5.0440256018191576e-05,2.1562045731116086e-06,2.8053741516487207e-06,6.030255690347985e-07,1.7133542087321985e-06,6.279950781618027e-08,8.273113053292036e-05,0.0012569164391607046,1.129350312112365e-05,2.7918627893086523e-05,1.4227414339984534e-06,0.9949014186859131,0.0036562138702720404,1.7916564898357024e-09,4.254147256688157e-09,2.46701824835327e-06,1.0808957995322999e-06,1.560052709237425e-07,5.636714206502802e-08,9.14009312680264e-09,14,14
3.0449767152163076e-09,1.2898531132066182e-09,1.836287510936785e-10,2.053325829365349e-07,3.632680156684387e-09,4.624221674021101e-06,2.185962001688413e-11,2.47566078748207e-10,8.770242344857682e-12,5.559789428843942e-07,4.15608547577051e-10,8.046791566407308e-10,6.087961423872912e-08,1.3088166106456356e-09,7.157140089475433e-07,8.459914019320891e-11,0.00684518413618207,4.0551458369009197e-07,0.9930785298347473,3.994547981278629e-08,6.942384788999334e-05,6.351204895338469e-09,2.7490898446558276e-07,18,18
0.004530356731265783,1.1808429917437024e-05,0.0012904253089800477,6.639221282966901e-06,2.6297861950297374e-06,0.00011784867820097134,0.0007734475075267255,0.0032012206502258778,3.3125252230092883e-06,0.9892256855964661,0.00010234447836410254,1.8556276017989148e-06,5.496415542438626e-05,5.674731369254005e-07,4.69836368210963e-06,7.709881174378097e-05,2.3608461106050527e-06,1.0781500350276474e-06,0.0004742725286632776,2.301182036035243e-07,4.048329356010072e-05,8.300787612824934e-07,7.594180351588875e-05,0,9
0.5038222074508667,2.112089714501053e-05,0.024025525897741318,2.804870518957614e-06,0.0031672529876232147,0.0007869594264775515,0.0001823928760131821,0.00033788863220252097,0.1247497946023941,0.2222793698310852,0.0016015329165384173,0.00021039157581981272,0.0017296943115070462,5.965567106613889e-05,0.0014084969880059361,0.02390913851559162,0.00013422784104477614,0.09107173979282379,0.00012812310887966305,0.00015095470007508993,9.814269287744537e-05,5.318256444297731e-05,6.93930487614125e-05,0,0
0.0931139886379242,0.00013217056402936578,0.006851231679320335,0.00041186067392118275,0.4513896405696869,0.2269463837146759,0.007870933040976524,9.167427197098732e-05,0.05327759310603142,0.050677064806222916,0.0034458208829164505,0.0062638227827847,0.0002563970338087529,0.07219098508358002,0.00225988682359457,0.018422575667500496,0.001190492883324623,0.0024901418946683407,0.0005193956312723458,2.8557513360283338e-05,0.00048464108840562403,0.0008507370948791504,0.0008339983760379255,0,4
2.0492603653110564e-05,0.00036341644590720534,0.0023191284853965044,1.3148646758054383e-06,2.9776792871416546e-06,5.761618467658991e-06,4.940735743730329e-05,3.4499000321375206e-05,4.7615068865525245e-07,8.348174014827237e-05,5.022189725423232e-05,2.4192181626858655e-06,0.8372843861579895,2.817630786466907e-07,4.042038170837259e-08,1.0049672027889756e-06,0.00041490953299216926,0.05749650299549103,6.28706857241923e-06,0.09971053153276443,0.0018694708123803139,0.00014798712800256908,0.00013498625776264817,12,12
0.0035232719965279102,2.390782810834935e-06,0.008707293309271336,1.3573413525591604e-05,0.00015413503570016474,0.001372823491692543,0.0003630884166341275,0.0001047993719112128,0.00046095545985735953,0.6494556665420532,0.20958442986011505,0.11528521776199341,0.008466108702123165,4.8077341489261016e-05,5.828189387102611e-06,5.962377326795831e-05,2.3576935745950323e-06,0.0014674008125439286,3.857545743812807e-05,0.0006946646026335657,6.2944959609012585e-06,3.1753432949699345e-07,0.00018308282596990466,5,9
0.00019367451022844762,0.016938133165240288,2.6974312277161516e-05,0.2969728410243988,9.940960410403932e-08,4.2973566451109946e-05,0.0007488764822483063,2.7762071113102138e-05,5.900435553485295e-07,0.026311112567782402,0.04185561090707779,1.2211903310799244e-07,0.006809853948652744,6.314006668617367e-07,9.40175652885955e-08,6.436218882299727e-07,0.28259995579719543,0.0001220680569531396,0.023735247552394867,8.615693514002487e-05,0.16384641826152802,0.1289907544851303,0.010689379647374153,21,3
3.1690763080405304e-07,1.8458798933806975e-08,1.0019093679147772e-06,6.308320735115558e-06,2.445791139060738e-11,0.00020468776347115636,6.778591465916861e-09,6.468853371188743e-06,1.4999451991570822e-07,0.9052404761314392,8.312439803148663e-08,2.565921306540986e-07,3.551138888724381e-06,6.164454475765524e-07,1.028230030897248e-06,3.7802355690175204e-10,7.68515118210189e-09,1.5937267505705677e-08,0.09453467279672623,8.428469477905765e-09,4.782621090271277e-07,2.3764181594776446e-11,2.0765268615718924e-08,9,9
0.0015825714217498899,0.01984996348619461,9.730362216942012e-05,0.08968227356672287,7.217870461317943e-06,2.149532747353078e-06,0.0021306145936250687,0.7761659622192383,8.533957611689402e-07,0.003162000561133027,0.08328164368867874,1.529653786747076e-06,0.002902016043663025,1.3024699683228391e-06,2.1565703889336874e-07,3.480974555714056e-05,6.7682376538869e-05,0.00978286936879158,1.711728259579104e-06,0.0025664041750133038,0.00018285469559486955,0.0011551681673154235,0.007340854499489069,7,7
0.8821831345558167,0.000658624223433435,3.280345117673278e-05,5.803031308460049e-05,9.48607485042885e-05,0.02483575977385044,0.00045014958595857024,0.003542511258274317,0.009848684072494507,0.037011757493019104,0.00017766523524187505,0.000495973217766732,5.078830326965544e-06,0.03334270045161247,2.2172389435581863e-06,0.001273278146982193,0.00014643417671322823,1.1084824791396386e-06,0.0005776805919595063,4.769877250510035e-06,0.0050727142952382565,0.00014485520659945905,3.938569352612831e-05,0,0
0.9340199828147888,0.00011909939348697662,0.00026741556939668953,8.755927410675213e-06,0.0012269950238987803,0.025184830650687218,4.3645213736454025e-06,0.0007434986182488501,0.00696111936122179,0.0005149008939042687,0.00014671454846393317,0.0004909260314889252,0.0004430623957887292,0.020404310896992683,0.0008616085979156196,0.0003895002300851047,0.00018833365174941719,0.00013318467244971544,0.005050320643931627,1.5569105016766116e-05,0.0003567581588868052,0.00024725531693547964,0.002221563830971718,0,0
4.944666898154537e-08,1.1224326044612098e-05,6.260763285581561e-08,4.949458229930315e-07,4.6491749339239163e-10,2.70704014759815e-09,0.9998410940170288,9.697455425339285e-07,2.5713042361985572e-08,0.00012002966832369566,2.232747465313878e-05,5.3031051772123305e-11,3.3541425636940403e-07,1.1020623302826493e-10,2.299484561096854e-11,2.354802464132888e-10,8.553755925788664e-09,1.531717117586595e-07,2.2722679293707415e-09,1.8659617850858012e-08,2.041896095761331e-06,8.795072403700033e-08,1.0908228205153137e-06,6,6
3.5511960039258383e-09,0.00015349606110248715,0.00183622888289392,6.226207915460691e-06,9.169946935116968e-08,8.258526804638677e-07,0.00033691979479044676,9.311297333169932e-08,1.294276472663114e-07,0.006877585779875517,0.017975367605686188,3.485992294827156e-07,0.0012495891423895955,1.1260483745445526e-07,0.7841315269470215,1.3573729802374146e-06,0.0009834879310801625,4.806470769835869e-06,0.01632106490433216,0.17003770172595978,3.4744090953608975e-05,3.294876660220325e-05,1.526284722785931e-05,14,14
9.57944939727895e-06,0.0003336101653985679,0.004917080048471689,6.87082746253509e-08,7.100423431438685e-07,1.24450889416039e-06,0.00018390263721812516,1.200770384457428e-05,1.0436225039711644e-07,0.038353778421878815,1.5996154161257436e-06,4.689509864874708e-07,0.021662838757038116,2.1032363406447985e-08,2.1430341945460896e-08,1.1962042378854676e-07,0.8942806124687195,0.03348429501056671,5.789943679701537e-05,0.00467778742313385,0.0016346884658560157,4.852682309319789e-07,0.0003870244836434722,22,16
2.581028191173118e-08,6.995113377428197e-09,9.332339345746732e-07,8.617777211838984e-07,2.4692767830458706e-09,1.7617406200542973e-08,1.4490447028947528e-05,8.217236668883743e-09,4.322737914147501e-12,9.818103308134596e-07,5.656566770539939e-09,1.5663866648196745e-08,0.808169960975647,3.8339104113660483e-10,8.960856057171895e-09,2.49866038970481e-09,4.55122766140903e-08,1.6614575315543334e-06,8.364057890730692e-09,0.19181005656719208,8.055462075162723e-08,7.892566031841852e-07,2.7433886273797725e-09,12,12
0.001719876192510128,0.0020441561937332153,0.006891616620123386,3.978450422437163e-07,1.9820758097921498e-05,0.00010503185330890119,3.1936455343384296e-05,3.541661953931907e-06,6.406381726264954e-05,0.0004385822103358805,0.00010374603880336508,1.12809482288867e-06,0.01580529846251011,5.937709829595406e-06,4.2725258886378015e-09,5.260273638896251e-08,0.002592917764559388,0.945188045501709,6.058277722331695e-05,0.013119632378220558,0.011779062449932098,1.5545536371064372e-05,9.044140824698843e-06,12,17
3.5131690765410895e-06,2.6353279736213153e-06,2.5801155061344616e-06,1.968482479242084e-07,2.3050640152177948e-07,9.705714546726085e-06,1.6383593148816544e-08,7.073893470987969e-07,4.1650045545793546e-07,8.492505543244988e-08,9.444174793316051e-07,6.030858656913551e-08,0.001417052000761032,3.95102439654238e-08,1.3427770007012896e-08,2.3968196316559442e-08,2.6367408736405196e-06,0.976486086845398,2.443337734803208e-06,0.022036707028746605,1.3958192539575975e-05,1.802010774554219e-05,2.0750285329995677e-06,17,17
0.0002997633127961308,4.636739959096303e-06,3.6535260733217e-05,9.139722578765941e-08,5.1799979416955466e-08,0.0005671028629876673,3.06491601804737e-05,7.134292900445871e-06,0.9973360896110535,0.00020465526904445142,9.447649063076824e-05,0.00048648915253579617,8.104506378003862e-06,6.10813231105567e-07,5.775528499896154e-09,1.8811142581398599e-06,3.3041720826076926e-07,0.0002714410948101431,1.8201730256350857e-07,9.06331479200162e-06,0.0006147538661025465,2.4810697141219862e-05,1.2516029528342187e-06,8,8
0.00028570997528731823,3.3491872386548494e-08,8.90640251327568e-07,1.9715262755681806e-09,0.9906905889511108,0.00811051670461893,9.293326570514182e-07,2.2482322670214216e-09,3.224650299671339e-06,0.0004318047722335905,1.5588551832479425e-05,0.0004565876442939043,4.217542759477055e-09,2.795995214910363e-06,5.107178013830094e-10,7.05306657522442e-09,3.823963368176919e-09,2.740647886412262e-08,7.527863332690288e-10,4.4123554809871735e-10,1.6818100245785672e-09,1.3495815665010014e-06,9.550920054834933e-09,4,4
8.77294148438068e-09,1.4213717349775834e-06,5.6232966016978025e-06,1.0583949006104376e-07,3.6373476453022136e-10,2.8794733708537024e-08,1.9239367077261704e-07,7.715363608440384e-06,1.6823747728267335e-08,3.970832494815113e-06,9.936518807762695e-08,1.66924092326326e-08,0.9285961389541626,1.1193107204987562e-11,1.3580321589490296e-10,6.091097071170282e-10,4.0744351281318814e-05,0.0006034600082784891,6.030808208379312e-07,0.0027309851720929146,0.0633034035563469,1.3818585387070925e-07,0.004705330356955528,20,12
8.184844091374543e-07,1.529693705037971e-09,2.755143100330315e-07,3.0801572847849457e-07,2.6484749469091184e-06,0.0018885210156440735,5.965456573164829e-09,1.2052122144723398e-07,0.9977865219116211,2.6743100534076802e-06,0.0002981653669849038,1.9354649793967837e-07,1.781958758328983e-08,1.5592204363201745e-05,2.663195353136416e-08,2.5932936296158005e-06,1.6570364524959302e-10,7.19488113531952e-08,2.3985633479384205e-09,3.7936924712766995e-08,1.3577309800894e-06,9.470086936858024e-09,5.093812927015051e-09,8,8
5.749684078182327e-06,3.296432623756118e-06,0.0002482175186742097,3.961136371799512e-06,2.3947262661749846e-07,1.876007786449918e-06,0.9988596439361572,1.7088902950490592e-06,9.398712563779554e-07,0.0008181299199350178,2.3364666503766784e-06,5.4592410378973e-06,2.3317543309531175e-06,1.4848448699922301e-05,3.2061805654848285e-08,2.0231051678365475e-07,5.474869340105215e-07,1.2059419987053843e-06,6.028260941093322e-06,3.305455038571381e-06,1.954037907125894e-05,2.8066745016985806e-07,7.608613117326968e-08,6,6
2.2377147956831323e-07,8.725394629038874e-09,9.125188853431609e-07,2.8843854238402855e-07,3.907334189534595e-08,1.60314937147632e-06,0.9963043928146362,5.487815997184953e-06,2.7874635932789715e-09,0.001259411801584065,1.488243924541166e-06,1.3077599447797184e-08,0.0015851442003622651,1.4326544395260044e-08,2.3506835367115286e-10,1.4496465139401948e-09,5.6119098701401526e-08,3.3713602078933036e-06,9.971520498197606e-09,6.887640483910218e-05,0.0007686741882935166,2.6591431279143762e-08,1.5813087506089119e-09,9,6
0.008194338530302048,7.934933137221378e-07,5.103180592413992e-05,1.7591680716577685e-06,0.017036564648151398,0.028921857476234436,2.811792910506483e-05,8.670145916767069e-07,6.957807636354119e-05,0.09368404000997543,0.0003504989144857973,0.850464940071106,2.0550593035295606e-05,0.0009658278431743383,4.353874828666449e-06,5.442660494736629e-06,1.6400447577780142e-07,4.914136752631748e-06,0.00016236848023254424,6.422905585168337e-08,6.208985610101081e-07,1.5708046703366563e-05,1.5568468370474875e-05,11,11
0.9873589873313904,6.9252173489076085e-06,9.604722436051816e-06,4.1117377236332686e-07,0.000275984697509557,0.006588650867342949,8.057058380472881e-07,7.324720627366332e-06,0.00041470330324955285,0.0001314786495640874,6.563639999512816e-06,0.0030376864597201347,2.1928724891040474e-05,0.0016972976736724377,3.843760168820154e-06,1.1180854926351458e-05,8.07064316177275e-06,6.151191882963758e-06,5.059051090938738e-06,5.873380359844305e-07,1.007085847959388e-05,1.4853376342216507e-05,0.00038171352935023606,0,0
3.2244102499134897e-07,4.726963709345e-09,0.00014438971993513405,5.309194195390887e-10,3.701769912822783e-08,2.9494487989722984e-06,3.112626600909607e-09,1.0753584689382478e-09,2.8412895147766903e-08,1.0902516578426003e-06,2.420508771194818e-08,5.796536584057321e-09,0.9997465014457703,2.408934562936338e-08,4.553063703838234e-08,1.8186696593147644e-10,3.267855572630651e-05,1.0533451131777838e-05,2.575530061221798e-06,4.938820347888395e-05,9.295737982029095e-06,1.8882248653540046e-08,1.1443410130596021e-07,12,12
0.0003276997886132449,0.0014445658307522535,0.004513250198215246,4.914027158520184e-07,0.00035863666562363505,0.0007174576749093831,4.244446608936414e-05,0.0017824419774115086,5.017954026698135e-05,0.00023020614753477275,0.00042720630881376565,4.262322545400821e-05,0.6139776706695557,0.00013555468467529863,6.426295385608682e-06,0.00016418079030700028,0.03517482429742813,0.09461011737585068,2.7368529117666185e-05,0.23998984694480896,0.0021722675301134586,1.858550967881456e-05,0.0037859915755689144,12,12
5.494800916494569e-07,3.1183550163405016e-05,3.298933006590232e-05,0.00015367887681350112,1.779139324753487e-08,1.7253016267204657e-05,2.6501200409256853e-05,7.709064107075392e-07,9.060259458237852e-07,0.012723464518785477,4.5815126213710755e-05,7.255192758748308e-05,0.008048485033214092,5.585737739011165e-08,6.5363330747914e-08,1.0455789123398063e-08,0.017877167090773582,1.7866120742837666e-06,0.004751116037368774,2.3757924282108434e-05,0.0015863408334553242,2.150625562080677e-07,0.9546053409576416,18,22
0.0008158856653608382,0.00026630214415490627,0.0001745824993122369,0.0007690936326980591,0.017984671518206596,0.013150159269571304,0.0004261319409124553,0.00014972590724937618,9.22636900213547e-05,0.0021757325157523155,0.007741217967122793,0.000711569155100733,9.417189176019747e-06,0.012223280034959316,0.6363381743431091,0.3029637336730957,0.00018828506290446967,0.00030786945717409253,0.002056263852864504,3.0199620596249588e-05,5.37805026397109e-05,0.0013713754015043378,2.743857123732596e-07,14,14
3.646194102202571e-07,9.791260708880145e-07,1.8291070773557294e-06,7.458480126842915e-07,1.5522679808199769e-09,1.8317882322094192e-08,2.140290234819986e-05,1.609713784489486e-08,1.0165015140728428e-07,0.999829888343811,1.8721286323852837e-05,1.6417185388917233e-09,5.36396328243427e-06,1.1199071670020544e-09,5.43705254429927e-11,1.7430165826226585e-05,2.5213489074360496e-09,6.976075717091135e-09,1.059441046891152e-06,4.641921987058595e-05,4.408366116592788e-09,5.4306264346548616e-11,5.571618748945184e-05,13,9
0.00027331142337061465,0.00029586866730824113,0.0025593996979296207,2.1418331016320735e-05,0.002132691442966461,0.00583954481408,0.49468156695365906,0.0013741736765950918,1.8252761719850241e-06,0.48079735040664673,0.0008798250928521156,1.3007820598431863e-05,0.01032817829400301,0.0004712594673037529,2.112776655849302e-06,1.6818663652884425e-06,2.678228702279739e-05,2.9568995159934275e-05,8.730452827876434e-05,8.934182551456615e-05,5.163282548892312e-05,2.1030599839377828e-07,4.1898318158928305e-05,9,6
0.20644772052764893,0.00025529618142172694,0.42980101704597473,2.192032582115644e-07,0.01145352516323328,0.17600108683109283,6.956904690014198e-05,6.771910676661719e-08,0.00011949099280172959,0.1284208595752716,0.0010749985231086612,0.0014736978337168694,0.03302272781729698,0.008947011083364487,8.884211588622293e-09,3.6362827415814536e-08,9.839236736297607e-05,0.0022712587378919125,0.00028112714062444866,3.145153823425062e-05,0.00017678960284683853,8.56987480801763e-06,4.509252539719455e-05,0,2
1.5351876020419652e-11,2.4363566719642904e-11,5.553455029172483e-09,1.1000179256370757e-07,1.4011475356692782e-13,4.011708742979181e-09,5.571044994212571e-07,1.6936307645210036e-07,1.173803951814989e-07,0.9999988079071045,5.039381179017255e-08,4.6186707236550717e-10,3.674113530777179e-12,8.496526260337589e-10,4.9921334427383e-11,5.606325403917367e-10,1.179120776712006e-11,4.322459613002351e-14,1.3093735873326295e-08,1.6818237340981979e-12,7.783426525520554e-08,3.3757689026948923e-13,7.204580682040884e-11,9,9
1.7622314274490236e-08,2.461917461005214e-07,5.9543243224879916e-08,1.0498045988072136e-08,1.0584535470314904e-09,2.171552296204027e-06,1.1020986345755546e-09,6.82097824403205e-12,8.335817591742511e-10,7.138763612601906e-05,1.5842591949422058e-07,2.0578252701852762e-07,2.0162756300123874e-06,4.51598411443932e-11,1.4259666336613463e-08,1.0224747264142575e-11,0.07723089307546616,6.199248900884413e-07,0.9226704835891724,8.32603817002564e-08,9.711120583233424e-06,9.060533434634976e-10,1.1810157047875691e-05,18,18
6.607986051676562e-06,8.363559089730188e-08,3.9968686138536214e-08,4.0006977286566325e-08,1.9532162554014576e-08,6.366990987771715e-07,3.11330381919106e-07,1.4161410035740118e-06,4.466283343163013e-09,3.000384822371416e-06,1.3574819490713708e-08,1.7177791278299992e-07,0.9993270635604858,9.590723770713794e-10,3.583039698273893e-10,1.008869543461799e-09,4.7896882904296945e-08,0.0004971812595613301,5.719880036281211e-08,1.8875993191613816e-05,1.7523878341307864e-05,2.2975729052632232e-07,0.00012674526078626513,12,12
0.0008159142453223467,1.1432130122557282e-06,8.372116866439683e-08,4.56400517379052e-09,2.572458583927073e-07,0.20870286226272583,9.712065462963437e-08,1.516282964075799e-06,0.11946910619735718,0.3301525115966797,0.22534292936325073,0.08861437439918518,6.0369395214365795e-05,0.026648996397852898,3.231154011018589e-08,3.5170010050933342e-06,7.680447389191158e-09,3.3468035098849214e-07,0.00010594551713438705,3.5915067542191537e-07,5.610633161268197e-05,1.5255860463803117e-10,2.3563450668007135e-05,13,9
0.3441779315471649,4.713923260624142e-07,3.425013710511848e-05,1.8290611478732899e-06,0.43923354148864746,0.042479388415813446,6.535821012221277e-05,1.5150714034461998e-06,5.8234170865034685e-05,0.0906728208065033,0.007403496187180281,0.006923107896000147,6.661868974333629e-05,0.06882533431053162,6.9061297836015e-06,9.423482083548151e-07,1.3408345012067002e-06,6.625068181165261e-06,3.0342927857418545e-05,5.9509066119289855e-08,2.874829078791663e-06,4.102282389339962e-07,6.544906227645697e-06,11,4
2.7009868063032627e-05,8.388883543375414e-07,0.0006023935275152326,0.0009530045790597796,3.893399116350338e-05,8.770848216954619e-05,5.445509941637283e-06,1.974756014533341e-05,3.785455930938042e-07,0.002262857975438237,1.3408319318841677e-05,0.0002206169010605663,0.6798626780509949,0.15866510570049286,0.0007914327434264123,8.33020094432868e-05,7.544345407950459e-06,0.00027503533056005836,0.001762735890224576,0.15429027378559113,2.5629558876971714e-05,2.062064822894172e-06,1.9418823740124935e-06,13,12
0.5069383382797241,4.957715304954036e-07,0.0034594263415783644,0.00012877522385679185,0.008142497390508652,0.04695863276720047,0.001250233268365264,7.249446935020387e-05,0.004333146382123232,0.40474486351013184,0.00028222889523021877,0.0033075702376663685,9.684840188128874e-05,0.019028345122933388,9.767731171450578e-06,1.0525337756916997e-07,7.555137244708021e-07,1.8906281184172258e-05,6.242099334485829e-05,4.2675659983615333e-07,0.0011366585968062282,2.5659088350948878e-05,1.4735428521817084e-06,0,0
2.683732702735142e-07,7.224553428386571e-06,3.8177124224603176e-05,0.8902067542076111,4.610209998645587e-06,2.9594182706205174e-05,0.00037424828042276204,0.04312460869550705,4.1138736150969635e-07,0.00028495225706137717,0.0013290448114275932,6.17852492723614e-05,0.0031597246415913105,0.00326202972792089,0.050367023795843124,0.0011313618160784245,3.609502755352878e-06,2.408811496934504e-07,0.00026063117547892034,0.0010292540537193418,0.005300920456647873,3.2861264571693027e-06,2.0203491658321582e-05,9,3
0.2623220384120941,0.0009437580010853708,2.903922677433002e-06,1.2605094525497407e-05,0.01896349899470806,0.17093537747859955,0.0031116956379264593,0.00015088135842233896,0.09187854826450348,0.3160648047924042,0.0197145938873291,0.10390900075435638,1.3313988347363193e-05,4.4093387259636074e-05,6.985061418163241e-08,6.71676980346092e-06,3.0865979283589695e-07,6.665659748250619e-05,1.619974682398606e-05,3.294073394499719e-06,0.00015473496750928462,0.01129811629652977,0.0003869040228892118,0,9
1.6560623983252754e-09,8.422656350148827e-08,3.4131171560147777e-06,1.492983585649199e-07,1.163605149734348e-11,1.1117610654309829e-07,1.2744396826747106e-07,1.9408805673748475e-09,5.696367377794331e-09,0.9999879598617554,1.6246153222709836e-07,1.8656073907941106e-10,1.3328127934641998e-08,6.218175419014926e-10,4.046817103642297e-09,4.644132300946069e-10,6.604093869100325e-06,1.2114573233468207e-10,1.2408884231263073e-07,6.616250658453282e-09,1.3562439562520012e-06,1.5061845867747614e-11,1.368644575450162e-08,9,9
0.0010909901466220617,0.00019653992785606533,9.466789197176695e-05,4.364020787761547e-05,0.0063601830042898655,0.0003258735523559153,3.3459153200965375e-05,1.7554957594256848e-05,8.221131793106906e-07,0.00023207363847177476,3.0512994271703064e-05,5.367130506783724e-05,0.8056634664535522,0.0006284762639552355,7.811158866388723e-06,0.0005133241647854447,0.00415931036695838,0.0098417354747653,0.00018072017701342702,0.16991880536079407,0.00017635812400840223,0.00010977364581776783,0.00032013168674893677,19,12
2.340095761610428e-06,0.0011555610690265894,2.9409195121843368e-05,2.5072086629052137e-08,0.00022260102559812367,3.3322617127851117e-06,4.0362323488807306e-05,4.661380614834343e-07,8.08497588877799e-08,0.00010937287879642099,3.0370028980541974e-06,1.8676025774766458e-06,0.7411551475524902,5.77400669499184e-08,2.424444005555415e-07,2.376757777255989e-07,0.0001465818495489657,0.006161135155707598,1.9661421902128495e-05,0.2505181133747101,0.0003108646778855473,1.263900003323215e-06,0.00011829118011519313,12,12
1.9655984942801297e-05,8.087821697699837e-06,4.2512434447417036e-05,0.001435716636478901,8.324041544938154e-08,0.00023690928355790675,0.6311156153678894,0.003351412247866392,7.787274626025464e-06,0.3512193560600281,0.01190518494695425,1.5316514918595203e-06,2.9906041163485497e-05,7.807693691574968e-06,1.217445856127597e-06,3.139108230243437e-06,7.565711825918697e-07,1.3591792935585545e-07,0.00036846889997832477,1.2953013595051743e-07,0.00020050421881023794,3.0847049856674857e-06,4.099804937141016e-05,9,6
4.521906760146521e-07,3.413583044675761e-06,0.9980577826499939,8.918078719943878e-09,8.622086511422822e-07,3.213790478184819e-08,1.376351121962216e-07,1.502189320490288e-06,5.637944333614087e-09,2.7276935270492686e-06,4.798058057531307e-07,1.8856395556099415e-08,0.0005067846504971385,1.5290186183847254e-07,1.1548475242761924e-07,3.0247122140281135e-07,0.0009334388887509704,0.0003543453349266201,1.741521714393457e-06,5.884341226192191e-05,7.64716460253112e-05,3.2496976132279087e-07,7.067457374887454e-08,2,2
3.4272286397740714e-11,5.9936784424508005e-09,4.0044030313879375e-09,2.130136511624414e-09,9.531916922433936e-11,7.612592500816362e-11,1.416975425883038e-09,8.769325543500628e-12,1.9869232127656122e-12,1.0294608898675506e-07,3.2928562654355176e-10,6.845497085850027e-11,3.3663523936411366e-05,1.2075141234135778e-11,7.878281360618189e-10,3.2981962050371294e-08,5.758619181506219e-07,1.561823239626392e-07,3.970331761138368e-07,0.9999650716781616,3.525888248034903e-09,1.4684722327018562e-09,8.480252944309541e-08,19,19
3.67634278575224e-08,4.626566507681673e-08,1.0842864384130735e-07,4.954747012675398e-08,2.283111371070845e-06,2.1378352812462253e-06,2.0601882422255358e-09,1.696919049720691e-09,1.5242653805813688e-09,1.6528499600099167e-06,5.66034202620358e-07,3.907522749813097e-09,1.3228185480329557e-06,7.358715303773522e-10,2.3748268063172873e-07,2.036128279314653e-07,0.9949628114700317,3.889817526214756e-05,0.00022868989617563784,1.8574643036117777e-05,0.004734321031719446,5.806867875435273e-08,7.975068911036942e-06,16,16
9.407330026078853e-08,0.9999313354492188,3.127835225313902e-05,7.14805281631925e-09,1.3927111686129479e-09,1.1006084044140607e-08,2.7966214588559524e-07,4.317933417041786e-06,1.0744926476347061e-10,3.986881154105504e-07,1.6604995778379816e-07,5.136021608009855e-10,1.0770174867502647e-06,1.537284788355464e-07,1.3158094169796186e-08,7.571140372419904e-07,1.7784497686079703e-05,1.4158820782483872e-09,1.5887001154624159e-06,4.1120807736660936e-07,2.1751486656285124e-07,9.636969480197877e-06,4.113343834433181e-07,1,1
0.05495370179414749,0.000402064441004768,0.02691005915403366,1.7186177956318716e-06,0.4361326992511749,0.27590182423591614,0.0009030774817802012,6.600524557143217e-06,0.01396508514881134,0.11835822463035583,0.030787797644734383,0.03331412747502327,6.155995652079582e-05,0.0013230049517005682,1.4732853742316365e-05,0.004624929744750261,4.0097082091961056e-05,0.001913614571094513,1.8009423001785763e-05,3.5718254366656765e-05,6.181056232890114e-05,0.0002420521341264248,2.736624446697533e-05,4,4
0.08017303794622421,2.9021353839198127e-05,0.00023954882635734975,1.2732118648273172e-07,0.9084327816963196,0.008349848911166191,8.895376231521368e-05,2.036063904142793e-07,7.033003930700943e-05,0.0007385016069747508,0.00016986459377221763,0.00022564175014849752,0.0002759223571047187,0.0002965931489598006,1.40245856528054e-06,3.835534516838379e-05,1.2922721907671075e-05,3.967649536207318e-05,0.0006835164385847747,2.6030778826680034e-05,9.848443733062595e-05,3.5082753129245248e-06,5.758739007433178e-06,4,4
4.845351782023499e-07,6.409569541787619e-10,1.056105611496605e-05,3.3139233579504435e-08,0.0027852742932736874,7.797823855071329e-06,8.57070858728548e-09,2.8941278262806236e-09,6.53792514918039e-12,1.2144814718340058e-06,3.239753465500428e-10,2.69076991799011e-08,0.9802482724189758,1.1823027534774155e-07,9.3018383040544e-07,2.981764524179198e-08,7.438706688844832e-06,0.00025211821775883436,3.593025030568242e-05,0.01664954237639904,5.455530072140391e-08,1.4608049880848739e-08,2.100090341627947e-07,12,12
0.0009961799951270223,2.904958762428578e-07,7.822487759767682e-07,2.9768529202556238e-05,0.9911807179450989,0.0061004566960036755,9.638801202527247e-06,4.756620342050155e-07,1.4762780665478203e-05,0.00026502180844545364,2.421585350020905e-06,4.069783608429134e-05,7.89870711059848e-08,0.0012480360455811024,1.8408443793305196e-05,1.5979949239408597e-05,2.705206725295284e-06,1.2726603415558202e-07,7.746405117359245e-08,5.761087962241618e-08,1.293982165861962e-07,7.142774120438844e-05,1.7860520529211499e-06,4,4
9.620903256291058e-07,9.836801240226123e-08,2.542655693105189e-06,8.355967651141327e-08,9.354925509796885e-07,7.455349049223514e-08,1.7800028118131195e-10,1.5958071530874918e-09,3.2761127144453894e-10,1.1531459342961625e-08,1.9593500155679067e-08,1.0807521988454027e-08,0.00011307096428936347,2.1383808057606757e-09,2.428749290572796e-08,9.300781300680683e-08,7.303808047254279e-07,0.9759950041770935,3.577289589884458e-06,0.023882398381829262,2.2672928423617122e-07,8.06150737275857e-08,8.77335804005952e-09,17,17
0.0007793073891662061,2.1898012292353997e-08,3.381062560947612e-05,4.315135981869389e-08,5.2008672923875565e-09,0.020929401740431786,6.84548922436079e-06,5.0356829817133075e-09,0.0020474412012845278,0.32928666472435,0.626911461353302,0.01936323009431362,0.0001267866464331746,2.181413037760649e-05,2.2748299077779421e-10,1.3981273916385817e-08,6.1190204014849314e-09,0.00048742422950454056,5.250393542155507e-07,3.11321400658926e-06,2.063712599920109e-06,2.9884472674268636e-09,2.820133815362169e-08,10,10
1.279971456824569e-06,1.567223506526716e-08,3.8972831362116267e-07,2.7052042383957087e-08,5.40646771796105e-09,6.969960253400131e-08,0.000281062675639987,2.8343729354673997e-06,3.343877397199435e-09,0.06482523679733276,1.0722072829594254e-06,0.00016298195987474173,0.9342663288116455,1.3863436787442396e-10,2.567097090455661e-10,6.128074403477513e-08,7.145162328470178e-08,2.154645244445419e-06,7.105749233460301e-08,0.00023336340382229537,1.4895497315592365e-06,1.2415921069042213e-10,0.00022161297965794802,22,12
0.006973604671657085,0.0003732215554919094,0.005336814559996128,1.056676592270378e-05,0.00019575374608393759,0.00907262321561575,0.0001012358334264718,0.00027637078892439604,0.9534310698509216,0.000551368750166148,0.0041559371165931225,0.004394723568111658,0.00027256261091679335,0.0016620323294773698,9.661092008173e-06,0.008378302678465843,8.884004637366161e-05,0.004094093106687069,2.9368886771408143e-06,0.0002089618647005409,4.628226815839298e-05,0.0002684674400370568,9.453745587961748e-05,8,8
0.6478297710418701,0.0006329748430289328,0.00013151703751645982,7.30049068806693e-05,0.0005074971122667193,0.02592948079109192,9.834274351305794e-06,0.10746269673109055,0.04257332161068916,0.0008209850057028234,0.04639577493071556,0.0043700034730136395,2.143967321899254e-05,0.01984313130378723,0.0001717035484034568,0.09359913319349289,0.0006328712916001678,2.9914330298197456e-05,0.0005406494601629674,2.343273808946833e-05,0.0005346716498024762,0.0010575857013463974,0.006808603648096323,0,0
3.284999161579094e-09,0.9999998807907104,2.581748503871495e-08,2.3819283351267373e-11,2.1297525375219006e-12,6.281892367399067e-11,4.1996173649749835e-08,6.324819779024438e-09,7.68520594385258e-11,6.72156303949123e-08,2.9941251700194016e-09,5.0009919816407233e-11,1.0460495580844054e-08,5.7144342591186614e-09,3.893482324740516e-12,5.275860304188029e-10,1.3956121813762934e-09,5.98545268903905e-10,1.2787286784998741e-08,8.133150153355473e-09,1.4634120582002197e-09,8.857101718717786e-10,2.449455083208818e-09,1,1
0.006656141486018896,0.5598878860473633,0.0015395873924717307,0.0016502427170053124,0.0001226486056111753,0.01281232200562954,0.005490950308740139,0.00010011155973188579,0.00042946741450577974,0.01351902261376381,0.00620861304923892,0.0006206587422639132,0.009851653128862381,0.00013335744733922184,0.0001107013231376186,0.0009787454036995769,0.0008157044067047536,3.580419434001669e-05,0.007177319377660751,0.06302044540643692,0.25055477023124695,0.05795922502875328,0.0003245291591156274,1,1
1.9011556773307348e-08,7.229264156194404e-06,1.3236934137239587e-05,2.566020640415445e-08,2.465312620714144e-09,3.417411242878643e-09,0.020986033603549004,8.910381438909099e-06,1.609002886482358e-08,0.0012071230448782444,0.22995905578136444,9.636853093297759e-08,0.019609151408076286,2.9500214770994404e-11,6.769179439203299e-09,1.6944857179623796e-06,3.841940633719787e-05,6.882434178123731e-08,1.895345320690467e-07,0.000985603779554367,0.0005486608715727925,2.7280705126031535e-06,0.7266317009925842,12,22
0.02362307533621788,2.0233055693097413e-05,0.23127137124538422,4.810455720871687e-05,0.6445192098617554,0.020139794796705246,0.0002624729822855443,1.6949001292232424e-05,0.00029690179508179426,0.008052975870668888,0.0002801546361297369,0.0002880450920201838,0.008650575764477253,0.002693099668249488,0.00027974561089649796,0.00022670149337500334,2.7405309083405882e-05,0.05877142772078514,7.581222598673776e-05,0.0003320538089610636,7.892018038546667e-05,6.803717042203061e-06,3.823149745585397e-05,4,4
1.1606774430461542e-09,5.484267973088208e-08,1.5300259670336658e-10,3.115875335524265e-10,1.4068206155570806e-07,6.67025462641746e-11,1.460834209154882e-08,4.646027118582197e-09,3.628366357588675e-06,5.023514937363416e-09,2.7955728000961244e-05,0.00011175404506502673,1.124272763775025e-08,1.1439818536906898e-10,4.1062111932888e-08,0.9998461008071899,9.886761631605623e-09,2.5932034297682094e-09,9.102106221514639e-12,6.526433480757987e-06,3.624154260251089e-06,2.070939419951401e-09,5.7379121898293306e-08,15,15
6.692169790767366e-06,0.01555714663118124,0.00015939789591357112,1.0585965810605558e-06,3.5965465485787718e-06,4.14336000176263e-06,9.428839985048398e-05,0.00012338277883827686,0.00012642404180951416,0.00015622157661709934,0.00018661041394807398,6.699506371887765e-08,0.009664810262620449,1.3266029554870329e-06,3.315557250971324e-06,0.00010204676073044538,0.3548058569431305,0.0004458762996364385,0.00013375548587646335,0.021373124793171883,0.014857363887131214,5.381996379583143e-05,0.5821396708488464,19,22
2.773657070065383e-05,1.5275684290827485e-06,0.9998292922973633,1.6319971507527953e-07,1.5021934984815744e-07,7.5721111159055e-08,1.3587797411673819e-06,2.6965051347360713e-06,4.816622094949707e-06,7.960864604683593e-05,3.0326455089380033e-05,6.65405650579487e-07,6.2420585891231894e-06,2.845490882918966e-07,2.488260975042067e-07,1.0226232234344934e-06,7.70684073359007e-06,4.1786256588238757e-07,1.3960428368875455e-08,3.759151354643109e-07,1.1261822692176793e-06,7.783313549225568e-07,3.4550519103504485e-06,2,2
0.009791048243641853,0.16558720171451569,0.016425389796495438,0.0002548568299971521,0.007273151073604822,0.004048535134643316,7.466911483788863e-05,6.200154166435823e-05,0.00014844573161099106,0.0020389859564602375,0.005474288947880268,0.06513266265392303,0.2424401342868805,0.0002857782819774002,2.324263914488256e-05,8.688607340445742e-05,0.059918805956840515,0.26454898715019226,5.371120641939342e-05,0.09140592813491821,0.03519579395651817,0.02555958181619644,0.004169877152889967,17,17
0.0028120409697294235,0.00018729684234131128,9.770262840902433e-05,9.825480447034352e-06,6.470972584793344e-05,0.5633366107940674,3.32063136738725e-05,0.00019370115478523076,0.4068455398082733,0.00038224810850806534,0.00017363723600283265,0.00045776471961289644,0.0002708182146307081,0.013585993088781834,8.363282177015208e-06,4.324819383327849e-05,0.0014156594406813383,0.007758202496916056,1.2380970701997285e-06,0.0011898314114660025,0.0003792842908296734,0.0004639024846255779,0.0002891468466259539,8,5
7.742338539173943e-07,2.760052666417323e-07,9.55432369664777e-07,6.92474633190443e-10,6.971600896577002e-08,3.2870455015654443e-06,2.312950009297765e-08,9.818747592760246e-09,3.135234649676022e-08,1.091500166694459e-06,2.5432068895270277e-08,2.1476735057035512e-08,1.410322238371009e-05,1.5456362856269834e-09,1.677018168777522e-08,3.6251670554321436e-09,0.002304564928635955,1.0903005431828205e-06,0.0019435877911746502,2.9583011951217486e-07,0.9957292675971985,3.217110844389026e-08,6.125593472461333e-07,16,20
0.00022526775137521327,0.896845817565918,0.00010147833381779492,7.351192380156135e-06,4.205774985166499e-06,3.138029933325015e-05,0.00017019595543388277,6.045674183496885e-08,6.372194548021071e-06,0.015963565558195114,4.89404072823163e-08,1.5316503620965705e-08,0.005637056659907103,4.657226497783995e-07,8.83181694444346e-10,7.091141895898545e-09,8.139810961438343e-05,0.009761259891092777,0.0005771899595856667,0.07049442827701569,2.3028400391922332e-05,1.453589902666863e-05,5.476789374370128e-05,1,1
6.8987042745050076e-09,0.9999970197677612,3.996810704620657e-08,5.28112353848087e-09,1.624860107574122e-10,1.2411783600896342e-08,6.885063186246043e-08,4.318951862813947e-09,3.790464331299148e-10,1.0852730838450952e-06,2.402833132464366e-08,6.221585746590819e-11,1.558681184121724e-09,2.6701429955977574e-09,4.806642237009662e-11,1.8514493271837296e-09,9.975121839644885e-10,9.344005569289493e-10,1.6137307738972595e-06,1.2645581470849265e-08,6.474625835473091e-10,2.0680555934404765e-08,1.435808201222244e-07,1,1
2.456187075949856e-07,3.2775673286522533e-09,0.9994459748268127,2.4771551920821366e-08,1.5684951948369275e-10,2.917800223656286e-08,8.10581332189031e-06,8.996633482638572e-08,0.0003288558800704777,0.00019072603026870638,1.7696367649477907e-05,2.2038117108991173e-08,4.390636831885786e-07,3.6008707127166417e-09,6.451995826495249e-09,2.225925666010653e-09,4.893495884061849e-07,2.9899524633947294e-08,1.3337094628695922e-07,1.395208837351447e-09,7.146986263251165e-06,2.352392947102544e-08,2.2492848472666083e-08,2,2
0.0014398789498955011,4.119466154861584e-07,1.3183636156099965e-06,1.0134460382005273e-08,3.6943916370546503e-07,0.001565786194987595,0.0009972613770514727,1.1096225449591657e-07,2.2293690562946722e-05,0.9077684283256531,0.07264015078544617,0.015256833285093307,0.0001336557907052338,6.684822892566444e-06,1.031709295773453e-08,1.749244376014758e-07,3.801198467101585e-09,9.083922122954391e-06,0.00013733559171669185,1.7515571926196571e-06,1.4517740964947734e-07,7.726585593559321e-09,1.816674557630904e-05,9,9
5.042709290137282e-06,9.90132048173109e-06,5.7785597164183855e-05,1.103039835470554e-06,3.7735151181550464e-07,3.726041768459254e-06,2.882934313674923e-05,2.991194742207881e-05,4.425322117640462e-07,0.00027998225414194167,0.00026172102661803365,6.608822644693646e-08,0.05700938403606415,8.142199803273797e-09,1.0203330020885915e-06,6.682713137706742e-05,0.4240154027938843,0.043058380484580994,8.622540008218493e-06,0.04859462007880211,0.4260709285736084,3.836591076833429e-06,0.0004920698120258749,20,20
1.2251571490651259e-07,2.6371411721015647e-09,1.1711627223576215e-08,4.4568013168877485e-10,3.615267019085877e-08,9.906955256155925e-09,2.3124262327200995e-07,5.448181283895792e-08,2.1245314535400794e-12,6.281900937210594e-07,1.0924934734646286e-08,1.7188671597168081e-09,0.9997522234916687,3.570927928353562e-11,7.304045562817052e-11,1.2154930395524843e-09,6.397423923942824e-09,9.20275033422513e-06,4.4611789956627845e-11,0.00023749987303745002,5.3402366972932214e-08,4.430649980236012e-08,3.881455157284108e-09,12,12
0.00019298132974654436,6.749045411424959e-08,1.8400133967588772e-06,1.2947401955898385e-05,2.3465842602377052e-08,3.3530570817674743e-06,6.342064295949967e-08,1.7890714616441983e-06,3.5104881135339383e-07,1.9380102457944304e-05,1.8348176311633324e-08,1.527805721934783e-07,6.076713907532394e-05,3.6366537869980675e-07,2.1332523374439916e-06,1.0182229281952004e-08,0.8232292532920837,6.449566626542946e-06,0.13219380378723145,1.7514742012281204e-07,0.04383957386016846,2.9053398975520395e-06,0.00043178797932341695,20,16
1.7075798552923516e-07,4.782444875672809e-07,1.9494758873861429e-07,9.561994147588848e-07,8.105552637971414e-07,1.4142024440388923e-08,3.4527073466961156e-07,1.0955448104255083e-08,2.075513927390915e-10,1.4696616972287302e-06,6.686376536890748e-07,1.4708744444646982e-08,0.010992604307830334,7.326154127795803e-10,6.7974128548087265e-09,7.113094824262589e-08,6.135331932455301e-05,0.17459800839424133,2.5238969669771905e-07,0.8143046498298645,3.3771866583265364e-05,1.3679914090403145e-08,4.167853148828726e-06,19,19
1.4416601246125538e-09,5.705229257774169e-12,5.865626873102769e-10,3.832678174831017e-08,4.857214075393301e-10,3.716275642773326e-08,1.3012605749873618e-11,1.2967896756421737e-09,2.9761303556134766e-13,1.5423282206938893e-08,1.2808915039741464e-10,1.467127253018674e-10,0.9999990463256836,9.668597519829625e-12,8.667802120498891e-08,1.0389048996084504e-11,3.442952173360325e-11,6.1596860945201115e-09,2.4485444782840204e-07,5.684551069862209e-07,1.907902458242461e-08,9.089297647868477e-10,7.758258036005827e-09,12,12
1.0058868321616288e-10,1.514312289387261e-14,4.5064681153395014e-12,1.8249917636131707e-12,2.4703289002066253e-13,7.657708668562524e-12,4.6587160795752425e-08,1.2086843748093656e-09,8.95795211012379e-14,1.0,1.4437569195724365e-11,4.643616220711966e-12,3.6896835586830434e-10,1.6726690291093277e-13,2.2918166388101457e-13,1.3708181996214402e-13,1.261030667908114e-12,3.046667735803754e-14,8.449466820659168e-12,2.6936553031500776e-13,7.36715267783683e-13,1.4244270385001229e-18,2.2827489898347153e-11,9,9
0.0004727295890916139,8.341526580579739e-08,3.059495156776393e-06,2.693326450753375e-06,0.0024654336739331484,2.300840242241975e-05,2.3676115290527378e-07,1.6232694122209068e-07,0.00023923482513055205,0.0011355186579748988,0.000739210459869355,2.9113859909557505e-06,8.890207254808047e-07,5.561736315939925e-07,0.9758761525154114,0.019027916714549065,1.0311129017281928e-06,2.403897497060825e-06,1.8037460449704668e-06,8.607135981719694e-08,6.470928042290325e-07,3.075505674132728e-06,1.1305114639981184e-06,10,14
4.8892175641412905e-08,4.3481913962750696e-06,3.6775155143331517e-10,1.3509034779701778e-08,2.846678726076135e-10,5.499976030165499e-09,3.784210278467981e-08,7.537957064096545e-11,2.3040074736968563e-08,0.00015745387645438313,5.9424368373584e-05,1.2170638001407497e-05,0.00957375206053257,1.8091347864235274e-10,2.2964720403084726e-10,1.1060617310931775e-07,1.5824313095436082e-06,0.00010474705050000921,4.588735464494675e-06,0.9900649189949036,1.4667758478026371e-05,5.542714376360891e-08,1.9552944650058635e-06,19,19
5.106988254510725e-08,6.930562790330441e-10,1.828848600338162e-10,1.447961334166692e-10,2.990504328545529e-12,6.216689598659286e-06,4.589635616003562e-11,1.918176728565868e-08,0.9999109506607056,1.5528627272942686e-06,5.802530358778313e-05,8.778557969435496e-08,1.5041352607880754e-09,2.3151083951233886e-05,1.0509422325444273e-11,1.861087284282803e-08,9.498964982646019e-12,4.1844026021919944e-09,4.081129656441362e-09,2.550337496742827e-09,2.6955231380298983e-09,2.9421760167069877e-12,1.3712461388593056e-08,8,8
9.467042705324502e-10,0.9999998807907104,9.060370231850357e-09,6.685123375010926e-12,1.6045343873005713e-11,1.6421141790096128e-12,3.811041759949063e-10,7.162087589662747e-11,4.535769763253095e-12,1.67152403030002e-09,2.777792718067218e-10,8.003960341729233e-12,3.3864896997748417e-10,1.0536130128080412e-11,1.333022230027073e-15,4.672929404536674e-11,1.3679007926370446e-09,7.620778452732679e-10,2.9984582525233172e-12,1.2909555380247184e-07,4.777993556359661e-10,1.710123243015005e-08,4.386543128731546e-09,1,1
2.4935729925346095e-08,1.468441155338951e-06,5.472895736602368e-07,5.5479878503794655e-12,2.8447312061530283e-08,1.0236100855820496e-08,6.971147854528681e-07,1.579620323433062e-09,8.941310802867974e-09,9.850306014413945e-06,1.3408846371021355e-06,1.813339700618144e-08,0.9985186457633972,2.4346560323351696e-09,5.676030201406945e-10,2.02350824984876e-09,0.0001781401806510985,8.41064229462063e-06,4.163224076592087e-08,0.0005483664572238922,0.0007095843902789056,3.745129983911966e-09,2.286524249939248e-05,12,12
4.312147939344868e-05,0.003895374247804284,0.0014166691107675433,1.8104851733369287e-06,0.00015463247837033123,3.66337044397369e-05,3.381146234460175e-05,2.1309995190677e-06,1.394695027556736e-05,0.00291866110637784,7.411200931528583e-05,0.00010701399151002988,0.00046953093260526657,1.6213388676078466e-07,6.662807209067978e-06,1.386090661981143e-05,0.24970214068889618,5.304684964357875e-05,0.015329479239881039,0.0006019747233949602,0.00030560215236619115,0.00012691487791016698,0.7246926426887512,12,22
0.0026676529087126255,3.937104338547215e-06,0.041705887764692307,8.208282451960258e-06,0.8840151429176331,0.0621398463845253,0.00019728664483409375,1.6617706933175214e-05,0.000871180382091552,0.005673949606716633,0.0012081589084118605,8.813772183202673e-06,0.00079484679736197,0.000110983157355804,5.883322501176735e-06,1.3646818842971697e-05,3.4815802791854367e-06,0.0004529881407506764,3.313289562356658e-05,5.172344117454486e-06,6.269815912673948e-06,2.306379064975772e-05,3.4064752981066704e-05,4,4
5.7563887684297654e-11,1.8840995430480234e-09,3.77618150082526e-08,3.825789463007823e-09,1.4427880819321143e-13,5.795434687705381e-10,1.8559746794988286e-10,3.117460067869615e-09,8.698823779351716e-12,2.1927692300804935e-11,2.063418946818274e-08,1.768439886716544e-12,2.241075325315478e-09,1.2406924099206407e-10,3.967741391518176e-13,5.7225939786821004e-15,4.243578288765093e-08,6.613337915489792e-12,1.2378258418266341e-09,1.5588036417213402e-09,5.58567762709572e-07,0.9999992847442627,1.5233113381807328e-11,21,21
0.9657444357872009,2.806461054660758e-07,0.0005935236113145947,9.033227001964406e-07,0.00021178394672460854,0.00033415789948776364,2.1777439087600214e-06,8.667205264600852e-08,9.6209250841639e-06,0.030609579756855965,3.8039701166781015e-07,2.207043144153431e-05,8.38060732348822e-05,0.000133228357299231,2.175636836909689e-06,9.291190927740445e-09,9.276220680476399e-07,9.355147199130442e-07,0.0022409060038626194,3.390929848023916e-08,1.3824468396705925e-06,3.248987212600696e-08,7.433737209794344e-06,0,0
1.2241790914302442e-09,1.14973601385987e-12,6.468857394192895e-11,8.05984556873085e-10,1.9322673669441848e-11,9.400864808828402e-11,7.424365983110803e-11,5.1421880642443796e-11,1.3286579986454636e-14,8.872038659291093e-10,3.192423322223581e-12,1.183445674790562e-09,0.9999969005584717,2.061513720147401e-12,2.986153269102232e-10,1.2197074947262188e-11,5.79869069428085e-11,1.3465257353573179e-08,7.124213979164962e-12,3.05670550915238e-06,1.978174735128846e-09,2.9032895879077536e-11,6.872476365771263e-09,12,12
2.597603042886476e-06,1.1161156180605758e-05,5.945215525571257e-05,6.533904979733052e-06,8.204489532204207e-09,2.6362039307059604e-07,0.00016721317660994828,0.8675428032875061,5.852339768352977e-07,0.12893256545066833,0.00012325576972216368,7.11396408448195e-09,0.0004118682409171015,6.409751618363657e-10,3.5297576687298715e-05,7.6049923336540814e-06,1.2334825441939756e-05,7.15246750715437e-09,0.00023237313143908978,0.00026158001855947077,0.0003362070710863918,8.843185059959069e-05,0.0017677940195426345,9,7
0.0003803140134550631,4.885310431745893e-07,2.4093660613289103e-05,2.89464622937885e-07,0.9968106150627136,0.002241478767246008,3.042767048100359e-06,1.932106474811235e-09,3.161880840707454e-06,0.00015199993504211307,0.0002521987189538777,0.00010535819455981255,2.34560639000847e-06,2.627718686198932e-06,2.478863621035998e-07,2.3646401814403362e-07,8.46411296606675e-09,2.0003320969408378e-05,5.900146788917482e-07,2.9913866228525876e-07,1.8912810162419191e-07,3.3150149647553917e-07,3.2470158117803294e-08,4,4
6.199770918868808e-09,1.1438521241302624e-08,0.9999109506607056,1.9275316898159645e-09,7.380543398660677e-10,1.2504851598649225e-09,4.614437276728722e-09,1.4526985836482709e-08,5.413632320205863e-10,3.9775390092700036e-08,4.3948933381443567e-10,1.5901576944088447e-08,5.568407232203754e-06,2.365141194005105e-09,8.500058434890434e-10,1.549661614308473e-11,8.119261474348605e-05,4.0205600271292496e-07,1.0133233807607667e-08,7.436994451381906e-07,5.385427357396111e-07,6.145232305243553e-07,6.641301397714017e-10,2,2
4.5886264388173004e-07,7.751832953317717e-08,0.00014739049947820604,8.457017202090356e-07,4.4626045564655215e-05,4.365449512988562e-06,3.3826229355327087e-06,1.528124266769737e-05,7.772242497594561e-06,2.2290423657977954e-05,8.703258208697662e-05,3.8045982364565134e-07,5.6916083849500865e-05,2.999574277851025e-08,0.9978735446929932,0.001668246230110526,1.1128297956020106e-05,3.836729774775449e-06,6.206942657627224e-07,3.975240542786196e-05,1.1361774340912234e-05,3.514700779305713e-07,3.06830230556443e-07,14,14
0.013699538074433804,0.00011063688725698739,7.081274088704959e-05,5.953501386102289e-05,0.001491576200351119,0.7057704925537109,2.9264947443152778e-06,2.107347609126009e-05,0.0001950646983459592,0.01755193993449211,0.009121466428041458,0.20352435111999512,6.043487701390404e-06,8.617790444986895e-05,0.00018598510359879583,0.00517075601965189,0.004146304912865162,0.0003176212194375694,0.012286730110645294,8.50433480081847e-06,1.6566754084124113e-06,2.2700058252667077e-05,0.026148071512579918,9,5
0.03598693758249283,5.811636947328225e-05,4.5266817323863506e-05,0.00011931166227441281,0.0031523839570581913,0.006957437377423048,2.6428335331729613e-05,0.0007775892154313624,0.3925897479057312,0.0025408081710338593,0.014086096547544003,0.42103680968284607,4.077226185472682e-05,0.023326853290200233,0.00018715493206400424,0.09749459475278854,1.3116718037053943e-05,2.307590693817474e-05,3.2715158226892527e-07,1.9257817257312126e-05,0.00011487787560326979,7.595187344122678e-05,0.0013271146453917027,11,11
1.5944156928071607e-07,6.510693424388592e-07,7.699914021941368e-06,8.447439370229404e-08,1.61605200332815e-08,1.0243182657632133e-07,5.926742119299888e-07,1.8126959275832633e-06,2.1692595453259855e-07,3.9142750551945937e-07,1.2343753951427061e-05,3.464794531282678e-07,0.007300986908376217,1.9781813964669936e-09,5.11082816956332e-07,2.225317439297214e-05,0.00016768966452218592,0.0005072030471637845,9.046765399034484e-07,0.991584300994873,0.0003450186050031334,1.4831007320026401e-05,3.171736534568481e-05,19,19
1.3203361959313042e-05,0.0038718010764569044,0.00015703811368439347,1.9076773241977207e-05,9.515857612996115e-08,5.6282036808852354e-08,0.003996934741735458,0.004013358615338802,2.124139882653253e-06,0.0006361945415847003,0.00048499347758479416,1.874282361313817e-06,0.08758270740509033,8.36281710547837e-09,5.1245624490547925e-06,0.0016033368883654475,0.009652700275182724,0.008837430737912655,6.277885404415429e-05,0.7504695057868958,0.0556916780769825,0.00016480775957461447,0.07273315638303757,19,19
0.049607422202825546,0.13383378088474274,0.0023000803776085377,0.0032990348991006613,0.00010732431837823242,0.05189136788249016,0.006916793528944254,0.0023274817503988743,0.003380976850166917,0.3022328019142151,0.05100938677787781,8.385840192204341e-05,0.0008417353383265436,7.721737347310409e-05,2.882834678530344e-06,1.3563067113864236e-05,0.00017417034541722387,0.002713437657803297,0.07751496136188507,0.0001522164384368807,0.28903263807296753,0.021738726645708084,0.0007481499342247844,10,9
0.04800810664892197,4.0602364492769993e-07,0.0006527149816974998,1.4813126654189546e-06,0.008945833891630173,0.9050042033195496,6.842537550255656e-05,9.109971870202571e-05,0.0003873812092933804,0.030987394973635674,0.0008377557969652116,0.0003221594961360097,7.566079148091376e-05,0.0022141223307698965,1.9812390746665187e-05,0.0017288572853431106,1.0770592098197085e-06,3.7538143260462675e-06,1.4236394463296165e-06,3.9084989111870527e-07,0.0006423168233595788,5.472241809911793e-06,7.878577434894396e-08,0,5
3.1826216662089735e-10,2.1251996429327846e-07,8.37534575026666e-09,3.0894059932506934e-07,8.046264099448308e-08,5.998950225460931e-09,1.8676010737905813e-10,1.3326144632230807e-08,3.167009016147304e-11,8.115212946080419e-10,1.0499833535959624e-07,6.795088103306313e-11,1.2073979632987175e-05,5.751845180701487e-11,1.3254861208622515e-08,1.2466856880166688e-08,0.9998086094856262,5.856937605130952e-06,4.433148248494945e-08,4.134531627641991e-05,8.80419829627499e-05,9.541071449348237e-06,3.3834974601631984e-05,16,16
2.0610380957464258e-08,1.5875940562182222e-08,1.7667420024736202e-06,9.8382020041754e-07,2.2165527746587088e-10,1.315509123855918e-08,0.9047842025756836,1.5885412985028324e-09,4.277423901188904e-11,0.08908001333475113,0.002672447357326746,6.361001680943446e-08,0.0022883168421685696,6.610765407311092e-11,6.098346272409572e-09,5.169068728605453e-09,2.9334283890847246e-09,1.0391543980858842e-07,8.53997244121274e-06,0.0011627916246652603,6.324318402306517e-09,2.8387911465976856e-10,7.306238103410578e-07,6,6
0.86578768491745,2.039149194388301e-06,1.2238910130690783e-05,5.4447625075226824e-08,4.05807004426606e-05,0.00042029432370327413,6.48023274152365e-07,1.8332427771383664e-06,7.667333193239756e-06,0.0004934141761623323,0.00010597698565106839,0.1318366825580597,0.00021138967713341117,2.2979493223829195e-05,3.17283365802723e-07,5.194626282900572e-06,9.600633347872645e-06,0.0003571747220121324,1.0712283255998045e-05,6.771474545530509e-07,9.8303530648991e-07,3.749691677512601e-05,0.000634523166809231,0,0
0.00011991253268206492,0.00010331952216802165,3.866756378556602e-05,2.639545527927112e-05,0.0002952692157123238,8.240284842031542e-06,1.4911546486473526e-06,4.253843599144602e-06,2.4109479568323877e-07,0.00019496645836625248,3.2997180824168026e-05,2.7070138912677066e-06,0.03875508904457092,1.766418122883806e-08,4.630154762708116e-06,6.355822279147105e-06,0.008531237952411175,0.04889940470457077,0.0021121075842529535,0.002440350828692317,0.0030208458192646503,4.665799860958941e-05,0.8953549265861511,22,22
0.00019623187836259604,1.4363963600771967e-06,0.06998377293348312,0.0002352361916564405,5.644303200824652e-06,0.007141818758100271,4.0143389924196526e-05,3.87588170269737e-06,1.3914226428823895e-06,0.005946077406406403,1.2295626220293343e-05,1.9639230686152587e-07,0.43383923172950745,2.2183403416420333e-06,7.83962786954362e-06,5.641800271405373e-08,3.2118155104399193e-06,0.4306090176105499,0.02404772862792015,0.027904031798243523,2.5787735467019957e-06,1.2906189112982247e-06,1.4679872037959285e-05,12,12
0.039146896451711655,0.0011032182956114411,0.0167054682970047,0.00011821624502772465,0.04342755302786827,0.2295946627855301,0.00042170120286755264,0.0023511049803346395,0.2940789461135864,0.011040030047297478,0.0015876891557127237,0.23063965141773224,0.0005392552702687681,0.006856999825686216,0.019258294254541397,0.08696775138378143,0.0017577394610270858,0.004671893082559109,0.0004215994558762759,0.001555943745188415,0.0018168962560594082,0.0017329159891232848,0.0042055519297719,0,8
0.01126039307564497,2.0818829398194794e-06,0.0006167756509967148,1.1804058885900304e-06,0.01654236949980259,0.8923158049583435,0.0005875377100892365,0.0007287440239451826,0.0003558926400728524,0.041091516613960266,0.003873723791912198,0.001999582862481475,6.833542283857241e-05,0.014499537646770477,0.010249449871480465,0.004912529606372118,0.0007377407746389508,0.00012105289351893589,7.719862878730055e-06,6.044897418178152e-06,2.4467467483191285e-06,1.2211878129164688e-05,7.316775281651644e-06,5,5
1.799386700440664e-05,0.0005411097663454711,0.00018956934218294919,0.021373435854911804,6.343549330267706e-07,3.22594860335812e-05,2.445178324705921e-05,0.003872320521622896,3.6901567455061013e-06,0.0004237064567860216,5.635449997498654e-05,5.493589924299158e-06,0.7528807520866394,1.1879033081640955e-06,1.5392159184557386e-05,2.6526834062678972e-06,0.00013339663564693183,0.03058992698788643,0.0001558315852889791,0.17636539041996002,0.012447519227862358,8.62469314597547e-05,0.0007806142093613744,3,12
8.89147575011684e-11,5.535740044138038e-08,6.16659212582249e-09,1.835308921727119e-06,5.946391823385966e-09,2.301612012090004e-09,1.4028653239073208e-10,1.7879300470702297e-11,8.133471245683546e-14,1.1141238154266375e-08,7.543798918874245e-10,2.4780247298572533e-10,0.0018529028166085482,2.6316712697926903e-11,2.8641837790388536e-09,2.1377204451056286e-09,9.609629358919847e-08,0.0012660800712183118,2.789140012282587e-07,0.9968787431716919,2.4038856238917106e-08,4.069042702781189e-08,7.94123167224825e-09,19,19
0.0023944058921188116,3.262698783146334e-06,0.00013206995208747685,7.98979090177454e-06,0.9899492263793945,0.0029487544670701027,3.8166135709616356e-06,4.4666734311249456e-07,0.00011091694614151493,0.00021357362857088447,0.00012312033504713327,8.567508484702557e-05,5.2813875299762e-06,0.0026538472156971693,4.754776455229148e-05,0.0011295238509774208,2.094768024107907e-05,0.00013486850366462022,3.190322104273946e-07,3.7329195947677363e-06,1.224872221428086e-06,1.0311482583347242e-05,1.9086181055172347e-05,0,4
3.080684336964623e-06,0.00504095945507288,0.02232314832508564,9.103429192691692e-07,9.846384045886225e-07,1.6601494507995085e-06,0.0022924980148673058,2.9151220587664284e-05,9.70776810049756e-08,0.0012180034536868334,0.0011213294928893447,9.480814333073795e-05,0.7698628306388855,1.5778023225720972e-06,9.228265440697214e-08,1.9292888282507192e-06,0.01607860065996647,0.0037717074155807495,1.7795047142499243e-06,0.174044668674469,0.0007661365671083331,1.2613038961717393e-05,0.0033313019666820765,12,12
0.01034259982407093,2.7918922569369897e-05,0.0011656549759209156,1.8659213310456835e-05,0.0004179077222943306,0.002103341044858098,5.214782140683383e-05,7.371562242042273e-05,0.15780587494373322,0.028890589252114296,0.30268508195877075,0.34861135482788086,0.014079967513680458,0.002822767710313201,0.00039723917143419385,0.013158788904547691,0.005965840071439743,0.049116477370262146,4.32933939009672e-06,0.019419729709625244,0.005905328784137964,5.802532905363478e-05,0.03687673062086105,8,11
0.0001417480525560677,0.007818775251507759,0.013617134653031826,0.0032562310807406902,2.6509550821174344e-07,2.9558344976976514e-05,0.0003202540974598378,0.0013356423005461693,2.6128632271138486e-06,0.0024496878031641245,0.00026783428620547056,1.2716226365228067e-06,0.00022572414309252053,2.4408693661825964e-06,1.4635426737186208e-07,1.1421275303291623e-06,0.0004909834242425859,3.337641146572423e-06,0.0010293908417224884,0.00029007362900301814,0.0006568386452272534,0.9670509696006775,0.0010078669292852283,21,21
0.022629207000136375,4.594397523760563e-06,0.4839726984500885,2.9735845600953326e-05,0.00025885520153678954,0.0015030496288090944,0.009135356172919273,3.423175076022744e-05,5.186767339182552e-06,0.47332820296287537,6.9771226662851404e-06,0.003646885510534048,0.0003511355316732079,0.0015990034444257617,7.882422181637594e-08,1.622820673219394e-05,3.0876479286234826e-05,4.0893144614528865e-05,0.0032530867028981447,1.5873292795731686e-05,0.00013591625611297786,9.108647986977303e-07,1.0203731335423072e-06,9,2
1.624885892503869e-09,7.490215558902946e-09,7.592460349314933e-08,3.3828360557208725e-08,2.888669338452221e-11,7.021351500213768e-09,2.5983835083565054e-09,2.224764195091211e-08,7.281670405534513e-11,1.6728877172411671e-09,1.1814468052762095e-05,3.851839736057627e-09,4.145747301009806e-09,3.7037095612646453e-11,2.7149051236297073e-12,2.575604139687382e-11,3.0983319021515854e-08,7.746538827069216e-11,4.864002534077372e-09,4.7692783056163535e-09,4.527989290181722e-07,0.9999876022338867,1.4144690974049468e-09,21,21
0.0412910096347332,0.0001479719066992402,0.021257704123854637,0.0002796869957819581,0.007799762301146984,0.024014649912714958,0.0013456045417115092,7.409599493257701e-05,0.0002983381855301559,0.5924153923988342,0.021456599235534668,0.027416346594691277,2.338033664273098e-05,0.0361592136323452,9.934827539836988e-05,0.001578527968376875,2.669741297722794e-05,6.725703133270144e-05,0.22293084859848022,3.1490286346524954e-05,0.0012733915355056524,9.982964911614545e-06,2.727203309405013e-06,10,9
5.605660362562048e-07,1.4149459275358822e-06,5.803452950203791e-06,9.119648325395247e-07,1.8570153770269826e-06,2.6432995582581498e-05,2.4429217759802668e-08,1.1059490816478501e-06,1.7001226524371305e-06,0.000501746020745486,4.83816911582835e-05,1.5816839322724263e-06,0.0014279440511018038,9.019815934152575e-07,1.293908826482948e-05,5.9285580391588155e-06,0.0008038991945795715,0.0007411807891912758,0.992534875869751,0.0008293191785924137,0.00032592908246442676,7.280579694679545e-09,0.002725618425756693,18,18
8.388787442470402e-09,8.397304185336907e-09,1.4470685094636337e-08,2.4055859171312477e-07,1.4712099982716609e-06,4.0594551364847575e-07,1.8735790696666754e-11,2.391261411105461e-08,1.0324394139615833e-07,2.5650479074101895e-08,9.25176664168248e-07,9.108721776840412e-09,1.4000687542647938e-07,9.959329645425896e-07,0.9998940229415894,5.418885120889172e-05,4.2135477997362614e-05,4.673772480145999e-07,4.7192557417474745e-07,4.180692485533655e-06,8.511149474088597e-08,5.991083895651172e-08,3.183339813972452e-08,14,14
3.17815865855664e-05,0.0005703129572793841,0.0006842779694125056,0.001882615382783115,1.3038617225902271e-06,0.0007821715553291142,0.0052383593283593655,0.5932602286338806,0.0013765385374426842,0.001675971900112927,0.0005103647126816213,3.097312219324522e-05,0.018192263320088387,3.7167712434893474e-05,3.609271516324952e-05,2.1719270080211572e-06,0.041977133601903915,0.0005056797526776791,8.29297277959995e-05,0.0033370060846209526,0.3269362449645996,0.0024797741789370775,0.0003686225973069668,7,7
0.0001489988062530756,0.0077888634987175465,9.53989801928401e-05,0.0009969929233193398,1.1423006071709096e-05,2.593263707240112e-05,0.009578190743923187,0.7343591451644897,5.572395025410515e-07,0.24425669014453888,7.476024165953277e-06,4.0977070625558554e-08,0.0005728924879804254,7.344115147134289e-07,3.0327834110721597e-07,5.996631102789252e-07,6.802043208153918e-05,0.0007111773011274636,0.00027414667420089245,0.00015157081361394376,1.312498625338776e-05,8.885897841537371e-05,0.0008487987797707319,7,7
0.7366881370544434,9.168685210170224e-05,0.0005364132230170071,1.0932047189271543e-05,1.5141386938921642e-05,8.646053174743429e-05,0.0005244601634331048,0.007376255467534065,0.0005894288187846541,0.023591667413711548,3.630856554082129e-06,0.0002288961550220847,3.829963134194259e-06,6.041304914106149e-06,1.8932860612608238e-08,0.013739630579948425,7.989808182173874e-06,2.0527442757156678e-05,1.6443440472357906e-05,4.329078819864662e-06,0.21638555824756622,7.128719880711287e-05,1.1817944596259622e-06,0,0
2.557625009558251e-07,2.0697824254511943e-07,5.09828934625034e-09,1.6597934973106021e-06,2.6559686375549063e-05,3.3140133837150643e-07,2.673606402936457e-08,4.932860520057147e-06,1.74651984252705e-06,5.092630999570247e-06,9.166167728835717e-06,9.893274182104506e-06,7.836074900069434e-08,2.2393605547676998e-07,0.9998183846473694,0.00011000959784723818,2.3272134512808407e-06,3.0146218854554263e-09,4.968152893525257e-07,2.0744519702020625e-07,1.160297301794344e-06,9.102588478526741e-07,6.4602600104990415e-06,14,14
4.830496419527819e-11,0.9982694387435913,3.520295592807088e-07,9.89078485780226e-10,2.6278309498035946e-13,8.269933349236425e-12,1.1200419480772439e-09,2.460494585854178e-10,3.595165614864171e-12,0.0017280234023928642,1.968178153788358e-08,8.647503692933364e-14,1.0059791888394898e-09,7.404133729738138e-12,2.91081367993426e-13,4.790635770024476e-12,7.732314094566206e-11,9.860967598029902e-10,2.0862264591414714e-06,5.930737234649541e-09,9.410086931893602e-09,1.942952743139159e-12,5.162693536564511e-11,1,1
5.302488716552034e-06,0.0006982334889471531,2.540757577662589e-06,4.161861943430267e-05,7.921579481262597e-07,8.47117553348653e-05,1.7682675661490066e-06,0.0007656486122868955,0.0007336297421716154,0.00034796816180460155,0.1285717636346817,1.140304419777749e-07,0.0002569212520029396,4.352236349092209e-09,9.750160643307026e-07,0.00010540557559579611,0.0023364450316876173,5.164684262126684e-05,4.226224700687453e-05,0.0014275118010118604,0.8435688614845276,0.01653270423412323,0.004423206206411123,20,20
5.4090513003757223e-05,4.290451033739373e-05,3.371713717115199e-07,0.0006467239581979811,1.197128085550503e-07,3.277998303019558e-06,1.3130513252690434e-05,2.030057430602028e-06,1.6198393382182985e-07,0.0005725180963054299,0.1505947858095169,4.0620668073643174e-07,0.1783299297094345,2.7985844752720368e-08,2.1611640477203764e-08,1.8158555121772224e-06,9.885231702355668e-05,0.45706912875175476,6.978170131333172e-05,0.05690217390656471,0.001090313191525638,6.262867827899754e-05,0.1544448435306549,22,17
1.262680200397881e-07,2.0133303912928113e-09,5.282603154910248e-08,1.396758904093076e-07,1.0398531813393674e-08,2.6772770667093937e-08,3.691271643901928e-08,8.646441074233735e-07,3.241661930206141e-12,9.963278557734156e-08,5.576003547780317e-10,1.4466969844306732e-09,0.9999867677688599,4.2776029940405635e-10,6.878950742361667e-09,1.1940942679089517e-10,1.2259571136041814e-08,5.154878408575314e-07,3.850560759133259e-08,9.860707905318122e-06,1.1801394350641203e-07,3.1370751685244613e-07,1.0263839840263245e-06,12,12
1.0528736993364873e-06,2.801679421793324e-08,0.9990289211273193,3.0945384423830546e-06,7.488164754931859e-08,7.326941158680711e-06,1.0133945806956035e-06,9.679807817519759e-07,0.0004707386833615601,7.973383617354557e-06,2.1073776679259026e-06,2.8306772037467454e-06,3.1978217975847656e-06,1.6857010223247926e-06,4.24136771925987e-07,1.0676924944164057e-07,0.00043210736475884914,1.1922545581910526e-06,1.7123172710853396e-06,2.814277593188308e-07,2.8213587938807905e-05,4.979234745405847e-06,1.45424721154086e-07,2,2
0.0002947103639598936,1.425188003167932e-07,2.7958242387882137e-09,1.5616559156939047e-09,2.0081960983020508e-08,3.173530274125369e-07,3.102165635482379e-07,5.880722575568598e-10,4.860214453117351e-09,0.0015605692751705647,0.9981269240379333,1.6940173736657016e-05,2.0893727636916992e-08,5.901805710806229e-09,1.5303622084850144e-12,1.0004743700164909e-09,2.0095311184390244e-14,4.0985799643067367e-08,5.995153817828225e-10,5.811079395456886e-10,5.8552350468144e-11,2.396580989216801e-10,3.0729660482897714e-10,10,10
0.2119559794664383,1.0975457875872507e-08,0.0001450268755434081,5.053012500866316e-06,0.0006644438253715634,0.0009853328811004758,0.0025400682352483273,8.17769489458442e-07,2.4108549041557126e-05,0.24798142910003662,2.6654754037735984e-05,0.5350849032402039,3.300957177998498e-05,0.0005428895819932222,6.563286802929724e-08,1.747549589481423e-07,1.0491724111716394e-07,3.132468293642887e-07,3.7730535495938966e-06,6.138414931911029e-08,2.8915999905620993e-07,9.900967370413127e-07,4.5281262828211766e-06,9,11
0.005036266520619392,0.01531926728785038,0.004736192990094423,9.66737115959404e-06,0.00018723405082710087,0.0006933655240572989,0.0925222784280777,0.00011070295295212418,0.00018266093684360385,0.2714982032775879,0.0018080355366691947,0.0007414783467538655,0.0028927146922796965,0.5793678760528564,1.4881283277645707e-05,7.167140665842453e-06,0.000571537995710969,4.015789818367921e-05,0.023566441610455513,0.00029844840173609555,0.00018959888257086277,9.377071364724543e-06,0.00019640532264020294,13,13
2.1040268620708957e-05,0.006369400303810835,1.934590000018943e-05,0.5535976886749268,4.182862539892085e-06,9.175702143693343e-05,0.0002471227780915797,0.008419725112617016,2.8816410591048225e-08,0.0018724252004176378,0.0001341960160061717,3.324632587009546e-07,0.0008839317597448826,2.6774712296173675e-06,3.248850771342404e-05,1.3216065042342962e-07,0.0003329887695144862,4.705837636720389e-05,0.008365646004676819,5.830128793604672e-05,0.00034986811806447804,0.4191288650035858,2.082471110043116e-05,21,3
0.014775306917726994,2.3402890292345546e-06,0.03625872731208801,3.8906716071096525e-08,0.8539667129516602,0.09199140220880508,7.157836080295965e-06,1.080574747902574e-06,0.00011977070244029164,0.0009146216325461864,5.6983603826665785e-06,0.00020408062846399844,0.0009442371665500104,0.00018452083168085665,1.1401085231454999e-07,6.183042842167197e-07,2.0346826659078943e-06,0.0005490509211085737,1.569438427395653e-05,9.58462078415323e-06,2.124880120391026e-05,2.1607311282423325e-05,4.362709660199471e-06,5,4
8.789877714576733e-10,6.694385206174047e-07,8.721095845487525e-09,1.2989488595849252e-08,7.069775320722727e-11,1.6840124850148186e-09,5.430788457827518e-11,4.30025563769032e-11,1.199214616498523e-10,1.0527984528607703e-07,1.3188903302818744e-09,1.1981795555726649e-09,0.00048658749437890947,5.122044108296642e-11,5.425325189101216e-10,1.1969095714547962e-09,2.4681614974042532e-08,4.135748895350844e-05,5.450298203868442e-07,0.9994707703590393,9.880712248389045e-09,2.243337959839664e-08,3.9096573090091624e-08,19,19
1.8168677229368768e-07,1.2769937711709645e-06,1.989683005376719e-05,1.2084913625365346e-10,4.536313685798987e-11,7.2999228883929845e-09,3.33009020359043e-09,1.2819701966648722e-09,8.166377796214874e-09,1.138605239248136e-05,3.939446742151631e-06,3.675019044635519e-08,0.9949251413345337,2.2849873382302377e-10,6.49429949817204e-08,6.537844932097414e-09,1.8241546058561653e-05,0.000411935499869287,6.640181527473032e-05,0.004447140730917454,7.095268665580079e-05,9.429174108177563e-10,2.3382990548270755e-05,12,12
0.030380450189113617,5.579589560511522e-05,0.3653493821620941,1.4561128409695812e-05,3.9420134271495044e-05,0.004551451187580824,0.00027490168577060103,0.0006892558303661644,0.15718287229537964,0.10484793782234192,0.09420228749513626,7.178892246884061e-06,0.0005159100983291864,3.2731077226344496e-06,0.029733888804912567,0.001018617651425302,0.0003729610180016607,0.00013509794371202588,0.18436531722545624,1.1537699720065575e-05,0.02554105967283249,0.0006508734659291804,5.592118759523146e-05,9,2
4.695063227089236e-10,3.200960885241244e-10,2.478670602101829e-08,1.5830062594091032e-08,4.748665002884955e-11,3.408822391026689e-10,3.631703271445019e-11,1.9924191185793916e-09,7.065149924519523e-14,1.9921085225860224e-08,1.274277072749186e-10,7.413070157724633e-11,0.9994738698005676,5.039051207550438e-12,3.172397100570379e-08,2.4796361144940882e-11,3.1635391195550255e-08,1.3130066811584129e-08,2.230625995025548e-08,0.0005259285098873079,2.645682073421085e-08,7.165868343150805e-09,4.0318681726603245e-08,12,12
0.16544276475906372,3.639413262135349e-05,0.004775240086019039,5.0063321396009997e-05,0.3349522054195404,0.03273160010576248,0.0002656978613231331,0.000227751923375763,0.03168483078479767,0.04163604974746704,0.02622600831091404,0.0021574310958385468,3.378616747795604e-05,0.0006818686961196363,0.06533782184123993,0.2682941257953644,0.00041134728235192597,5.6717490224400535e-05,0.012646069750189781,1.9057371900998987e-05,0.0025369212962687016,0.00811006873846054,0.0016861739568412304,5,4
5.087719689989001e-10,1.0,8.239151583211424e-09,5.234414568455747e-10,1.2013185585191266e-12,2.3057764031442218e-10,2.14850075508366e-08,1.0904718905635491e-08,6.205010030096991e-12,5.710654171764418e-09,1.5909052963891668e-09,4.373270842683574e-12,1.7602462820676124e-09,1.2786501857320332e-09,1.0747626746909766e-11,1.4162838957165746e-10,2.6616581161320596e-10,1.7170767585561464e-10,6.9426282500728576e-09,1.1431725566168893e-09,4.763189842549309e-10,2.856600289646849e-09,7.119438372171771e-09,1,1
4.785809526453022e-09,3.3478335659253844e-09,1.1207588386241696e-06,1.2219582290473596e-10,1.4194388719968032e-10,1.1373447322826635e-10,1.0996728860845906e-06,1.9642999032898345e-11,2.927779546579856e-12,2.9193295176810352e-06,3.23062927520823e-08,2.75602807242592e-09,0.14358069002628326,6.07058292523277e-11,1.177573316635261e-10,5.904159106062679e-11,1.0748890844070047e-07,3.1383426630782196e-06,4.210351622901953e-09,0.8564106822013855,1.670281761789738e-07,2.2693482648605823e-09,1.055143750150478e-09,19,19
9.174040656034776e-07,1.3532704201679735e-07,7.579591965622967e-06,3.584240126919269e-10,0.00011634084512479603,4.139405973546673e-06,1.3911450984227525e-11,5.1275148571505724e-09,6.972698685103751e-08,1.5675067910336793e-09,1.7369642080211634e-07,1.869075703098133e-07,7.998414366738871e-05,2.2440922009536735e-08,6.327281454332478e-08,4.219370566715952e-06,2.8069925974705257e-05,0.9880587458610535,1.0148017537403575e-08,0.011698470450937748,1.7633855975418555e-07,6.49442824851576e-07,5.9063989255037086e-08,17,17
0.0007331239175982773,0.04139566794037819,0.013652928173542023,2.81171423921478e-06,4.337752912420001e-08,9.273782666241459e-07,9.606208095647162e-07,0.000166226556757465,1.8982464098371565e-05,1.3358559044718277e-05,1.1887253094755579e-05,6.854005278000841e-06,0.004798118956387043,4.408864526794787e-07,1.2346648873062804e-05,3.643882337200921e-06,0.04572486877441406,0.00062997464556247,0.1358514428138733,0.0006413934170268476,0.5871721506118774,0.16845716536045074,0.0007046686951071024,21,20
6.743313463175582e-08,8.208670188025735e-09,5.074948816741198e-08,5.491177734739949e-09,4.425638522320696e-08,7.151462000365427e-08,1.4925850555513875e-09,9.022409486192373e-09,5.858261653557406e-10,1.0992305305990158e-06,7.093180265371757e-09,1.9474889256798633e-07,0.9666830897331238,2.5798754244021893e-09,9.063054449143237e-07,1.4283703109185808e-08,7.186915809143102e-07,1.4301151622930774e-06,4.718444017726142e-07,0.033250004053115845,6.103465784690343e-05,7.5671337640415e-08,6.60245348171884e-07,12,12
0.006889295298606157,1.3920461242378224e-05,6.568932440131903e-05,1.473605948376644e-06,0.022858863696455956,0.5578097701072693,7.531371920777019e-06,3.380558337084949e-05,0.23855841159820557,0.0003577701572794467,0.0020056164357811213,0.06052951142191887,0.00016125172260217369,0.1091655045747757,0.0009715046617202461,0.0002264377399114892,3.920872768503614e-05,2.239122477476485e-05,3.476302197213954e-07,6.351614047162002e-06,6.779068644391373e-05,0.00015493576938752085,5.259201498120092e-05,0,5
0.3176332116127014,3.419695713091642e-05,4.017634637420997e-06,5.014881025999784e-07,1.1224159607081674e-05,0.007803864777088165,9.082353790290654e-05,2.77121380349854e-05,0.5198440551757812,0.07147814333438873,0.00280003366060555,0.07844845950603485,3.7748217437183484e-05,3.477465361356735e-05,5.2865134421153925e-06,5.102858995087445e-05,5.920910552958958e-07,1.2635642633540556e-05,0.0005710303667001426,2.870158368750708e-07,0.0007494678720831871,0.0002141457807738334,0.00014672057295683771,0,8
0.9911848902702332,5.228616373642581e-06,2.6252011593896896e-05,6.32356744745266e-08,0.0010028269607573748,0.0009783183922991157,0.00023803560179658234,3.966569238400552e-06,2.4024043341341894e-06,0.0017160068964585662,2.641846322148922e-06,1.4015033229952678e-05,5.774062969976512e-07,0.004754754714667797,1.3810564247762613e-08,5.02160901305615e-07,2.7279165806248784e-05,6.31356442681863e-08,1.631875420571305e-05,6.087753412487018e-09,1.0073636985907797e-05,1.5712730601080693e-05,3.7986861656236215e-08,0,0
0.010722444392740726,8.727191413981927e-08,8.083466127573047e-06,6.489510155915923e-07,0.002434135414659977,0.8058485984802246,2.262683483422734e-05,9.83479549176991e-06,0.002355755539610982,0.00039603904588148,8.670808165334165e-05,0.01577885076403618,1.231169153470546e-05,0.1623089760541916,2.107471800627536e-06,2.850658574971021e-06,8.624780321042635e-07,1.0741711093942286e-06,1.3321224514584173e-06,4.159001889547653e-07,3.5120240227115573e-07,3.4338711429882096e-06,2.4165321974578546e-06,5,5
8.337134715930006e-08,6.414345499194951e-09,5.142205168340297e-07,2.0263025035660576e-08,2.3466940035632433e-07,9.776237419600875e-08,2.808311876378866e-07,1.398486233483709e-07,4.697498501293751e-10,1.4019507261764375e-06,5.067413599846304e-09,1.673094374154971e-08,0.9991668462753296,5.209891962287827e-10,3.039816220962166e-08,2.8191604606320197e-09,2.0276065981761349e-07,8.14891222944425e-07,7.418441327899927e-08,0.0008050005417317152,1.2495039527493645e-06,1.1659848198064537e-08,2.3041315216687508e-05,12,12
4.934904427500442e-05,3.173367568720664e-09,0.0017757745226845145,2.3420713546329353e-07,2.788350661475647e-09,3.128646312688943e-06,2.71531826001592e-06,1.593000398258937e-08,0.04053155332803726,0.9489263892173767,0.008705060929059982,3.046306801479659e-06,2.522950524053158e-07,6.772621077288932e-07,2.426554601697717e-07,4.6670805886606104e-07,1.2562264117832456e-08,7.691648207241997e-09,2.9961148584334296e-07,1.9325874234255025e-09,6.290745204751147e-07,1.8119910905056713e-08,5.501254918272025e-08,9,9
4.4932454329682514e-05,0.0008178938296623528,2.3227499696076848e-05,9.046859190675605e-07,7.2802475159505775e-09,1.6101775202059798e-07,0.00025997456395998597,7.851937880332116e-06,2.604869280276034e-07,0.3756069839000702,1.5713336324552074e-05,2.04266257242125e-06,0.14157991111278534,5.689340110137664e-09,6.625716508779078e-08,2.7014766601496376e-07,2.0471899915719405e-05,0.0032832196447998285,0.006403705105185509,0.37981101870536804,0.0011578659759834409,3.7803609131970006e-08,0.09096340090036392,19,19
4.887365321337711e-07,0.0007332657114602625,1.0094549907080363e-05,6.268155439137502e-11,1.1394554633170628e-08,2.5133669367960465e-08,8.70853341439215e-07,1.7491605319719383e-07,3.7757175164188084e-08,1.646231976337731e-05,0.00012563679774757475,3.350796262679978e-08,0.04544579237699509,1.2200328421141382e-11,6.227245802348236e-11,3.266795189915683e-08,0.07582879066467285,9.290905290981755e-05,6.100596010583104e-07,0.004761459305882454,0.009602204896509647,6.476608973571274e-07,0.8633804321289062,16,22
0.0007985697011463344,0.0008938150713220239,0.0005245360662229359,0.00018318401998840272,0.007482065819203854,0.015302066691219807,9.088093065656722e-05,0.004159856121987104,1.027415351018135e-06,9.611524728825316e-05,1.3532200682675466e-05,1.4263753655541223e-05,0.06606325507164001,7.376647408818826e-05,2.3710904315521475e-06,2.0131208202656126e-06,0.028643880039453506,0.009105990640819073,0.0046613155864179134,0.011319993995130062,0.8339520692825317,0.003987312316894531,0.012628058902919292,20,20
2.5548416715537314e-07,9.147520074748172e-09,3.940315309591824e-07,2.209015956267102e-11,8.402358275816368e-07,2.348784846617491e-07,3.367571499435229e-10,1.7040041599969413e-09,1.05116047810494e-10,1.7373551486343786e-08,1.224532281129953e-10,8.55800230681325e-09,0.000682314857840538,6.80640654948661e-10,1.687052624335661e-12,7.396346035637436e-11,1.363916680929833e-06,0.9991132616996765,5.691048077238747e-09,0.0002009130548685789,1.5605404257712507e-07,7.480038810570022e-10,1.7984919509217434e-07,17,17
0.09955130517482758,9.90647022263147e-05,0.0001989432639675215,9.784549774849438e-07,0.00028960502822883427,0.0003296711656730622,0.0054117292165756226,3.380808630026877e-05,0.1652502566576004,0.7055221199989319,0.006277228239923716,0.012886805459856987,0.0001359501329716295,0.0002993314410559833,4.160052048973739e-05,0.002005071612074971,1.3652564121002797e-05,1.575192072778009e-05,0.0004859367909375578,3.3428214010200463e-06,0.0007057851180434227,4.29872397944564e-06,0.0004377261793706566,9,9
1.903020852012105e-09,1.9115917737622112e-09,1.1412220146667096e-07,2.292706163808944e-10,3.3311807783320546e-05,1.3905973039740616e-09,2.170782664734361e-09,4.095212502441825e-10,8.038774090834977e-09,5.300554306586491e-08,2.970540117530618e-05,2.1559355900535593e-06,9.91600224153899e-09,1.184187592428998e-08,0.00019009308016393334,0.9997437596321106,1.2166679885794451e-09,5.0645017068973175e-09,9.305552856053723e-11,6.737466264894465e-07,5.675244096892129e-08,1.1695175383685807e-10,6.823866558619551e-12,15,15
0.001348583959043026,2.3928210524104543e-08,7.668215403100476e-06,2.4522860186948492e-08,6.708771849162076e-08,1.0422980949442717e-06,1.6767364163783327e-09,1.0442640530072822e-08,6.492949182757002e-07,9.025233680404199e-07,1.6691439668647945e-05,2.5118379198829643e-05,0.02641255408525467,2.896534390117722e-08,3.611033139172548e-10,4.040923329284851e-08,1.2913535556435818e-06,0.9716399908065796,1.619730838342548e-08,0.0004704428429249674,7.429756078636274e-05,1.339034838565567e-07,4.339615315984702e-07,17,17
1.7831638388088322e-09,7.83075382315701e-09,7.618116342200665e-07,3.181595076284793e-08,9.351816515845712e-06,1.8597012967802584e-05,1.665285270791017e-11,2.9947762048010418e-09,1.280111155965713e-10,2.0658998955980223e-09,9.820724233833289e-10,8.817015867412792e-11,3.0779954585113956e-08,8.709966081710263e-09,2.494814168585435e-07,5.247949297348953e-10,0.9981324076652527,1.207634704769589e-05,0.001814865623600781,8.719461419559593e-08,1.2449327790875486e-08,1.3831654932516813e-08,1.1551806892384775e-05,16,16
0.002190329832956195,4.076052846357925e-06,0.0003957966109737754,2.8145195756223984e-06,2.026307447522413e-05,0.003121959511190653,1.3450969163386617e-05,2.3787731606716989e-07,2.5611552700866014e-07,0.0020692930556833744,0.0016510142013430595,6.554363062605262e-05,0.08318106830120087,1.6516273717570584e-06,8.74158786245971e-07,5.055929932495928e-07,5.612012500932906e-06,0.8943251371383667,0.01114797592163086,0.0017582372529432178,3.3593735224712873e-06,7.994727297955251e-07,3.9719659980619326e-05,12,17
0.9549456238746643,7.033242582110688e-06,0.00032042310340330005,5.370430926632253e-07,4.890674972557463e-06,0.041208840906620026,1.788054396456573e-05,5.2439096180023625e-05,7.84380390541628e-05,0.00022311507200356573,5.674259227816947e-05,0.0006536347791552544,0.0003421272267587483,0.0001554541668156162,2.6856059598401316e-09,1.553987161173609e-08,1.0224815696346923e-06,0.001760263810865581,5.862116836397036e-07,1.6778421922936104e-05,6.211087111296365e-07,2.3231336854223628e-06,0.00015118894225452095,0,0
3.715958428074373e-06,3.0332975597957557e-07,0.00017871856107376516,9.723910210368558e-08,1.6048637974108715e-08,2.7018552373192506e-06,2.8653630579356104e-07,3.2338853372948506e-08,1.6852288808877347e-06,0.00026696865097619593,0.00011250835086684674,3.772833281345811e-07,0.6622881293296814,5.640816702623397e-09,5.35076821961411e-07,2.207086708949646e-07,4.243258081260137e-05,0.003970451653003693,0.00027894339291378856,0.3322518765926361,0.0005411831079982221,1.202333692162938e-06,5.752439392381348e-05,19,12
6.551927356213127e-08,0.9999988079071045,5.028298915021878e-07,5.48476264405906e-11,9.192754890641197e-10,2.987229630324606e-10,5.185005758079342e-09,3.085613153874789e-10,9.010580476198626e-11,2.3742197186038538e-07,3.3481830641335364e-09,5.183092149918522e-11,1.4337923071039427e-09,2.316924962997291e-08,6.306180837939435e-12,9.196495120988857e-09,2.8787050521117408e-09,3.203521892203298e-10,2.2279154165971704e-07,5.197352770380803e-09,1.5070473757816671e-09,8.602412185365615e-12,1.1122141785335771e-07,1,1
0.9676296710968018,2.307434670001385e-06,1.1781397006416228e-05,9.228202202393732e-09,3.468935756245628e-05,0.02424783632159233,5.083228188595967e-06,3.38058453053236e-06,0.0011648705694824457,0.004604914225637913,0.00036777390050701797,0.000561332970391959,1.1650859960354865e-05,0.0013250925112515688,1.0766782132520802e-08,8.643078075465382e-08,6.150328317744425e-07,7.853286660974845e-07,6.1018636188237e-06,1.895983281485769e-08,1.5115672795218416e-05,6.940088326246041e-08,6.833814950368833e-06,0,0
1.3435467849376437e-08,1.1342814708326099e-12,1.014147414934996e-07,4.958271802024683e-06,2.191633363679557e-08,9.580423920851899e-08,1.2855161912739277e-07,5.671908525073377e-07,3.8014752457016243e-10,0.9999374151229858,2.043113454419654e-06,5.44274334970396e-05,3.88503318404787e-09,8.564347808714956e-08,1.6903486610431173e-08,3.0152584429288254e-08,5.699907745793098e-08,2.7512031541832016e-10,4.226353311764797e-08,6.111957162602266e-09,1.1869016880439176e-09,5.315887920825935e-12,4.283888868639174e-11,9,9
0.026848020032048225,0.00020527260494418442,0.04729479178786278,0.011730547063052654,0.006497091148048639,0.005180384963750839,0.3183605968952179,0.00036519867717288435,3.0806793802184984e-05,0.07771336287260056,0.002007730072364211,4.7524121328024194e-05,0.32806020975112915,0.00023623260494787246,0.00029142946004867554,2.6236555640934967e-05,0.010611824691295624,0.008402157574892044,0.13324853777885437,0.0004184921854175627,0.0011171450605615973,0.019324934110045433,0.0019813876133412123,17,12
0.0009370534680783749,5.441282979745665e-08,7.369701506831916e-07,6.548859232680115e-08,2.4836677425810194e-07,0.004568685311824083,6.058154667698545e-06,2.1200765587536807e-09,0.00024541927268728614,0.9794091582298279,0.000606477668043226,0.001058087102137506,0.011682307347655296,6.889432597745326e-07,1.4803653858308508e-09,3.135976756052372e-10,7.764867859805236e-08,0.0007168657029978931,0.0006441465811803937,8.282921771751717e-05,3.938285954063758e-05,7.46920569838494e-09,1.5975327869455214e-06,17,9
0.024668483063578606,2.0003997178719146e-06,0.054018810391426086,2.522580871300306e-06,0.00041661030263639987,0.002173204440623522,6.186786777107045e-05,2.864855559892021e-06,0.030234413221478462,0.00035365199437364936,0.00202263705432415,0.8737017512321472,0.0008319799089804292,0.010729213245213032,2.6870600322581595e-07,7.525521596107865e-06,9.058115210791584e-06,0.0006133008864708245,9.897087593913056e-09,7.399672904284671e-05,5.894269997952506e-05,1.0211514563707169e-05,6.661306088062702e-06,0,11
0.8716322779655457,2.2951464870857308e-06,1.6410565876867622e-05,2.045853307208745e-06,7.370654657279374e-06,0.09822092205286026,4.857706153416075e-05,0.0031135978642851114,0.023048775270581245,0.0007173356134444475,0.0007436466403305531,0.0014833604218438268,7.683350418119517e-07,0.0008780811331234872,6.220481623131491e-07,4.673544390243478e-05,9.545970414137628e-08,1.1122061778223724e-06,2.7681792289513396e-06,4.3124419590867547e-08,4.143033038417343e-06,2.542110814829357e-05,3.7170930227148347e-06,0,0
0.0024572513066232204,5.24957954439742e-07,0.00010745859617600217,5.5564682952535804e-06,0.001818380900658667,0.0009683649986982346,0.0006469602813012898,8.245971002907027e-06,3.930119055439718e-05,0.9889360070228577,0.003973773680627346,0.0007865712395869195,3.2455056498292834e-05,5.1077768148388714e-05,2.1229139747447334e-05,6.33127783657983e-05,3.8834091498074486e-09,9.413890438736416e-06,5.4657783039147034e-05,1.474963119107997e-05,2.742489414231386e-06,2.4875444637473265e-07,1.796785454644123e-06,9,9
0.00024603703059256077,1.5386987115562079e-06,0.001202979008667171,6.579294620223664e-08,6.890272743476089e-07,0.08007476478815079,9.749251148605254e-06,3.230137224363716e-08,0.026603665202856064,0.6529861092567444,0.23067954182624817,0.001879873569123447,0.005906572565436363,5.861034424015088e-06,9.9409391829397e-10,1.1758883147194865e-06,1.0750831279437989e-05,8.737102325540036e-05,5.843871804245282e-06,2.8937597562617157e-06,0.0001656358945183456,2.1402376759738218e-08,0.00012873817468062043,9,9
3.400262357899919e-06,5.5140994845714886e-06,3.3530932341818698e-06,1.3913560223954846e-06,0.0006093263509683311,0.00011737430759239942,6.135049943623017e-07,1.5456452118201014e-08,1.8270602808456715e-08,2.0490648239501752e-05,1.583395146553812e-06,6.616275641135871e-06,0.29578956961631775,1.989837841165354e-07,1.6655942545185098e-06,2.378220642640372e-06,1.812618393159937e-05,0.06368906050920486,0.0005492529016919434,0.6390824913978577,5.391710146795958e-06,1.6033849306040793e-06,9.069230873137712e-05,19,19
6.647552908134458e-08,4.14227020739677e-11,4.1604319989119176e-08,1.927815844737779e-07,1.1220469531281196e-07,1.0494996161014569e-07,1.1346610456763884e-10,4.429694655527783e-08,1.4315434100353741e-06,4.516438366408693e-06,3.6118498769610596e-07,4.343569415254933e-08,8.862673439580249e-08,4.48219905635483e-09,0.9999047517776489,2.789023164950777e-05,3.488332467327382e-08,7.47324619965184e-08,5.9778307331725955e-05,4.967688838064532e-08,2.2337083294132754e-08,5.476252784575308e-10,4.1736439015949145e-07,14,14
7.288645065273158e-08,5.181884625926614e-05,0.0011554169468581676,5.4779675906502234e-08,2.188905227740179e-06,2.4459579250901697e-08,5.537890146456448e-08,9.321170502119003e-10,6.969858579175536e-10,6.716785719618201e-06,1.4228190821086173e-06,8.138452578521083e-09,0.0012490826193243265,1.8946537394537444e-10,6.540784056596749e-07,7.889096877988777e-07,0.0006419405690394342,0.31735873222351074,3.5963473692390835e-06,0.6795252561569214,2.113602931785863e-06,8.988352107053288e-08,5.739119401937387e-08,17,19
0.0019927655812352896,4.080781579318682e-08,1.3070699367290217e-07,4.82363748943726e-09,5.446501560868455e-08,5.074139698990621e-05,4.0822105802362785e-06,2.9399386036743635e-08,0.00020362730720080435,0.0013656836235895753,3.7199784856056795e-05,0.9962882995605469,4.792592790181516e-06,5.215859710006043e-05,3.164915218789588e-09,2.3668711435220757e-08,1.0440451170268261e-08,5.151089865762515e-08,7.678011115785921e-09,1.713739194997288e-08,7.267846058311989e-08,5.5037180146655373e-08,2.5766479438971146e-07,11,11
0.0953967422246933,1.162776243290864e-06,4.0856855775928125e-05,4.780806921189651e-05,0.028250757604837418,0.1668383777141571,0.0001833065616665408,1.195553295474383e-06,0.00024620856856927276,0.044285424053668976,0.0003249184519518167,0.6635012626647949,7.303177699213848e-05,0.00010996206401614472,1.4263293451222125e-05,2.10300822800491e-05,1.8309365259483457e-05,9.642346412874758e-05,0.0001433236466255039,6.44474880573398e-07,0.0001341687748208642,0.00025338641717098653,1.7478068912168965e-05,4,11
0.0001163930501206778,0.9951279163360596,1.9117459260087344e-07,1.2542990646124963e-07,3.355284434292116e-06,1.9005543805405978e-08,6.487197879323503e-06,2.082989794871537e-06,1.2689220341144392e-07,6.684308118565241e-06,1.4275319699663669e-06,7.261679968451062e-08,2.3432955913449405e-06,6.820776388138938e-09,4.429925581916905e-08,0.0001707235787762329,0.0002508590987417847,9.323194717580918e-06,1.1765184353862423e-05,0.0001772701507434249,0.0032487723510712385,0.0008481142576783895,1.582663753652014e-05,1,1
0.005561216734349728,0.00043535101576708257,0.00032653164817020297,5.755208258051425e-05,4.159900527156424e-06,0.0003700373927131295,3.9596066926606e-05,9.045716069522314e-06,2.2960490397849753e-08,0.0036622686311602592,0.0001001477285171859,2.2050996051348193e-07,0.7839708924293518,1.1051391084038187e-05,0.00013123030657880008,2.604156543384306e-05,6.378684338415042e-05,0.13278576731681824,0.001860514166764915,0.07043930143117905,0.00013053706788923591,5.922625405219151e-06,8.834673280944116e-06,12,12
5.08667774568039e-09,3.935991514936177e-07,1.4440993822972814e-07,1.0932413943010033e-06,4.9374420107994865e-09,5.76849190636608e-09,0.9999357461929321,2.9703750570320153e-08,2.6663013130701074e-08,1.3740378562943079e-05,9.738008884596638e-06,1.502330633229576e-07,1.8741883422990213e-07,4.864010083593939e-09,2.804948717738398e-09,1.9323890398936783e-07,2.2715870073852784e-08,1.4453986807438923e-07,4.322772695353194e-10,3.328733146190643e-05,5.0479288802307565e-06,1.0713162801323506e-08,2.6479195724959936e-08,6,6
3.8974572902361615e-08,6.682248088196729e-10,1.722864295672366e-09,6.144512667560775e-07,1.4579965679217821e-08,4.242346676619491e-06,9.170273568281928e-11,6.255916105146753e-07,4.043867534164747e-07,2.4156836531119552e-08,2.0449657966992163e-08,6.371897143253591e-07,5.182591067409703e-08,0.9999425411224365,4.806257493328303e-05,3.4862975439864385e-07,2.409727528629446e-09,3.487722333161969e-10,2.155913989554392e-06,5.569384953219014e-08,2.0519215127023926e-07,3.6807137893113406e-10,7.676315694205016e-10,13,13
0.02260894514620304,9.377959213452414e-05,0.022942256182432175,0.0014507382875308394,0.0007722494192421436,0.01297137513756752,0.0011432114988565445,0.002219496062025428,0.0006014834507368505,0.00746726943179965,0.0001109916265704669,0.00024859607219696045,8.041322871576995e-05,0.8764417171478271,0.00020124571165069938,0.00022209007875062525,0.04070629924535751,1.0527318409003783e-05,0.006030299700796604,2.3646247427677736e-05,0.000707826460711658,0.002935111289843917,1.0379270861449186e-05,0,13
0.00416040513664484,8.090939331850677e-07,0.0016684033907949924,2.713070898607839e-05,0.13363826274871826,0.0016422888729721308,0.0029355778824537992,7.689790436415933e-06,0.025026999413967133,0.7484439015388489,0.0023845352698117495,0.005806848406791687,0.00021491908410098404,0.0007184830610640347,0.017734885215759277,0.05506771057844162,2.834271981555503e-07,3.532797791194753e-06,1.9099599740002304e-05,0.00011361301585566252,0.0003770961775444448,2.482009449522593e-06,4.794763299287297e-06,5,9
0.008071403950452805,5.198655799176777e-07,0.0014217997668311,1.9761760995606892e-05,0.010895662009716034,0.006476462818682194,0.001114547485485673,1.028803012559365e-06,0.0017452022293582559,0.19898080825805664,0.007002392318099737,0.7484560012817383,0.01484666671603918,4.459246338228695e-05,0.00011070832260884345,1.6994446241369587e-06,3.964857751270756e-05,0.0002839046937879175,7.663577707717195e-05,2.4897675757529214e-05,0.0002613340620882809,7.382514922937844e-06,0.00011691479448927566,5,11
8.713645911484491e-07,1.0169306369212094e-10,9.871006056982878e-08,4.908208939014003e-05,7.165070201153867e-06,0.004302134737372398,8.23572499086822e-09,3.575879077288846e-07,8.187658386304975e-05,0.00011077562521677464,1.3425484439721913e-06,4.080922280991217e-06,1.636654722858566e-08,0.9953965544700623,8.453714144707192e-06,1.6461321138194762e-05,5.99113159083231e-09,1.4488532595891002e-09,2.060762381006498e-05,1.369002866624669e-08,9.360720554241198e-08,1.5089465787987422e-10,4.7387151980160525e-09,13,13
0.000112309651740361,3.895799090969376e-05,0.008717646822333336,1.8789464206747652e-08,4.958922090736451e-06,6.466383183578728e-06,0.00012945092748850584,1.6970342642252945e-07,5.192590833758004e-06,0.00011724309297278523,0.00016670406330376863,1.7098069520216086e-06,0.9695113897323608,6.928480047463381e-07,1.5291204746858966e-08,1.5176519596593607e-08,0.017478669062256813,0.0008954486111178994,1.6633434825052973e-06,0.0005723655922338367,0.0018091751262545586,3.2903579267440364e-05,0.0003967497032135725,12,12
1.4186248336045537e-06,4.414260388330149e-07,0.0037202639505267143,3.5388807191338856e-06,3.4319704411700513e-08,0.001091324258595705,2.283862166052586e-08,0.00026174276717938483,5.9906000387854874e-05,2.6113677449757233e-05,2.1787830917219253e-07,3.934837423003046e-06,8.111486749839969e-06,0.9948042035102844,1.700953333738653e-07,1.848492132694446e-07,1.2938120619310212e-07,4.8471943046024535e-06,5.549251227421337e-07,1.1933977475564461e-05,7.295403747775708e-07,2.1825128371233404e-08,1.9874695666999287e-08,13,13
0.009836534969508648,8.216079004341736e-05,3.194111559423618e-05,0.0002058026730082929,0.00019734777742996812,0.028304267674684525,2.610311275930144e-05,0.30187612771987915,0.0013972909655421972,0.0004463232180569321,0.008008879609405994,0.00046780850971117616,2.6553701900411397e-05,0.6426110863685608,0.0001866613165475428,0.006024174392223358,6.0618323914241046e-05,1.4498880773317069e-05,4.055827594129369e-05,2.458637572999578e-05,5.152603625901975e-05,5.835091360495426e-05,2.0732335542561486e-05,0,13
0.9875128865242004,4.074729247349751e-07,0.001729263225570321,3.043386868739617e-06,0.002074302639812231,0.0021025151945650578,5.367239737097407e-06,1.0956891856039874e-06,0.0007826402434147894,0.003981099929660559,3.0308224268082995e-06,0.00014996062964200974,5.112179223942803e-06,0.0011874295305460691,0.00011112755601061508,0.0003299698873888701,5.443531790660927e-06,1.2285850971238688e-05,7.633781820004515e-07,1.9504375359247206e-07,1.053651772053854e-06,9.231962394551374e-07,2.1457044852013496e-07,0,0
0.02101254090666771,5.897656228626147e-05,0.15510037541389465,0.00924428179860115,0.12431162595748901,0.06646662950515747,0.008843537420034409,0.007941203191876411,0.0020079512614756823,0.29284530878067017,0.003172970609739423,3.5673645015776856e-06,0.0005303923971951008,0.0010770680382847786,0.13449642062187195,0.0008624378242529929,0.13710805773735046,0.002746088430285454,0.0002531410427764058,0.0002966587489936501,3.439541251282208e-05,4.501220610109158e-05,0.03154134750366211,5,9
0.0024710928555577993,0.033741019666194916,1.648444049351383e-05,9.22900071600452e-05,3.8412622416217346e-07,2.008709270739928e-05,0.006796516943722963,0.10972058027982712,7.972065532158013e-07,0.02434728294610977,0.10217516124248505,1.5243348570948001e-05,0.0006098874728195369,1.1598168647708462e-08,1.795506068447139e-05,4.5338856580201536e-05,1.216159034811426e-05,8.980642633105163e-06,0.5320736169815063,0.0005458452505990863,5.4320662457030267e-05,0.13687866926193237,0.050356313586235046,0,18
1.780946331564337e-05,0.01557078491896391,6.684314939775504e-06,5.182309905649163e-06,1.4924248148417973e-07,2.5760342396097258e-05,1.810878711694386e-05,9.507927461527288e-05,6.122394097474171e-06,0.001989272888749838,0.022654790431261063,3.039952389372047e-06,0.19640669226646423,3.979774731988073e-08,2.8771889759582336e-08,1.4504710634355433e-05,0.0003293935733381659,0.005370888393372297,0.00015855199308134615,0.13520044088363647,0.48364120721817017,6.739449599990621e-05,0.138418048620224,20,20
0.9949603080749512,3.716607534443028e-05,0.00021243211813271046,5.8904731758957496e-08,0.000732026353944093,0.002440548734739423,2.063053943857085e-05,3.0745318326808047e-06,0.0002323954540770501,0.0011005861451849341,1.806043883334496e-06,1.6358180801034905e-05,1.0541259143792558e-05,8.641438034828752e-05,3.702965329921426e-07,5.234695436229231e-06,1.2051309568050783e-06,1.8771568647935055e-05,2.5826568162301555e-05,4.09828516012567e-07,8.733433060115203e-05,1.4548108993039932e-06,5.14456269229413e-06,0,0
1.7629687363296398e-06,1.2875994492844711e-08,7.73767169448547e-05,1.5248400586642674e-07,1.6950101553447894e-06,2.8989219572395086e-05,1.027829554800519e-08,8.421319108720127e-08,1.7610847891091908e-08,2.4571036192355677e-05,0.0007300932193174958,6.54467555705196e-07,0.49047863483428955,2.6447708023624728e-08,8.829467333271168e-06,1.0488400903341244e-07,1.2215360811751452e-06,0.00011616617848630995,5.86716578254709e-06,0.508521556854248,1.9036693856833153e-06,2.737828594945313e-07,4.7927620983045927e-08,12,19
5.79957413719967e-05,0.9996598958969116,1.0479217053216416e-05,4.954340493412701e-09,1.3878853621918097e-07,9.07134989347469e-08,2.2289752450888045e-05,6.855242418168928e-08,9.12826152443813e-08,6.156819381430978e-06,7.678232577745803e-06,2.3106993012333987e-06,1.7203597963089123e-05,6.627371362810663e-07,3.5958962474325062e-09,1.310482502958621e-06,2.0027218852192163e-05,1.0741575096062661e-07,2.1601847038255073e-05,9.027655323734507e-06,3.947288405470317e-06,0.0001573840854689479,1.437794935554848e-06,1,1
5.6383715474339624e-08,1.7082577414839761e-06,1.5045081454445608e-05,0.00023448551655746996,1.440750185821571e-08,2.9654989930349984e-07,6.04565029789228e-05,0.9993044137954712,6.22775431224909e-08,0.00027140448219142854,3.105329369645915e-06,1.0842964570656477e-07,5.8397282565181285e-09,8.892349796951748e-06,2.2138779058877844e-06,1.4176966942613944e-06,2.1834752317317907e-07,3.977273718702712e-11,6.702885002596304e-05,1.3738506332572342e-08,2.7874895749846473e-05,6.656804174554054e-08,1.0390723446107586e-06,7,7
0.00024046235193964094,0.0011552163632586598,0.014524797908961773,3.4680146200116724e-05,0.21496380865573883,0.0005301532801240683,0.00010370645759394392,2.388340590186999e-06,1.3831303213862611e-08,0.03111175447702408,3.985343937529251e-06,1.3034707080805674e-05,0.6028969883918762,4.426977830007672e-05,5.7588767958804965e-05,1.6513475884494255e-06,0.11444836854934692,0.009027775377035141,0.0014135163510218263,0.009071111679077148,0.0003040313022211194,1.0384149391029496e-05,4.037426697323099e-05,12,12
0.012099424377083778,0.00019613024778664112,0.00879679899662733,0.3778507709503174,0.00033736260957084596,0.007901792414486408,0.0328463576734066,0.029427718371152878,4.196733698336175e-06,0.11678369343280792,0.0005597793497145176,9.542526095174253e-05,0.37964755296707153,0.0004360696766525507,5.2237839554436505e-05,8.742949830775615e-06,3.479494989733212e-05,0.007324432488530874,0.007338087540119886,0.01270635612308979,0.00048074923688545823,0.005021712277084589,4.985092527931556e-05,9,12
0.011855206452310085,1.3713049156649504e-05,0.05367973819375038,5.8746463764691725e-06,0.00036149407969787717,0.026245424523949623,0.001772324787452817,9.240585541192559e-07,7.257613469846547e-05,0.8972374200820923,0.00045648764353245497,4.939077916787937e-05,0.00010078812920255587,0.0002734938752837479,3.42711643952498e-07,5.506485223349955e-08,1.2711800081888214e-05,7.849488611100242e-06,0.0030220383778214455,6.127478968664946e-07,0.0048072305507957935,2.393290924374014e-05,4.885102953267051e-07,5,9
0.02297862619161606,1.4242356201066286e-06,0.7048254013061523,6.837211458332604e-06,0.0014317225432023406,0.055354610085487366,4.538818393484689e-05,7.229669427033514e-05,0.009577007032930851,0.006772856693714857,0.0017206051852554083,0.007115259766578674,0.0024909793864935637,0.00035327242221683264,7.4332479016447905e-06,0.019133102148771286,3.992153506260365e-05,0.15246571600437164,1.7931030242834822e-06,0.015588548965752125,1.5030774193292018e-05,4.2701202573880437e-07,1.6254272168225725e-06,9,2
0.004969128407537937,8.468016687857016e-08,1.6354908893845277e-07,3.396686309997676e-08,0.002424732781946659,0.07507072389125824,2.7229094712311053e-07,7.410446301037155e-08,0.00010827428923221305,0.0009406014578416944,0.00029596296371892095,0.9131028056144714,3.6323642689239932e-06,0.003009732346981764,3.0471489935735008e-06,2.1245402876957087e-06,5.386999873735476e-06,3.3893054478539852e-06,1.9064261778112268e-06,5.890546717068901e-08,3.799443948082626e-05,1.935609716952058e-08,1.9899527615052648e-05,0,11
1.521894148481806e-07,1.1259804644225824e-08,1.7819822062392632e-08,2.4567312628676063e-09,8.676678220354006e-08,1.2423191719790339e-06,5.288440618755885e-08,3.04993534427922e-07,4.690565210546671e-12,1.2697699958152953e-07,3.0973101861064833e-10,1.347320810474173e-09,0.9967363476753235,7.46374906324121e-11,1.1280715250805429e-09,1.6017723813988027e-09,5.165247216609714e-07,1.3042129467066843e-05,3.354970488089748e-07,0.0031942378263920546,3.3615648931117903e-07,4.8826455895323306e-05,4.169926342001418e-06,12,12
0.961219847202301,3.6395324514160166e-06,3.0589446851081448e-06,9.024244036481832e-07,0.0016687955940142274,0.03288408741354942,4.636546509573236e-05,3.676018241094425e-05,7.278898556251079e-05,0.0028396672569215298,0.00040884321788325906,0.00014124622975941747,6.3725919972057454e-06,0.0004685857566073537,1.2079954103683122e-06,2.5271434424212202e-05,6.501962161564734e-06,3.4401577408971207e-07,2.5839932277449407e-05,2.1727954546690853e-08,2.090663656417746e-06,0.00010939370258711278,2.8268837922951207e-05,0,0
3.650074020811189e-08,5.506576883362868e-08,1.8276810465067683e-07,1.4642795864716618e-09,5.432824190521046e-10,1.93526557268342e-05,1.6864164231744638e-10,2.7176298988962344e-09,2.3796646431151203e-08,0.0003491242241580039,9.553590274435919e-08,1.7423069931243873e-10,1.99456208065385e-05,3.4339487342549546e-07,0.00018897962581831962,9.89108239757286e-10,2.2729268778221012e-07,1.6632759525236906e-06,0.9993834495544434,3.199855564162135e-05,4.445600097824354e-06,4.515734314258779e-11,7.440542759695745e-08,13,18
0.0017742407508194447,8.352541772183031e-05,0.0016939823981374502,0.00023681980383116752,0.002418955322355032,0.010979403741657734,0.0006120289908722043,1.3197685575505602e-06,4.2050014599226415e-06,0.009538657031953335,0.010132643394172192,0.00038218317786231637,0.1363237351179123,2.225711341452552e-06,2.9013303901592735e-06,7.378212558251107e-06,0.00033184359199367464,0.810421347618103,0.00020979010150767863,0.012826108373701572,2.561056135164108e-05,0.0012296629138290882,0.0007615232607349753,12,17
1.799679739633575e-05,2.178961040044669e-05,0.9994452595710754,8.606232881902542e-08,5.425872586783953e-07,9.915698910845094e-07,3.2815983104228508e-06,3.82644475394045e-06,6.976243184908526e-06,5.248374873190187e-05,2.906046120187966e-06,4.1245122702093795e-05,0.0001492678129579872,6.049056651136198e-07,9.011224477717406e-08,3.1322713311965344e-07,0.00011174344399478287,4.3077692680526525e-05,2.187042628065683e-05,1.3424778444459662e-05,2.3556254745926708e-05,3.806399763561785e-05,5.10024278810306e-07,2,2
0.003119408618658781,7.308356657631521e-07,0.010376067832112312,1.2759591299982276e-05,7.393996952487214e-07,2.9832385735062417e-06,3.1655343946113135e-07,3.5909374673792627e-06,0.0008542611612938344,0.0002454254135955125,1.03309030237142e-05,9.222470907843672e-06,0.007920647040009499,5.628941721624869e-07,2.754171779528747e-09,1.882290092680705e-07,7.473874575225636e-05,0.9721665978431702,9.318834486293781e-07,0.00485415942966938,0.0003154006553813815,2.543922619224759e-07,3.066459248657338e-05,2,17
4.3208212446188554e-05,6.507770322627948e-09,4.545706744352174e-08,3.584949892498912e-09,1.730249550746521e-06,0.9997791647911072,8.020002995046127e-10,6.248529160757244e-08,1.92390530173725e-06,1.931805400090525e-06,5.610475000139559e-06,1.1359391010046238e-06,1.3235826656909921e-08,0.00016436257283203304,3.746811749749668e-09,7.933166124018953e-09,5.999563068570524e-09,1.6981020678485947e-07,5.144833536974147e-08,2.987634806217443e-09,5.379632850299743e-10,1.9910517679022632e-09,4.2051840409840224e-07,5,5
5.416675776359625e-05,1.4217510397429578e-05,0.00025784503668546677,1.3004979315667242e-09,5.110541110298072e-07,4.799039288627682e-06,2.5428181515962933e-07,3.4964532460435294e-06,5.668228823196841e-06,7.62409035814926e-06,2.046533609245671e-06,3.2671503049641615e-06,0.001481506391428411,1.993904774622024e-08,1.3660325648423566e-10,4.561204391961837e-08,0.005491610150784254,0.9921302199363708,7.473141039326947e-08,0.0003736586950253695,4.814072235603817e-05,1.240152442960607e-07,0.00012067493662470952,12,17
0.00036587787326425314,7.701057143094658e-07,0.007170693948864937,1.6682529135891855e-08,5.278342359815724e-05,0.06654638051986694,0.00832673441618681,1.4301224382506916e-07,1.5374100257758982e-05,0.04897092655301094,0.007976762019097805,0.00024245664826594293,0.8596839904785156,0.00012107760267099366,2.5963086613955966e-07,1.9466031631054648e-07,1.8542210455052555e-05,2.267570744152181e-05,3.2620147976558656e-05,0.0003797928220592439,4.76215427624993e-05,1.1255223171247053e-06,2.3233977117342874e-05,0,12
0.0004928555572405457,0.009429706260561943,0.004370278213173151,0.00030976557172834873,4.6927729272283614e-05,0.0002559669956099242,0.14387862384319305,0.060420647263526917,0.000675467774271965,0.6507099270820618,0.0008292152197100222,0.004201565403491259,0.10681772977113724,3.8074264011811465e-05,6.000762482472055e-07,8.35324408399174e-06,6.523675983771682e-05,0.007449420168995857,7.336389535339549e-05,0.002732825931161642,0.004164104349911213,0.0010723599698394537,0.0019569983705878258,9,9
1.5577415979350917e-07,2.6274157960415323e-08,2.9148677640478127e-06,6.030626309438958e-07,1.8217071184878364e-09,1.588435054600268e-07,5.864838392710681e-09,6.134998642437495e-08,1.180479047846461e-10,3.048714825126808e-05,1.2391281778434404e-08,4.541204745578398e-08,0.9994064569473267,1.8298060289190232e-10,1.0980977904750944e-08,8.576300558615912e-09,3.843785023605051e-08,0.0001123857800848782,5.4997213737806305e-05,0.0003857834672089666,5.270186193229165e-06,1.1838280755682717e-07,4.145792900089873e-07,12,12
3.7814892550613877e-08,5.342379871819958e-10,5.774237266109594e-08,4.81083652914549e-08,1.6237905464677738e-09,1.3285521127670563e-08,9.797557903867826e-11,3.2394720239636854e-09,4.598789404841597e-11,1.3504934059938023e-08,4.791909230528191e-11,6.804311425412379e-08,0.995072066783905,1.40815983873388e-10,2.4014518373860483e-08,1.495885970648203e-09,3.9570466014993144e-07,9.399030386703089e-05,8.564453146675532e-09,0.00483310641720891,1.672140470532213e-08,1.58822288653937e-08,2.3806705939932726e-07,12,12
0.2197880744934082,7.812924741301686e-05,0.0002961134014185518,1.251536332347314e-07,1.0726345863076858e-05,0.04269830510020256,0.00024380921968258917,1.7073517710741726e-07,0.001506245112977922,0.006347221788018942,0.5768768787384033,0.0014953267527744174,0.14725787937641144,0.0003560996847227216,4.4341727511998386e-10,5.112014367369966e-09,0.00013185311399865896,0.002159460447728634,7.78472156071075e-07,0.00012407438771333545,0.0003504030464682728,0.00015250890282914042,0.00012576256995089352,5,10
7.862153239557301e-08,9.749053786478612e-10,1.5271917064296758e-08,1.0342925300943495e-11,6.228208615510766e-09,2.437444912573028e-08,8.911586490967238e-08,1.5314801510291076e-11,9.300752442514826e-13,4.887269824394025e-06,1.88139925860753e-09,9.708064352409451e-10,0.9992691874504089,1.6440102751369423e-11,4.1156347774240487e-10,2.2550517009278792e-11,5.393958417698741e-07,3.933729786353979e-08,3.6877068509966193e-07,0.0007248110487125814,1.9115784510859157e-08,6.4505347729948426e-09,1.7465811907868556e-08,12,12
9.94472884485731e-07,3.7116107964862977e-09,0.00018760040984489024,3.377064672349661e-08,3.707445330292103e-06,1.0000017937272787e-05,3.179124463681404e-10,1.9086293434611434e-08,7.939330970430092e-08,3.225837019726896e-08,2.4322460490111553e-08,4.161171673899844e-08,0.0033327226992696524,1.9377505822149033e-08,5.5969913148601336e-08,5.37983382287166e-08,2.122638761647977e-06,0.9962956309318542,2.551823854446411e-07,0.00016635112115181983,1.973495642459966e-07,2.6541273623337247e-09,5.833263827526025e-08,17,17
3.6241309953055634e-09,1.9494548336718154e-11,8.368520987289685e-09,1.159721318977347e-09,2.2204304173101264e-08,1.0827604590701867e-08,1.1464500876412487e-10,3.213661836642956e-10,1.6731260203250303e-13,4.2976775915803955e-08,4.8633159131783454e-12,1.3478911042863473e-10,0.9999775886535645,3.6385408574979294e-11,5.445915274293611e-09,4.1750620322078547e-11,1.5410958967287947e-11,2.7849482719943808e-08,6.24916154379207e-08,2.2256705051404424e-05,1.4818490878809598e-10,4.25575165385883e-11,1.7030046262078713e-09,12,12
0.00018818794342223555,0.20101676881313324,0.006245485041290522,0.006800221744924784,1.4165574384605861e-06,0.0005489981849677861,0.0011838879436254501,0.00041025408427231014,3.7754728055006126e-06,0.4842829704284668,0.00018725897825788707,0.00019189542217645794,0.02721954509615898,3.0244153094827197e-05,5.887629959033802e-05,2.6757295927382074e-05,0.025782771408557892,0.000757624686229974,0.20320464670658112,0.031956229358911514,0.0005664271302521229,6.459516589529812e-05,0.009271136485040188,9,9
1.648315264901612e-05,0.02929549105465412,0.00022077762696426362,7.579108540767265e-08,0.0001716945116641,0.00045109601342119277,2.2327729709559208e-07,0.0002499410475138575,2.6700374178290076e-07,5.040944961365312e-05,0.02464645355939865,4.184661008821422e-07,0.001471120398491621,1.4123729670245666e-06,0.00022612317115999758,0.004860840737819672,0.23304344713687897,1.9120863726129755e-05,0.467037171125412,0.0006591377896256745,0.017178740352392197,0.1498469114303589,0.07055260241031647,21,18
1.1662531505862717e-05,6.226865423286654e-08,1.523405757097862e-08,4.731331770813085e-09,1.4728303021627198e-09,2.9358998290263116e-05,2.195945126004517e-05,2.029441787954056e-07,9.792316859602579e-07,0.0005992914666421711,0.998607337474823,0.0007173452177084982,2.4792488062530538e-08,6.603233032365097e-06,3.775621204571422e-10,4.671082479035249e-06,6.101237570721452e-11,8.958736685826807e-08,1.9910524429178622e-07,1.0349273793508473e-07,6.3867737765122e-08,4.023964450539097e-08,5.110003531427765e-10,10,10
6.861850465611496e-08,2.8219298009446447e-09,1.0327435262524887e-07,3.508226154025351e-09,1.8674341240032533e-10,1.8446573435415559e-10,0.9999595880508423,5.0753659053270894e-08,2.140938121231173e-10,3.849095810437575e-05,1.7017475784086855e-06,9.025435954157501e-10,2.9430715642320138e-08,3.347908061890337e-11,2.3344483898041224e-12,9.712432247344083e-11,9.834569963951267e-11,2.8213824165845836e-08,1.7505809302154063e-11,9.545719770187588e-09,1.111832759193021e-08,1.4816068510947744e-11,7.348520403294145e-11,6,6
5.204543072068191e-07,1.3067417057754938e-05,3.4796282761817565e-06,1.135283672626386e-10,2.8511784933016315e-08,3.9163293763522233e-07,0.00021640189515892416,1.8450870697961363e-07,1.8428924875024677e-07,0.0007387581281363964,4.058921149407979e-06,7.005415909588919e-07,0.9759032726287842,1.2316978548199131e-09,9.90344695139811e-10,5.6892228705862635e-09,0.0011059708194807172,8.635145059088245e-05,7.1481135819340125e-06,0.0008009918383322656,0.0010917007457464933,3.760563416221885e-08,0.020026644691824913,12,12
0.0013619775418192148,1.373552640870912e-05,0.00013588409638032317,5.036438778915908e-06,0.0001454623998142779,0.003507232526317239,1.7435497284168378e-05,0.0005066249286755919,3.219049540348351e-05,4.7149213060038164e-05,3.653460953501053e-05,9.50549656408839e-06,0.03641802445054054,0.00024142272013705224,4.349719802121399e-07,4.173226989223622e-05,0.0025768179912120104,0.87824547290802,2.8963806471438147e-05,0.07445883750915527,0.0003215257020201534,4.86747085233219e-05,0.001799271791242063,17,17
0.004278560634702444,0.00025873372214846313,0.0051310863345861435,2.1980957171763293e-05,0.4634890556335449,0.5053960084915161,0.00024627719540148973,2.350744398427196e-05,0.0003161397762596607,0.0027813022024929523,0.003865891834720969,0.006051925010979176,0.0004405931103974581,0.0017700939206406474,8.439656812697649e-05,3.8133555335662095e-06,0.0005672841798514128,0.0005794213502667844,1.8128108422388323e-05,0.00010517485497985035,1.2179205441498198e-05,0.004486346151679754,7.221424311865121e-05,4,5
4.828026249015238e-06,2.191539181239932e-07,4.322209079532513e-08,8.716284360943405e-10,6.092679427638359e-07,1.206547381116252e-06,1.1361237284290837e-06,2.1194736632423883e-08,9.834004721653855e-10,2.0197464891680283e-06,2.975805500682327e-06,1.5117640472794847e-08,0.9765898585319519,5.356954879687237e-10,1.5243090123462366e-09,3.995093145192641e-09,3.71188639292086e-06,7.210221610876033e-06,2.221195927631925e-06,2.486530320311431e-06,0.00015589140821248293,6.110194021857751e-07,0.02322492189705372,12,12
3.644038315542275e-08,9.362801645096397e-10,5.799259383820754e-08,4.725696223228937e-11,1.7224836001972221e-09,6.55476961597401e-09,1.0379684308239878e-12,1.5535416009182512e-10,2.1181241482981505e-10,2.644720276112622e-10,4.982282675314309e-08,9.251457933068252e-11,2.0265056264179293e-06,3.1966616853562613e-12,4.2203707195653806e-10,4.544339071710368e-10,2.640795173647348e-07,0.9999866485595703,8.332794720899983e-08,1.052393145073438e-05,2.0316053905844456e-07,3.3845912184027327e-10,3.458748842888326e-09,17,17
0.00012354944192338735,2.784134949251893e-07,0.998897910118103,8.933287887202823e-08,1.9898427581210854e-06,1.0685588677006308e-05,1.38421384576759e-07,2.0133279576839413e-07,5.803199769616185e-07,0.0009209709824062884,2.8762190140696475e-07,9.515173360341578e-07,4.118393007956911e-06,1.4451466995524243e-05,9.255370514438255e-08,4.5339470489125233e-07,2.5243652999051847e-06,1.6650137695251033e-05,2.4409910110989586e-06,1.8606225467010518e-06,2.2517033571034517e-08,8.967169229379124e-09,5.773443234602382e-08,2,2
1.1366378771526797e-07,4.630383045878261e-05,1.0643071846061503e-06,0.00031774406670592725,1.1877450412089985e-10,3.983958762887596e-08,6.854737648609444e-07,0.00021576994913630188,1.6151655017893063e-06,1.019445790007012e-06,6.954350101295859e-05,5.685124371268557e-09,2.297798801009776e-06,1.7154032150301646e-07,8.267490159141744e-08,4.414833369992266e-07,4.115212959732162e-06,2.2341165362149695e-08,6.735882197972387e-05,3.697820602610591e-06,0.003038849215954542,0.9962246417999268,4.3437339627416804e-06,21,21
0.00709539232775569,2.0134614260314265e-06,0.009874424897134304,3.476327492535347e-07,0.34434282779693604,0.6206730008125305,3.058859147131443e-05,1.5258267467288533e-06,5.676110595231876e-05,0.0018660274799913168,5.751870776293799e-05,0.004149196203798056,6.248099816730246e-05,0.011532089672982693,1.0147480224986793e-06,7.36194067485485e-07,2.266500132463989e-06,0.00018078458379022777,1.903897782540298e-06,2.9060407541692257e-05,9.972753105103038e-06,2.9681852538487874e-05,3.6365230471346877e-07,17,5
1.3836245216225507e-06,1.4859131624689326e-05,4.1514397253195057e-07,9.382862481288612e-05,1.707857189003903e-10,4.7177181841107085e-06,0.9362796545028687,0.0001496875484008342,1.6367482658097288e-06,0.0591590590775013,0.003396211424842477,3.873887237659801e-07,0.00028285328880883753,2.112917396601688e-09,1.6720609341547288e-09,6.335062696649629e-09,4.775484896413218e-09,5.869481256581821e-08,7.322322517211433e-07,1.1549666851351503e-05,0.0005350149585865438,6.634715828113258e-05,1.5916309621388791e-06,6,6
6.940188086446142e-07,1.8298059103472042e-06,1.8472596252649964e-07,7.10715539753437e-05,9.863537764331909e-10,3.039916975922097e-07,0.00026667024940252304,0.00044616975355893373,1.7230294702130777e-07,0.08067420870065689,0.91834956407547,8.490363079260987e-09,7.433843711623922e-05,2.442420571346915e-11,1.1614865513820405e-07,1.9993734667878016e-08,6.743347213955531e-09,2.9370871956757583e-08,1.5959645338625705e-07,8.390895527554676e-05,2.5967741748900153e-05,2.8116380690335063e-07,4.304843059799168e-06,9,10
4.146519131609239e-06,0.00026024412363767624,3.0545020308636595e-06,6.672691732489966e-09,4.425313804290454e-08,0.0003879146242979914,2.0769739705883694e-07,8.487972991133574e-06,0.0011544072767719626,1.116286057367688e-05,0.6590766906738281,9.048123388311069e-07,0.007604874670505524,6.029079901992418e-09,1.6928334289900704e-08,2.5514492563161184e-07,0.0012647525873035192,0.0019906044472008944,1.2558308299048804e-05,0.0006053523393347859,0.3232027292251587,0.0033751705195754766,0.0010365077760070562,21,10
8.060872460191604e-06,2.9005526869241294e-08,1.3035227652835601e-07,1.2422073268680833e-05,3.5497444983434434e-09,0.0005748103139922023,2.731433369262959e-06,9.422282346349675e-06,0.9782261252403259,0.019586214795708656,0.0013862887863069773,6.508225851575844e-06,5.241614871920319e-06,2.3639364371774718e-05,5.5979722191068504e-08,2.799672438413836e-05,6.007855546386054e-08,5.696996936421783e-07,4.155194801569451e-06,1.7438047734685824e-06,0.00011519374675117433,5.360803356779797e-07,8.081701707851607e-06,8,8
0.00041523922118358314,9.397504618391395e-05,2.7801006581285037e-06,4.576188075589016e-05,0.20648300647735596,0.7627705335617065,1.345761393167777e-05,1.426750714017544e-06,0.003883275669068098,0.0060140532441437244,0.0186627134680748,0.000271372206043452,3.1485382351092994e-05,4.1925275581888855e-05,2.2697198801324703e-05,9.68707972788252e-05,5.194357527216198e-06,0.00030518995481543243,3.103756534983404e-05,5.731494820793159e-05,9.945067176886369e-06,0.00046680858940817416,0.0002739375922828913,5,5
7.5429738899401855e-06,3.415099399717292e-06,4.541626185528003e-05,2.0283562207623618e-06,1.349241927073308e-07,2.5026704406627687e-06,1.0919868145720102e-05,6.985746949794702e-07,1.7771572657920842e-08,0.0012915421975776553,2.256046400361811e-06,2.120363205904141e-05,0.9187997579574585,2.074075355906757e-09,6.174902256184112e-11,1.260380599887867e-08,0.00015477051783818752,0.04637109115719795,4.382043528039503e-08,0.02883438766002655,1.2190419511171058e-05,3.3099377105827443e-07,0.0044398377649486065,17,12
0.08911079913377762,4.6621644287370145e-06,0.002963343635201454,7.430558616761118e-05,0.032499779015779495,0.21898797154426575,0.0005097491666674614,5.002745638194028e-06,0.00035152302007190883,0.01024471502751112,0.0006926137721166015,0.0010859190952032804,0.00017158508126158267,0.6429632306098938,8.920352456698311e-07,2.7253697680862388e-06,0.00013579879305325449,4.881195491179824e-05,5.655286440742202e-05,1.6708070688764565e-05,3.2179857953451574e-05,2.557967309257947e-05,1.548037471366115e-05,5,13
0.01083874050527811,1.1211025594093371e-05,0.0001284740719711408,6.024066010468232e-07,0.000957334937993437,3.928797013941221e-05,7.058291521389037e-05,0.0002875261998269707,0.0014774336013942957,0.004721963312476873,0.010556133463978767,9.612151188775897e-06,8.304265793412924e-05,6.283596576395212e-07,0.0293374415487051,0.9412695169448853,6.067084996175254e-06,3.3059564884752035e-05,3.219349673599936e-05,7.397227363981074e-06,5.291515844874084e-05,3.096414002357051e-05,4.788799924426712e-05,0,15
3.807909196296144e-11,3.169814632997259e-08,1.1323602677748568e-07,2.8493893355907574e-10,6.417019693394366e-11,7.55346826752934e-12,2.6973194167112524e-07,5.134430641068333e-12,3.2353677029139938e-12,8.970935994057072e-09,1.5859617619184974e-08,1.1814710321189636e-10,0.00020840497745666653,1.8511441565813996e-13,1.028475698702791e-12,4.095784128521629e-11,2.5785200705286115e-05,5.3264784583006985e-06,4.200827619788017e-12,0.9997426867485046,1.7341617422061972e-05,2.0494844932272827e-08,4.712121892680443e-08,19,19
1.8491491671213112e-10,8.47031386003172e-12,5.476912701141146e-09,1.086117220466809e-11,1.1464284382922685e-12,2.4709425044261435e-12,6.237936389652532e-09,3.037155593688112e-08,1.2967950624442892e-06,2.761366886261385e-06,0.0002964577288366854,1.2877122979038091e-10,5.205212927350544e-10,7.659346247523846e-15,9.43373720474483e-07,0.9996985197067261,1.5128433987314505e-13,1.9328860734191267e-10,1.8186422368060562e-09,2.016062206067204e-09,8.077907232006964e-10,4.6612123882905365e-12,1.7810538821549926e-08,15,15
1.4879091168040759e-06,1.743954635458067e-05,0.9996832609176636,8.829140085708787e-09,1.1982514536157396e-07,4.7215607423822803e-07,3.7448294278874528e-06,2.0596100966940867e-06,1.97462313167307e-08,0.00016406603390350938,3.3612563129281625e-05,9.470045370107982e-07,8.853729377733544e-05,1.3528685371966276e-07,3.4126674819390246e-09,4.3916095648910414e-08,1.4783103097215644e-07,2.2043495846446604e-06,3.118938352031364e-08,1.2936034181620926e-06,6.808166119753878e-08,7.242211808033971e-08,1.3160268963474664e-07,2,2
3.3165562740578025e-07,0.00013108007260598242,1.282240373257082e-05,0.14274153113365173,1.3688163562619593e-06,0.00011117132817162201,2.889210691137123e-06,0.010770329274237156,0.00017401494551450014,0.00035412790020927787,0.0003282724355813116,9.756089980328397e-08,0.0025329000782221556,1.383081809080977e-07,1.7817939806263894e-05,3.425433533266187e-05,0.0002500401169527322,0.0003065610071644187,0.0008940717671066523,0.22930651903152466,9.01515522855334e-05,2.37572403420927e-05,0.6119158267974854,3,22
0.003461498534306884,2.6280640668119304e-06,2.3804828742868267e-05,2.4932842279667966e-06,2.2793799871578813e-05,0.0757037028670311,6.456374421759392e-07,1.525871721241856e-05,0.9010697603225708,2.266214505652897e-05,0.00024465876049362123,0.012399567291140556,1.7615102478885092e-06,0.006898907944560051,5.951623620603641e-07,3.81276840926148e-05,6.597680339837098e-07,1.0726822438300587e-05,1.6057295937343952e-08,3.815898253378691e-06,1.529276914880029e-06,4.245693708071485e-05,3.2017564080888405e-05,11,8
1.0694238827824165e-09,4.1641540909909125e-11,2.6942384434569533e-10,1.308200547889271e-09,1.3831271468856682e-13,1.8271400392677606e-08,1.366441820804809e-10,5.53826851046324e-09,0.9995245933532715,2.984673130868032e-07,0.0004745441547129303,1.0396343341767533e-08,5.827421878379369e-11,2.1682307504988785e-08,5.216640452943011e-10,4.75698385571377e-07,3.47986179802251e-13,3.4401911874759605e-10,1.231824087177813e-10,2.0497467612123899e-10,2.7500106636324517e-09,1.7109264005554792e-10,1.9100505621594266e-09,8,8
0.005875533912330866,0.0019929204136133194,8.400612568948418e-05,0.0003761076950468123,0.0039321547374129295,0.1565040946006775,0.0001673017832217738,0.005915060639381409,0.1951574683189392,0.008416719734668732,0.06372586637735367,0.0005609813961200416,0.0003250490699429065,0.0020740630570799112,0.3288309872150421,0.19370704889297485,0.0015684431418776512,0.00046008016215637326,0.000354411342414096,0.00017382123041898012,0.0019126208499073982,0.001410001772455871,0.02647530660033226,14,14
0.969882071018219,4.036756308778422e-06,5.719940963899717e-05,3.665939516395156e-07,0.02041260153055191,0.002210114384070039,0.0009712356841191649,3.707483483594842e-05,6.57121381664183e-06,0.004459500312805176,8.949727998697199e-06,6.0796664911322296e-05,0.0006182481301948428,0.0007504111272282898,1.5206319403660018e-06,3.512708190100966e-06,5.720323315472342e-05,7.330858352361247e-06,0.0003793165960814804,1.1493558531583403e-06,1.4046062460693065e-05,2.2021591576049104e-05,3.477919744909741e-05,0,0
0.00027105174376629293,1.8937687684683624e-07,7.053458102745935e-05,0.001144027104601264,0.00013167268480174243,0.0022027548402547836,0.0004206945013720542,5.399833185038005e-07,5.958153269602917e-05,0.028452193364501,0.0001760950544849038,4.5266417146194726e-05,0.933034360408783,1.580968955749995e-06,8.781904625720927e-07,2.3228578527323407e-07,0.00026476476341485977,1.2156109733041376e-05,0.00021122864563949406,0.00021649982954841107,0.03323528915643692,3.0743096431251615e-05,1.757773497956805e-05,18,12
6.205472118381294e-07,3.019140137894283e-08,1.8562168691005354e-07,2.2689735033054603e-06,1.7215006664628163e-07,5.888921918995038e-07,1.4373925694144418e-07,3.06103515868017e-07,8.675581780748232e-11,2.6388138394395355e-06,5.521003654251899e-09,1.0018438700853949e-07,0.9994426369667053,3.6176530215925595e-07,2.263046781081357e-07,1.7957617615138588e-08,3.864153040922247e-05,5.55878159502754e-06,2.908471469709184e-05,0.0004644516156986356,6.882102638883225e-07,6.178273679324775e-07,1.0761704288597684e-05,12,12
0.04947775602340698,4.834430001210421e-06,0.00019231557962484658,4.248889581504045e-06,0.7929093241691589,0.07743838429450989,3.4422635053488193e-06,3.206496103302925e-06,0.00013609867892228067,0.0025125511456280947,0.010015214793384075,0.05152588710188866,0.0003891158849000931,5.265683648758568e-05,0.00024931406369432807,0.0024538387078791857,1.957043423317373e-06,0.01198152732104063,0.00017852763994596899,3.308077793917619e-05,5.925685400143266e-06,2.700665845623007e-06,0.0004280497378204018,4,4
0.05515892803668976,4.826944405067479e-06,7.067201659083366e-05,0.0005799964419566095,0.0004175329231657088,0.06661710888147354,2.6703824573814927e-07,0.00029541109688580036,0.25231945514678955,0.0001491143775638193,0.0010185042629018426,0.48332399129867554,1.8999793610419147e-05,0.0446004755795002,0.00413006916642189,0.08998339623212814,5.4919244576012716e-05,6.77854404784739e-05,0.00041427873657085,1.5439271010109223e-05,3.3001597330439836e-05,5.8247755077900365e-05,0.0006676654447801411,11,11
9.486266216995887e-10,0.9999970197677612,2.566339844634058e-06,9.597771188918358e-11,2.0167340020194047e-12,7.451386174750496e-09,8.263237205596852e-09,1.4683463334108637e-08,9.150889074271973e-11,2.1862642540781962e-07,2.0915212617378387e-10,4.895553363734595e-13,7.485916775351598e-09,5.211041820274431e-09,1.731141271998915e-12,7.1308080967780185e-12,1.8720556216322848e-09,4.13702627710677e-09,1.2291440043554758e-07,7.239163046790509e-09,4.150903509803072e-10,6.850948253145361e-09,4.6209822635034925e-09,1,1
0.00037554241134785116,2.0334152850409737e-06,0.004136551171541214,1.837141780924867e-07,0.003633396467193961,0.0005122019210830331,1.3953697362012463e-06,5.847836632710823e-07,7.510535851906752e-06,7.039777847239748e-05,6.563331680808915e-06,5.295691153150983e-05,0.19749796390533447,7.114447726053186e-06,1.8462556283793674e-07,2.405174882369465e-06,0.0002465838042553514,0.7884810566902161,4.527184671587747e-08,0.004678737837821245,0.00014536766684614122,1.1413775524715675e-07,0.00014107036986388266,17,17
8.102481530158911e-08,6.235022738110274e-05,5.164809863344999e-06,8.78492926403851e-07,4.1642484575277194e-05,1.0596369293125463e-07,3.5453474538371665e-06,1.528165682884719e-08,8.118983707561256e-09,1.257308923641176e-07,6.440226485437961e-08,1.8085073349993763e-07,3.5295812267577276e-05,4.865013920607453e-07,3.5209726689799936e-08,2.3472189241147134e-06,0.00017121975542977452,0.0003927841316908598,6.658264624093135e-07,0.9992715716362,4.79484697279986e-06,3.829331490123877e-06,2.8002441467833705e-06,19,19
1.6631175867587444e-06,0.00027010953635908663,0.008332962170243263,7.999936315172818e-06,2.8790814177170887e-10,2.9415063718118972e-09,0.005833745934069157,9.537970072415192e-06,2.0343816231616074e-06,0.9678813219070435,0.015359388664364815,3.240091643874621e-07,0.00014717596059199423,6.729631962798521e-09,1.572338259592243e-09,4.8420922382774734e-08,1.8633307263371535e-05,1.7068556417143554e-06,4.309817995817866e-06,0.00015053528477437794,0.0007344750920310616,9.137246479440364e-07,0.0012431188952177763,9,9
5.163311911360324e-08,9.302500814101222e-08,8.551692332048333e-08,3.4789295000337006e-08,6.774402705467253e-10,6.981408660067245e-07,4.000288299721433e-06,0.99981290102005,1.7454671308314573e-07,4.849252491112566e-06,3.4776676329784095e-05,1.847930874987469e-08,2.7545556804398075e-05,2.1501401548107424e-08,1.7083909842341427e-09,4.565791869026725e-07,6.954456353014393e-07,5.224008532422886e-07,2.590961889481491e-09,9.819100523600355e-05,6.427384050766705e-06,5.6332410736104066e-08,8.450030691165011e-06,7,7
4.412917675722383e-08,3.1951161716392562e-09,2.0162583496130537e-06,4.372579798239684e-10,5.8990407003634e-10,1.3170129431472333e-09,2.3228763357252546e-09,6.758070492107748e-11,2.978076119042328e-11,5.4302702778841194e-08,2.758531403301845e-09,6.619809145291811e-09,0.9982631802558899,1.9850969826262777e-12,1.723801656972057e-11,1.2021710016352216e-11,2.631263100738579e-07,0.0006485815392807126,6.166258170736683e-09,0.001074683154001832,9.819014849199448e-06,1.0929490201760927e-08,1.3314229363459162e-06,12,12
0.00019920369959436357,2.871336073440034e-05,0.00039672511047683656,1.4340991583594587e-05,5.230779788689688e-05,0.0011917053489014506,6.448536169045838e-06,5.267470442049671e-06,1.130593041409611e-08,0.0002829922013916075,6.0697206208715215e-05,8.804840945231263e-07,0.2885878384113312,2.7078024231741438e-06,0.0007190652540884912,8.332909783348441e-05,0.0001906508405227214,0.2502857744693756,0.0018521668389439583,0.4559166431427002,3.347456004121341e-05,8.770122076384723e-05,1.386364260724804e-06,12,19
1.511893788119778e-05,0.000915659824386239,0.006366677116602659,8.164538485289086e-06,1.4612351151299663e-06,3.6419685329747153e-06,0.0004149235610384494,5.316935130394995e-05,4.471642967018852e-08,0.00017751756240613759,0.00016074522864073515,1.0491850161997718e-06,0.6106486916542053,1.4370450571732363e-06,1.5012179801487946e-06,4.271694820090488e-07,0.0007187583250924945,0.07886196672916412,7.428967364830896e-05,0.30129244923591614,4.017780156573281e-05,0.00023029115982353687,1.1929490028705914e-05,7,12
8.77267680721161e-09,1.9497962355785603e-08,2.675365067261737e-07,3.8768337873307246e-08,4.6074364945525303e-05,4.675828080280553e-08,2.452176905975989e-09,2.280331617976472e-10,7.950885505536576e-10,7.009759883658262e-09,2.6032784816720778e-09,1.2312137869230355e-06,2.1020481653977185e-05,3.7912459838196355e-09,2.8823346487349966e-10,1.5049596413518884e-06,1.0636230172167416e-06,0.02186610922217369,8.217116986841688e-10,0.9780622124671936,4.033636571421084e-07,7.250035238826058e-09,1.0265609473592008e-09,19,19
2.1740409295034624e-07,0.00010274758096784353,0.00011320140038151294,3.960425658533495e-07,3.7646522010881256e-10,1.9650725491260346e-08,0.0013810088858008385,0.00016112287994474173,2.1708451640733983e-06,0.04873590171337128,0.0008720036130398512,8.253838132077362e-06,0.5716856122016907,1.1086688234129838e-09,1.1472359346953453e-06,6.564080479165568e-08,0.0012572597479447722,2.3869473807280883e-05,0.00013920252968091518,0.009607279673218727,0.0049368650652468204,5.072660087535041e-07,0.3609711527824402,9,12
0.06531090289354324,7.41088115319144e-06,0.0002613150863908231,7.783884211676195e-05,0.00015878412523306906,0.013572528026998043,0.002180794021114707,0.017143411561846733,0.0018019197741523385,0.8703084588050842,0.009305599145591259,0.005939228925853968,0.00012386763410177082,0.01114020124077797,0.00028957758331671357,0.001202153624035418,4.0967523091239855e-05,1.3660158401762601e-05,7.175817881943658e-05,2.760037205007393e-06,0.0009942821925505996,2.617926111270208e-05,2.6321506084059365e-05,9,9
2.4138003936968744e-05,0.00016259105177596211,7.66447828937089e-06,3.5545491527955164e-07,6.163357824107152e-08,5.999402787892905e-07,1.1261086001468357e-06,2.0857877203184216e-08,4.8842924371683694e-08,0.002678589429706335,5.1021997933276e-05,7.577590110940946e-08,0.9005098938941956,1.1337305538816622e-09,7.094972716004122e-07,7.898221952018503e-07,0.00011013091716449708,0.002965862862765789,0.001136826234869659,0.09163706749677658,4.676133903558366e-05,3.0975561458035372e-06,0.0006623900262638927,12,12
5.851488182884168e-09,8.15010025689844e-07,8.304436249773062e-09,6.521907458534315e-09,4.951426291199823e-08,5.747193654315197e-07,4.298148059689311e-09,1.7371322158510338e-09,4.358526595193979e-10,0.00023620619322173297,0.9921269416809082,9.939980394335635e-09,1.3740295798925217e-06,1.6712968509136061e-10,0.00028906576335430145,2.23803745029727e-05,1.9197418765770635e-08,8.826644415371732e-10,0.007319870870560408,1.7726237047099858e-06,1.4473266141123986e-08,1.6512350597963632e-08,8.987152568806778e-07,10,10
3.37614183081314e-05,1.1931572771572974e-05,0.00035128140007145703,6.148890840940169e-10,0.0022366433404386044,8.571643775212578e-06,1.756500751071144e-05,5.6099388530128635e-06,5.2586884180527704e-08,8.427637112617958e-06,9.931443855748512e-06,2.829589448083425e-06,0.9353190660476685,2.382243167176057e-07,1.9739612611147095e-08,3.380104317329824e-05,0.02391071245074272,0.027044543996453285,4.203090782084473e-07,0.009608890861272812,0.0007820742321200669,6.754521564289462e-07,0.0006130427354946733,12,12
0.00020920539100188762,1.0815752737869389e-09,1.78214952484268e-06,2.625691877256031e-07,3.179129919317347e-07,0.001670587807893753,0.0005300794146023691,1.2727670082313125e-06,2.34691960940836e-05,0.7653886675834656,0.0002529828925617039,0.2319096177816391,6.543628842337057e-06,2.135840077244211e-06,1.1777580688487888e-08,1.4620671606735414e-07,2.2443205072164574e-09,4.222126790409675e-07,1.83216130267283e-07,2.750519279004493e-08,5.525974700049119e-08,5.729223206962786e-10,2.155101810785709e-06,9,9
0.09349320828914642,0.0003127995878458023,0.1219770684838295,0.004076757002621889,0.050926417112350464,0.006253382656723261,0.0005838546203449368,0.0002643118205014616,0.032088715583086014,0.003499711863696575,0.455980122089386,0.1305912584066391,0.013408606871962547,0.00926338229328394,0.0027904741000384092,0.00873417779803276,0.0005790083669126034,0.00048311843420378864,3.418720734771341e-05,0.0009538271115161479,0.0013597240904346108,0.06091700494289398,0.0014289005193859339,11,10
4.980626133743726e-09,5.592862839520762e-10,1.619589906631802e-09,1.5758992333303468e-08,2.8007076480207616e-07,1.4382255386635734e-09,2.2751147753935497e-12,1.5098720884676453e-12,6.910469917652262e-13,8.322587619069566e-10,1.4929614211567355e-09,7.29986904257629e-10,9.825615961744916e-06,3.2779421538231546e-11,3.111138777156519e-11,4.0595707351265276e-11,3.3587502912268974e-07,0.999832034111023,2.724653613839223e-09,0.00015740202798042446,1.1569815328016375e-08,8.02418374801217e-12,1.2004727212300281e-09,17,17
5.948914804321248e-06,0.000952616916038096,0.00020951536134816706,1.2045880737332482e-07,1.195833387868106e-08,1.4137370385469694e-07,1.1008317414962221e-05,4.468622864806093e-05,1.8258399236970035e-08,2.308944567630533e-05,6.568707613041624e-05,3.003938875423273e-09,0.90013188123703,1.473855898437293e-10,9.624896435411756e-09,7.673538249264311e-08,0.0002742212964221835,0.023293154314160347,1.3856844816473313e-05,0.038476746529340744,0.0040421015582978725,1.063644504029071e-05,0.03244451433420181,12,12
0.9983686804771423,1.8455310737408581e-06,4.67550513860715e-08,4.784252549683288e-09,2.704696555611008e-07,1.0012780876422767e-05,6.656836859519899e-09,8.011978138711129e-07,0.0012344301212579012,3.1065694656717824e-06,3.425144612378972e-08,0.00011453405750216916,8.358180139111937e-07,2.788082838378614e-06,1.2334696819493729e-08,1.2291425264265854e-06,2.1454674481447e-07,3.322201109767775e-07,1.1396242371120024e-05,5.211537157379098e-08,0.00023483320546802133,1.0716616998251993e-05,3.9457404454879e-06,0,0
8.125252293211815e-07,4.867647951378729e-10,2.4919008865254e-06,0.00016611532191745937,4.5185686303739203e-07,3.8995558497845195e-06,9.868370398180559e-05,1.6885551303857937e-06,5.65921283168791e-08,0.9958421587944031,1.6060890573044162e-07,2.5821134386205813e-06,0.003094716463238001,9.949614110382754e-08,1.86591844197892e-08,8.424715360888513e-07,1.96852223410815e-08,5.404736839409452e-06,3.103478093180456e-06,0.0007764595211483538,6.195981683276841e-08,1.4767007061600168e-10,1.9633935721685702e-07,9,9
0.0002985543687827885,4.013681120795809e-08,0.9990959167480469,1.8131633083839915e-08,0.00014291801198851317,5.777345722890459e-05,3.32934575908439e-07,2.3304625784703603e-08,2.3081265680957586e-05,0.00033500787685625255,3.107526538315142e-07,6.273196049733087e-06,9.774784075489151e-07,2.3337621314567514e-05,6.959449905252768e-09,1.5371865558222453e-08,4.82019913761178e-06,5.624731329589849e-06,4.084768534085015e-06,1.2386133008135403e-08,6.121933893155074e-07,3.0253329441620735e-07,7.17293380247952e-09,0,2
0.0020080653484910727,4.116254785913043e-06,2.589006908237934e-05,0.0008351285941898823,0.12192327529191971,0.5295166373252869,0.0010245508747175336,0.0005485268193297088,3.620824281824753e-05,0.24855467677116394,0.0012738022487610579,0.004124518483877182,0.0008364106179215014,0.08780715614557266,7.269433262990788e-05,0.0001188714595627971,7.082947831804631e-06,0.00014542826102115214,0.0009565892978571355,5.020697062718682e-05,1.148390492744511e-05,3.895693680533441e-06,0.00011478972737677395,13,5
8.16708507045405e-06,0.030556242913007736,0.00010015683074016124,1.3216862271292484e-07,4.363699190435e-06,3.119362645520596e-06,0.01862729899585247,0.0024997624568641186,0.00010589672456262633,0.008342074230313301,0.0025895372964441776,3.821461723418906e-05,0.004126673564314842,2.2881968675392272e-07,1.6457727625152074e-08,0.01014323066920042,4.1459865315118805e-05,0.033944759517908096,3.331299922137987e-06,0.8842908143997192,0.00432495167478919,4.8120273277163506e-06,0.0002447341976221651,19,19
2.1721792364814974e-08,1.7984530131798238e-05,1.2510618319083733e-07,3.802966386245998e-09,1.1533188626344781e-08,4.234592676510829e-09,6.147662497824058e-05,1.2413584826731494e-08,3.3341940319786545e-10,8.089215407380834e-05,8.109115697152447e-06,6.741728952874837e-08,0.01607663743197918,3.1972111069755726e-10,1.0888071694248325e-10,8.082994895630691e-08,1.8472162537364056e-06,1.173475766336196e-06,3.12526935886126e-06,0.9836903214454651,3.212891670045792e-06,1.0257605254082591e-06,5.373845488065854e-05,19,19
2.777544614218641e-05,6.250634498883301e-08,0.9551623463630676,1.1500421059906785e-08,1.1024123523384333e-05,3.962878963648109e-06,0.00020257553842384368,4.827044319810625e-10,3.0076039436721658e-09,0.0024641770869493484,1.0253904747514753e-06,1.3016649972996674e-05,0.04184652864933014,1.3469611204186549e-08,2.830971013167982e-09,1.873017740905425e-09,2.1848059077456128e-06,2.948300107163959e-06,0.0002146233309758827,4.3913143599638715e-05,3.0171809157764073e-06,1.959984103905299e-07,5.181412348065351e-07,2,2
5.034531227465777e-07,1.9746810409060345e-08,1.8973803889821284e-05,3.24908389082168e-09,1.7937219354280387e-06,1.9182864434696967e-06,8.709245236104834e-08,9.053112535184482e-07,1.3350855976312914e-09,8.292966526823875e-07,2.8911513183516035e-09,9.02526409163329e-08,0.9984472393989563,6.3180598530721e-09,1.278041938945762e-08,3.82514508956433e-09,1.860795180164132e-07,2.8718579414999112e-05,5.013354211769183e-07,0.0014956746017560363,5.393686137722398e-07,1.7495896997843374e-07,1.6946183905020007e-06,12,12
2.3312393295782385e-06,8.80000734468922e-05,0.00018179915787186474,0.00010291174839949235,9.837556262937142e-07,0.0005963492440059781,4.7384819481521845e-05,0.0007456712191924453,5.002523728592223e-09,0.00024390508770011365,4.4185007936903276e-06,1.1570516766923333e-09,0.9957935810089111,5.2362967295493945e-08,4.843154783884529e-07,2.0223874130920194e-08,2.7095964583168097e-07,1.0555088920227718e-05,0.0008484206045977771,9.306544961873442e-05,4.6122084313537925e-05,0.00011231983080506325,0.0010812411783263087,18,12
2.4083754396997392e-05,2.298591761373814e-09,1.1517085896084467e-10,1.1083185064153511e-10,1.2947723448952786e-10,2.252734105923082e-07,1.544126781993782e-08,1.3412855548455838e-10,2.816965105623126e-09,1.0321389254386304e-06,0.9998599290847778,8.935817845667771e-07,3.609730583775672e-06,4.711663281753431e-10,1.0552527818577517e-12,2.3885882161067684e-10,2.7018321607785722e-11,0.00011009067384293303,4.922436680487863e-09,4.535730013799366e-09,4.7545221093514556e-08,1.7602472257571833e-10,3.5125314212791636e-08,10,10
9.393290589798653e-09,2.2610417704793662e-10,6.439032085303609e-10,4.669691855418989e-10,3.210221585087103e-12,8.050572120055222e-08,1.5292371535746696e-11,4.563313282801573e-09,0.9999985694885254,8.594780886994613e-09,1.267124162041e-06,5.385025758641859e-09,6.662565499304662e-10,5.2705683373233114e-08,3.2226540880309074e-10,8.19799161888568e-09,3.951676225827372e-12,1.4714710561136712e-09,1.2247899916495442e-10,6.018827103382307e-10,2.101748108884749e-08,3.599297082601538e-09,1.7899050019920537e-09,8,8
0.0003858596901409328,1.357742149821206e-07,0.047800395637750626,7.469947718163894e-07,0.0009402506984770298,0.00012108594819437712,1.6691630662535317e-05,1.0739837307482958e-05,4.253216445704311e-09,0.00828689243644476,1.064146175622227e-07,2.772449931853771e-07,0.9365100264549255,0.00021950395603198558,1.739268918754533e-05,5.63008439868895e-09,0.00010845610086107627,0.0006350958137772977,0.004783594515174627,0.0001554390328237787,6.991418558754958e-06,4.490820870728385e-08,3.415287892494234e-07,12,12
4.240574980940437e-06,1.9599225709043822e-07,0.9943490624427795,4.400656550274107e-08,1.5912167417031498e-10,2.604722249088809e-05,6.400964025488065e-08,3.435499218440441e-09,7.690832148909976e-08,0.0045760273933410645,0.00010956943879136816,1.2612590971627924e-08,5.610709558823146e-05,1.3448304692076363e-08,3.776946637390477e-12,6.03293387468895e-11,8.219059211000967e-09,0.000862305227201432,2.503624330074672e-08,1.6276107999146916e-05,6.89928913999438e-09,3.539991355605565e-10,3.5593974434533493e-09,2,2
1.5767584500281373e-06,7.985423508216627e-06,0.0068084439262747765,6.893311876865482e-08,2.0004333123324614e-07,6.471833785326453e-06,2.920894985436462e-06,5.845802661497146e-05,4.246220726145111e-07,0.0041196937672793865,1.3516080798581243e-05,3.372855985617207e-07,0.006604878697544336,7.915078015230392e-08,3.420845189339161e-07,3.394055738681345e-07,0.032309047877788544,0.0003375429078005254,0.0004655527591239661,0.0001982434041565284,0.9490503668785095,8.960242894318071e-07,1.2611968486453407e-05,16,20
0.9978013634681702,6.438400532715605e-07,8.23848012032613e-08,3.019511609636538e-07,1.4663356751043466e-06,1.3680721167474985e-05,2.39280393543595e-06,1.6571434571233112e-06,0.00016197319200728089,0.00010105869296239689,1.3914705050410703e-06,3.17886151606217e-05,5.576324735301341e-09,4.733640162157826e-05,2.4720556268675864e-08,4.901021020486951e-05,1.4044693443793221e-06,3.1293774238605465e-09,1.2131415587646188e-06,9.70390434673618e-10,0.0016880633775144815,9.491258970228955e-05,2.3274383309512814e-08,0,0
8.150756184477359e-05,1.1696253210402574e-07,1.980743320473266e-07,9.436427461650965e-08,0.00011943566642003134,0.0034597087651491165,5.019696800445672e-07,2.9241985544103954e-07,0.0005238704616203904,0.00011550683120731264,1.304688339587301e-05,0.0034348531626164913,6.040819400254804e-09,0.992250382900238,1.0208772494024743e-08,6.501135629832788e-08,1.0209902256974601e-08,4.240368500774139e-09,1.652117909145545e-08,4.0353747010613006e-09,1.224197205829114e-07,2.1369284297634294e-07,5.311081796577355e-09,13,13
0.0019065584056079388,2.661150756466668e-05,0.0005995506071485579,0.0001723272434901446,0.00011505511065479368,0.042251378297805786,0.0012764580314978957,0.00017927300359588116,0.0029633964877575636,0.360469788312912,0.009418374858796597,0.2034359872341156,0.3232826292514801,0.015380811877548695,0.00021933358220849186,4.504898697632598e-06,0.001988883363083005,0.012442808598279953,0.00017261590983252972,0.0004922038060612977,0.0009432695806026459,1.33465673570754e-05,0.022244812920689583,9,9
0.18967990577220917,0.00038049620343372226,0.5642152428627014,8.786702032637095e-09,0.0021809504833072424,0.0055534206330776215,7.722203008597717e-05,7.796597145670603e-08,7.251786155393347e-05,0.23315700888633728,2.9272173378558364e-06,7.399452442768961e-06,0.00012237581540830433,1.1888924746017437e-05,6.646743710980729e-10,6.961006704386818e-08,3.4718061669991584e-06,0.0042780134826898575,0.00020147557370364666,1.8988801002706168e-06,5.311316635925323e-05,3.428033892305393e-07,2.8886987024634436e-07,2,2
9.113289706874639e-06,1.1523687559744644e-10,2.354264838633213e-10,5.2914456670494214e-12,3.405020154723104e-10,6.041143052470943e-08,1.1136785244003633e-10,9.206038709130837e-12,0.0004191319749224931,3.214480273072695e-07,4.166846565567539e-07,0.999570906162262,1.0738928635234402e-09,1.3213340421813768e-09,1.7376905265119205e-15,1.1897610674438397e-10,5.008734399458703e-11,2.757456307733719e-08,1.0469151722836481e-13,1.1287276668880963e-09,3.2313327569255534e-09,9.001611123160558e-10,9.69661861915938e-09,11,11
1.944535370057565e-06,6.125554250502319e-07,5.910972618039523e-07,9.839223639573902e-05,5.684261486749165e-05,1.9489707483444363e-06,8.621165115130225e-09,1.2749200095640845e-07,9.018001634331085e-08,4.1939280492897524e-08,1.9889503377612527e-08,4.586196382661001e-07,0.41811639070510864,3.806826853747225e-08,2.119015363177823e-07,1.3401507885646424e-06,5.146303738001734e-05,0.530966579914093,4.0013955526774225e-07,0.050403062254190445,0.00021490019571501762,5.665478965966031e-06,7.893772999523208e-05,12,17
0.0007402123301289976,4.576236634079578e-08,0.9980652928352356,7.890056386017363e-10,0.00031470469548366964,3.7168494600337e-05,6.53086829061067e-07,1.6200393804233215e-10,2.8827905396155984e-08,0.00033026598975993693,1.1226792366869631e-06,4.611977419699542e-05,0.0004585415590554476,4.4371859075909015e-07,2.1365603730671978e-10,9.161301578464176e-11,5.464779633257422e-07,4.27555733040208e-06,9.169181680590555e-08,3.7792895568600215e-07,2.7892296472487033e-08,8.319084798813492e-08,8.026487918755265e-09,2,2
0.013478780165314674,2.734927329584025e-05,0.008657002821564674,1.1950650105063687e-06,0.0006831687060184777,0.7523228526115417,9.915060218190774e-06,2.4868057835192303e-08,2.6479763164388714e-06,0.03365253657102585,0.00014840139192529023,3.069798549404368e-05,0.0964784026145935,4.184985300526023e-06,3.162042716553515e-08,8.289197772626267e-09,1.4136710888124071e-05,0.09357363730669022,0.00024672559811733663,0.0006503773620352149,3.956386933623435e-07,1.1499334107156756e-07,1.749323564581573e-05,5,5
1.1484947208373342e-05,1.349680132989306e-06,0.9843408465385437,1.2810563987386558e-07,1.0371358030170086e-06,1.3506299183063675e-05,1.4801986253587529e-05,1.1694156398789346e-07,3.433200390645652e-06,0.01369513664394617,2.4622366368021176e-07,4.170960465899043e-08,4.471867941902019e-05,8.759112461120822e-06,1.9046950683332398e-07,6.498475646488089e-10,0.0001017254326143302,2.9607526812469587e-06,0.0017553302459418774,7.07848499814645e-08,3.929181730200071e-06,2.3535852378131494e-08,8.791390371243324e-08,2,2
0.0013202817644923925,1.5376475857920013e-05,0.6344403624534607,9.362043056171387e-05,0.0019433562410995364,0.0007944822427816689,0.0038661600556224585,4.924354288959876e-05,1.5353880371549167e-05,0.2201564460992813,0.00020785361994057894,1.4053923223400488e-05,0.08468616753816605,2.70811347036215e-06,0.00017996228416450322,3.024922807526309e-05,0.022421127185225487,0.02750237099826336,0.0008162250160239637,0.0004840467590838671,6.8289038608782e-05,6.136955926194787e-05,0.0008309056283906102,2,2
1.0733946370633518e-10,0.9999980926513672,5.715375195336492e-08,1.3839844201224416e-11,1.9407725426745515e-11,6.787922546096226e-13,1.1731317073326863e-07,9.355188979043305e-08,2.2856463249842918e-11,1.0025683394587759e-08,3.637455137095458e-08,1.3949865568241293e-13,3.3404086252630805e-07,4.0466648044620857e-13,1.555963948722365e-14,1.4919823154713185e-09,2.1697192653657993e-10,1.976434873540711e-07,1.863747524366577e-11,5.24596146078693e-07,5.478736966324504e-07,8.260913730850916e-09,6.4941776400928575e-09,1,1
0.0009747768635861576,9.675369074102491e-05,1.1733021892723627e-05,0.0019854302518069744,0.01372069027274847,0.011078155599534512,0.0005841216770932078,9.433823606741498e-07,3.6470733903115615e-05,0.011067147366702557,0.06553106009960175,0.0011474461061879992,0.02197123132646084,4.659200203604996e-05,7.146300958993379e-06,3.5203986044507474e-05,3.867677094149258e-07,0.838103711605072,0.0010302664013579488,0.03180354833602905,0.0006062997854314744,0.0001590586907695979,1.8184985037805745e-06,17,17
7.546865909979772e-12,6.5321167141974e-08,1.6468458818863496e-09,4.58478979226129e-08,3.242939987727067e-12,8.858896255459214e-12,1.3740772963899417e-08,0.9999974966049194,7.590097712666111e-13,5.9012839059846556e-09,2.9332608564303086e-10,1.57037122021364e-12,8.210415671783267e-07,7.575017002547924e-12,4.44903280882869e-11,1.8178056837570011e-09,2.049183878138905e-10,1.937081467451307e-10,3.286587668682728e-10,1.2491339020925807e-06,1.549210963958103e-07,8.41805913864846e-09,1.8680172786389448e-07,7,7
0.003068402875214815,8.500599506078288e-05,0.00018876047397498041,9.697920688722661e-09,0.0020360290072858334,0.0015136183938011527,1.7632077287998982e-05,1.529331598248973e-06,2.0256384232197888e-05,0.00036585054476745427,0.5431902408599854,0.44612568616867065,0.0008869624580256641,5.252172195469029e-05,1.5163620446401183e-05,0.001773392898030579,0.00012266571866348386,0.00031091735581867397,2.0242458731445367e-07,9.466260962653905e-05,0.00010192258923780173,7.283199920493644e-06,2.1270558136166073e-05,0,10
0.00010500729695195332,0.004115966614335775,0.03778873756527901,5.79069705963775e-07,7.926022590254433e-06,4.527331839199178e-06,0.0006400845595635474,1.2310067631915445e-06,8.694620191818103e-06,0.0011002739192917943,0.012156489305198193,0.0007791577954776585,0.3296288549900055,3.7429256849463854e-07,3.353075499035185e-06,0.0007992081227712333,0.014067083597183228,0.01426586601883173,9.42320330068469e-05,0.5764102935791016,0.00030210750992409885,0.00011543799337232485,0.00760448444634676,19,19
2.602147105790209e-06,4.26727027047491e-08,5.345240424503572e-06,1.3160047274141107e-07,5.435526304609084e-07,6.743443350387679e-07,2.4062078995967795e-09,7.819450864587907e-09,5.82393777648349e-09,2.8829276743636e-08,4.6153991206665523e-07,2.722684300238143e-08,0.00012021981092402712,5.735570685061475e-09,1.2695083739799884e-07,5.0487539482446664e-08,7.049371788525605e-07,0.9970224499702454,1.924505113493069e-06,0.002844135044142604,3.1215000717566e-07,1.0347955736733638e-07,4.528039454498867e-08,17,17
0.0002001900866162032,0.08386801928281784,0.0030923690646886826,0.00555599108338356,0.0019293816294521093,0.03258337825536728,0.002578307641670108,0.0010741514852270484,2.352667706873035e-06,0.004391705617308617,0.002966422587633133,0.00019717046234291047,0.21834193170070648,4.8850961320567876e-05,0.00010993641626555473,0.0010412184055894613,0.0019492132123559713,0.18758976459503174,0.15882636606693268,0.21703429520130157,0.0007004002691246569,0.0038527108263224363,0.07206585258245468,22,12
1.1648209508052787e-08,8.707399388185877e-07,4.6050829816124406e-09,1.4968691175454296e-07,1.2235995550113898e-10,2.6848559286918317e-07,7.955990440677851e-05,2.905460178226349e-06,1.9348955902387388e-05,0.0002715306472964585,0.999123752117157,3.0806044382103437e-09,1.6029211110435426e-05,1.6167926372712138e-12,4.583241425271112e-11,2.744550720024108e-08,1.2293073503588658e-10,0.00028517021564766765,1.5341774073363013e-08,1.1883860679517966e-05,0.00018612829444464296,3.36486067453734e-07,2.0200661765557015e-06,6,10
0.24917663633823395,8.348530400326126e-07,0.001383740222081542,0.0005675907013937831,3.1681312862019695e-07,0.0034570237621665,4.761261152452789e-05,0.00010931476572295651,0.007804175838828087,0.6896520853042603,0.0002061806881101802,1.7782067516236566e-05,0.01082402653992176,8.750999768381007e-06,5.152071835823335e-08,4.013423371418412e-09,1.691006400506012e-05,2.0383040464366786e-05,0.030599988996982574,4.463599339032953e-07,0.0022247033193707466,6.799282800784567e-06,0.0038745678029954433,0,9
0.9357522130012512,5.630396913147706e-07,8.658151273266412e-06,0.0002526333264540881,0.004526350647211075,0.05107109248638153,2.3907472495920956e-05,7.2835696300899144e-06,3.301695323898457e-05,0.0003278511285316199,0.0019947655964642763,5.544761006603949e-05,0.000594321929384023,0.005024249199777842,1.073718613042729e-05,1.2890915968455374e-05,2.1933572043053573e-06,2.7924370442633517e-05,7.122425449779257e-05,2.939905016319244e-06,1.8256001567351632e-05,0.0001489475107518956,3.2618296245345846e-05,0,0
1.1289214896237354e-08,4.301213607504906e-09,3.024116790317777e-10,8.995153510937826e-10,3.014859117911328e-08,1.089599632742022e-09,0.9999995231628418,2.4939521559019795e-09,2.1001400271614123e-11,4.226551553188074e-08,3.888443984578771e-07,1.13822451464074e-09,3.29878457883126e-10,1.995616560890312e-09,2.335145410370387e-10,2.0393089439352252e-09,2.981619118269663e-10,8.650686833533427e-10,1.3082916694440172e-11,1.6680637426880196e-10,5.966848126703894e-10,4.4134425281061596e-11,3.1691263502331424e-10,6,6
0.03986692801117897,0.0019497338216751814,0.001847968203946948,7.69706311984919e-05,0.03655504062771797,0.18802480399608612,0.00033869664184749126,3.310077590867877e-05,0.26062098145484924,0.007651183288544416,0.013854999095201492,0.3840658366680145,0.0010352677199989557,0.059942882508039474,1.2080062333552632e-05,0.000527115655131638,0.00013767769269179553,0.00044445108505897224,2.0879690509900684e-06,7.412910053972155e-05,0.00016619380039628595,0.0013916814932599664,0.0013802351895719767,9,11
0.4445570409297943,0.00020780919294338673,0.014626816846430302,4.361788887763396e-05,0.06814988702535629,0.22174984216690063,0.0003973929851781577,0.00010579368972685188,0.03559879958629608,0.004625146742910147,0.0005357739864848554,0.02325858362019062,7.808507507434115e-05,0.1832701712846756,3.988853859482333e-05,8.592857193434611e-05,9.199043233820703e-06,0.00016121398948598653,9.571916052664164e-06,1.1374608220648952e-05,2.5046259906957857e-05,0.002393014496192336,5.99969680479262e-05,11,0
1.0341104825783987e-06,0.0002458907838445157,0.00040325260488316417,1.1695971968705976e-09,3.043580054651329e-09,7.699417103879114e-09,7.59362374083139e-05,1.4526848701734707e-07,4.7836163474812565e-08,0.00015335196803789586,9.970341125153936e-06,7.373618245765101e-06,0.9263936877250671,2.816697430851889e-10,2.0942831913117743e-09,4.998235070274859e-08,0.0004691288049798459,0.00016007485100999475,4.5576882712339284e-07,0.026335475966334343,0.0015481797745451331,7.075635721776052e-08,0.04419583082199097,19,12
0.028180113062262535,2.0146966562606394e-05,2.5335133614134975e-05,5.794122989755124e-05,0.0001473309675930068,0.8259193301200867,1.1941965567530133e-05,0.03327352926135063,0.013923711143434048,0.0005762025248259306,0.00045207919902168214,7.167380681494251e-05,2.6956649890053086e-06,0.08758606016635895,0.0013107832055538893,0.006737502291798592,1.1165370779053774e-05,2.031475332842092e-06,9.803797001950443e-05,4.300842192606069e-06,0.0015131906839087605,6.94441914674826e-05,5.440472250484163e-06,0,5
2.0901179453858276e-08,0.9998970031738281,1.45741523738252e-07,3.2969968088991664e-08,1.600256593903282e-10,5.390682900063837e-10,8.53032062764214e-08,3.5396092812334246e-07,1.3651732522212967e-11,8.505053870067059e-07,2.1227795059530763e-06,4.161177478978484e-12,2.556361778260907e-06,8.703986966937527e-13,1.6262669379554784e-13,1.6564542792973924e-10,8.941006030167842e-13,7.320434087887406e-05,2.6599034086416395e-09,2.3546346710645594e-05,3.1588942572824408e-09,6.333660707014133e-08,5.395723312595635e-10,1,1
1.2783023521478754e-05,0.07734674960374832,0.004027348943054676,2.2529113152813807e-07,2.3071018873110916e-08,1.8456331929428416e-07,1.538450305815786e-05,0.00011828787683043629,3.7609356695611496e-07,5.036450602347031e-06,1.0628886229824275e-05,5.112867462742088e-09,0.1372852623462677,6.027027765753701e-09,1.0010222872836039e-08,1.5043032419725932e-07,0.0006349942996166646,0.5428645014762878,1.890829594231036e-06,0.1743115782737732,0.06317879259586334,4.879463085671887e-05,0.00013692182255908847,17,17
2.671096626727376e-05,1.3234617395052606e-11,4.1426080343853755e-08,1.4023581185185208e-09,6.613155619561439e-06,3.4939079341711476e-05,3.645187973688735e-07,5.16078102918982e-07,1.813641006265243e-07,0.9996588230133057,2.0625739125534892e-05,0.000209018646273762,4.0201870433520526e-05,2.8224351922290225e-07,7.811293301074329e-08,1.2448430197764537e-06,6.005170861446418e-13,3.466342768376762e-10,1.2859794651376433e-07,2.623830486214729e-09,3.2828830764941586e-09,1.9262517199792467e-13,1.3385510477803564e-08,9,9
6.456594292103546e-06,0.03690437227487564,9.053551912074909e-05,1.1484153219498694e-06,3.866727638524026e-06,3.4894299460574985e-05,3.082540445120685e-07,1.0673735459931777e-06,8.857035709297634e-07,2.795075033645844e-06,3.934701908292482e-06,4.312046186782936e-08,0.0017859945073723793,3.0716356036464276e-07,5.069460939921555e-07,1.0260313842991309e-07,3.714277409017086e-05,0.00031703870627097785,0.0006339718820527196,0.0028895114082843065,0.0001564917911309749,0.9571107029914856,1.7882875908981077e-05,21,21
0.000832771067507565,0.00348753877915442,0.4503891170024872,9.907354979077354e-05,0.0009723214898258448,0.00047727159108035266,0.10211377590894699,0.07052167505025864,4.891949356533587e-05,0.009637097828090191,0.00010771175584523007,2.3238695575855672e-05,0.0958273708820343,1.7483718693256378e-05,1.3993897596265015e-07,6.389404461515369e-06,0.06370258331298828,0.08482865244150162,0.0004444222431629896,0.012614614330232143,0.0025582429952919483,0.0008036162471398711,0.10048604011535645,17,2
1.48541266092872e-11,1.2041484075044767e-13,1.3682200337983286e-11,2.7119927397539767e-12,7.062064149611358e-13,1.9370872093860125e-12,4.871155995928023e-12,1.7513281406686398e-12,4.995517837417954e-15,3.9208200575124863e-10,7.415434368981955e-13,2.759328139242956e-12,0.9998794794082642,3.5130566550012387e-15,5.986027212107059e-12,1.3362244470627171e-11,3.349134164443157e-11,1.883864086948961e-08,3.948922785990128e-12,0.0001204568543471396,4.835494227251047e-10,5.861196077094899e-12,1.0219520341081534e-08,12,12
2.1751066014985554e-06,5.127497715307072e-08,1.1683821554697715e-07,1.8706934872686487e-12,1.8338175777898869e-07,4.780153540195897e-05,5.8163028171520637e-08,2.2330290505578887e-08,1.467039378866275e-08,2.084163043036824e-06,0.0001188194437418133,3.9862086964603805e-07,0.7523064613342285,9.193920291750146e-09,1.4229267070176022e-11,4.566788058824045e-10,2.0209997728670714e-06,0.2470649629831314,7.143886593397042e-10,0.00015781090769451112,0.00029420648934319615,2.739889870539969e-09,2.802350309139001e-06,17,12
0.019512921571731567,0.0005055383662693202,0.0003603185177780688,0.00010706100147217512,0.038164395838975906,0.6108524203300476,0.00014306466619018465,0.00043271429603919387,0.2740249037742615,0.009166823700070381,0.002598460763692856,0.008800730109214783,1.0767828825919423e-05,0.01631336472928524,0.003975578583776951,0.013516353443264961,0.0002035718207480386,6.0949587350478396e-05,0.00012802323908545077,5.324842277332209e-06,4.8037290980573744e-05,0.0008004703558981419,0.00026819485356099904,13,5
1.0012777096335412e-07,4.813883606402669e-06,7.276216820173431e-06,5.364832710019751e-12,1.410667138657118e-09,2.323859105146653e-09,3.543472359979205e-07,2.2663854792881466e-08,7.781782163096551e-11,5.415910891315434e-06,2.1950793325231643e-06,1.7100373383982514e-07,0.7117394804954529,4.1741471390466245e-11,1.6708511310636887e-11,4.832221733863662e-08,0.021766124293208122,0.00019204358977731317,1.5617253046329438e-09,0.26026272773742676,0.0005571712390519679,9.19633702523015e-09,0.005462008062750101,19,12
0.0719689354300499,0.0010962634114548564,0.005662782117724419,7.074056338751689e-05,0.0050711543299257755,0.0018856767565011978,0.15835146605968475,0.005024981684982777,0.00019777192210312933,0.2361563891172409,0.3443772494792938,0.0036949049681425095,0.0745077058672905,9.972604311769828e-05,0.00011580245336517692,0.00434064818546176,0.03227731212973595,0.016949249431490898,0.0001051604631356895,0.0013030057307332754,0.0012776515213772655,0.0003638089110609144,0.035101596266031265,9,10
0.0005104484735056758,3.1951291020959616e-05,0.0017443174729123712,1.859223448263947e-05,1.8028598788077943e-05,0.0014707311056554317,8.13951701275073e-05,0.00020386409596540034,5.2651299483841285e-05,0.02201026864349842,0.8985410928726196,7.860990990593564e-06,0.057389844208955765,5.15319106852985e-06,8.189813343051355e-06,4.451448694453575e-05,0.0005218203878030181,0.00013444699288811535,6.324661080725491e-05,0.0007967600831761956,0.00017913027841132134,0.00021131921675987542,0.01595442183315754,10,10
0.04665176570415497,1.225250656489152e-07,0.001550918212160468,7.581069212392322e-07,0.0004720076685771346,0.000165223449585028,3.620337167831167e-07,1.0168083974804176e-07,0.001475437660701573,0.9475669860839844,1.5019102647784166e-05,0.00018542942416388541,2.4690309601282934e-06,1.9650085960165597e-05,0.0012267883867025375,6.460193253587931e-05,2.686994548639632e-06,4.216996174477572e-08,0.0005933854845352471,1.3430487832977178e-09,4.716443072538823e-06,1.205233814971507e-07,1.3403305274550803e-06,0,9
4.2122263010924144e-08,2.5395477387668564e-10,1.5621047788627607e-09,2.010119501405505e-11,0.9999995231628418,1.1874271876877174e-07,7.830444626044653e-11,1.865749048313159e-11,1.8405426072121145e-09,9.446535997881256e-09,1.2288482764688524e-07,8.712625287898845e-08,7.250346101272953e-09,8.796637029906407e-11,2.690659361981318e-10,2.3541122384784785e-09,8.945911234015114e-10,1.0939801597942278e-07,4.1179707213623296e-12,5.08263542364773e-10,4.7127368674182435e-09,2.910739704820031e-10,1.9226389369464414e-09,4,4
1.1293332846662452e-07,8.414945114054717e-07,0.0004066716937813908,5.03564442624338e-05,5.65566871113532e-10,2.929315030542057e-07,0.00039778303471393883,5.224831056693802e-06,1.2679761240974585e-08,8.610056102043018e-05,8.518589311279356e-05,1.4333918940678814e-08,0.9966651797294617,5.555659754463704e-06,1.9716199517461064e-07,2.8157906228898355e-08,1.216160126205068e-05,6.210889114299789e-05,2.320276507816743e-06,0.0013550604926422238,0.0008508663158863783,3.5345914284334867e-07,1.3689560546481516e-05,12,12
1.6611049431958236e-05,0.0016528824344277382,7.523070166826074e-07,2.0501642211456783e-05,2.1654716908514615e-10,7.457591522097573e-08,3.945846401620656e-06,2.6530046852712985e-06,1.8792947642509716e-08,7.376875601039501e-06,0.00043063994962722063,1.855572140385675e-09,0.000268517091171816,1.638101321255192e-10,6.904972593702041e-09,5.74905669736836e-08,0.0002846418647095561,5.3074316383572295e-05,0.0003878238785546273,0.00012791574408765882,0.0011518336832523346,0.9954624772071838,0.0001281258591916412,21,21
6.979621502978262e-07,2.20218751678658e-07,6.3415586737392e-07,2.013849353943442e-07,6.018634035598325e-09,5.554607582780591e-07,4.619563043206654e-08,3.94756671084906e-06,5.066461028491176e-08,9.34413583308924e-06,3.7645393149432493e-06,1.4486163024685084e-07,0.0011827306589111686,6.830502030652497e-08,1.1626190854485685e-07,2.3174347916210536e-06,4.209425242152065e-05,0.0032168016768991947,2.42242140302551e-06,0.9955090284347534,2.1547075448324904e-05,1.9505777970607596e-07,3.0907042400940554e-06,19,19
0.005763637367635965,6.190890417201445e-05,0.9911950826644897,1.4025231109826564e-07,1.5175264707067981e-05,7.803291737218387e-06,7.833350537111983e-07,8.440721899205528e-09,1.7893070207719575e-06,0.0019743177108466625,7.401068614854012e-06,5.44605597951886e-07,0.0006552370614372194,1.0730570210171209e-07,1.4355870936455517e-09,1.4650279211991801e-08,6.739321634086082e-08,0.00025827353238128126,1.809495188354049e-05,1.3116687114234082e-05,2.593564749986399e-05,5.131537932356878e-07,3.7285495579908456e-08,2,2
1.8592156266095117e-05,4.6242945245467126e-05,0.00015572561824228615,1.518003358569331e-07,7.961472147144377e-05,5.436318701868004e-07,0.00011568792979232967,4.7851676754362416e-06,1.8578650440304045e-07,0.0009354298235848546,5.031234195485013e-06,0.00018974149134010077,0.9439275860786438,4.627635874498992e-08,8.731948497597841e-09,1.2651784118133946e-06,0.0004934537573717535,0.00802762433886528,9.181201932051408e-08,0.005324335303157568,0.000633751624263823,9.02933123825278e-08,0.04003997892141342,17,12
7.876705865328404e-08,1.2615649636060766e-09,4.17246752704159e-07,3.571270015823025e-11,1.3713119181857358e-11,2.2329646753860288e-07,4.310728662915153e-09,2.2353457751478345e-08,0.9999451637268066,3.261831807321869e-05,2.0437051716726273e-05,1.0635109504164575e-07,4.423722499424798e-10,1.2661378612222052e-09,1.265543225770216e-10,6.987161782490148e-07,1.5944061392339504e-12,5.1407628376409775e-08,2.5795521274574185e-10,9.422862490282569e-09,7.56223528242117e-08,2.8089944259512833e-10,6.157436227560709e-10,8,8
0.00018617062596604228,0.032523784786462784,6.314823986031115e-05,0.0003021700831595808,4.629404770639667e-07,5.44724457540724e-07,0.001952925231307745,5.829364368992174e-08,8.614551916252822e-08,0.005884222686290741,0.8917466402053833,2.915699894856516e-07,0.04915688931941986,1.1964706914113776e-07,2.6072234504681546e-07,3.6011434190186264e-07,0.002888707909733057,0.0005611020023934543,2.7950907224294497e-06,0.012293257750570774,0.0003064903721679002,0.002067292807623744,6.230525468708947e-05,10,10
0.012670950032770634,0.00019981175137218088,0.002288796938955784,2.1794235181005206e-06,0.03655551001429558,0.9012013077735901,2.764859345916193e-06,6.789838607801357e-06,0.0005182094755582511,0.00043422903399914503,6.569646939169616e-05,0.0003411131619941443,2.9770810670015635e-06,0.04390370473265648,1.9423285266384482e-05,2.238505840068683e-05,0.0005300872726365924,5.48008893019869e-06,0.0011797429760918021,4.2852778392443724e-07,6.02760337642394e-06,3.736976577783935e-05,4.9007530833478086e-06,5,5
0.08685275167226791,0.00019212982442695647,0.0007372925174422562,1.865007470769342e-05,0.00866096094250679,0.0047178324311971664,6.895196565892547e-05,2.2105898096924648e-05,0.0015867151087149978,0.004644006956368685,0.0035198030527681112,0.8872982263565063,4.122221071156673e-05,0.00031165769905783236,4.702409114543116e-06,0.00016805906489025801,1.4662041394331027e-05,5.131674697622657e-05,6.205283398230677e-07,2.5762936274986714e-05,0.0002236461004940793,0.0006481624441221356,0.0001906488323584199,11,11
0.4270477890968323,6.924500485183671e-05,0.0006677430937997997,0.00019277208775747567,0.00010102606029249728,0.04877229034900665,5.4263447964331135e-05,0.00016305905592162162,0.3862032890319824,0.0008365762769244611,0.009504618123173714,0.05480049550533295,3.124842623947188e-05,0.025808798149228096,2.9839644412277266e-05,0.0009180575143545866,8.138407429214567e-05,7.138225919334218e-05,0.00027193297864869237,1.412218716723146e-05,0.021867549046874046,0.022454876452684402,3.766006193473004e-05,0,0
0.9946860074996948,2.3517394254213286e-07,6.970991535126814e-07,6.505373448817409e-07,3.4454635624570074e-06,0.0006466704653576016,2.7831893021357246e-06,2.2075681044952944e-05,6.86108396621421e-05,0.004276687745004892,3.1075087463250384e-06,2.9817165341228247e-05,3.895648248430916e-08,0.000155376095790416,4.630396972515882e-07,5.7332246797159314e-05,1.931637143570697e-06,3.2899269086783534e-08,1.6522224541404285e-05,5.392878366095033e-10,8.64661797095323e-06,1.3288343325257301e-05,5.5925397646205965e-06,0,0
3.0162987059156876e-06,0.0003125068615190685,1.8175418517785147e-05,5.951220737188123e-05,8.032485232511988e-10,1.7302565538557246e-05,0.0008927210583351552,3.351244959048927e-05,9.463164474254881e-08,0.09282795339822769,0.0008345990790985525,2.564291321505152e-07,0.8888749480247498,2.0632256791941472e-08,2.1343259604122977e-08,3.6003854120281176e-08,5.2952716941945255e-05,0.00010654715151758865,0.00012979832536075264,0.006157476454973221,6.214697350515053e-05,6.838155854893557e-07,0.009615589864552021,12,12
0.0002357659541303292,7.557799835922197e-05,5.010988388676196e-07,4.1093082359111577e-07,3.39316805764156e-08,3.097418129982543e-06,5.8559592730489385e-09,3.2363420814363053e-06,2.1382350041676546e-06,4.150574639538718e-08,1.1783440356794017e-07,4.7016411031108873e-07,5.2151399643207696e-08,2.0058122274235757e-08,3.545538973526163e-08,8.344968591700308e-06,9.874584975477774e-06,1.9094511571893236e-06,0.0017127713654190302,5.685818678102805e-07,0.01767495460808277,0.9802699089050293,9.065982453648758e-08,21,21
1.119379522407371e-08,4.653940344212515e-09,7.031084692243894e-08,2.266022747221541e-08,3.850617247280752e-07,2.2875010330380974e-08,9.188199090459648e-10,6.198285973368911e-08,4.871422709662454e-12,1.180313180526582e-08,1.0901499702953288e-09,3.163594275434889e-09,0.9952078461647034,9.814762336191052e-10,1.013196708754549e-07,2.2336632099495546e-08,5.303301122694393e-07,4.193996574031189e-05,1.4268476178358469e-08,0.0047479048371315,8.60585828377225e-07,6.542662589481552e-08,1.1186800463747204e-07,12,12
3.5414446375447994e-10,2.4931974262898393e-09,7.256981859882217e-08,6.625030385398745e-13,6.385476591930228e-09,3.2361626711718827e-09,5.66193522188313e-13,4.298651390399755e-08,4.532660398126609e-07,4.035679845859619e-10,2.19525918510044e-05,6.25656539909869e-08,3.5296218925395806e-07,3.3806596633212393e-08,5.9167541621718556e-06,0.9999696016311646,5.505528033467044e-09,2.242237968630434e-07,5.940769653989264e-09,1.1670553021758678e-06,7.631203402524989e-08,3.9774189497521206e-10,1.832991358696745e-08,15,15
0.01916477642953396,8.543156582163647e-07,2.1111782189109363e-07,2.4021098852244904e-06,0.00032252303208224475,0.0014056734507903457,3.461054021158816e-08,2.1478177814060473e-07,8.197333227144554e-05,2.2096661268733442e-05,0.00043498087325133383,0.9779387712478638,1.3122219115757616e-06,0.00046248285798355937,1.1593118870223407e-05,2.263642272737343e-05,2.078630814139615e-06,2.9308612283784896e-06,2.791745430386072e-07,3.816837335079981e-08,7.125936463125981e-08,3.337539965286851e-05,8.872793114278466e-05,0,11
4.3496520163444075e-08,1.86351045705635e-09,6.250702178078882e-09,4.897425132099897e-09,4.823868526848685e-10,3.1540401401741747e-09,2.500235574132148e-08,3.164698503255181e-10,2.2418025213966075e-09,4.712715235655196e-05,2.54489407325309e-08,5.232283797340642e-07,0.9996525049209595,1.980246869259794e-11,3.528840553101986e-10,6.572048460995461e-11,2.1370237845985685e-06,4.126475232624216e-06,3.5227646577595806e-08,1.640369555389043e-05,1.7155737168650376e-06,2.305061870544467e-11,0.00027538579888641834,12,12
4.940262670061202e-07,1.267866900889203e-05,4.1239018173655495e-06,6.386977133843175e-07,0.00019114984024781734,5.528435849555535e-06,1.0248627546616262e-07,1.572222885215524e-07,2.6722779544741115e-10,3.3817522648860177e-07,2.8946399197593564e-06,2.410734722957386e-08,0.0026122017297893763,4.8273150810018706e-08,1.751103582137148e-07,2.2138091537726723e-07,7.152870966820046e-05,0.9327137470245361,1.6302230505971238e-05,0.06432203948497772,3.6205415199219715e-07,3.4728423088381533e-06,4.181657641311176e-05,17,17
0.20134000480175018,4.1686294025566895e-06,0.0004100578080397099,0.007886085659265518,2.7832227715407498e-05,0.000844986061565578,0.004715118557214737,0.34083276987075806,0.00013587629655376077,0.08101818710565567,6.724577815475641e-06,0.0001736769190756604,3.113793354714289e-05,0.3607402741909027,2.980943099828437e-05,0.00014081885456107557,0.00019151170272380114,8.595187637183699e-07,0.00022300484124571085,3.5078012388112256e-06,0.0012309625744819641,7.172680852818303e-06,5.5301370593952015e-06,0,13
5.535812670132145e-05,0.0003701724926941097,1.1127453035442159e-05,1.295697870773438e-06,8.577388507546857e-05,6.427261541830376e-05,0.3521225154399872,6.723344995407388e-05,4.947812470845747e-08,0.6449089646339417,0.001243815990164876,2.8059924161993877e-08,0.00037614101893268526,9.813299506333806e-09,1.889960913104005e-05,5.583190795732662e-05,8.19314027467044e-06,1.298095412494149e-05,3.855759132420644e-05,0.0005481346161104739,1.413860559296154e-06,1.132058073949338e-07,9.085107194550801e-06,9,9
1.0965355556891154e-07,0.9988657236099243,5.865733783139149e-06,1.7631513401283883e-05,1.016512429785621e-09,1.5262360193446511e-06,1.8842483768821694e-05,1.6939678744165576e-06,5.2555799989750795e-11,0.00010016893065767363,0.0002872871409635991,1.0034182906792921e-07,1.6344518371624872e-05,5.338069399840606e-07,1.8440406535091824e-08,5.810638867842499e-07,2.7742482870962704e-06,1.1865741811334374e-07,0.0003962821501772851,0.00013108894927427173,1.1704719327099156e-07,4.453892472611187e-07,0.0001528821885585785,1,1
1.4789178521823487e-06,0.0002602321037556976,5.641888023433239e-08,5.74337100260891e-05,1.672120775175756e-09,9.786998998606578e-05,1.419205233332832e-07,3.2628495318931527e-06,1.736306512611918e-05,5.298559813127213e-07,4.058995546074584e-05,1.4203216380792583e-08,5.945590686451396e-08,4.625767324739627e-09,1.878851918490909e-08,7.445942884487522e-08,2.6680681912694126e-06,1.002212911771494e-06,0.0025764871388673782,7.80549612500181e-07,0.00044919009087607265,0.9964834451675415,7.328589617827674e-06,21,21
2.1319328880053945e-05,2.4005217369449383e-07,1.3809279835186317e-06,1.373062696075067e-05,3.662724168407294e-08,9.562468221702147e-06,1.7472247293426335e-07,3.8718133055226645e-07,2.543598611737252e-07,5.1815186452586204e-05,1.591006594026112e-06,7.52740447751421e-07,0.9822898507118225,1.0909536385383944e-08,8.46929140152497e-08,4.911645135052822e-08,4.95177082484588e-05,0.008316372521221638,2.0703326299553737e-05,0.003132079029455781,0.0001913956948556006,2.00275712813891e-06,0.005896709859371185,12,12
0.001228169770911336,0.3043200671672821,0.005548194050788879,3.903020058260154e-07,6.255934567889199e-05,3.2662279409123585e-05,0.002217878121882677,0.00010368198854848742,3.9543340335512767e-07,0.08964806795120239,0.00018371763871982694,4.564366008708021e-06,0.47694331407546997,7.526256922574248e-06,3.1387543231176096e-08,8.360382707905956e-06,0.02625175379216671,0.017755748704075813,6.359664985211566e-05,0.06274303048849106,0.0014026921708136797,1.3270450835989323e-06,0.011472214013338089,18,12
3.2156253215731567e-09,8.536228415323421e-05,3.76075622625649e-05,3.242150103943686e-09,1.3161316654575206e-11,1.1562717894264551e-08,3.691837662245234e-07,3.129654757572098e-08,1.901934387760207e-09,1.6938732869675732e-06,0.00016436602163594216,1.2263895454722729e-09,0.8951814770698547,1.805260663179098e-10,7.764918048824843e-12,6.964746834814406e-11,0.007694700732827187,0.016047216951847076,2.0251124510650698e-07,0.07749883830547333,0.00034989439882338047,4.248914774507284e-05,0.0028956932947039604,19,12
9.199324245076634e-13,5.226746813136174e-11,3.282888627609282e-08,2.6767399061156105e-11,7.117399985351325e-12,2.3927723951516766e-12,6.880628011796119e-12,1.3976490863092106e-13,7.476910936091499e-14,8.738390566698229e-11,9.50098246604858e-12,1.0035037904809752e-11,7.029776156741718e-07,6.169635115294003e-13,9.690553047503325e-12,4.3105410907351427e-10,4.867092284754904e-10,1.7156618241642718e-06,3.42842670919552e-10,0.9999974966049194,1.0356848018089337e-10,2.52843340882436e-12,1.3129505078632309e-12,19,19
3.4793285976775223e-06,0.000175097186001949,7.12852624928928e-06,0.0017513502389192581,1.717686473057256e-06,4.095879830856575e-06,4.918690137856174e-06,2.785145079542417e-05,2.9274042390170507e-07,0.00014204152103047818,0.00016795500414445996,3.5627576266961114e-07,0.2629292607307434,3.0369868841972902e-09,0.0001831055706134066,1.6247389794443734e-05,0.009231043048202991,0.005437403917312622,0.04644886031746864,0.4698532819747925,0.07621970027685165,0.0002669811656232923,0.12712784111499786,22,19
0.11668437719345093,7.793599070282653e-05,0.03488284349441528,1.6577783981119865e-06,0.7857176065444946,0.03246593475341797,0.00018528032524045557,1.257269104826264e-05,0.0005267680389806628,0.0016492749564349651,0.0003132713900413364,0.00020911464525852352,0.00019785022595897317,0.02430035173892975,0.0001070900761988014,1.904274722619448e-05,0.00024338361981790513,4.49391664005816e-05,0.0017865665722638369,3.550682777131442e-06,0.00047765334602445364,7.496139005525038e-05,1.7983511497732252e-05,4,4
0.005561159458011389,2.1740159354521893e-05,0.0004107383138034493,1.2643234185816254e-05,9.518812404962773e-09,1.0865368494705763e-05,0.28057926893234253,1.3860255876352312e-06,1.7361129494020133e-06,0.7127617597579956,9.595118172001094e-05,1.535318915557582e-06,0.00044258974958211184,1.162728835879534e-06,1.6932921731438455e-10,9.63812363252714e-10,7.860611731302924e-06,2.294043724759831e-06,1.2891750884591602e-05,1.2277088501377875e-07,7.238192665681709e-06,4.595560199049942e-08,6.705655687255785e-05,6,9
4.807579898624681e-06,1.5553172261206782e-06,1.6264826626866125e-05,1.3972660894978617e-07,2.976971913426496e-08,2.060295628325548e-06,4.085357431904413e-06,3.084814750309306e-07,1.8218598185626433e-08,4.1100474845734425e-06,5.970188112769392e-07,2.6084023829753278e-06,0.9939252734184265,3.545715543396e-08,7.34811891334175e-08,7.854650263539042e-09,5.410888206824893e-06,0.0020108933094888926,5.446421482702135e-07,0.003987568896263838,2.5772392291401047e-06,1.4387344890565146e-05,1.6567188140470535e-05,17,12
0.0019961402285844088,7.10764140876563e-08,4.700004501501098e-05,0.0003631324216257781,3.11460416924092e-06,0.009877998381853104,0.0006564448704011738,0.00020732685516122729,0.10315166413784027,0.6599308252334595,0.04445409029722214,0.0007844954961910844,5.144287342773168e-07,0.1467793732881546,1.0343935173295904e-05,0.03087685815989971,2.5174456297349934e-08,1.5373002781871037e-07,3.5677027199199074e-07,1.4829117844783468e-07,0.0008591455989517272,7.232944199131452e-07,1.2489023148987144e-09,13,9
9.871465636024368e-07,5.748935109295417e-06,2.0865886796173072e-08,2.1833503893731177e-08,6.5321543729623954e-09,8.841486760502448e-07,3.665239546535304e-06,3.856140722291457e-07,1.7264330836042063e-06,0.00017515296349301934,2.0907459656882565e-06,1.7128924412190827e-07,0.026050440967082977,1.584557707268175e-09,5.254299773049809e-10,2.4653081354131245e-08,0.0048926337622106075,0.0005831181770190597,5.688735200237716e-06,0.001619610469788313,0.04246267303824425,4.07214258757449e-07,0.9241945743560791,19,22
0.00011921709665330127,0.008219518698751926,0.0007613913039676845,0.0009334243950434029,0.0005253372364677489,6.59865909256041e-05,0.001907952013425529,0.0004282499721739441,1.4483315453617251e-06,0.0006646688561886549,0.001956390216946602,9.309377674071584e-06,0.37010255455970764,2.417613723082468e-05,0.00019540818175300956,0.000551018281839788,0.0027085558976978064,0.05318719148635864,0.00017757265595719218,0.547705888748169,0.0008823883254081011,0.007438034284859896,0.0014343243092298508,19,19
2.502992174413521e-06,7.405985513742053e-08,6.079275038928245e-08,1.0342954964714934e-10,9.637836306808367e-09,2.389860753737594e-07,1.4661788227954275e-08,2.002209287255141e-09,2.9645361721009067e-09,2.4938617571024224e-06,4.120782250538468e-06,1.683286043885346e-08,0.9970631003379822,7.50560724682714e-10,4.683972765207045e-09,2.6812458919778237e-09,0.00038991778274066746,1.2453693670977373e-05,6.506451768473198e-07,0.00023579905973747373,2.7076550850324566e-06,1.2260345272352424e-07,0.002285611815750599,12,12
2.1764521989098284e-06,3.247716762189157e-08,0.00012059663276886567,2.9659963729500305e-06,3.77594597011921e-06,0.00012007264012936503,2.1359856106073494e-09,3.5786574699159246e-06,1.9859655822074274e-06,5.759208647759806e-07,4.242763225192903e-06,3.3539325272613496e-07,0.0005850484012626112,1.4400397674307897e-07,1.1120169801870361e-05,5.2452793397606e-07,0.9918950200080872,0.003792227478697896,0.0006745370337739587,2.6741949113784358e-05,0.0026183053851127625,1.0243329597869888e-06,0.00013497541658580303,16,16
5.515760221896926e-06,1.282500988963875e-06,5.234946911514271e-06,6.065085500495115e-08,5.6341268646065146e-06,5.11032567374059e-06,8.700818909801455e-08,2.638893192852265e-07,2.2634711882574265e-08,7.539477451246057e-07,3.5708207501983225e-09,1.5568090816486801e-07,0.01989191770553589,1.2074086441771215e-07,1.2984355257650293e-10,7.165193771641043e-09,0.0001102391688618809,0.9485121369361877,2.426365028895816e-07,0.03144208341836929,1.2073822290403768e-05,9.02112901712826e-07,6.196014965098584e-06,19,17
2.8199009349805237e-08,1.622959100444632e-09,6.657302265011822e-08,2.6460900137692533e-10,3.7637870597961864e-10,6.187993673023584e-09,0.999998927116394,3.697697148474788e-10,4.781872675607701e-10,8.774831030677888e-07,6.797763241195298e-09,2.5997215491457837e-09,2.1502366109871218e-08,9.117633870125985e-10,7.108727235333179e-12,8.33019903057064e-11,4.5901116241253703e-10,5.625080956583872e-10,1.9819508534357766e-10,2.645273555756944e-09,7.783160071994644e-08,6.516175099502419e-11,7.02582783618233e-12,6,6
1.4843381279661116e-07,1.073738076229347e-05,1.5540316553597222e-06,4.8307335021036124e-08,1.9551228547243227e-07,1.2606192285602447e-06,7.457679629396807e-08,2.1550748741105963e-08,1.0541023698351637e-07,1.4779570847167633e-06,2.0980709450668655e-05,2.1602273747589607e-08,0.0052657597698271275,3.2019806806005136e-09,8.033983789346166e-08,5.172288979338191e-07,0.25184935331344604,0.013737000524997711,2.7067276278103236e-06,0.7097500562667847,0.01876363717019558,1.0740769539552275e-05,0.0005835591582581401,19,19
3.3332300517940894e-05,1.0317053522612696e-07,2.7879845987399676e-08,2.693817835464074e-09,1.095180195420653e-07,2.7251832790398112e-08,9.904768116797413e-10,4.723252344795981e-10,5.648137957336985e-08,8.786133776084171e-08,1.100915028473537e-06,8.845050558647927e-08,1.4801983525103424e-05,2.0704891967593397e-10,5.325746354339911e-12,6.866150314976949e-09,1.0244788128943583e-08,0.9998961687088013,1.6269359193188393e-09,4.609922325471416e-05,7.780877240293194e-06,3.886275834474873e-08,6.334790469963991e-08,17,17
4.422747501564572e-09,1.548745290000375e-12,9.721655425121156e-11,5.078980313578951e-13,6.3162426400253935e-09,5.074781128655559e-08,2.350863210695553e-12,1.0802509060880983e-11,3.344624924239703e-11,3.667130488160808e-10,3.524797591580864e-07,9.167502174056708e-11,1.0344120937588741e-06,1.5361668881386237e-10,4.742628165188556e-12,1.0492311464105342e-09,4.335338685268475e-11,0.9999970197677612,8.54686113549441e-11,1.4971684549891506e-06,1.0348021328709933e-09,1.4242859279131603e-12,1.453287056668584e-11,17,17
2.7865371521329507e-06,8.236057510657702e-06,4.818891170543793e-07,3.0305409381981008e-06,1.5323834423597305e-09,3.8368949617506587e-07,1.364628730016193e-07,1.2193457621378911e-07,1.4680181514847845e-08,0.00015199011249933392,1.8414548108580675e-08,8.66354155082405e-10,1.0875163752643857e-05,1.4163473727180076e-09,7.143909352969047e-10,4.362988026418435e-10,0.8999699950218201,2.3573386442876654e-07,0.03730327636003494,2.2962595380704443e-07,0.007691459264606237,1.3942834584668162e-06,0.05485532060265541,16,16
7.1205327003553975e-06,1.0658743576641427e-06,1.41660564167978e-07,3.773306667120835e-10,2.015546396449963e-09,1.0403502528788522e-05,3.817364646607757e-09,8.603889909863938e-06,9.054762631421909e-05,0.001440074061974883,0.0007345270714722574,7.601070706186874e-08,6.728569132974371e-05,6.745709546507328e-11,2.1441758235596353e-07,1.0502941449885839e-07,2.615357743707136e-07,1.0961703083012253e-05,0.00620341207832098,9.474944562271048e-08,8.14156883279793e-05,1.5607268366579774e-08,0.99134361743927,22,22
2.663276518433122e-06,0.0002549808123148978,4.1484659618618025e-07,1.0156727370258523e-07,2.61552770552953e-08,2.341266053917934e-06,3.827390628430294e-06,4.364385858934838e-06,2.157383427459081e-08,2.5485061883046e-07,1.798360784732722e-07,7.452693751019979e-08,5.83926930630696e-06,1.9479085722196032e-07,3.931868997053556e-10,2.0099956421493204e-10,1.4284063581726514e-05,5.197757673158776e-07,2.2551742517862294e-07,6.711094101774506e-06,1.3187564036343247e-05,0.9996894598007202,3.034929250134155e-07,21,21
0.004491434898227453,2.2028880053426292e-08,3.4159011192969047e-06,8.925417205318809e-06,0.002612642478197813,0.9429723024368286,3.4681322631513467e-06,7.587789809804235e-07,0.004477663431316614,0.010255946777760983,0.0024389936588704586,0.00018363776325713843,2.3759244527354895e-07,0.03240719437599182,4.0498136513633654e-05,6.203126304171747e-06,1.2819302241950936e-07,4.569139093746344e-07,9.471405792282894e-05,1.7096917659387145e-08,1.0934986676147673e-06,1.9936273076837097e-08,1.7524615714137326e-07,5,5
9.006234868991214e-09,1.333733345987298e-09,6.102871452640102e-08,1.1455309589791796e-07,3.4990568775761233e-10,5.36668887107794e-09,5.925016477448253e-09,8.04430101197795e-07,1.5080395265876234e-11,1.2477087807383214e-07,8.060946354859766e-10,5.996677376884918e-09,0.9877088069915771,2.6171659284202065e-10,4.4685254607657043e-08,1.0086926849339761e-08,1.8708330440375676e-09,4.009810794514124e-08,2.2995824622285e-07,0.01228923350572586,3.595072257667198e-07,1.4987519136866467e-07,8.58211777199358e-08,12,12
4.999099467717372e-10,0.999996542930603,7.124789647150465e-10,2.565807288856803e-10,3.0859620414602773e-12,1.425508422414623e-08,1.183677866833932e-07,5.40475042498656e-09,2.0285381447521234e-12,2.6450760515217553e-07,6.6059926417949555e-09,1.1090848725525682e-11,1.1259586596423787e-09,9.742779916166455e-10,3.973823700653689e-11,3.737045950469309e-10,3.84289614019373e-11,4.3808737193451464e-10,2.9287577945069643e-06,3.1077094231335423e-09,1.041928522627078e-11,5.08040054469916e-10,6.928664930683226e-08,1,1
0.0005069204489700496,9.800505722523667e-07,0.010172160342335701,4.511735429701957e-09,0.8581079244613647,0.015148700214922428,2.5795984583965037e-06,1.830126166169066e-07,2.190931127188378e-06,2.1467778424266726e-05,0.0004119883815292269,4.357388388598338e-05,2.890172072511632e-05,1.8077165805152617e-05,2.8029569776322205e-08,1.7498829038231634e-05,2.2816419686932932e-07,0.11545911431312561,1.1731402516090839e-08,5.686928125214763e-05,1.8120194056336913e-07,1.9601328915541671e-07,1.7421317011212523e-07,2,4
7.83747891546227e-05,0.0031331537757068872,5.124057861394249e-05,1.048856574925594e-06,3.705115886987187e-05,8.224765224440489e-06,0.0004517262859735638,3.0935134418541566e-06,1.2373704976198496e-06,0.001573967165313661,5.912356573389843e-05,2.504254189261701e-05,0.3984741270542145,1.4586740917366114e-06,2.8089274906051287e-07,4.4522064968077757e-07,0.3580770790576935,8.781889482634142e-05,0.00015422326396219432,0.03761731833219528,0.19856791198253632,0.00011972951324423775,0.0014763593208044767,16,12
1.3645098939640832e-10,3.1797655992704676e-06,2.7841906558023766e-09,2.1063489839434624e-05,2.2792387421866067e-10,2.522176467678605e-09,1.2870492172023518e-10,8.008648677559904e-08,2.6072655145981116e-10,1.2891898659717071e-09,1.4281638414104236e-06,8.739139620295155e-12,1.1249367659615928e-08,1.4955997551524547e-10,2.5903146294581347e-09,3.7956768283997633e-10,6.844808808637026e-07,9.657883520697297e-11,4.5264772552400245e-07,1.3791508308713674e-06,0.00022140688088256866,0.9997499585151672,3.668874057893845e-07,21,21
5.398181201599073e-06,1.3685076682978803e-10,9.574040345239343e-12,4.2355777218894275e-10,0.9999938011169434,6.297843668789938e-08,2.288384585991121e-11,8.86382872482272e-13,5.198065764489002e-07,1.1991338055850065e-07,3.9481906632943264e-09,3.6775849032721908e-09,1.2692253498203243e-11,2.865242709759741e-09,6.1770899506541355e-09,6.917167727493734e-09,7.273737723245688e-10,2.0250853077774522e-11,2.0162296832104687e-10,2.8206701297578407e-13,6.412442798975349e-10,3.768740430842854e-09,9.333057660043664e-10,4,4
0.01255815289914608,0.000303827750030905,9.904328908305615e-05,5.330118437996134e-05,0.007974090054631233,0.7322061061859131,7.833828931325115e-06,5.6571647292003036e-05,0.23228798806667328,0.0003283368132542819,0.000817241205368191,0.0047321324236691,1.7444864397475612e-06,0.00208566477522254,0.0029466242995113134,0.0013141172239556909,6.665972614428028e-05,2.8538504921016283e-05,2.8853492040070705e-05,1.6113624496938428e-06,2.5777817427297123e-05,0.001982982736080885,9.288501314586028e-05,0,5
1.3700429235541378e-06,0.00013864028733223677,6.665781984338537e-05,8.157103792427733e-08,5.304570436237555e-07,0.00018243014346808195,1.910255741677247e-05,2.1640594241034705e-06,1.0420991847226446e-09,0.0005456729559227824,0.36246734857559204,4.2781984177509e-08,0.5012434720993042,2.8248956507326284e-09,1.3775828620055108e-06,2.297515777627268e-07,0.11174045503139496,2.8318550903350115e-05,0.0038612710777670145,0.009612598456442356,0.0002938112011179328,0.00017484255658928305,0.009619561024010181,16,12
0.4197806715965271,2.029604502240545e-07,0.0030195703729987144,5.596498908744252e-07,9.839962331170682e-06,0.5279900431632996,5.229506427895103e-07,4.6513905544998124e-06,0.027300678193569183,0.007341283373534679,4.4330219679977745e-05,6.1599052969540935e-06,0.010430685244500637,0.0022272360511124134,2.363978097719155e-07,3.8757590914428874e-08,8.661285164635046e-07,0.0007189519819803536,0.0006110966205596924,1.6959314734776854e-06,0.0005086562596261501,7.160700761232874e-07,1.2652033092308557e-06,10,5
0.007531255949288607,0.000995397916994989,0.00015039989375509322,4.958373210683931e-06,0.00016557374328840524,0.0002877785009332001,0.9783191084861755,0.0005727019160985947,2.3181544293038314e-06,0.001695291488431394,4.8508672989555635e-06,1.2585793228936382e-05,0.0003365413285791874,0.009851109236478806,1.0309193498869718e-07,9.317013791587669e-07,4.695856432590517e-07,2.6748279196908697e-05,3.077762812608853e-05,2.446941834932659e-06,3.200041646778118e-06,3.149788199152681e-07,5.041482836531941e-06,0,6
4.3322899045961094e-07,1.1152704246342182e-05,1.1035835086659063e-05,0.000764981668908149,1.8031643733706915e-08,3.0734206575289136e-06,8.232963182308595e-07,0.9965413212776184,2.3885838800197234e-06,2.4923653541009116e-07,3.689244522320223e-06,1.443715689219971e-07,0.00020658917492255569,2.1471561240105075e-07,1.2658053492486943e-05,1.9599503957579145e-06,3.220411963411607e-05,2.0726979528262746e-06,2.4739424588915426e-06,0.00025680422550067306,0.0001390397665090859,0.00012566526129376143,0.0018810643814504147,7,7
6.791456996779743e-08,4.6210515969313803e-10,2.2499214935578493e-07,1.2433118001808907e-07,5.61865942660944e-10,6.0578058764804155e-06,5.994022700406276e-08,2.653357284998492e-07,0.9999629259109497,1.725277911646117e-06,2.5775265385163948e-05,1.0273029715790472e-07,7.636826282464426e-09,8.513896432305046e-08,1.595085485917025e-08,1.7153881799458759e-06,3.0474112122647057e-09,1.32470248104255e-08,1.042620656477311e-08,1.131348259519882e-08,5.735745958190819e-07,6.164425769838999e-08,1.4651432955758992e-08,8,8
0.0031406553462147713,2.33161199503229e-06,0.0021666015964001417,6.71687061526427e-08,0.0060589006170630455,0.09704333543777466,1.2321035683271475e-05,8.280476038180495e-08,0.1364940106868744,0.0002951822243630886,0.005244649481028318,0.028195496648550034,1.1297030141577125e-05,0.7212872505187988,5.19383149821806e-08,1.9971082565461984e-06,2.083286290144315e-07,1.2945959497301374e-05,1.3779986929307597e-08,8.087567380243854e-07,5.99928125666338e-06,2.583564491942525e-05,5.78309400367516e-09,5,13
0.00022117109620012343,2.429620735711069e-07,0.9974564909934998,6.230497433534765e-07,0.000693147536367178,0.00045401556417346,1.4579970411432441e-05,1.0852183862652964e-07,1.7043151956386282e-06,3.478254075162113e-05,2.9224613626865903e-06,5.955385131528601e-05,6.047971965017496e-06,0.0009624897502362728,8.681627514306456e-05,1.7153250837509404e-06,1.9168005849223846e-07,4.544162095498905e-07,1.3165745258447714e-06,4.238728195105068e-07,9.102237186198181e-08,1.0528478924243245e-06,2.463730996993263e-09,2,2
0.9999247789382935,1.3420252571449964e-06,4.046198931462186e-09,1.7704765431503233e-10,2.68063526931428e-09,5.717766384805145e-07,2.283504052513763e-08,1.572833639329474e-06,6.9010852712381165e-06,1.92925335795735e-06,3.6243443446437595e-07,2.905289420596091e-06,2.4547347265979624e-08,1.3261408859932544e-08,3.639336054739317e-10,4.471890406421153e-06,7.373754495887397e-09,2.900444684428294e-08,1.4013268128110212e-06,1.438264785047494e-10,4.703378726844676e-05,4.2666377453315363e-07,6.157681127660908e-06,0,0
1.430702886891233e-12,1.395394804148964e-07,4.083449578473619e-09,3.651446089936172e-10,9.056300848131471e-12,2.421290945520127e-11,2.4049881877652446e-11,2.241222886532196e-13,1.1478033150671973e-12,8.715637989098468e-09,4.211003420961923e-11,2.471866569937753e-13,8.155096224982117e-07,9.857108185240548e-12,3.89603795189139e-13,5.4583056824375475e-11,6.612186354004734e-08,3.0915020943211857e-07,4.230854599995837e-08,0.9999985694885254,1.8148836877784902e-09,1.0588298293701115e-10,3.3684748323992153e-09,19,19
5.510080836046427e-09,2.5327366870442347e-09,0.999998927116394,7.481506081319367e-09,5.146773562891838e-10,2.1073837785934302e-07,1.7218214631853357e-09,1.290029971734441e-09,7.985224037554417e-09,7.361562666119426e-07,5.242564604657218e-09,4.864558533768104e-09,4.648964591069671e-08,4.050941271316333e-08,6.223294796159351e-11,3.125505410039864e-11,9.58777235382513e-09,1.3379164442994806e-08,1.632475488122509e-08,9.263477207532844e-10,3.770874279496184e-09,4.141337051066785e-09,6.543323174956761e-12,2,2
0.10640166699886322,0.00011299295874778181,0.0002769751299638301,2.680727993720211e-05,0.11604250967502594,0.4833486080169678,0.0009385786252096295,2.9295817967067705e-06,0.2027917355298996,0.0654289722442627,0.0028078642208129168,0.00034779810812324286,7.232087227748707e-05,0.019847817718982697,8.874274044501362e-07,5.975027670501731e-05,2.680945101474208e-07,0.0012745126150548458,7.363254553638399e-06,5.919382601859979e-07,4.829131512451568e-07,1.4388010640686844e-05,0.00019415453425608575,8,5
1.3393278095463756e-05,0.0001869469997473061,2.7685851478054246e-07,6.123550519987475e-06,3.698626755976875e-07,5.773314910584304e-07,1.3038376209806302e-06,3.989868673670571e-06,1.3598794623703725e-07,3.133187783532776e-05,2.10604503081413e-06,3.2805148748593638e-06,0.00035764864878728986,6.2154308366757505e-09,7.663329526508278e-09,8.252976613221108e-07,0.0001435580343240872,8.647837603348307e-06,0.0037526555825024843,0.00017437910719309002,1.3874627256882377e-05,0.00019424363563302904,0.9951043128967285,22,22
1.2521556413958024e-07,3.964866209571483e-06,2.922726878296089e-07,9.044399718050045e-08,6.995444779001048e-10,7.476103291992331e-09,1.2948240168952907e-07,0.000409956875955686,1.1196987514949797e-07,9.260735112093244e-08,4.85745249534375e-06,2.121779196784246e-09,0.001323521719314158,6.979282041186252e-09,2.5529578451255475e-09,1.3137361065673758e-06,0.00314623536542058,8.662810432724655e-05,1.3344363480882748e-07,0.0009521543979644775,0.008107452653348446,8.859354238666128e-06,0.9859541058540344,22,22
0.0001131421813624911,0.0008939010440371931,0.003834082745015621,6.435338582377881e-05,1.6578723034399445e-06,1.2038221029797569e-05,0.0007829992100596428,0.00014205940533429384,3.741922398603492e-07,0.8803350329399109,2.9698130674660206e-06,7.839502359274775e-06,0.04148552939295769,0.0006843147566542029,4.697674285125686e-06,4.663953134809162e-08,0.03861062601208687,5.7944398577092215e-06,0.028918443247675896,0.0011189166689291596,0.0026758185122162104,9.267086170439143e-06,0.00029607044416479766,18,9
3.6794844948673244e-10,1.3158100955479313e-06,0.000729466206394136,1.1719216708172553e-08,3.485771458144882e-07,2.3113143343689302e-10,6.434235615415673e-07,2.252692041793125e-07,8.154776159896571e-11,7.46758871628117e-07,0.0019287996692582965,7.940425206243162e-09,0.642964243888855,7.464896062403525e-11,5.55916121811606e-05,5.6600980315124616e-05,0.002038746140897274,3.928292426280677e-05,1.3606339166472026e-07,0.3351658880710602,0.01701083779335022,4.283373073121766e-06,2.7336986931914e-06,19,12
1.5579374235130672e-08,1.5551101517630173e-09,1.6416163362009684e-06,7.483657071816197e-08,8.213588771795177e-13,3.1839075376183246e-08,7.030596244073095e-11,1.9675830409404682e-10,2.994547498857969e-09,3.781916166190058e-05,9.346928919740094e-08,4.147622800765305e-10,5.623035121971043e-07,1.682731870511489e-10,1.2486440770231866e-09,3.0220919516876776e-11,0.04404843971133232,2.9295133430196074e-08,5.4318301408784464e-05,6.648029238220943e-09,0.9558568000793457,1.9179245691614e-10,8.646441784776471e-08,20,20
3.3101312055805465e-06,1.5130478914215928e-06,8.607762720203027e-05,3.273800075476174e-07,1.8531640080254874e-06,1.6817912751321273e-07,4.149677224063453e-08,2.595572550490033e-05,3.437986251242364e-08,1.4716464420416742e-06,6.751629655354918e-08,1.3438250334729673e-07,0.9896757006645203,9.907449083357278e-08,5.067200845587649e-07,1.6103723510241252e-07,9.256930934498087e-05,0.004785689990967512,2.607080773486814e-07,0.004892724100500345,0.00040225847624242306,5.620012188956025e-07,2.8512442440842278e-05,12,12
1.469430688239015e-10,1.3964754916676037e-12,3.690876597406412e-12,5.416192667972997e-13,1.0413513050795014e-16,3.5322880037602644e-11,5.652900925134929e-10,4.662075413219835e-12,5.974272465625319e-11,4.801853137337275e-08,1.0,1.1662372456644476e-10,1.9483470392600566e-10,3.490626028241489e-13,6.778875150017377e-14,3.6854861610452483e-13,1.4016108288101084e-14,5.472501271586161e-11,5.449465748444404e-13,2.359048286576515e-13,1.714287023966976e-12,1.4250564703971458e-12,4.168079943689396e-12,9,10
3.2289342925651e-05,0.011331280693411827,0.003814868861809373,0.00011945604637730867,0.0005812505260109901,0.0005973343504592776,0.0006139501929283142,0.00016978612984530628,5.2103605412412435e-06,0.0007643724675290287,0.00010193383059231564,9.472917554376181e-06,0.021728646010160446,4.598306986736134e-06,1.8700998225540388e-06,9.679478353064042e-06,0.01644774153828621,0.8672589063644409,0.00030526696355082095,0.07329211384057999,0.0005142542067915201,0.0002598774735815823,0.002035832265391946,17,17
1.0298991526269674e-07,2.847139285222511e-06,3.967701900364773e-07,1.2855484499141312e-07,4.6400430719906183e-10,1.5201882419546564e-08,0.9996335506439209,5.273578462805517e-09,8.810130402991945e-09,0.0002736370370257646,8.848072320688516e-05,4.789144636418996e-09,1.3354514294405817e-07,8.838175347136712e-08,1.3435316748022785e-10,8.365286241485137e-10,5.062417596235491e-09,1.1101842112282156e-08,1.05129828398276e-07,4.080612292511887e-09,4.975953515895526e-07,9.406670997691435e-10,6.344887726328352e-09,6,6
5.6876029702834785e-05,6.54673593114552e-10,1.55283970570963e-07,2.90672890201904e-08,0.9991121888160706,7.511732110287994e-05,1.0447612339703483e-06,1.633128410283291e-09,5.252249191123326e-10,0.00025967269903048873,1.9814835994225177e-08,0.00014167929475661367,9.494347978034057e-06,0.00031737698009237647,1.032109503285028e-05,3.6452519225349533e-07,1.4946751434763428e-05,2.8215037417567146e-08,5.036010293224535e-07,2.4853952140801994e-07,2.3080284350385227e-08,9.648013055141291e-09,3.411140925280165e-09,4,4
2.0931898689013906e-05,0.003164406167343259,0.10915182530879974,0.0014265545178204775,1.7292242660005286e-07,6.347804446704686e-05,4.896603059023619e-05,0.0003311946929898113,1.210823938890826e-05,0.00021808563906233758,7.977031782502308e-05,1.9250825289418572e-07,0.007515808567404747,1.09784505184507e-05,8.432422049509114e-08,5.758028720492803e-08,0.24867942929267883,5.8656387409428135e-05,0.017267830669879913,5.7579934946261346e-05,0.007050083484500647,0.591499388217926,0.013342397287487984,21,21
5.634687113342807e-06,1.7531685825300514e-10,0.9999521970748901,4.9552358744042735e-11,1.586926828167634e-06,4.037200142192887e-06,3.02525876350046e-07,1.3142127954779426e-06,2.2297513169178274e-06,5.224649612500798e-06,1.0337183084629942e-05,3.5128391573380213e-06,7.974905429364298e-07,1.1687753612932283e-05,8.02733346461082e-09,5.600589929599664e-07,2.7498247234802875e-08,3.8177302030817373e-07,1.5586717694304753e-08,9.247748522511756e-08,3.036981865989219e-08,7.184821182448786e-09,8.693654303393306e-12,2,2
1.8355864312979975e-06,1.1372188964742236e-05,0.00022823514882475138,1.6060435203968382e-09,4.0068847795282636e-08,8.798169659485211e-08,1.4701087138746516e-06,8.870349788026033e-09,2.0829010338729859e-07,7.64389187679626e-05,0.00014521004050038755,1.0485476309440855e-07,0.9937412142753601,1.7432673082851124e-09,6.20604367895794e-08,2.5881497833779576e-08,0.002966406522318721,0.000582035630941391,1.681515755080909e-06,0.0007578004151582718,0.0005551556823775172,3.464610642822663e-07,0.0009302433463744819,19,12
1.12712530153658e-06,1.0181859579461161e-05,0.0006981551414355636,4.24758034300865e-10,2.4844464405759936e-06,7.989702233146545e-09,1.7326326542388415e-06,7.353379487540224e-07,1.1007938560680941e-08,2.488940481271129e-06,8.876063475327101e-07,3.3629887639108347e-06,0.8753209114074707,5.304455541477182e-08,2.156241833972672e-07,7.850497240724508e-06,5.290489207254723e-05,0.00025994499446824193,1.5824182852952617e-08,0.1229209154844284,0.000715853413566947,5.429581229066116e-09,1.979633736937103e-07,12,12
0.07886158674955368,6.24894596512604e-07,0.0006086123757995665,0.0007044394151307642,0.0016840070020407438,0.4394533038139343,6.018368367222138e-05,9.651597065385431e-05,8.011793397599831e-05,0.029782185330986977,1.24852049339097e-05,0.0008533830987289548,0.126451313495636,0.017524100840091705,0.00029577489476650953,4.3518545567167166e-07,1.1952653267144342e-06,1.96936398424441e-05,0.3022250831127167,6.791724445065483e-05,0.0009992956183850765,0.00020999078697059304,7.846822882129345e-06,5,5
3.839217606582679e-05,1.1122649539174745e-06,0.0008107221219688654,0.0006978817982599139,0.03400834649801254,0.022304590791463852,6.591787678189576e-05,5.306999355525477e-07,6.358877726597711e-07,0.053100861608982086,4.923143478663405e-06,4.275386527297087e-05,0.01735997013747692,2.7548558136913925e-05,0.0008475439972244203,1.3006976587348618e-05,0.005417341366410255,0.7474747896194458,0.0027805007994174957,0.11499221622943878,4.4636326492764056e-06,1.390440473869603e-07,5.860903002030682e-06,17,17
1.2304359753301242e-09,4.5541070914367765e-12,1.270584304435829e-09,3.215216182184122e-08,6.803873731087151e-08,2.313599267722566e-08,8.90147539012176e-11,4.2896006746673265e-09,7.645986066506794e-10,7.391943501744436e-09,1.798406401576358e-08,1.3058584213965219e-09,5.321757479137545e-10,1.1718250902958971e-07,0.9999985694885254,1.2469547527871327e-06,4.009268028681845e-09,3.960098915456456e-11,8.27115087531638e-09,9.456558452969333e-11,4.915010065609238e-10,1.449552838872492e-10,1.0194438175570308e-11,14,14
6.360105150871043e-12,1.2001086133750505e-06,1.6172605228348402e-06,8.449287633993663e-07,3.692887141915069e-12,1.1032965513413373e-10,1.3201081401348347e-06,6.895906778936478e-08,2.326450664058566e-12,6.125584150140639e-06,9.106894682808786e-10,7.770141474683356e-11,0.006083247251808643,1.5200486702671157e-11,3.771289946996603e-10,2.531301279695697e-10,2.709832006075885e-05,1.0779471267596819e-05,1.1943488971155602e-05,0.9938364624977112,7.679445843677968e-06,2.553122602222402e-09,1.158549275714904e-05,19,19
1.4922761693014763e-07,3.090950713158236e-07,3.0472258050195933e-09,1.0300579589284098e-07,1.8967350357002033e-08,0.0054283225908875465,1.1205169414552074e-07,1.9088167491077e-08,0.9925183057785034,2.289369331265334e-05,0.0020256340503692627,7.234656607124634e-08,1.7736451241034956e-07,1.3623250652017305e-06,2.0024515379191143e-10,1.757310741368201e-08,3.894026490147695e-10,6.383429962397713e-08,1.5734377134535293e-09,1.801179081439841e-07,5.921245929130237e-07,1.5155910659814253e-07,1.4979746083554346e-06,8,8
9.140202195112579e-08,4.165895006735809e-06,1.462499199078593e-06,6.683534365947708e-07,4.086875726727612e-09,2.3453660560335265e-06,1.659820298982595e-07,5.085479187982855e-06,3.3055366088774463e-07,3.841574198304443e-06,2.468756247253623e-05,6.780815353657488e-10,0.00033372468897141516,8.99996699388339e-09,4.716950570582412e-06,3.883870647314325e-08,0.0009094345732592046,6.514374604194018e-07,0.6030665040016174,8.402195817325264e-06,0.3944350779056549,0.00011328738037263975,0.0010853307321667671,18,18
4.9747963970503406e-08,4.8190898382927116e-08,1.2838870411258085e-08,5.595896368504327e-08,1.1005597475022277e-11,7.955522463021225e-09,7.292993764451694e-09,2.960709011290419e-09,7.924813161253041e-08,0.0002005652931984514,1.748939553181117e-06,2.085057682066349e-10,1.5600180702790567e-08,6.5513675213957345e-12,8.055834471720758e-11,2.2212347239314312e-10,9.61905789154116e-06,2.754467320897902e-09,1.3505513379641343e-05,8.36911318025102e-10,0.9997742772102356,1.1957553835983958e-09,5.1221094032882775e-09,20,20
1.7987964895382902e-07,5.7906124339979215e-08,1.7563844494361547e-06,2.225839779157468e-07,0.00015505493502132595,1.2852979125455022e-07,1.3534452669716757e-08,8.704812870519163e-09,2.844673663293662e-10,1.9335359979777422e-08,2.9074558316466437e-09,2.5770818812276275e-09,0.00027551891980692744,1.7387865369755673e-08,1.8484298536236565e-09,1.8609705421113176e-07,1.3171608088669018e-06,0.9947584271430969,7.382678468559334e-09,0.004806370474398136,4.144578724663006e-07,3.0153919361453063e-09,2.449668841109087e-07,17,17
0.361757755279541,0.006283947732299566,0.000748097721952945,0.00022617141075897962,0.000447352445917204,0.0023724192287772894,0.13983172178268433,0.004339191596955061,0.0009390995837748051,0.02596106193959713,0.0007793636177666485,0.00010795510024763644,0.00012949832307640463,0.00022302719298750162,4.35241854574997e-05,8.824207179713994e-05,0.0002853780169971287,8.407507266383618e-06,0.0033290714491158724,1.2517857612692751e-05,0.004234692547470331,0.4478186070919037,3.28454771079123e-05,0,21
2.9313689083210193e-05,1.795879533972311e-08,1.5409037601443742e-08,1.4194707546266727e-05,1.5517576557044777e-08,6.150172703200951e-05,1.7693511153993313e-06,8.486181712896723e-08,1.0670852361727157e-06,0.036657530814409256,0.012023994699120522,0.9511287212371826,5.599053451987857e-07,9.099804628931452e-06,3.545273585814357e-08,4.091806431461009e-07,2.573201527411584e-07,1.8981415905727772e-07,5.522166611626744e-05,1.0539314416746492e-06,1.4710447082677547e-08,4.524821406448609e-09,1.50882715388434e-05,11,11
0.13932962715625763,1.3013080888413242e-06,0.0098041333258152,9.04855623957701e-05,0.026744838804006577,0.013962850905954838,0.0008551647188141942,3.806590029853396e-05,0.0037560113705694675,0.13474228978157043,7.108758290996775e-05,0.003166012931615114,7.403050403809175e-05,0.6650661826133728,0.0010037785395979881,5.123831579112448e-05,0.0003662853850983083,2.351051307414309e-06,0.0007536093471571803,8.364532959603821e-07,0.00011483577691251412,3.778283598876442e-06,1.215138468069199e-06,5,13
1.6234477016041637e-06,8.820355112959533e-09,7.295719115063548e-05,3.578074483812088e-06,5.395864945967332e-07,1.8891658328357153e-05,5.7683453569268295e-09,5.382646008911252e-07,0.0026056370697915554,6.010923607391305e-05,0.01563164032995701,0.00030871329363435507,6.068412403692491e-07,3.95016786569613e-06,0.7672092914581299,0.2140394151210785,1.1613853700964683e-07,8.051615623116959e-07,1.3945107639301568e-05,2.9512093533412553e-06,2.452957232890185e-05,1.1704963753800257e-07,3.5637064854654454e-08,14,14
0.0006717644282616675,0.02337321825325489,0.006788016762584448,0.000458185444585979,9.86518989520846e-06,0.00043660527444444597,0.29937198758125305,0.006603154819458723,2.4250363495070815e-08,0.09424354135990143,0.09318237751722336,3.3091724617406726e-05,0.2931342124938965,5.395855623646639e-06,2.40341273638478e-06,4.123598409933038e-05,0.002576296916231513,0.0007829685928300023,0.002347031608223915,0.014157328754663467,0.00010327607742510736,0.002895253710448742,0.1587827354669571,9,6
7.966036719153635e-08,4.2485992501895e-09,3.071391674325241e-08,6.596982984774513e-06,3.4945594507007627e-07,1.362283273920184e-05,3.9220120129357383e-07,2.099236780850333e-06,1.0416681561764563e-06,0.0003722611872944981,0.0004130785819143057,4.806623837794177e-05,6.7800449699007e-08,3.709431553033937e-07,0.9987626075744629,0.00035953681799583137,5.845586237285261e-09,3.760570077560033e-09,1.9135006368742324e-05,5.57350823271463e-08,6.767800186935347e-07,8.958672026437853e-09,2.9431616255237714e-08,14,14
3.58670973810149e-07,1.9045365284853233e-09,9.902983038045932e-06,1.7135665757450624e-06,7.211869768042334e-09,0.0009795272490009665,1.2679281098826323e-05,2.3658542431803653e-06,1.0809781088028103e-06,0.9986181259155273,2.9570568926828855e-07,6.432456757465843e-06,3.0152529006954865e-07,9.252302334061824e-06,2.716442395467311e-07,4.0745181451029566e-08,7.417485514693567e-10,9.253822708110704e-11,0.00014267770166043192,9.704019809930742e-09,0.0002149683568859473,4.2813000367125653e-10,5.1864807587564954e-11,9,9
4.312803866923787e-06,2.414671795847312e-10,1.1151750634041946e-09,9.498161979148989e-11,6.906992772864884e-12,6.223914539305042e-08,1.1940898730244953e-05,1.2719773012648261e-09,4.1004329887073254e-07,0.024388907477259636,0.9755275249481201,6.55416733934544e-05,1.2053739055772894e-06,2.9143074620208154e-09,1.2140243671465711e-11,8.285807595598271e-10,6.608872520422193e-13,2.36908590522944e-08,2.772421936469982e-08,1.4633836364907893e-09,1.736710997235491e-09,2.9906478227030575e-13,1.504550617426048e-08,10,10
2.3600269116741401e-07,4.675810294507698e-10,4.37954703613741e-08,1.6248868917045911e-09,2.8692133113850105e-09,5.0008459595574095e-08,3.157984806989589e-08,3.302977891195269e-10,2.7410173089603695e-11,2.25622258653857e-07,1.2642495939019227e-09,1.2525828374521097e-08,0.998246431350708,1.2717488173663583e-10,8.42685976554236e-10,2.988554126392984e-10,2.0902566788549848e-08,3.1111044336284976e-06,8.041230792343868e-09,0.0017494866624474525,7.863024364951343e-08,1.2206577082451986e-08,2.552281728185335e-07,12,12
7.468793683074182e-06,4.260566566216539e-09,0.9999362230300903,4.665837707307219e-07,1.3844096979909182e-09,1.0639016636559973e-06,2.3240341207042547e-08,2.879240135200689e-08,1.0807649459820823e-06,1.042080475599505e-05,7.617711048624187e-07,3.001735649377224e-06,3.235351323382929e-05,8.64273090428469e-07,8.934142314842575e-10,1.5127414876303646e-09,1.2285426009839284e-08,5.203100499784341e-06,2.030575041445104e-09,1.0910962373600341e-06,4.542017606468107e-08,1.4368131573405662e-08,7.708144539320116e-11,2,2
2.9018670133496016e-08,0.9999573230743408,1.5271076847511722e-07,9.960951334597734e-12,1.9902493281903633e-12,1.6024629539979074e-11,9.162270941942552e-09,1.6893975107734605e-10,1.0516286626238713e-11,4.220314076519571e-05,6.91128443364164e-09,1.465316583348919e-12,8.200393608603918e-08,4.302269096534417e-10,1.9696301881144684e-12,2.6850077716744636e-11,3.1029321334585802e-09,2.5332761929841574e-11,8.251353733612632e-08,1.6699743810022483e-09,3.2175340169970923e-10,1.0089484803188498e-11,9.370611309122978e-08,1,1
2.0152912227899833e-08,1.894202455332561e-06,9.377044420944003e-07,5.877962006017867e-11,4.0979140081276455e-09,2.5930260605377953e-08,1.5494308058805473e-07,1.92992324343777e-08,2.3473301080656483e-09,4.4055872422177345e-05,3.752502834686311e-06,6.987476153241801e-10,1.3840773135598283e-05,3.995504448128795e-12,3.980087015520439e-08,2.3425022277479002e-07,7.4202548603352625e-06,3.793062575141448e-08,0.009951681829988956,6.766203455299546e-07,8.118321375150117e-07,4.706048439828692e-09,0.989974319934845,22,22
1.6873449567356147e-05,6.719604357385833e-07,0.0004064985259901732,0.0001349388767266646,0.001191525487229228,6.98697695042938e-05,2.223920455435291e-05,2.7106169000035152e-05,4.089512728455702e-08,3.375328378751874e-05,5.044877227078359e-08,6.518381496789516e-07,0.3343683183193207,6.168238178361207e-05,9.897853487927932e-06,1.9416904706304194e-07,1.9234978026361205e-05,0.0005092020146548748,1.1793616067734547e-05,0.6630706787109375,4.1004925151355565e-05,3.514192258080584e-06,2.401058907253173e-07,19,19
2.33788127745882e-10,0.9999994039535522,1.4646428514453191e-09,7.942040913810899e-10,1.0430300015611821e-13,1.1682781131394648e-10,1.6758560761331864e-08,1.0266312955309331e-07,1.47858708241487e-13,7.347110475564023e-09,5.234174427215521e-09,9.566203081415314e-13,4.958602417559632e-10,5.204510955536534e-08,4.153960855846073e-11,7.784161509816201e-11,1.6836397553898763e-10,5.1875435370940526e-12,5.176314061827725e-07,3.244774449129295e-10,4.908587980523293e-10,1.2586337527764613e-09,2.6170346445475445e-10,1,1
1.403517035925006e-08,3.0483504175754517e-12,0.9999998807907104,5.2924671589682504e-11,9.725767968760124e-10,4.3872495913976906e-11,2.3872167263794264e-12,2.925808206821756e-10,1.9624035729748357e-10,3.175314233772042e-08,8.354950759015267e-11,9.817760493469052e-11,7.834444204490865e-09,1.861074294673415e-09,4.609894688201166e-09,2.6324740998173723e-11,1.1906321617516369e-07,2.687420286306974e-09,1.5298970978960824e-09,2.879517978227053e-11,1.0976992925737505e-10,5.444907111989972e-12,5.040941080357297e-13,2,2
1.982954600521225e-08,6.83411729984762e-11,9.970984393703475e-08,6.025792753661108e-09,6.433915586967487e-06,2.5318379925920453e-07,5.282217996338545e-10,5.294776839193105e-10,5.365426852810273e-12,8.29431598958763e-08,3.1671962275048315e-10,2.0722131566230928e-08,0.9979962110519409,2.7496473986587944e-09,2.77664440773151e-07,1.1194903670741496e-08,1.2817008565590982e-09,1.7486518117948435e-06,2.8011600150534832e-08,0.001994926715269685,2.461145953702726e-09,3.2888872181224826e-10,4.914911144737744e-09,12,12
4.624161374522373e-05,0.00022966490359976888,7.514810931752436e-06,0.16063033044338226,9.52681148191914e-06,0.00011205876216990873,7.745969696770771e-07,3.0690382573084207e-06,0.0006904177716933191,5.396039705374278e-05,0.0002031869807979092,1.573396730236709e-05,2.3447421426681103e-06,1.1442982213338837e-05,6.156654853839427e-05,0.0001464821834815666,0.0004138394433539361,6.49377807349083e-06,0.0011000217637047172,6.541972834384069e-05,0.528215229511261,0.3079693615436554,5.274704108160222e-06,21,20
0.013990357518196106,2.6258689445057826e-07,1.0521014701225795e-05,3.947188815800473e-07,0.01430075615644455,0.84296053647995,0.0003232892486266792,1.0491190778338932e-06,0.04561276361346245,0.011487769894301891,0.07011758536100388,0.0005159414722584188,0.00013066876272205263,0.0003120908804703504,4.883078759121418e-07,6.912409389769891e-06,1.5143361906666541e-06,0.00018129730597138405,3.439202487243165e-07,1.2518410130724078e-06,4.103679384570569e-05,7.60253044518322e-07,2.4521009436284658e-06,5,5
1.1668587376334472e-06,0.00043632547021843493,0.46824854612350464,3.9069516333256615e-07,1.0065186906160761e-08,0.0002812812163028866,0.00671391561627388,4.604993648626987e-07,2.296559387104935e-07,0.010290940292179585,0.4972405433654785,6.470711014117114e-06,0.012756542302668095,1.774329483339443e-08,5.940695402273377e-08,2.2394199561404093e-07,4.244589581503533e-05,4.838160293729743e-06,0.0011795442551374435,0.0003628968552220613,3.1842238968238235e-05,0.0023104443680495024,9.080280869966373e-05,18,10
0.002468268619850278,0.0011128673795610666,0.0005689429235644639,0.0026372901629656553,0.003207981586456299,1.4279228707891889e-05,2.5096582248806953e-05,0.007332212757319212,0.0001685266470303759,0.0003210291906725615,0.00044480193173512816,7.679073860344943e-06,0.17205852270126343,1.2211074135848321e-05,0.0001416042068740353,8.760244236327708e-05,0.0917687937617302,0.3150094449520111,0.00028198014479130507,0.024814315140247345,0.04388248920440674,0.007611413951963186,0.3260226845741272,17,22
2.4564678824390285e-07,1.0917847248492762e-06,2.091051464958582e-05,4.1694921820711883e-11,1.9726962285915306e-09,7.019116310402751e-08,1.048509190582081e-08,4.3153299600362516e-08,1.5184500323783823e-09,3.364296929930788e-08,2.3755535494274227e-07,6.572864030829351e-09,0.9380170702934265,3.977768114893365e-11,2.4869552597839295e-11,6.824168452546076e-10,2.2528985937242396e-05,0.06014067307114601,4.42974545933339e-09,0.001443409826606512,0.0003486548666842282,8.039260706027562e-07,4.200818239041837e-06,17,12
0.0005206653149798512,5.8362394916855465e-09,2.186521363967131e-08,1.8756458075586124e-07,3.384807101269871e-08,0.0006413586088456213,0.00011711232218658552,6.115183026622617e-09,1.2916733282963833e-07,0.554522693157196,0.4432772994041443,0.00048308909754268825,0.0004036086902488023,9.457720807404257e-06,3.8079167596904995e-10,1.9206600754273495e-09,1.8892236386403027e-10,4.847770469496027e-07,2.195042725361418e-05,2.2455402870491525e-08,1.2078204214560628e-08,7.248408540050377e-10,1.947063310581143e-06,10,9
8.149063069140539e-05,0.0016044245567172766,0.0003789487527683377,5.8321707911090925e-05,4.420228378876345e-07,0.00048022810369729996,0.0007186555885709822,0.64010089635849,1.570044332765974e-05,0.009177367202937603,2.8489484975580126e-05,3.146877247672819e-07,0.0029278129804879427,2.212785511801485e-05,1.782345316314604e-05,2.405947270744946e-05,0.0015446097822859883,0.0001779581216396764,0.00018901981820818037,0.0015283537795767188,1.4231266504793894e-05,0.00014008019934408367,0.3407686948776245,7,7
1.9200474525860045e-06,0.99991774559021,1.3081773886369774e-07,1.7054380130332447e-09,2.7806865143809034e-10,8.182274768842035e-08,1.8362320020059997e-07,3.6636205180684556e-08,7.3154131641217646e-09,1.3505692777471268e-06,7.519989821958006e-07,2.1782274595150142e-10,2.1668613499059575e-06,3.765403960853675e-11,5.266903449832605e-13,1.4548227900146316e-10,3.7109355588427206e-09,6.343316636048257e-05,6.221550847840263e-07,3.4652871363505255e-06,4.0659888327354565e-06,3.930364073312376e-06,1.1794381293839251e-07,1,1
4.394726147438632e-06,1.0133084771268841e-07,9.32328766793944e-05,2.078482808087756e-08,2.4527923869754886e-07,6.990217826796652e-08,1.1237667685293218e-08,1.4116016799903264e-08,6.47393960662157e-08,2.091006308546639e-06,3.4555874606212456e-08,2.8123122319811955e-05,0.6976975798606873,3.4785652136548606e-09,2.4306696104758885e-06,1.865681042545475e-06,2.3263937691808678e-05,0.0007492275326512754,1.090398768610612e-06,0.3013802170753479,1.4961724446038716e-05,8.047629762586439e-07,6.900245352881029e-08,12,12
3.7516335282816726e-07,1.0290648333466379e-07,1.5339910532929935e-05,1.1707341940336846e-07,5.191814686500429e-11,1.8870049700581148e-07,0.005204581189900637,7.64694923418574e-05,1.2856276043748949e-08,0.9946204423904419,8.99541555554606e-06,2.720341285566974e-07,5.473182227433426e-06,2.510569174773991e-07,4.481377047227397e-09,3.371424739384565e-08,1.8308516924747664e-09,5.107624989619808e-09,6.68179418426007e-05,1.7133793051016255e-07,3.66611146773721e-07,1.372994773429781e-10,7.0154273501543685e-09,9,9
1.3549532162926425e-08,8.076152369085321e-08,7.435021132096153e-08,1.5551520959888876e-07,3.510926549488147e-10,1.271614138431687e-07,2.700541346101204e-09,1.7953868391984429e-09,3.0442284977560963e-12,3.6990311400586506e-06,1.5123383434456628e-08,7.452122252615823e-10,0.9995166063308716,6.345603209556572e-11,7.046591576909123e-08,5.334918271038269e-11,1.2815802108434582e-07,3.8267451600404456e-05,2.677497650438454e-05,0.00040900541353039443,4.391891252453206e-06,3.5505362916410377e-07,3.4088043321389705e-07,12,12
0.9925478100776672,5.2564511861419305e-05,0.0003327728481963277,8.390758011955768e-06,2.8839599508501124e-06,3.6104669561609626e-05,0.00014449653099291027,2.3096204131434206e-06,2.522663407944492e-06,0.004755393136292696,6.179735692057875e-07,3.633915548562072e-05,2.0136897092015715e-06,0.0008211290696635842,1.6645298472894865e-08,4.821272341359872e-07,2.9092263503116556e-05,8.172692673724669e-07,0.00011708249076036736,9.247644428000967e-09,0.001105342642404139,1.3939351219960372e-06,3.8412446201618877e-07,0,0
1.9711164644942158e-10,0.9999285936355591,2.608140857773833e-05,4.305256706693683e-10,3.559752861405363e-14,3.8559603426913114e-11,1.0740102557305065e-10,8.269415707751193e-10,6.460653409826045e-13,2.2308174720819807e-06,9.379967877976014e-07,1.0134334506566728e-13,8.414887133767479e-07,2.634488764294285e-13,1.183419029437971e-09,9.138690693077933e-09,1.6871635200033097e-09,5.893673460377613e-07,6.333329110930208e-06,3.4371296351309866e-05,2.6514268558486265e-09,8.80538364445016e-10,2.585337721683345e-09,1,1
1.0160200645259465e-06,1.49415015471277e-07,6.869925073260674e-07,1.1964531267949496e-06,4.4319374836732095e-09,1.905758182374484e-07,1.017673909586847e-07,5.530127467068269e-10,1.3733542303384638e-08,1.510037236585049e-06,5.80288287892472e-05,1.9028996689485211e-07,0.009610225446522236,5.270486824748843e-10,1.3340354376722985e-09,1.7235407767657307e-07,0.014592648483812809,0.8470809459686279,1.9959827568527544e-06,0.12815003097057343,0.0004928994458168745,3.2831796943355585e-06,4.775463821715675e-06,17,17
1.0456079735376989e-06,4.93817651658901e-06,6.066627520340262e-06,1.3512914745494875e-11,1.862736667135323e-07,2.7881056666956283e-05,2.408964228095556e-08,1.1267914032941917e-06,8.559873698743559e-09,2.2944481315789744e-05,0.9987791180610657,1.5903638939107623e-07,0.00014109442417975515,1.992041731568861e-08,0.0001655704400036484,0.0007962341769598424,1.3258215858513722e-07,6.362122917380475e-07,1.5888562074906076e-06,3.8903937820577994e-05,1.2168256944278255e-05,1.493340562319645e-07,6.256135054449885e-10,10,10
1.369956095231828e-07,6.751451564923627e-06,1.8923731204267824e-06,2.109088200086262e-06,1.902872703851699e-08,0.0008143502636812627,1.6636144209769554e-05,2.0608797512977617e-06,0.16417764127254486,0.0008035022765398026,0.8341341018676758,6.274198312894441e-06,1.941787388659577e-07,6.159343229228398e-06,4.5436813422838895e-08,1.6937339069045265e-06,9.935979505826253e-08,1.6875851827080623e-07,1.3986015900968596e-08,6.932404176041018e-06,1.075969407793309e-06,1.4527846360579133e-05,3.579570375222829e-06,8,10
0.14779986441135406,1.2029133813484805e-06,0.03241393342614174,4.1018969909600855e-07,0.0011069753672927618,0.022128749638795853,0.00013517189654521644,5.266758762445534e-07,0.2793040871620178,0.4392978549003601,0.0004026234382763505,0.0748315304517746,9.581658378010616e-05,0.002184620127081871,8.555591790582184e-08,5.299814802128822e-06,1.8592756532598287e-05,0.00012797779345419258,4.333784818300046e-05,2.4307398689416004e-06,7.042737706797197e-05,2.3093888046332722e-07,2.8233307602931745e-05,5,9
3.3173301883238082e-09,8.975957320076985e-14,1.9614645463406077e-09,2.217756422950856e-09,1.7147660244867802e-13,1.0682751558355186e-11,2.0840216166106984e-05,8.646881178719923e-05,1.924100635763981e-11,0.9998927116394043,1.438669516851121e-09,1.787729131397242e-10,1.1782062436793694e-08,2.041687565540462e-12,2.4990325364626642e-09,2.506573837379733e-10,1.5544832088210114e-10,1.3576991961250506e-11,3.076198851204026e-08,3.358647804319048e-10,1.3579932733875921e-09,1.6856365931944403e-16,7.874842444799413e-10,9,9
4.382730267593615e-08,1.2470623289573268e-07,1.8497636119718663e-05,6.592978252228932e-07,1.8409782569506206e-05,5.561992679758987e-07,1.678961275564106e-10,2.6143437636960698e-08,6.758375192816857e-09,8.648497029639657e-09,2.4084909622246187e-09,3.5067539982946982e-09,4.918394552078098e-05,5.248816705716308e-07,3.632158893651649e-07,7.808380360074807e-07,1.5183401046670042e-05,0.056539375334978104,5.672210136253852e-06,0.9433502554893494,2.2589932768823928e-07,7.411253477584978e-08,8.495130998653622e-08,19,19
0.04505322128534317,2.643959987835842e-06,0.001191606279462576,4.558391992759425e-06,0.1668042242527008,0.4398120045661926,0.0013389064697548747,2.9227883715066127e-05,0.0003470432129688561,0.3164985179901123,0.0004030911950394511,0.009806498885154724,0.00010572941391728818,0.018254367634654045,3.103468407061882e-05,0.0002091678325086832,2.855304046534002e-06,1.744769178912975e-05,1.729964083097002e-06,3.5872160424332833e-06,1.4764435718461755e-06,4.2504139855736867e-05,3.8659924030071124e-05,9,5
1.692329306024476e-06,7.434906729031354e-05,0.0009989339159801602,4.204090600978816e-06,8.416745345130039e-08,2.1126315914443694e-06,6.378295802278444e-05,0.09947150200605392,6.591973487957148e-06,0.3214998245239258,0.005612258333712816,3.0916075388631725e-07,0.003416928928345442,7.547632776550017e-07,3.063198528252542e-05,0.00012566563964355737,0.0015220118220895529,7.092894520610571e-05,0.0020043193362653255,0.0021883072331547737,0.23136766254901886,6.009004209772684e-07,0.33153659105300903,9,22
6.324025747517226e-08,0.007049285341054201,2.1393739757513686e-07,1.565762431710027e-05,1.2643408808798995e-06,5.431336713712653e-09,1.4419335457205307e-05,1.266045273951022e-05,1.8572592352938955e-08,0.00028057667077519,3.997269595856778e-05,4.721683311004199e-08,0.005271758884191513,5.724925533634462e-10,3.840774752461584e-06,2.0408404566296667e-07,0.581509530544281,8.107203029794618e-06,1.7109085092670284e-05,0.2667476534843445,0.00715738395228982,7.911794091342017e-05,0.1317911148071289,9,16
0.24777859449386597,1.592142325534951e-05,1.4474469480774133e-06,1.6519046539542614e-06,0.021107342094182968,0.640726625919342,3.5658435081131756e-05,1.912554097316388e-07,0.0569504052400589,0.0023752632550895214,0.030231885612010956,0.0002345851535210386,3.1390438380185515e-05,0.00019927941320929676,8.990431865640858e-08,1.0275212503074727e-07,5.706222623302892e-07,4.93465231556911e-05,2.330482311663218e-05,1.3591858305517235e-07,2.2624728899245383e-06,0.0001746060879668221,5.9333575336495414e-05,5,5
0.016162917017936707,1.990559212572407e-05,0.03554008528590202,0.0003828359767794609,0.04068804904818535,0.8523404002189636,0.00016001191397663206,4.030720901937457e-06,0.00038964394479990005,0.0037965152878314257,0.0022077420726418495,0.010036704130470753,0.00045472432975657284,0.03557785227894783,3.7341287679737434e-05,2.608974455142743e-06,9.106094694288913e-06,8.422555765719153e-06,3.4851059353968594e-06,7.336775524890982e-06,1.6954794773482718e-05,0.002150655956938863,2.67499467554444e-06,2,5
1.0370309837526293e-06,2.8806061891373247e-06,6.562996812675692e-09,3.4726465401035966e-06,5.540080200150399e-11,3.5325576845934847e-06,0.9755626916885376,1.8833847548194171e-07,1.4534423442569278e-08,0.020860329270362854,0.003564993618056178,8.001129536694407e-09,5.820154669322619e-08,1.743365984907541e-08,6.81953729597673e-11,2.8941368745982743e-10,1.638660734881725e-10,1.689863537990277e-08,5.092369974590838e-07,2.6366964167579e-09,6.549932152211113e-08,3.899526257455932e-10,1.504515267924944e-07,6,6
0.6383294463157654,1.4507264495478012e-05,0.0005973353981971741,6.049237413208175e-07,0.008403975516557693,0.11068123579025269,0.00011147939221700653,4.1560186218703166e-05,0.016064492985606194,0.027380388230085373,0.004178753588348627,0.18200473487377167,5.431854151538573e-05,0.010743672959506512,6.170778215164319e-05,0.0008802156080491841,7.590118002553936e-06,0.00011978736438322812,2.5557792469044216e-05,7.81098242441658e-06,0.0001354406267637387,0.00014540734991896898,9.79507512965938e-06,11,0
0.0008901660912670195,0.006616941653192043,0.002274255035445094,2.3006491574051324e-06,0.00011667221406241879,0.0007047089748084545,0.00019059253099840134,0.07884776592254639,0.0185171440243721,0.0005503054126165807,0.004714190494269133,1.6505508028785698e-05,0.5096691846847534,8.122072472360742e-07,2.1244515480134396e-08,5.398843541115639e-07,0.0015962531324476004,0.28952568769454956,1.2654217016461189e-06,0.03706416115164757,0.00892434362322092,0.03664524108171463,0.0031311381608247757,17,12
9.682574273028877e-06,8.952485974766944e-11,2.667092928732018e-07,5.05395014727128e-09,1.5007858564786147e-06,1.148067804024322e-05,5.33909734201643e-08,1.301840146794575e-08,6.369726179400459e-05,0.9519020318984985,0.04756614938378334,4.195363999315305e-06,5.496131549875827e-08,9.606842432674512e-09,0.0003358872199896723,9.671070438344032e-05,8.714393789910346e-12,2.199449372630724e-10,8.18175703898305e-06,1.017398734703967e-10,1.8048975647388943e-08,3.07044167868753e-10,1.0328407284987406e-07,9,9
0.007539455778896809,1.553166839585174e-05,3.568786269170232e-06,2.497768747389273e-08,1.6599112484527723e-07,0.0402623675763607,9.063179362556184e-08,3.890088919433765e-06,0.006629158742725849,0.0011085087899118662,0.19509515166282654,0.7486129403114319,1.3942373698228039e-05,3.380298221600242e-05,1.7527900908476113e-08,1.1003139661625028e-06,2.440690991534211e-07,6.00371349719353e-05,1.1207373063371051e-05,6.978284545766655e-07,5.240074096946046e-05,4.004336915386375e-06,0.0005516570527106524,11,11
0.0027471231296658516,3.600619675125927e-05,0.06159009411931038,2.565198883530684e-06,3.222330633434467e-05,0.006111172493547201,0.000593404343817383,7.628976891282946e-05,0.00026215045363642275,0.902556300163269,0.01657223515212536,0.006197227165102959,0.0002596813428681344,0.002435884205624461,4.052578788105166e-06,1.7969399777939543e-05,1.9191502360627055e-06,7.921166798041668e-06,0.0003580855845939368,4.290560809749877e-06,0.00011663782061077654,3.8852290344948415e-06,1.289081592403818e-05,10,9
4.636670382751618e-06,3.823459948648633e-08,5.7991162094594984e-08,6.523670776914514e-07,2.1759103674412472e-07,8.070025614870246e-06,2.718895984799019e-06,1.7076888525480172e-06,7.779881183722637e-10,4.755710506287869e-06,6.517498007951872e-08,2.8861627470178064e-06,0.9967400431632996,8.137108764572076e-09,1.8259704859246995e-08,1.4579248031054703e-08,2.022265164214332e-07,0.0011060491669923067,3.171901141740818e-08,0.00211932510137558,1.94342987924756e-06,2.257920868942165e-06,4.345877641753759e-06,12,12
0.18914254009723663,0.0010176320793107152,0.020897798240184784,0.00018739223014563322,0.00018355455540586263,0.3813699781894684,0.00016247073654085398,0.0029450347647070885,0.04389878362417221,0.04134337604045868,3.3150015951832756e-05,4.3631429434753954e-05,0.0020896142814308405,0.0009436354739591479,3.8122648220451083e-06,6.84993137838319e-05,0.0004953889292664826,0.28513965010643005,0.00018274656031280756,0.026173081248998642,0.0030516288243234158,0.00039624577038921416,0.00023045581474434584,4,5
1.091895455829217e-06,1.3745585420110729e-05,7.436322630383074e-05,0.0036729536950588226,7.75518742557324e-07,9.225524991052225e-06,0.00015345728024840355,0.9919860363006592,3.3431060728617013e-06,2.2147289200802334e-05,2.8007638320559636e-05,7.2164002631325275e-06,2.31129251915263e-05,0.0017176757100969553,4.436275048647076e-05,5.923486241954379e-05,0.0002463228302076459,1.394001446897164e-05,1.1656796232273336e-05,0.00111825717613101,0.00018423216533847153,0.0005333075532689691,7.551792805315927e-05,7,7
0.0022221882827579975,0.004987113177776337,0.05317031219601631,0.00019856993458233774,0.0013465449446812272,0.0006054675322957337,0.06997402012348175,0.00014103348075877875,3.231188384233974e-05,0.6069108247756958,0.00045751730795018375,6.421648140531033e-05,0.12738998234272003,9.082402357307728e-06,7.457241736119613e-06,1.8997279767063446e-05,0.010951358824968338,0.07978780567646027,0.01813269965350628,0.0026579261757433414,0.00023439544020220637,0.00026113700005225837,0.020438944920897484,12,9
1.5331694157794118e-05,1.3150894595526097e-08,5.125038569531171e-06,1.3728786107947144e-08,8.001575224625412e-06,0.0004312652163207531,5.921154233590187e-09,1.7422479459128226e-07,1.4233218337267317e-07,2.494928992291534e-07,2.466218575136736e-06,1.0615377021849781e-07,0.36066120862960815,4.035891976172934e-08,1.4605077467422234e-06,4.586087925417814e-06,7.798175647621974e-05,0.6373639106750488,6.308478623395786e-05,0.0013221248518675566,3.416400795686059e-05,2.3448467345588142e-07,8.300207809952553e-06,17,17
0.02177540771663189,6.614197900489671e-06,0.0240936242043972,3.8601339724664285e-07,4.067329882673221e-06,0.0009977116715162992,0.004558846354484558,4.6666751586599275e-05,0.22383052110671997,0.716177225112915,0.008425514213740826,1.8706808987190016e-05,2.0159375253570033e-06,2.224854142696131e-06,9.782945653569186e-08,2.9872619052184746e-05,1.1103750097163356e-07,1.277819410461234e-05,5.346329885469459e-07,3.472439686902362e-07,3.1969441351975547e-06,5.610661901300773e-06,7.847239430702757e-06,2,9
6.833667498540308e-07,0.8859564661979675,2.7543608666746877e-05,5.152592621016083e-06,2.3170355234469753e-06,2.1556003048317507e-05,4.447997525858227e-06,0.00017086605657823384,2.960930203244061e-07,0.0005373538006097078,1.6720325220376253e-05,8.720074107237963e-10,3.837513941107318e-05,1.1435331570552876e-09,3.382259455975145e-05,5.180717835173709e-06,0.002660849131643772,4.619783067028038e-05,0.10271037369966507,0.0002243765484308824,0.0013955042231827974,0.00477836187928915,0.0013635660288855433,21,1
2.5431961603317177e-06,8.128845365718007e-05,0.0005179782165214419,4.4557623368746135e-08,1.1562924839836342e-07,2.0087037455596146e-07,6.048716841178248e-06,3.033019311260432e-06,1.3169984924843448e-07,8.48657000460662e-05,3.3375541534041986e-05,1.4686484917092457e-08,0.9957828521728516,1.391235904257826e-09,6.400227903213818e-07,1.5000335196191372e-08,0.0001599380630068481,4.9460577429272234e-05,3.7122379580978304e-05,0.0020456418860703707,0.0003504406486172229,0.0001801283797249198,0.0006641733925789595,12,12
1.8722349750532885e-06,5.362996802205089e-08,0.0001261784927919507,3.2933002103163744e-08,1.0450951322127366e-06,0.00011885927960975096,1.4460357533607748e-07,2.1447128801810322e-06,0.9938958287239075,0.00025787364575080574,0.004081693012267351,5.5604563385713845e-05,1.2635050552489702e-05,8.37767765915487e-06,8.922321285353974e-06,0.0013751470251008868,2.6003176571975928e-06,3.3022814022842795e-05,3.277132236689795e-07,1.4179330719343852e-05,2.277150997542776e-06,9.237416520591069e-08,9.25720200939395e-07,9,8
0.9985465407371521,2.528555569369928e-06,0.0001502914965385571,1.9897270249202847e-06,8.40936554595828e-05,0.00019586757116485387,1.2017661902063992e-05,9.982139772546361e-07,1.0258939255436417e-05,0.0005796787445433438,6.23176811131998e-06,2.009364379773615e-06,5.865761522727553e-06,0.00038277520798146725,4.0588531646790216e-08,7.516121769413076e-08,1.7354410601910786e-06,4.845413172915869e-07,1.2218890788062708e-06,2.4699131628835858e-08,9.060232173396798e-07,1.2336606232565828e-05,1.9445806174189784e-06,0,0
0.005723596550524235,0.00012470994261093438,0.0009737270884215832,8.12769758340437e-06,0.01589011773467064,0.023956334218382835,1.1922959856747184e-05,0.00042620973545126617,4.424774306244217e-05,0.0012623985530808568,0.0018124047201126814,0.0002521325077395886,9.740934910951182e-05,0.001473589800298214,0.8552091717720032,0.0886939987540245,0.0033423530403524637,0.0004050158313475549,6.104610656620935e-05,0.00011755952436942607,1.1561750397959258e-05,1.2183886610728223e-05,9.014383249450475e-05,15,14
1.2038558452331927e-06,3.548006588971475e-06,7.43331429475802e-06,2.8139257324255595e-07,4.2840900271734483e-10,1.4439065942895013e-08,1.6126740221000802e-10,1.8699648496323107e-09,2.3930448733722187e-09,6.472794211731525e-08,1.6660935671097832e-06,7.017251779650735e-10,0.003062211209908128,7.580774896709386e-10,9.597855843423986e-09,1.118098835739545e-09,4.980729954695562e-06,0.9923211932182312,8.918662501855579e-07,0.004585583228617907,1.0735797332017682e-05,8.128185413625033e-08,1.0637570824201248e-07,17,17
0.9808230996131897,4.184882072877372e-06,0.00048056707601062953,2.8004868113384873e-07,1.607841682016442e-06,9.232709999196231e-06,0.00012897606939077377,0.004009912256151438,7.756920967949554e-05,0.003736228682100773,0.0001967079733731225,2.612619755382184e-05,7.796491445333231e-06,3.5192081213608617e-06,1.261588181478146e-06,0.007564914878457785,6.206282137100061e-07,2.9498049116227776e-05,0.002389663364738226,1.733779981805128e-07,0.0003649583086371422,0.0001416300656273961,1.6501874142704764e-06,0,0
3.359225593158044e-05,0.012033223174512386,0.0012528643710538745,0.0005866414867341518,9.628450925447396e-07,9.739773668115959e-05,6.712786125717685e-05,0.007892156951129436,0.0001883696240838617,0.024093320593237877,0.0011389475548639894,2.0703363645679929e-07,0.007722064387053251,6.541591574205086e-06,1.5368475487775868e-06,6.486952770501375e-06,0.10251498967409134,0.0036385159473866224,0.0165291465818882,0.0034400387667119503,0.7733823657035828,9.413564839633182e-05,0.04527933523058891,16,20
0.00021044549066573381,0.002242425922304392,0.002024776767939329,1.6539854641450802e-06,0.0003560237237252295,1.2513266483438201e-05,2.6322664780309424e-05,0.00027369934832677245,6.022778688929975e-05,0.0002886174770537764,0.00018368235032539815,4.596286817104556e-05,0.0920618399977684,0.00010491288412595168,8.558571607863996e-06,0.00021343198022805154,0.8123307824134827,0.009789430536329746,0.00014747641398571432,0.011999214068055153,0.02427283674478531,3.7055680877529085e-05,0.043308060616254807,16,16
0.9918293356895447,6.972113197889485e-08,1.2550886552276097e-08,9.962637825822185e-09,1.120903220908076e-06,9.45973297348246e-05,8.95062112249434e-06,2.8419770387699828e-05,1.1262002772127744e-05,0.007245251908898354,9.048056199389976e-06,0.00010114819451700896,3.802051651291549e-06,1.8453359871273278e-06,9.235386499995002e-08,5.235906428424641e-07,1.3842547552656015e-08,1.2208464283958165e-07,2.3962140858202474e-06,1.435251362202905e-09,3.392459575479734e-07,7.759125537631917e-07,0.0006607593386434019,0,0
1.3437028201224166e-07,4.474706292967312e-05,0.004060763865709305,0.00035406602546572685,5.619153284897038e-07,7.319017640838865e-06,5.968588448013179e-05,3.9467005990445614e-05,4.040304979469056e-09,0.03278064355254173,0.00010233936336589977,5.520325085939248e-09,0.00025691973860375583,2.6310607381674345e-07,0.0696936845779419,5.354735321816406e-07,0.1625908613204956,8.730459910566424e-08,0.727791428565979,0.0008747787214815617,0.0012717024656012654,3.498494334053248e-05,3.492050745990127e-05,14,18
0.00021444856247399002,0.002809222787618637,1.5911602531559765e-05,1.2422455029081902e-06,0.0019757321570068598,0.000699005788192153,0.0017110314220190048,5.0927519623655826e-05,0.0014455813216045499,0.010174192488193512,0.003379220375791192,4.441850251168944e-05,0.24253815412521362,1.5208216552764497e-07,5.547284445128753e-07,0.0003203013038728386,0.13038288056850433,0.1330551654100418,2.7353169116395293e-06,0.07665026187896729,0.03226156532764435,0.0001831320987548679,0.36208412051200867,19,22
4.29506918919742e-09,3.8738305896401926e-09,1.3493559158916923e-08,1.644074286433206e-11,3.622072477019178e-12,4.355271421285778e-10,2.3736809739993703e-10,4.1722471289494523e-13,1.247945215047952e-12,4.004124143364152e-09,1.6200672803279303e-08,9.325453298458797e-09,0.9967725872993469,7.566240385961653e-13,9.762142130905968e-14,1.054611516930308e-13,2.505050247236795e-07,0.0008939327672123909,2.551278112383759e-11,0.002332998439669609,1.2529402226846287e-07,4.556391886012534e-08,1.2818818895254935e-08,17,12
3.973487309849588e-06,4.7736422857269645e-05,0.00023040051746647805,1.2392617065870581e-07,5.3555311296804575e-08,1.8209316010597831e-07,8.933754429563123e-07,1.1762549547711387e-05,8.464183451906138e-07,5.667943332809955e-05,2.4779590148682473e-06,9.590183225327564e-08,0.643311083316803,1.0974189557089176e-08,3.6873183262287057e-07,2.0449927262689016e-07,0.0009154675644822419,0.31609848141670227,1.2834062545152847e-05,0.03651159256696701,0.002780505921691656,3.186852950420871e-07,1.3858798411092721e-05,17,12
3.91775714092546e-08,1.2259871255082544e-05,7.277853910636622e-07,6.583092737599827e-09,7.109373645342032e-10,1.0953468354557572e-08,2.879460048177407e-08,1.7199781154886296e-08,3.283651750507488e-08,6.37168113826192e-07,1.4543523718657525e-07,2.8293285492253517e-09,0.0011283836793154478,2.502714480101531e-09,1.4261254677183643e-10,1.0508201420122987e-08,4.002921195933595e-05,0.10554906725883484,7.503043519818675e-09,0.8932292461395264,3.8940612284932286e-05,1.461746457209756e-08,3.8763394627494563e-07,19,19
4.1135262307534504e-08,9.374926390748328e-10,1.1807979660716228e-07,7.77601982804299e-09,2.308767621528318e-09,9.596262451339044e-09,7.118983180731675e-09,8.243533500262856e-08,8.173131615940576e-11,1.9857586153193552e-07,6.410458830430343e-10,4.268065012524858e-09,0.9999837875366211,1.3130389830973144e-10,5.971649841285398e-10,4.953013554853669e-10,1.9552584551441043e-10,6.033822046447312e-07,8.818862307080622e-10,1.5034821444714908e-05,1.1441280634016948e-07,8.16876077891493e-09,2.204926197180157e-08,12,12
8.16633249911547e-09,4.509085993475992e-09,3.2946562811275726e-08,5.519971146838998e-09,2.5744402165628344e-08,3.0847280285684064e-09,5.558341009681556e-10,1.7101167770761094e-07,1.2550067651773134e-09,7.94066679077332e-09,1.8364345066856913e-07,3.777268204885331e-07,2.386155273370605e-08,4.662382480091765e-09,0.9999955892562866,1.49837751450832e-06,1.86720967576548e-06,1.588105980054877e-09,1.2283313255423423e-09,1.0799342220479957e-07,3.763963363212497e-09,2.2789402365219757e-08,7.962821513274321e-10,14,14
0.0011483209673315287,4.0600248212285805e-06,0.936299204826355,1.3821438926697738e-07,0.0002494645887054503,0.005557166412472725,2.662266524566803e-06,5.1679759138778536e-08,1.0575846545179957e-06,0.05159447714686394,0.0049476237036287785,5.571753717958927e-06,2.8109886898164405e-06,0.0001732571399770677,4.92707670218806e-08,1.7906284028867958e-06,4.864519898006847e-09,1.109814184019342e-05,8.424285056207736e-07,3.371181094280473e-07,4.613600168568155e-09,3.214842081433744e-08,1.0223583757351662e-08,2,2
1.7354103931666032e-07,1.2207772570604902e-09,2.2882787220623868e-07,5.323891327790875e-10,7.69077779239069e-09,6.004422914429597e-08,2.388626406044092e-12,2.2961024193079993e-09,1.3134483722865298e-08,2.9660318645596817e-09,1.9001586970546214e-09,4.0139904733393905e-09,1.2703074389719404e-05,5.340876629844615e-10,3.3800715004694837e-10,2.5245771695381336e-08,1.6374261804230628e-06,0.9998387098312378,1.5136047082364712e-08,0.0001463523367419839,5.8198633468009575e-08,9.130029177129018e-09,1.5006719422672177e-08,17,17
0.04126963019371033,1.0301310794602614e-05,7.954139437060803e-05,1.807639819162432e-05,0.015060442499816418,0.9370426535606384,4.4041229330105125e-07,3.7176843761699274e-05,0.0003061843744944781,0.00011945406004088,9.579127072356641e-05,0.00010277569526806474,1.1863556892421911e-07,0.005699854344129562,8.111283386824653e-05,6.802796269766986e-05,2.3590392572714336e-07,4.401889270866377e-07,8.255100851783936e-07,3.029596840065096e-08,1.3777304275208735e-07,5.837751359649701e-06,9.886075531539973e-07,0,5
0.00059228838654235,1.4309156540548429e-05,0.0028613226022571325,0.00019854772835969925,0.0013672865461558104,0.006236592773348093,0.00036945741157978773,6.246565220635603e-08,3.392298140170169e-06,0.05336201190948486,0.00010112991731148213,1.1110449122497812e-05,0.05882716551423073,1.264094407815719e-05,0.00027698170742951334,1.5104360784334858e-07,0.005788682959973812,7.718626147834584e-05,0.8649169206619263,6.809016667830292e-06,0.004370767157524824,0.0005558243137784302,4.939020800520666e-05,17,18
3.508268662244518e-07,1.610634470239347e-08,6.64844483253546e-05,1.1577193390621687e-06,9.462099370693977e-08,5.595607532882241e-08,0.00022466616064775735,4.603815852988191e-07,3.3233279409655703e-12,0.9996674060821533,2.6706072908666556e-09,2.6526640795054846e-07,3.6483943404164165e-05,3.7642873707000035e-08,2.2132260468765708e-09,6.592416390560629e-09,9.250340440303262e-07,1.4971109862926824e-07,2.5024164074238797e-07,1.2273259244466317e-06,9.94520910069241e-09,2.43746277502066e-12,1.032292917813038e-09,9,9
1.7078116343327565e-07,9.261740160582121e-06,0.0010000281035900116,0.005362208932638168,5.595035545979954e-10,2.8606874025172147e-07,5.9599391533993185e-05,6.626655135733017e-07,6.863736801143716e-10,3.7949396300973604e-06,0.00035042306990362704,3.2888600287606096e-08,8.713216084288433e-05,3.5925310726270254e-08,1.479840250340203e-08,4.2736267302778685e-10,0.4202969968318939,6.910399861226324e-07,0.0012697578640654683,6.5979029386653565e-06,2.2392590835806914e-05,0.5714104175567627,0.00011939724936382845,21,21
9.675480896476074e-07,1.2987509023787425e-07,2.5276156634390645e-07,2.277506837344845e-06,5.4228748922469094e-05,0.00042439770186319947,2.6727409174753802e-09,2.3236738755372244e-08,4.0028364622912704e-08,7.618128847752814e-07,1.8055401369565516e-06,4.823232302442193e-07,0.09979025274515152,8.573530294597731e-07,2.6415725074002694e-07,6.361337909766007e-07,0.00011708841338986531,0.028371667489409447,3.998498868895695e-06,0.8711137175559998,8.147813787218183e-05,1.0638478897817549e-07,3.45960543199908e-05,12,19
2.6205546532764856e-07,0.00020610549836419523,8.863531206770858e-07,5.304065666678071e-07,3.4975967082573334e-06,4.395774521981366e-05,0.0001264050806639716,1.0607696822262369e-05,1.6961324011965928e-10,0.0062436857260763645,2.425116235826863e-06,1.1223706408713952e-08,0.6790354251861572,6.89126267161555e-09,6.73326758260373e-06,1.715181952022249e-08,0.0029381392523646355,6.383799700415693e-06,0.16090154647827148,0.0019395279232412577,6.568042590515688e-05,2.371139999013394e-06,0.14846588671207428,18,12
5.06118311704995e-08,6.806225361088991e-09,3.603877019031643e-08,3.976500462243848e-09,3.1393218580255677e-10,1.1212427653006785e-09,0.999991774559021,4.191500835304396e-08,4.716690926720446e-10,1.2283647947697318e-06,6.798762569815153e-06,8.48591152902145e-09,3.1435671843382806e-08,1.5053187585323258e-09,9.506324763833285e-13,6.229010363068e-11,1.769477758761795e-10,1.1994680804150448e-08,2.4753862154502926e-11,1.4568360962030624e-09,1.1610087113922418e-08,1.6910718381168977e-09,5.482668541390012e-09,6,6
0.0010555671760812402,2.719286840147106e-06,0.534994900226593,1.3338764119907864e-06,8.18288026493974e-05,4.210053157294169e-05,0.0007301192381419241,6.351833144435659e-05,0.00020047742873430252,0.038679853081703186,1.6134004908963107e-05,0.027089662849903107,0.28848275542259216,3.2366955565521494e-05,6.081251768819129e-08,4.4758504373021424e-05,0.003306990023702383,0.060408949851989746,8.177746053661394e-07,0.03729255124926567,0.006852834019809961,2.4777514795459865e-07,0.0006194376037456095,2,2
0.00010376895806984976,0.03334410861134529,1.5494704712182283e-05,1.4196457414072938e-06,2.830916628226987e-06,2.245793439215049e-06,0.6959746479988098,1.4604113403038355e-06,1.3623050563182915e-06,0.1949710100889206,0.0003352817439008504,7.650511690826534e-08,4.344942499301396e-05,9.638364550923484e-10,2.071465395048211e-11,9.288088165249064e-08,3.189230994848913e-07,8.261529728770256e-05,1.0378607839811593e-06,0.0005334764719009399,5.94781295149005e-06,4.667338998842752e-06,0.07457471638917923,6,6
0.050979647785425186,8.975811215350404e-05,0.00038634074735455215,8.815416094876127e-07,0.003212639130651951,0.7034252285957336,7.622729754075408e-05,7.842258128221147e-06,0.004114329814910889,0.04836030304431915,0.18204157054424286,0.00455568777397275,8.23567679617554e-05,0.002376488409936428,1.9903498582607426e-07,7.269005664056749e-07,1.8000838508669403e-07,1.3121717529429588e-05,0.00011313423601677641,2.632475116115529e-06,4.528324643615633e-05,0.00011315561278024688,2.2810738755651983e-06,17,5
2.0706859231722774e-06,2.2245794095709925e-09,1.3738837196797249e-06,1.3568691059617777e-08,3.512658566795501e-11,8.264165671789669e-07,2.831829624483362e-05,5.645135470189189e-10,4.491398364336874e-10,0.997704803943634,1.1412581990555282e-09,1.6204539932118678e-08,0.0022555794566869736,7.184955408412463e-11,5.05430983524513e-12,5.88840738321994e-12,1.827526151243486e-11,9.005707291009912e-09,7.077656846377067e-06,1.3516745056563195e-08,1.2742344956961915e-09,5.082208525547527e-12,1.0837853281486787e-08,6,9
0.0003408038173802197,1.2673892342718318e-05,0.0003049358492717147,1.197870460600825e-05,8.933535013966321e-07,0.00024417208624072373,5.161815352039412e-05,5.66109247301938e-06,5.923826620346517e-07,0.00809331052005291,0.00010611962352413684,7.905952656983573e-07,0.9133945107460022,1.6024097249101033e-07,2.439150250665989e-07,1.8908497168013128e-07,2.0228451376169687e-06,0.018387380987405777,0.05260425806045532,0.0005621863529086113,2.3802402211003937e-05,3.6017996762893745e-07,0.005851293448358774,12,12
4.41600045419932e-09,1.3767855300272913e-08,1.0528347083038625e-09,7.648847701047234e-12,4.874152415636516e-15,7.407990887386973e-12,1.293687934555976e-09,2.9724302446493267e-12,2.908931706624429e-10,9.236304165938236e-09,1.0,5.128823754585454e-11,4.335293929402795e-11,5.04377182380944e-12,3.563626427776452e-15,9.148834467787026e-12,2.1380034854611048e-15,4.87978060736971e-11,9.473925279262357e-14,1.6566548480256849e-12,3.5682498622513492e-12,1.498840461466866e-11,3.4787572128491817e-12,10,10
4.15113163398928e-06,2.6818658405147744e-09,4.4695759982005256e-08,1.0441697506635705e-09,1.6654547607686254e-07,3.8370592392311664e-07,2.38798876506241e-11,1.0314149534451644e-08,1.076009770173414e-08,8.553160846247465e-09,2.1457003285263454e-08,3.093158085221148e-08,0.00017330818809568882,3.6617278098560746e-09,5.04382002830539e-09,3.6706872208469576e-08,2.068908179353457e-05,0.9994760155677795,7.16260757371856e-08,0.000324237160384655,2.600672814878635e-07,4.909833606348002e-08,4.1847809484352183e-07,17,17
0.15500064194202423,1.4543578572556726e-06,6.433548696804792e-05,4.2576965597618255e-07,9.711335223983042e-06,6.422685692086816e-05,0.0005234817508608103,0.00048515506205148995,2.976209179905709e-05,0.8350903391838074,0.00010957077756756917,0.0085105886682868,9.38724224397447e-06,5.269671601126902e-05,5.948938763822298e-08,1.193867547044647e-07,4.782040008421973e-08,6.473222669001188e-08,3.934604592359392e-06,1.2715037911448235e-08,3.1023737392388284e-05,9.124834832618944e-06,3.764338998735184e-06,0,9
0.8939899206161499,3.3555068057466997e-07,3.054627995879855e-06,6.626447657254175e-08,0.0010698249097913504,0.03364967927336693,1.1269678878988998e-07,5.148855507286498e-06,0.06300177425146103,0.00017783704970497638,1.1766709576477297e-05,0.007643207907676697,8.893166381085393e-08,0.00043169240234419703,1.2400080962038373e-08,3.7558806980086956e-06,1.8016865510617208e-07,7.279613782884553e-07,2.3997836251510307e-07,2.2198149096652742e-08,3.106272288277978e-06,5.0544131227070466e-06,2.1994067083142e-06,5,0
2.6954461418426945e-07,0.00020912999752908945,5.523801860363164e-07,1.3575274351751432e-05,1.141927316594682e-10,2.572943685663631e-06,8.118134076084971e-08,2.737821660048212e-06,7.740289298396874e-09,1.2395332760206657e-07,4.731336389340868e-07,2.145880834136804e-10,8.201504329008458e-07,4.938113251640175e-10,1.2595989529184948e-10,2.791747735764183e-12,3.5201323953515384e-06,2.6664858410185843e-07,2.550531462475192e-06,9.691236755315913e-07,7.116755682545772e-07,0.9997612833976746,2.357885193760012e-07,21,21
1.0018845128523246e-11,1.0,3.502636236607515e-10,1.595055467915052e-13,4.4119016017874597e-16,3.916715499971196e-15,6.756138617308727e-12,1.705988974219641e-12,3.4120784692272645e-15,4.0455749861223467e-10,2.2798337870333363e-11,2.182134351999307e-16,3.8687028580675076e-10,1.609626535249535e-14,1.4292074269294495e-16,7.843022292817331e-14,6.198903152940249e-13,2.1596511471516644e-12,2.2899357757233396e-11,1.2527163750775117e-09,2.1839594369077453e-11,1.2909537328020804e-10,5.700103583583527e-11,1,1
5.555713755711622e-07,1.2902776688861195e-05,9.942382348526735e-07,7.206604095699731e-07,2.3431988438460394e-07,1.294406956731109e-06,4.319226718507707e-06,2.0548332031467e-06,1.1138586719638965e-09,0.0006737667717970908,4.13864545407705e-05,8.029858378222343e-08,0.5837027430534363,2.8550672936944466e-09,3.629293860285543e-05,2.893978944484843e-06,0.00015456091205123812,1.5747255019959994e-05,0.001806168700568378,0.41313308477401733,8.867089491104707e-05,1.2192306257929886e-06,0.0003203584346920252,19,12
0.0001586249127285555,1.6662706912029535e-05,0.00010345286136725917,2.0685814661192126e-07,1.751064360178134e-07,9.600181510904804e-05,0.009678199887275696,1.0983707170453272e-06,6.662768896603666e-07,0.984643816947937,0.005062279757112265,0.00015684701793361455,3.0273704396677203e-06,1.1576549923120183e-06,7.98087776421319e-11,3.797002534611238e-08,1.3534945253468322e-07,8.721354447516205e-07,7.421572809107602e-05,1.677788077358855e-07,1.9649489786388585e-06,4.146060064158519e-07,9.328309857892236e-08,9,9
6.687793757009786e-06,9.18370574254368e-07,1.4940156916054548e-06,5.72090748107712e-08,0.00012501612945925444,1.4088814168644603e-05,7.682847069645504e-08,3.451330485404469e-05,4.120469243584779e-10,4.7171073447316303e-07,6.142134623132733e-08,1.1384583942231075e-08,0.9982300400733948,1.4636265177614405e-07,8.029972242695749e-09,2.9766301423705954e-08,4.555089162749937e-06,0.0005761270294897258,1.934122565216967e-06,0.0004354358825366944,8.207359314837959e-06,7.399257810902782e-07,0.00055932835675776,12,12
0.0010449123801663518,1.1444006304373033e-05,4.3919342715526e-05,6.766667866031639e-06,9.125349606620148e-06,0.0003000580763909966,0.0008593649254180491,0.00014659522275906056,5.408049474908694e-08,0.02625093050301075,0.9428988695144653,1.30467751660035e-05,0.01841338537633419,2.2608246581512503e-06,2.882292733374925e-07,1.315514168709342e-06,1.7777928462692216e-07,0.0008641796302981675,0.008979561738669872,4.9879839934874326e-05,8.538379915989935e-05,3.289335836598184e-06,1.5105482816579752e-05,10,10
0.3519572615623474,5.328985821506649e-07,1.0078613286168547e-06,8.721855556359515e-05,0.008968355134129524,0.0847277045249939,0.004659683909267187,9.388936450704932e-05,0.0008510049665346742,0.539337694644928,0.0022406671196222305,0.003038815688341856,2.2114116291049868e-05,0.0007215362857095897,0.0003942867333535105,0.002601801184937358,1.9439590914771543e-07,4.391942098891377e-08,3.6800647649215534e-05,4.4997679538028024e-07,0.00011882125545525923,0.00013919672346673906,8.218678999583062e-07,0,9
1.753857198361075e-10,3.198493692124771e-10,2.0434383429801528e-07,0.9999328851699829,2.2701781426937018e-11,1.720323439258209e-08,2.2681517108935623e-08,2.7657264922709146e-07,2.7358828744161734e-11,9.453805915882185e-08,4.24689190481331e-08,4.004310216743079e-10,6.334646604955196e-05,6.942172392498946e-10,9.780444010232259e-09,4.807042541798978e-10,4.647445450700616e-07,6.027671695107983e-09,1.6187033224923653e-07,2.5432089501009614e-07,1.1717106644937303e-06,6.599300661491725e-09,1.2032344329782063e-06,3,3
1.254291146324249e-05,0.15202590823173523,0.00014500254474114627,4.943597975426428e-09,3.4922738905152073e-06,1.0505953468964435e-05,0.0006358257378451526,1.8488395880922326e-06,5.460978627525037e-06,0.708135187625885,0.06129477545619011,1.3307139852258842e-05,0.005771544761955738,1.434974805647471e-09,8.51150527836353e-09,3.009052989000338e-06,0.005558921489864588,9.083841177925933e-06,7.534331871283939e-06,0.0006686064298264682,0.0012081373715773225,2.5196497972501675e-06,0.06448668241500854,1,9
1.5665344577087126e-08,0.00038855246384628117,4.467566441235249e-07,0.00018916733097285032,2.9217286368066198e-09,4.1929312799560137e-10,5.027328029427736e-07,1.8623268260853365e-07,1.0679440975991383e-07,2.3571266183353146e-07,0.0007516778423450887,1.0184054488604488e-08,2.270504637635895e-07,1.4281146265560096e-09,3.004641202508651e-09,2.152370086605515e-07,5.409273217082955e-05,5.530113700302763e-09,2.4466205559292575e-06,8.736262316233478e-06,0.00015934303519316018,0.9983555674552917,8.850271842675284e-05,21,21
0.8537582755088806,1.282669290958438e-05,0.00016557368508074433,2.8356819115060716e-08,0.011003022082149982,0.08726823329925537,7.086090045049787e-05,3.137069143122062e-06,8.833877473080065e-06,0.04276743158698082,2.2237006760406075e-06,5.9747703744506e-06,3.3212702419405105e-06,0.0019032415002584457,1.1228445373490104e-06,2.736209694376157e-07,1.6955666069407016e-05,8.303211274096611e-08,0.00285950000397861,1.5092112448655826e-08,0.00014729055692441761,1.0058740826934809e-06,5.424214464255783e-07,0,0
1.8049513272888618e-10,3.806143400453266e-09,5.215602394414987e-10,1.9610649815149372e-07,3.2836626213256226e-12,1.7232891877938528e-06,6.894596005224685e-10,5.137230640883672e-10,1.3500438100777501e-08,2.3084185158950277e-06,1.8893066666691993e-08,5.650325346495677e-11,2.9838487236588662e-09,4.080414228724294e-09,3.634636688842896e-11,4.156589655801568e-11,5.487462999553827e-07,1.1195538940356187e-09,1.6173395067653473e-07,1.3684394728485927e-09,0.9999949932098389,1.8327432904641228e-09,4.852925283849174e-10,20,20
0.002702638041228056,1.8844657390104658e-08,2.470765281259446e-08,4.911742621516169e-07,0.9923906922340393,0.00030709581915289164,6.500998210867692e-07,7.80935920374759e-08,1.5667689012843766e-07,0.0030092608649283648,6.952041439944878e-05,0.00118454999756068,8.445779531029984e-05,0.00011816868936875835,1.4561101124854758e-05,6.972597361709632e-07,4.235911603700515e-07,5.976025931886397e-07,7.56695881136693e-05,6.445871747473575e-08,2.1463915800268296e-07,4.957551258399917e-09,3.989450851804577e-05,4,4
0.06976581364870071,0.00019420930766500533,0.0003946376673411578,5.7209796068491414e-05,0.5551716089248657,0.2911239266395569,0.0005123980226926506,1.5124603123695124e-05,0.008164988830685616,0.015894923359155655,0.002372079761698842,0.012005368247628212,0.00014594606182072312,0.04017883166670799,1.678140506555792e-05,0.0004601173277478665,0.00013592517643701285,0.00036029639886692166,2.6919047741102986e-05,1.7643375031184405e-05,0.0001419073378201574,0.0027294675819575787,0.0001139563973993063,0,4
0.22893890738487244,0.0021418719552457333,0.033051297068595886,2.66085426119389e-05,3.797746467171237e-05,0.0161263607442379,0.00021235260646790266,0.0019990503787994385,0.00029271954554133117,0.7043415904045105,5.1766663091257215e-05,1.937478657509928e-07,6.0183960158610716e-05,0.012481734156608582,1.8536851484896033e-06,8.431616879533976e-05,1.0720763384597376e-05,1.4772137546970043e-05,0.00010584697884041816,1.2179066288808826e-06,1.4695550589749473e-06,8.376382965025186e-08,1.7150203348137438e-05,0,9
2.0009278500765504e-07,1.0700706525312853e-06,6.297327814763776e-08,3.311362961611053e-09,7.419655645435341e-08,5.025057703278435e-07,2.4990138847158505e-09,3.072245347013336e-09,4.78551909210978e-09,1.392437098957089e-07,5.8494698862432415e-08,3.3289551115700533e-09,3.1431272873305716e-06,1.9827131048089086e-09,1.2066344368122373e-08,3.4486753452966923e-09,0.177784726023674,4.271519173926208e-06,2.8422380637493916e-05,1.5886948858678807e-06,0.8221694231033325,2.1098185243317857e-07,6.084766937419772e-06,16,20
0.018617017194628716,1.1924335012736265e-05,0.00015072256792336702,2.0431089708949912e-08,0.0029792198911309242,0.0001207983514177613,1.2970508578291629e-05,7.723328820929964e-08,1.440688720322214e-05,0.0009732109610922635,0.00021235656458884478,0.9737833738327026,0.001884654862806201,6.877242412883788e-06,4.0646122556609043e-07,6.20921200606972e-05,0.0002090610796585679,0.000580415187869221,8.059640776991728e-08,2.869318996090442e-05,3.1523944926448166e-05,6.015741291776067e-07,0.00031951055279932916,0,11
0.7073626518249512,5.655930181092117e-06,0.01266572903841734,0.0015262342058122158,0.0002454621426295489,0.00965232215821743,0.0018772088224068284,0.00016743119340389967,0.003198071615770459,0.21918241679668427,3.90380364478915e-06,4.0683218685444444e-05,7.62048366595991e-05,0.03685681149363518,5.1631566748255864e-05,1.8430768022881239e-06,2.5734112568898126e-05,6.731344910804182e-06,0.006934997159987688,3.569663533653511e-07,9.838464029598981e-05,3.86461624657386e-06,1.5823692592675798e-05,0,0
1.1166915392379906e-08,6.616692194150176e-10,3.988072805327647e-08,9.321262268713326e-07,2.0389373744933437e-08,1.0483855703569134e-06,1.0135532590993535e-07,3.819652594216905e-09,9.888847962713498e-09,5.556446922128089e-06,1.5132716413290836e-08,8.45365138957277e-06,0.9939908385276794,2.952864341931871e-10,1.9797898431761496e-08,3.9794616490951285e-09,1.1266301953583024e-06,2.1740443116868846e-06,1.9965662900744974e-08,0.005979706067591906,9.218400919053238e-06,2.2709228275630267e-08,6.512548793580208e-07,12,12
0.002356985816732049,0.00019827386131510139,0.0002017637889366597,5.264675564831123e-06,2.273868062729889e-07,0.010776792652904987,0.00016575914924032986,0.00014314413419924676,3.691904930747114e-05,0.0017240844899788499,0.00039387642755173147,8.849297955748625e-06,1.3789681929665676e-07,0.9839392900466919,8.799825756966584e-09,2.5761961452985815e-08,8.847994195093634e-07,1.0789320548099113e-08,6.869837761769304e-06,8.054330535856025e-09,1.3305917718753335e-06,3.9044225559337065e-05,2.7091840593129746e-07,13,13
0.06670176982879639,0.00045315679744817317,0.0012031829683110118,6.477140232163947e-06,2.6813659133040346e-05,2.9734270356129855e-05,0.0014339908957481384,6.691601447528228e-05,5.019277864448668e-07,0.2376793771982193,0.6781201362609863,0.013317584060132504,0.0007357176509685814,9.090705862035975e-05,1.3630246264995094e-08,6.140886625871644e-07,4.7073326641111635e-06,6.47340712021105e-05,9.716404036907988e-08,2.0495670469244942e-05,1.3810678865411319e-05,2.4175171347451396e-05,5.134033017384354e-06,10,10
0.3988659083843231,0.0023653812240809202,0.03658503666520119,0.000125323495012708,0.1198732927441597,0.014178325422108173,0.0020055240020155907,0.00431805057451129,3.771269575736369e-06,0.4093579351902008,3.9305963582592085e-05,0.0002440147363813594,0.00011207354691578075,0.011224871501326561,1.0014569085114999e-07,0.00012175218580523506,1.8280872609466314e-05,0.0004994324990548193,9.556561053614132e-06,1.0905310773523524e-05,2.9633317808475113e-06,5.211041752772871e-06,3.302109689684585e-05,0,9
1.3696199729906766e-10,8.489756120333425e-11,1.3325409220499296e-08,4.734388228677666e-12,1.1586632764348792e-09,5.501658573159318e-10,1.959934628871854e-13,1.631585925393475e-12,8.526182364299029e-12,1.6673884495332914e-11,8.083930191915556e-10,6.108720196351669e-10,2.529810103624186e-07,1.0581276306542708e-11,5.791382456064864e-13,1.2223587593507279e-11,1.8112480404397502e-08,0.9997629523277283,4.992936272762982e-11,0.00023679657897446305,1.527221016317526e-08,2.77271613871935e-13,2.36523092778107e-11,17,17
3.518168887239881e-05,1.035551111527866e-08,0.00014957287930883467,1.557350137737501e-09,1.2668673055049595e-10,1.7299197452302906e-07,4.0848073695087805e-05,7.694022201576445e-07,9.307384061685298e-06,0.9997606873512268,2.946954509752686e-06,3.452657182378971e-08,1.41419008059529e-07,6.144704656207978e-08,7.224663645111207e-10,2.087870709654993e-10,1.453637349380088e-10,3.2108128655838897e-11,3.792481209075049e-07,1.325579923605602e-11,3.699211248431311e-08,2.1827123442008656e-11,2.741781912618535e-09,10,9
4.141386398259783e-06,8.686930232215673e-05,6.047243346074538e-07,2.5223343982361257e-06,5.353058895707363e-06,1.2486847481341101e-05,1.0764663784357253e-05,1.4336707863549236e-05,1.7550546260736155e-07,3.5521188692655414e-06,1.6149244402186014e-05,1.3938961274106987e-07,0.0007802015170454979,3.897278944009486e-08,1.829523341712047e-07,2.948463134089252e-06,0.0033192713744938374,0.00011436321801738814,0.0001050934151862748,0.0006425463361665606,0.0006870010402053595,0.0027831492479890585,0.9914080500602722,22,22
1.4204792364580499e-07,0.999963641166687,8.925578072194185e-07,2.7652324874338774e-10,5.021341328848017e-11,5.465149444106032e-10,1.582936270949631e-08,9.233834134647623e-06,6.068414104554165e-10,1.6113216361191007e-07,2.8259325990376283e-09,5.042549277439745e-12,4.16325337937451e-06,1.9254275951396949e-10,3.1065457823352405e-13,2.554672307031325e-10,1.243693859009909e-08,1.7830101342042326e-06,5.576778483451506e-10,1.9232229533372447e-05,4.1668798189675726e-08,2.1666311056378618e-07,5.5263848253162e-07,1,1
0.00026389246340841055,0.001346723292954266,0.0011705349897965789,9.421540880794055e-09,0.00013737002154812217,0.02248108945786953,0.00033662913483567536,9.977587615139782e-05,0.00460006482899189,0.006845228374004364,0.5526788830757141,0.0001047440673573874,0.3146146535873413,0.0008075728546828032,2.7875173600477865e-06,0.0033004654105752707,0.010614398866891861,0.007093488704413176,7.965723852976225e-06,0.0244444627314806,0.030146894976496696,3.10168725263793e-05,0.01887134648859501,9,10
0.003885633544996381,0.0008647571667097509,0.0011571034556254745,2.3875240913184825e-06,4.3161432472516026e-07,3.1593634048476815e-05,0.00021733783069066703,0.0001222580176545307,0.0003374695952516049,0.00010048387048300356,0.0002079323894577101,0.0001954581239260733,0.6779939532279968,3.1584264092998637e-07,6.034841248947487e-08,2.1778162135888124e-06,0.0007592777255922556,0.1573353409767151,6.946521170902997e-05,0.061917584389448166,0.09119334816932678,0.00276787206530571,0.0008376962505280972,12,12
0.0001441727945348248,4.665134838433005e-06,0.0006051365635357797,2.9401920187410724e-07,7.834327334421687e-06,8.079705003183335e-05,4.768176076197506e-09,1.285181156163162e-06,6.410949572455138e-05,7.601937568324502e-07,3.546836524037644e-05,0.0009566066437400877,0.0010940340580418706,9.84286998573225e-06,1.1399607501516584e-05,0.00021907607151661068,0.005231519229710102,0.8235670924186707,1.1678407645376865e-06,0.16790635883808136,4.366421126178466e-05,1.2797637282346841e-05,1.8503362753108377e-06,19,17
6.293969363468932e-06,8.422795758633583e-07,1.0516201882637688e-06,5.388725554666962e-08,1.8438512370266835e-06,1.3722927860726486e-07,1.4335975720314309e-05,7.944543654048175e-07,1.046352560152286e-09,7.645801815669984e-06,5.347955607248878e-07,2.4178027615562314e-06,0.9667778015136719,1.2003272154004208e-08,9.226921520166798e-07,1.6887099718587706e-06,1.3298906196723692e-05,1.8501739759813063e-05,7.882167665229645e-06,0.03258334472775459,0.0005513139767572284,6.4818327700777445e-06,2.759432845778065e-06,12,12
7.965758053174454e-10,0.9999275207519531,3.190571007394283e-08,9.2478336455315e-07,5.998845170607225e-11,3.4697369422076463e-09,4.304086814954644e-06,1.7815143804611466e-10,6.780944620914109e-14,6.656882032984868e-05,3.655189928508662e-08,8.347364466310125e-12,5.3546070688526015e-08,4.060061453703412e-10,3.566851336316533e-14,4.886707791890155e-12,2.8583704847484626e-10,3.9375586879941693e-07,1.1151207957027509e-08,2.447482359002606e-07,2.2654696174573274e-10,1.5456698421179027e-11,4.686099952522227e-09,6,1
4.843937473353321e-10,6.827099996442598e-10,1.1506325753307678e-10,3.459638733940883e-15,1.4544172344341938e-13,3.399559522776485e-10,4.275501461659288e-14,1.2482455069573462e-09,6.227258726038132e-12,1.6593888929605782e-08,0.999995231628418,8.534070151944295e-12,4.812291720668327e-08,8.263741795890012e-13,4.939393338787568e-09,4.743502813653322e-06,3.980220666943701e-11,4.5845036100722325e-10,1.3133152343414167e-09,9.151579938304621e-09,4.235818085174259e-10,9.911673912177399e-12,9.453284821603347e-10,10,10
2.453766683174763e-06,1.5439985872944817e-05,7.071236609590414e-07,0.0011716480366885662,0.0005697851884178817,0.00010462447244208306,3.626333295869699e-07,5.8985865507565904e-06,1.2380833425140736e-07,6.410649075405672e-05,0.00020014974870719016,6.686674396405579e-07,3.124077193206176e-05,9.388503713125829e-06,7.176895451266319e-05,3.145455048070289e-05,0.9620285630226135,6.662702799076214e-05,0.005899861920624971,7.474749872926623e-05,0.02844187617301941,1.8241358702653088e-05,0.0011903491104021668,16,16
5.226683242653962e-06,1.044762598212401e-06,1.7935583400685573e-06,5.124003337186878e-07,0.0003252388851251453,8.751415589358658e-05,1.9942902440561738e-08,8.384229204239091e-07,1.925053538798238e-06,9.95455866359407e-06,0.0004364092892501503,2.3008318805750605e-08,4.0328501199837774e-05,4.576376610998523e-09,0.9971505999565125,0.00012631349090952426,0.0017707173246890306,1.8071006024911185e-07,2.1387349988799542e-06,1.6521040379302576e-05,1.3077772564429324e-05,7.658293725398835e-06,2.0508332454483025e-06,14,14
0.000898538448382169,8.638683357276022e-05,0.9114806652069092,5.869619599252474e-07,0.0005097593530081213,0.0022867913357913494,5.34359787707217e-06,0.00011438470392022282,5.193365359446034e-05,2.695097282412462e-05,0.05362908914685249,0.02112523280084133,7.550244481535628e-05,0.0001381575857521966,0.0001396021543769166,0.004342806991189718,9.713455074233934e-05,0.00028061712509952486,6.798700724175433e-06,0.0021915636025369167,9.39671735977754e-05,0.0024173723068088293,9.161769867205294e-07,2,2
2.6956503695885203e-09,2.287191824823509e-10,2.4468642667585527e-09,7.540481874457328e-07,1.400386206995563e-08,1.8737373466137797e-05,1.9719024590275636e-12,1.8333472517895189e-09,1.1730864890591164e-10,2.143666932852284e-08,2.954279321176756e-10,5.200064268073845e-10,4.224351979331686e-09,1.4244047719103037e-08,1.5176693523244467e-05,1.4695521466379091e-09,0.5311214327812195,2.4048445013136188e-08,0.4681822657585144,4.804792563817273e-09,0.0006612727302126586,2.4636117146314973e-08,1.3708108781429473e-07,16,16
4.535117170689773e-09,7.197340323727985e-07,0.9999116659164429,2.3654498360059506e-09,1.22664031709796e-10,6.686762699104065e-09,1.3264263998280512e-07,4.3040571995334176e-07,1.3010892807585606e-08,8.531255298294127e-05,9.758620578281807e-09,6.926946793939237e-10,6.664207603535033e-07,5.845383732605569e-09,9.365953151929673e-11,2.0316774304585117e-11,8.5356492718347e-07,7.550725911187328e-08,3.699945949620087e-08,2.9730113926262902e-09,5.340637265760506e-09,1.3959814415542837e-09,1.3775570018026428e-08,2,2
0.6163430213928223,0.0001333434192929417,0.18462897837162018,5.661997874994995e-06,0.03648338466882706,0.013371552340686321,0.06433334201574326,9.686804696684703e-05,0.0010770478984341025,0.06651372462511063,0.003053188556805253,0.004069804213941097,0.0004898450570181012,0.006199283059686422,2.7812920961878262e-06,5.425540803116746e-05,0.00010266217577736825,7.518170605180785e-05,4.973175236955285e-05,2.5786668629734777e-05,0.00024586168001405895,0.0026358184404671192,8.875554158294108e-06,0,0
5.098995188745903e-06,3.2919400538844457e-09,7.132932466902275e-08,1.8655908817777345e-08,7.562622613477288e-06,0.006253926083445549,6.298771504376077e-10,2.5952680005048023e-09,0.9937303066253662,7.754892408229352e-07,4.900109615846304e-07,8.435467435674582e-08,1.6430812266321482e-08,7.903041137069522e-07,2.895551132198193e-09,8.082255220642764e-08,2.8962525711051512e-09,2.2033791680087234e-08,1.9718620070108273e-09,1.203427579810068e-08,6.447353371186182e-07,9.89236781379077e-09,9.082912555413714e-08,8,8
2.9851006111414335e-09,1.0943799111373664e-07,4.664282293731503e-09,6.8306831302322735e-09,8.440238525447841e-13,7.647905420071766e-08,4.2400846722578933e-10,6.042483136070587e-08,1.5971131972492003e-07,2.327652914857481e-08,9.983618554088025e-08,2.545913480034301e-10,2.5140499815279327e-07,1.982671492262167e-11,2.6334515124126767e-10,4.363820416131148e-10,3.1729191505291965e-06,2.4533481024491266e-08,2.0886984657408902e-06,2.1377838166358742e-08,0.9999929666519165,6.593535317733767e-08,8.892703249330225e-07,20,20
9.107894584303722e-06,1.4296630546084543e-08,0.0003260970115661621,9.000572731565626e-08,0.00017459761875215918,2.008739102166146e-05,4.891380456228944e-08,2.774201846023061e-07,1.2416123684744207e-09,2.604150267870864e-06,5.332185182282956e-08,1.4947497106732044e-07,0.9977099895477295,1.0136012633665814e-06,2.8445576390367933e-05,1.0014064244501242e-08,0.0009288727305829525,3.069918238907121e-05,9.335150389233604e-05,0.0006623148801736534,7.475170605175663e-06,2.704021881072549e-06,2.0505967768258415e-06,12,12
0.002265389310196042,0.0011405212571844459,0.0010391572723165154,0.0010882472852244973,0.0012354535283520818,0.0005498197861015797,0.03627287968993187,0.0012668240815401077,5.278315438772552e-05,0.21774134039878845,0.0030615394935011864,0.0003033277753274888,0.2780686616897583,9.938400762621313e-05,6.8660854594782e-05,0.0008662675973027945,0.0008376554469577968,0.37274909019470215,0.03607417270541191,0.03340233117341995,0.0032539512030780315,0.0001481701765442267,0.008414370007812977,12,17
3.903455217368901e-05,0.044899117201566696,7.486029790015891e-05,0.004861529916524887,2.9567090109594574e-07,0.0025391974486410618,1.4035670574230608e-05,0.01190188992768526,0.0003515345451887697,0.0034240938257426023,0.0030045181047171354,7.233257548477923e-08,0.00025453107082284987,1.099708342167105e-07,7.830382855900098e-06,3.55327358647628e-08,0.02886926382780075,7.421470945701003e-05,0.05480630323290825,0.00015227370022330433,0.3700163662433624,0.4441383481025696,0.030570585280656815,20,21
0.8033938407897949,1.9761080238822615e-06,6.802142161177471e-05,2.936053306257236e-06,0.16028322279453278,0.005329125560820103,2.3485075871576555e-05,8.429278750554658e-07,1.4902334442012943e-05,0.02979937009513378,5.2637726184912026e-05,0.000491489190608263,1.9833456462947652e-05,0.0002977802068926394,9.186995885102078e-05,0.00010017619206337258,4.5826092787137895e-07,1.9101491943729343e-06,1.0573385225143284e-05,5.336763564400826e-08,5.88270552270842e-07,1.1435456144681666e-05,3.3073420127038844e-06,0,0
2.0902989206206257e-07,1.441369024135497e-09,1.3664742226637827e-08,1.9400089001919696e-07,2.317566156762041e-07,5.560532940762641e-07,1.2465304344289052e-09,5.787832151327166e-07,2.499011998224887e-06,8.085128797574725e-07,4.645624812837923e-06,1.756333034563795e-07,5.5081098793152705e-08,3.647022367658792e-06,0.9884846806526184,0.01150051224976778,3.8011395986359275e-07,1.2873739407837093e-08,5.4304361896129194e-08,4.482922406623402e-07,3.5044701007791446e-07,8.186512800989476e-09,1.3337205118091333e-08,14,14
4.611968904555397e-07,1.1543912705747061e-06,2.4738586290595777e-08,5.290710092253903e-09,2.5637042488924067e-10,1.7852510580951275e-09,6.431711341292612e-08,2.2284046830023385e-10,1.1530411292426379e-08,2.1871844637644244e-06,1.8195518123320653e-06,2.501139384492035e-08,0.003395778825506568,2.246308391032348e-12,1.1009746933576814e-11,9.9005881271097e-10,0.0003846048784907907,5.348467198018625e-07,1.314456170575795e-07,9.298183840655838e-07,2.4741644665482454e-05,6.357179671567792e-08,0.9961873888969421,22,22
4.536230335361324e-05,9.79071410256438e-06,0.0005295180599205196,0.00016821350436657667,1.7292888514930382e-05,0.00018346992146689445,9.288860746892169e-05,0.0008269227691926062,4.529976649791934e-06,3.948556332034059e-05,6.876992415527639e-07,3.028875289601274e-05,0.33248043060302734,7.721834845142439e-05,5.559641522268066e-06,3.4838228657463333e-06,1.889338091132231e-05,0.017124176025390625,3.008513340319041e-05,0.6479694247245789,0.00014008783909957856,0.00017984752776101232,2.242014670628123e-05,19,19
1.447818249289412e-06,0.9999455213546753,1.2181618558315677e-07,6.935403917829319e-10,5.133508618193616e-10,6.65097331875586e-07,2.1623304746754e-06,5.99225780106849e-09,1.0418158780112208e-07,9.353208042739425e-06,3.2740157621447e-05,2.277417143758953e-09,1.5134216937440215e-06,1.1785089348848032e-08,1.0329593083668875e-11,2.1750734893744017e-11,4.530761827936658e-07,1.2090657719454612e-07,9.716475233290112e-07,2.738408113600599e-07,1.8894025970439543e-06,7.737169198662741e-07,1.8694180425882223e-06,1,1
0.004058793652802706,5.924914603383513e-07,1.764281296345871e-05,8.678918675286695e-06,0.0014983718283474445,0.0012240229407325387,7.730236393399537e-05,1.3382864381128456e-06,0.822847306728363,0.14981140196323395,0.015330670401453972,0.0014831809094175696,0.00014515787188429385,5.598282950813882e-05,9.835239325184375e-05,0.0015279697254300117,6.10906340625661e-07,2.6804823392012622e-06,3.7225531741569284e-06,1.02334990970121e-06,0.0017847140552476048,1.2542386684799567e-06,1.9221410184400156e-05,9,8
0.010466343723237514,3.2237451250693994e-06,4.0159640775527805e-05,5.116278316563694e-06,0.004608192015439272,0.801103413105011,0.0002229879901278764,1.7794249060898437e-06,0.12410726398229599,0.00034928976674564183,0.0013362186728045344,0.013299320824444294,2.658640141817159e-06,0.04429343715310097,8.76777832559128e-08,2.745863866948639e-06,1.0355366839576163e-06,4.813835403183475e-06,2.565514876096131e-07,7.09500625362125e-07,7.965886470628902e-05,4.938590063829906e-05,2.1897854821872897e-05,0,5
5.392695584305329e-06,1.0975381883326918e-05,0.002032858319580555,3.561972107490874e-06,1.8579231664261897e-06,6.382677497640543e-07,0.0001904683595057577,4.640190309146419e-05,2.1800212834932609e-07,0.0004161151882726699,0.00018931497470475733,4.183206783636706e-06,0.8883912563323975,7.51055893033481e-08,6.611173262172088e-07,7.716801064816536e-08,0.005360066425055265,0.00044521683594211936,2.519513145671226e-06,0.0017058101948350668,0.10046662390232086,0.0005319613846950233,0.00019358887220732868,12,12
0.0010145464912056923,1.3128092177794315e-05,0.00015041467850096524,4.7522618842776865e-05,0.0032120475079864264,0.016319913789629936,2.832192330970429e-05,5.464042988023721e-05,0.29431775212287903,0.0020197960548102856,0.01915723644196987,0.013427330181002617,2.0558765754685737e-05,0.0036497300025075674,0.06828343123197556,0.5771257281303406,2.8735299565596506e-05,1.5380077456939034e-05,1.5429350241902284e-05,1.6417019651271403e-05,0.0007371838437393308,0.00030398482340388,4.076750701642595e-05,15,15
1.8352710640101577e-06,9.94790383401778e-09,1.6498312049861852e-07,8.362392804883712e-07,1.3551231177189038e-06,0.0006850974750705063,1.0153052620864855e-08,6.267080152611015e-07,2.6916960327305617e-10,1.8475867591405404e-06,3.0874709455730454e-09,1.6020989050957724e-06,0.9967051148414612,2.3790103398368956e-07,5.463972456709598e-07,1.4704257811359867e-09,1.8666984402671005e-08,4.244147930876352e-05,2.01781085706898e-06,0.0025551076978445053,4.285147667815181e-07,3.902657681464916e-07,3.446343725954648e-07,12,12
0.9997335076332092,5.532283466891386e-07,5.6833318495819185e-08,4.263216268896031e-08,1.920265276567079e-06,1.417750354448799e-05,1.4814210302915853e-08,1.0434313480800483e-05,1.066959976014914e-05,8.210503438021988e-05,4.820428785023978e-06,2.35039769904688e-05,1.0986002507706871e-07,6.736317459399288e-07,1.4361390299200139e-07,7.259971607709303e-05,2.51257063155208e-07,5.90673217004678e-08,3.578723521968641e-07,2.6263247132618517e-09,2.1196480304297438e-07,1.929714017023798e-06,4.1655141103547066e-05,0,0
1.4067212950052976e-09,4.4032340440480766e-08,2.859555706891115e-06,0.8947386741638184,1.0619887191865018e-09,1.0933080218933355e-08,3.104440474999137e-05,3.57837876663325e-07,6.557261678086235e-11,3.551002737367526e-05,1.176338173536351e-06,2.6834553068511013e-07,0.10469571501016617,4.925441721148616e-10,2.4898850981003307e-08,9.523355970486591e-08,8.736461154512654e-07,2.3376860553980805e-06,4.875927857028728e-07,0.00042121228761970997,4.913755674351705e-06,4.218198679240004e-09,6.442839367082343e-05,3,3
4.97592736792285e-07,1.1537980570963668e-09,2.9541593615789452e-09,1.82607240439836e-09,8.246679381040956e-12,2.2550554490408103e-07,4.4483408601081464e-07,1.596416228377695e-11,1.4760488831200291e-08,1.5593143416481325e-06,0.9999972581863403,9.433766656741227e-09,2.3031867524281324e-09,8.28160562349467e-09,1.963613299738043e-12,2.2540994678438286e-12,1.8782835529973507e-12,2.2602162363938305e-09,5.287065577008754e-11,7.806026658396803e-12,4.753780355470916e-11,4.338940318149298e-10,1.2181486375162365e-10,10,10
0.008595846593379974,0.001322526135481894,0.0034768206533044577,7.059110885165865e-06,0.005185681860893965,0.005223080050200224,0.015950055792927742,0.0004372026305645704,0.0003211201692465693,0.13286861777305603,0.0026821154169738293,0.0014665871858596802,0.08089900761842728,9.633310401113704e-05,3.1272738851839676e-06,0.00029219116549938917,0.017989985644817352,0.6929660439491272,4.9459238653071225e-05,0.010707324370741844,0.0006873382371850312,3.4207077987957746e-05,0.018738212063908577,2,17
0.03867969289422035,0.0005388702847994864,0.0038285842165350914,0.0003165674570482224,0.005059059709310532,0.04340102896094322,0.008232356980443,5.739681000704877e-05,9.28620938793756e-05,0.2909165024757385,8.0470199463889e-05,0.006704229395836592,0.4710431694984436,0.017301252111792564,0.001061832532286644,7.01401149854064e-05,0.0013491737190634012,0.000215069783735089,0.028755418956279755,0.0030529811047017574,0.07887766510248184,1.6341904483851977e-05,0.00034929922549054027,17,12
0.00732031324878335,5.120778951095417e-05,0.0001989753363886848,0.0002019365201704204,0.007995077408850193,0.20747287571430206,0.00017354557348880917,0.0001494695752626285,0.0006713797920383513,0.0034465522039681673,0.000147118596942164,0.00745159899815917,6.19776183157228e-05,0.7029411196708679,0.010781456716358662,0.017769966274499893,0.0001028465703711845,1.6730302832002053e-06,0.007338921073824167,5.283314749249257e-05,0.025661299005150795,6.890041731821839e-06,1.0419136060590972e-06,9,13
3.4414413221384166e-06,4.3743673927565396e-07,0.9998314380645752,2.5257630653641172e-08,1.6645041114315973e-06,1.5698734046054597e-07,1.5421323041664436e-05,1.5269134792106343e-06,3.429282968703262e-10,1.4225402992451563e-05,9.592902472377318e-08,6.996020651683921e-09,5.173988756723702e-05,2.0750529472479684e-07,1.5412354059662903e-07,1.600180041805288e-07,3.0286344099295093e-07,6.178072362672538e-05,4.201210970222746e-07,1.653859180805739e-05,2.858403824745892e-08,7.185629158357187e-08,3.3149827327605408e-09,2,2
3.439886029354966e-07,0.0018004432786256075,0.0005872982437722385,0.0037778052501380444,6.858173473567319e-10,6.709458375553368e-06,4.6336077502928674e-05,5.2766604312637355e-06,5.10968050093652e-07,7.074965651554521e-06,0.004301006905734539,3.014306457771454e-07,0.00024218384351115674,1.8144645537176984e-06,8.87361828461053e-09,7.682765499339439e-07,5.519910700968467e-05,4.149124777086399e-07,1.5073285339894937e-06,0.001218230347149074,0.009732273407280445,0.9780475497245789,0.00016705496818758547,21,21
0.0004962613456882536,5.943241194472648e-05,8.85174740687944e-05,2.1102168830111623e-06,0.0013847703812643886,4.5078257244313136e-05,0.0022766059264540672,0.0006048728246241808,5.348568083718419e-05,0.005923335440456867,0.0008427620632573962,0.00012653341400437057,0.00014579542039427906,0.00011165448813699186,0.8130377531051636,0.17410817742347717,0.0003478718863334507,1.2028935998387169e-05,2.1826408556080423e-06,0.0002802657545544207,1.589628664078191e-05,6.08905429544393e-06,2.8637805371545255e-05,14,14
8.533222717233002e-05,0.0017193641979247332,0.7400400042533875,7.461300128852599e-07,0.0002890277828555554,2.9733597330050543e-05,8.728362445253879e-05,5.1392980822129175e-05,4.9430753279011697e-05,0.006403409875929356,0.00658784806728363,5.0398040912114084e-05,0.029712127521634102,1.0218497664027382e-05,0.00016147532733157277,2.0299266907386482e-05,0.1777178794145584,0.00031956631573848426,0.0032333126291632652,0.00023496068024542183,0.015282588079571724,5.65248446946498e-05,0.017856884747743607,18,2
8.368699622174347e-10,6.891242065876213e-08,4.594623292941691e-11,2.5605132236705686e-08,1.6238648880423368e-12,3.4451278635438953e-11,0.9999995231628418,7.289087555761853e-09,1.0775263060286422e-12,3.4748285315799876e-07,3.5001335163542535e-08,3.631292141981213e-11,3.3302549606872844e-10,2.1041988984560334e-10,3.2111170818714674e-13,7.087097401992093e-12,1.825597485682895e-11,1.6081523265820685e-11,1.015101956484965e-12,5.384984472223131e-11,3.500475603823716e-11,1.2814633035262979e-11,2.0638660225280603e-10,6,6
3.7947185660414107e-07,5.037212602587715e-08,9.603375161759686e-08,2.9403581720544025e-06,4.933187747191425e-10,1.0400354710782267e-07,0.0003897805872838944,8.571325452066958e-06,1.583758402201596e-10,0.9993225336074829,5.637218691845192e-07,2.9644312005139284e-10,0.00027203309582546353,3.8336550600703845e-10,1.5660715779741707e-10,2.819383337904213e-10,2.893044137586287e-10,2.556717504376138e-07,3.2471366040454086e-08,2.5937190457625547e-06,1.855782194581934e-08,2.0302277654177248e-12,8.937221451787991e-08,9,9
7.823808800822007e-07,9.985238875742652e-07,4.650694336305605e-07,2.4577852855145466e-06,1.3246502783559322e-09,1.2302710956646479e-06,2.1587729861494154e-06,2.225963180535473e-05,2.083118033624487e-08,0.00026131371851079166,2.17725997231355e-07,6.316335454670252e-09,3.4570814023027197e-05,1.876841793091444e-09,8.108007705232012e-07,2.1740150657478807e-07,0.8990639448165894,1.596300421624619e-06,0.08768564462661743,0.0003372048959136009,0.012546778656542301,2.9128597816452384e-05,8.314057595271152e-06,16,16
8.68780625751242e-05,4.1690231000757194e-07,0.0026168522890657187,0.018302038311958313,7.799478680681204e-07,7.231640483951196e-05,2.468376260367222e-05,5.350620426725072e-07,2.5646263779321998e-08,0.0003109745739493519,2.128002051904332e-06,1.4577238971469342e-06,5.8106754295295104e-05,1.342247173852229e-06,5.797164135401545e-07,1.7373828598010732e-08,0.7343519926071167,4.5927645260235295e-06,0.20938098430633545,2.680646673525189e-07,0.023146403953433037,0.011559998616576195,7.652760541532189e-05,18,16
0.21635380387306213,0.00017315533477813005,0.0028169548604637384,7.893886788679083e-08,0.09949363023042679,0.1737433820962906,0.000618874270003289,6.105233296693768e-07,9.127916564466432e-05,0.0031918270979076624,0.004126586019992828,0.4841881990432739,0.0031963337678462267,0.002708712127059698,1.382068290922689e-07,2.2674737465422368e-06,4.151714892941527e-05,0.002263701520860195,6.476567705249181e-06,1.290717045776546e-05,0.00011237266880925745,0.006822575815021992,3.457869024714455e-05,11,11
1.5584998569462272e-11,1.510500058365949e-12,2.265049085792281e-11,6.029644838978498e-11,1.854144926483059e-08,4.696079983212975e-11,1.0639586434102455e-11,4.1597764122158765e-10,8.901176670739197e-12,3.7691785803595224e-10,7.227736631421067e-08,1.6189653784248748e-10,3.953711663617909e-11,4.713650650356449e-11,9.228379838077672e-09,0.9999998807907104,4.258115669959761e-13,1.2596218556051864e-12,6.4217650294629e-12,3.971808160141421e-10,5.904422090141637e-11,4.679355319024692e-13,1.3866997827793881e-12,15,15
0.2963718771934509,0.00025354267563670874,0.0059966351836919785,1.6347619748557918e-05,0.09527579694986343,0.5465023517608643,0.0003745637077372521,3.6380744859343395e-05,0.018088102340698242,0.017996113747358322,0.00042744915117509663,0.0017734076827764511,0.00011888321751030162,0.012532871216535568,4.568199074128643e-06,6.674222822766751e-05,8.156258991220966e-05,0.0005735091399401426,5.1501159759936854e-05,2.0156894606770948e-05,7.447522511938587e-05,0.0032167406752705574,0.00014646626368630677,0,5
4.823205472348491e-06,1.8002952018036922e-08,1.1211303529989891e-07,2.6127279895149513e-08,5.193087417865172e-06,0.9999344348907471,1.3393006703665833e-08,1.1679633615813145e-07,3.1158658657659544e-06,4.0366565372096375e-05,1.147740817941667e-06,1.261982696121322e-08,1.333529064950767e-09,2.853779051292804e-06,1.1118478226990192e-07,5.8589591844793176e-08,2.4972036882786597e-08,4.212550586135677e-10,7.143847142287996e-06,1.1195003951636195e-10,4.495153405059682e-07,1.8437333437759662e-08,2.308143010054664e-09,0,5
1.2557893960818411e-11,1.3565688503081041e-11,2.798438591966601e-09,5.031548067080394e-09,1.3057327441501343e-10,4.880184034661283e-10,1.1924425891152168e-09,3.806208681567114e-08,9.204557116504475e-10,6.059607926545141e-08,3.586850652936846e-05,1.6039702899206532e-09,1.1980455516535926e-10,3.54692382131816e-08,2.6787108087233946e-09,0.9999638795852661,1.711698681015547e-13,6.080992480395064e-12,3.02090427325985e-12,1.4727355335253378e-07,4.489527152817807e-11,2.57400817240544e-13,3.4595752911731337e-12,15,15
1.3064264749118593e-05,6.54508721709135e-06,3.1500915156357223e-06,5.703654551325599e-06,6.892661531310296e-06,3.674368372230674e-06,0.00015834807709325105,2.244982852062094e-06,5.188420004742511e-08,3.70691304851789e-05,0.33870363235473633,9.416960438102251e-07,0.2139630764722824,7.659231471279782e-08,3.456608510532533e-06,0.00013866049994248897,2.1029942217865027e-05,0.2433439940214157,1.3526428119803313e-06,0.20115718245506287,0.0023950538598001003,3.3713287848513573e-05,1.058991415447963e-06,19,10
0.0005458305822685361,0.00024505474721081555,2.124572711181827e-05,0.008324443362653255,4.948384594172239e-05,3.45781518262811e-05,5.211514144320972e-05,0.00011532219650689512,1.3820315558632501e-08,0.6988317966461182,9.423612937098369e-05,0.00034586977562867105,0.19051791727542877,1.006421257443435e-06,1.5898480342002586e-05,1.778881255631859e-06,5.61744718652335e-06,0.00011980774434050545,0.07617133110761642,0.00480490131303668,1.6278139810310677e-05,1.0100023246195633e-05,0.019675301387906075,9,9
0.0010688997572287917,4.005351001978852e-06,9.103327101911418e-06,5.0807269872166216e-05,0.0001313254761043936,0.007600056938827038,0.005760634317994118,1.6914270872803172e-06,5.934422370046377e-05,0.9739997386932373,0.003947540186345577,3.180957355652936e-05,2.020326064666733e-05,5.126575706526637e-05,2.835504801623756e-06,2.9305774660315365e-05,1.4151803952699993e-05,2.974896960949991e-05,0.00473480299115181,2.7997562028758693e-06,0.0024423799477517605,7.605649898323463e-06,4.461729830040895e-08,5,9
1.2807886662358214e-07,0.007360979449003935,4.013802268332256e-08,0.006451038643717766,3.7977474498518404e-09,4.138144868193194e-05,1.552394905957044e-07,3.920728886441793e-06,4.770309658397309e-08,1.3085135833534878e-05,6.958313315408304e-05,8.610074875292639e-10,4.2511589803950756e-09,2.5800719072321954e-07,5.781716438946205e-08,2.2377275143981024e-08,0.00012124397471779957,1.8407316781932082e-09,0.00018056394765153527,3.981920926321436e-08,3.289922824478708e-05,0.9857245087623596,1.4614397692014336e-08,21,21
0.06060607731342316,0.09845855087041855,0.017384303733706474,9.11622464627726e-06,0.0002725577214732766,0.0056082638911902905,1.2871922081103548e-05,7.751387784082908e-06,0.0006533822743222117,0.004727737512439489,0.006519041024148464,6.129566827439703e-06,0.7509254813194275,0.0005651716492138803,7.731019650236703e-06,5.538510777114425e-06,0.018524307757616043,0.013124847784638405,0.005946623161435127,0.005883436184376478,0.0007530823349952698,0.000587031536269933,0.009411037899553776,22,12
0.17308597266674042,0.00013573953765444458,0.6977970600128174,9.470147779211402e-05,0.00048323115333914757,0.07954540103673935,0.0013438566820695996,0.0011180425062775612,0.003621272975578904,0.009023690596222878,0.005634798668324947,0.0006894697435200214,0.001138993538916111,0.0030445996671915054,1.699846689007245e-05,6.889028736623004e-05,0.019410433247685432,0.0008996790274977684,0.00018057202396448702,2.9819755582138896e-05,0.00024517319980077446,0.0020926285069435835,0.00029899447690695524,10,2
0.0017296725418418646,5.1014094282209044e-08,8.194650291670769e-08,4.920059470947535e-09,3.247654589699778e-08,0.0016228258609771729,1.097036602004664e-06,9.418340596312191e-08,1.2444600088201696e-06,0.0023735722061246634,0.992733359336853,0.0015289211878553033,1.0175135685130954e-06,5.885112841497175e-06,9.644158388555368e-11,4.518421470312006e-10,2.240088496641146e-11,1.8042421743302839e-06,9.823607172165794e-08,2.8165927368206667e-09,6.571356236939607e-10,2.7796718260475473e-09,2.8388747352892096e-08,10,10
0.0011065284488722682,7.432245752170274e-07,0.00011594802344916388,1.9810627804872638e-08,4.726318729808554e-05,0.00029902177629992366,1.5193276112768217e-06,2.6846439141081646e-05,4.67490686162364e-08,7.695624844927806e-06,3.5779448808170855e-06,1.4936652405594941e-05,0.04559401795268059,2.586105438240338e-06,4.9503881882628775e-08,4.864851348429511e-07,6.689356814604253e-05,0.9519978165626526,2.654964009707328e-05,0.0006471895612776279,1.0125746484845877e-05,2.730560254349257e-06,2.7328593205311336e-05,17,17
0.5653128027915955,1.6720199482733733e-06,0.00416053319349885,1.2823190445487853e-05,0.09520342946052551,0.010322879068553448,0.00038686604239046574,0.0005850537563674152,2.171451887988951e-05,0.009800335392355919,3.494788325042464e-05,0.0016102234367281199,5.224300912232138e-05,0.3122082054615021,7.563371013930009e-07,8.075289224507287e-05,0.0001427877286914736,1.3505377864930779e-06,1.725215042824857e-05,1.128418716689339e-06,3.3932919905055314e-05,5.274701379676117e-06,3.066161070819362e-06,0,0
0.0023067574948072433,3.1698803582003166e-07,1.7118447431130335e-05,8.928612942327163e-07,0.0009139134199358523,0.9905911087989807,2.461355506966356e-06,1.6892086932784878e-05,0.0011998068075627089,0.00198036408983171,0.0013063785154372454,2.7309090000926517e-05,8.560456308259745e-07,0.0015908811474218965,3.334235225338489e-05,5.00792248203652e-06,9.77806394075742e-07,7.807045676599955e-07,1.2944913123646984e-06,8.029125808661774e-08,1.0502783425181406e-06,2.0689956272690324e-06,3.0146875928949157e-07,5,5
6.25595057499595e-05,0.015546930022537708,5.734840306104161e-05,0.0009272420429624617,0.00025985969114117324,7.806369831087068e-05,0.004736275412142277,0.011592532508075237,2.842034700734075e-05,0.002816547639667988,0.0008936618105508387,1.679686101851985e-05,0.0001498122001066804,5.702996986656217e-06,3.4398330171825364e-05,0.0009320162353105843,0.5473528504371643,0.00023501735995523632,0.0012785528087988496,0.0055199177004396915,0.009232805110514164,0.029166875407099724,0.3690758943557739,16,16
4.881584027316421e-05,1.0791526960929332e-07,1.3581737903223257e-06,7.992857575800372e-08,3.217710764147341e-05,5.3223888244247064e-05,7.043968821562885e-07,0.00026279292069375515,8.845034704663135e-10,1.092573825189902e-06,1.1966058366397192e-08,2.3676251714732643e-07,0.9967401623725891,4.0972108195092005e-07,2.2878212657673203e-09,1.5144472342853987e-08,3.276851202826947e-06,0.0020659652072936296,6.4264431784977205e-06,8.241826435551047e-05,3.474201730568893e-05,7.563005965494085e-06,0.0006583791109733284,12,12
0.021751610562205315,0.04374152049422264,0.02755366452038288,6.814010703237727e-05,0.012872588820755482,0.017896054312586784,0.00028259670943953097,2.8340123208181467e-06,2.384803337918129e-06,0.07544529438018799,0.0024576159194111824,0.0012102925684303045,0.4249274432659149,5.114464875077829e-05,3.489754760721553e-07,1.132087618316291e-06,0.15996575355529785,0.04034936800599098,0.00023344044166151434,0.1360175758600235,0.0004260959103703499,0.007099986542016268,0.027643166482448578,12,12
0.008292777463793755,2.793290832414641e-06,0.00032138352980837226,0.040346816182136536,0.0007018142496235669,0.025997774675488472,0.00721783610060811,0.5995277762413025,0.023122232407331467,0.028555521741509438,9.992609557230026e-05,0.006399733480066061,0.22076110541820526,0.02352369762957096,0.0010914900340139866,0.00027440619305707514,7.477020699298009e-05,0.0004498964990489185,0.00048041940317489207,0.004224702250212431,0.006690779700875282,0.00034068754757754505,0.0015017689438536763,7,7
1.2122541193093639e-05,6.463059253292158e-05,7.924673263914883e-05,7.795256351528224e-06,1.0161007679698741e-07,0.0015031096991151571,2.2688940589432605e-05,2.75705843932883e-07,4.842005409955163e-07,0.0010803213808685541,0.15840493142604828,7.068739478199859e-07,0.2325471043586731,2.6575358788250014e-05,5.588759904640028e-06,3.9991968492358865e-07,0.0001357435539830476,0.4447879493236542,0.026433434337377548,0.1345897763967514,0.00021995563292875886,1.2033033272018656e-05,6.507943180622533e-05,12,17
0.004966667387634516,0.0003070647071581334,3.0159759262460284e-05,1.0973210464726435e-06,0.15801753103733063,0.005214656703174114,0.0002629684458952397,5.255194537312491e-06,9.86362556432141e-06,0.0030424119904637337,0.003008360741659999,0.8204922080039978,2.320485691598151e-05,0.004395731259137392,4.139759539611987e-07,5.8365665609017015e-05,2.1072560230095405e-07,7.983637624420226e-05,4.2963841906384914e-07,4.070818249601871e-06,6.228493703019922e-07,7.595218630740419e-05,2.961368409160059e-06,9,11
1.854096126407967e-06,7.16371630460344e-07,0.00018539318989496678,2.072449056811365e-08,4.860780791204888e-07,1.213453060699976e-06,1.8418361280581053e-09,4.294792077530474e-08,6.232039773124143e-09,2.170286961700185e-06,1.0694793672882952e-06,2.721612091249881e-08,0.4552179276943207,1.2646272473659792e-08,1.6924688850394887e-07,9.888780283517917e-08,0.0001105998017010279,0.018708141520619392,1.3306004120750003e-06,0.5257633328437805,3.4402337405481376e-06,4.3611461819637043e-07,1.4616713315263041e-06,19,19
2.836041312548332e-05,0.0004004462680313736,0.18682242929935455,0.0002266783849336207,3.149040139760473e-07,5.876068826182745e-06,0.00022824760526418686,0.00781990122050047,2.509767364244908e-05,0.0044822669588029385,5.699924804503098e-05,3.2834958574312623e-07,0.5569060444831848,8.549042718186683e-08,3.520406971802004e-05,2.024271452683024e-07,0.02682580053806305,0.002528255805373192,0.05334118381142616,0.06883807480335236,0.044116005301475525,0.04239819571375847,0.004914062097668648,21,12
0.00019030597468372434,0.6432074308395386,0.014706429094076157,0.002591213909909129,0.0018554773414507508,0.008147526532411575,0.017674941569566727,4.32927254223614e-06,0.00016478281759191304,0.16548316180706024,0.024129722267389297,7.17702932888642e-05,0.0007767416536808014,0.00040478736627846956,1.3022905704929144e-06,1.6240788681898266e-05,0.0050552343018352985,0.00022739691485185176,0.042277514934539795,0.0004065480316057801,0.008160309866070747,0.06361427158117294,0.0008325055241584778,21,1
2.9231425742182182e-06,3.2471649547005654e-07,0.9998292922973633,3.293379435831412e-08,7.125996859258521e-08,1.573604663462902e-06,5.035793947172351e-06,2.951026544906199e-06,3.3737348985596327e-06,1.9996716218884103e-05,1.0027622010966297e-05,7.020659268164309e-06,1.3913160728407092e-05,5.722686751141737e-07,3.210658405805589e-08,1.372517203890311e-06,1.5723302567494102e-05,4.982439349987544e-06,6.23566563717759e-07,9.680006769485772e-07,7.762254972476512e-05,1.5706854128438863e-06,2.603588811211921e-08,2,2
1.1330052984703798e-07,2.8740146262862254e-06,5.1045743020949885e-05,4.2508222636294946e-11,1.441941011037784e-09,6.190743473410976e-10,1.1257363439654e-05,7.399629520232764e-11,1.7127187168508584e-10,0.00028222159016877413,9.75830880634021e-06,5.6943088566185907e-05,0.9843736886978149,4.305922285396946e-10,5.2952585892496185e-12,1.1554101009281226e-09,1.389089084113948e-05,5.980762580293231e-05,9.741719964040385e-08,0.015019441954791546,3.893298526236322e-06,9.165220249407469e-10,0.00011505353904794902,18,12
1.8497683413443156e-05,2.2857354906591354e-06,1.7980107713810867e-07,1.3333834036899361e-10,4.522631991132897e-10,2.8193627432671065e-09,6.152539810955204e-08,5.142342995867466e-09,3.963795691674932e-08,0.002768953563645482,6.229396967682987e-05,3.803779513589234e-09,0.5774022936820984,5.7694470728675284e-11,3.3985617098331034e-10,8.390130257218686e-10,0.0009151853737421334,0.00020699585729744285,5.5340419748972636e-06,8.301106572616845e-05,0.00012681212683673948,5.9444682509735e-10,0.4184078872203827,12,12
0.005010220687836409,3.362514325999655e-05,0.024039898067712784,1.452505671295512e-06,9.224243513017427e-06,5.989547207718715e-05,4.3114910113217775e-06,3.917726644431241e-05,0.000215528707485646,0.00011773400183301419,7.987932622199878e-05,4.83237226944766e-06,0.3900693356990814,1.0120208571606781e-05,1.5400519259856082e-06,1.7112300838562078e-06,0.2733704745769501,0.28509262204170227,2.5230441679013893e-05,0.009020916186273098,0.011829985305666924,5.429263910627924e-05,0.0009079097071662545,20,12
0.9053120613098145,1.4974567363879032e-07,0.08745688199996948,1.031304250886933e-07,6.712303729727864e-06,5.006974606658332e-05,1.1879927797053824e-06,1.1159168700203281e-08,3.669248599180719e-06,0.0012339171953499317,7.746874643999035e-07,1.5808936382200045e-07,0.005690691061317921,1.9870589312631637e-05,1.641278224440157e-09,2.2919378200869645e-11,2.646820803420269e-06,0.00011442873073974624,2.09606223506853e-05,7.438122651137746e-08,8.532532228855416e-05,8.806443929643137e-08,1.2619715050732339e-07,2,0
2.423559664066488e-08,0.9822596907615662,7.586538686155109e-08,1.3535235439121607e-06,2.774127949578542e-07,8.362042169807182e-10,1.1289264421066036e-06,4.047433321829885e-07,4.981652243496448e-11,6.732691690558568e-05,0.00013702703290618956,2.091784800928309e-10,4.447606625035405e-05,2.952900979291684e-10,2.312283641003887e-06,5.658680674969219e-05,8.921566404751502e-06,5.819939588036505e-07,0.00016152890748344362,0.017036791890859604,5.93888273670018e-07,1.4257737348088995e-05,0.0002065875887637958,1,1
1.812030347991822e-07,0.9990473389625549,5.256263193587074e-06,7.519397058786126e-06,2.253440811728069e-08,1.3977556818645098e-06,5.758290733126614e-09,3.760116129569724e-08,1.4245289321479504e-06,3.3675729582682834e-07,2.6565612643025815e-07,9.516309962265268e-10,2.14530177800043e-06,9.317757232452095e-09,7.315767547311225e-09,4.734274305917552e-09,2.841320565494243e-06,3.1948263767844765e-06,6.195799505803734e-05,5.512495135917561e-06,1.7839348629422602e-06,0.0008470132015645504,1.1819286555692088e-05,1,1
2.6592197333030754e-09,1.4276465565288277e-09,1.354371192974213e-08,9.028685781231616e-07,1.9988399824200087e-10,1.866087284696505e-09,6.519057516030102e-11,3.0856963650904845e-09,3.088101302450852e-11,8.250887084670921e-09,6.321048573454391e-09,4.735176695191967e-09,2.181124791889033e-08,2.161072876205594e-09,1.541316549946714e-07,1.0989029686214735e-09,0.9999947547912598,4.458278013430572e-08,2.9537845875893254e-06,8.071097568063124e-08,9.11428912786505e-07,7.12443011252617e-08,4.248337148737846e-08,16,16
0.004656523931771517,1.3287794899952132e-05,2.904270513681695e-05,1.2637696045203484e-06,0.0002970106725115329,0.9676204919815063,6.343849236145616e-05,4.043337412440451e-06,0.0011765779927372932,0.0014321295311674476,0.00973584782332182,0.00026965560391545296,1.8836226445273496e-05,0.01458839699625969,8.523996370968234e-07,8.192944846996397e-07,6.0098418543930165e-06,8.669834642205387e-06,2.5504173208901193e-06,1.0795881735248258e-06,1.477044770581415e-05,5.4992247896734625e-05,3.776392759391456e-06,10,5
0.0003172361757606268,4.673552211897913e-06,4.021368113171775e-06,2.2726767667791137e-07,0.02073422074317932,0.1347578763961792,3.247189670219086e-05,3.8736146734663635e-07,0.00036443560384213924,0.00016427425725851208,0.007046218030154705,0.0062847132794559,0.814728856086731,0.014572407118976116,5.2316845540190116e-06,8.827601413941011e-05,2.527452670619823e-05,0.00037925460492260754,6.767704121557472e-07,0.00019015048746950924,0.00012024179159197956,1.5106386399565963e-06,0.0001773281692294404,5,12
0.0004626618174370378,5.637858066620538e-06,0.001731807948090136,8.173813512257766e-06,1.0797421055031009e-05,6.377934482770797e-07,0.0003700881206896156,0.0002602156309876591,7.003355131018907e-05,0.0015225759707391262,0.0005265071522444487,1.75920966682952e-08,0.016811827197670937,7.689563430446356e-10,1.9492908904794604e-06,3.833074515569024e-05,0.00011015302152372897,0.9502398371696472,2.9082617402309552e-05,0.005979134701192379,0.020971525460481644,2.1176999780436745e-06,0.0008468853193335235,17,17
0.014222873374819756,6.71739053359488e-06,0.0004393982526380569,3.3187595818162663e-06,0.8200723528862,0.14070677757263184,9.026181942317635e-05,1.8002849174081348e-05,0.001044119824655354,0.009609109722077847,4.0884537156671286e-05,0.004821007139980793,3.0898994737071916e-05,0.008396229706704617,3.7337097182899015e-06,2.0801378923351876e-05,7.041322533041239e-06,2.5695782824186608e-05,4.222301868139766e-06,7.8088387454045e-06,2.4150651370291598e-05,0.0004006652452517301,3.946924152842257e-06,4,4
0.48500484228134155,0.0008662925101816654,0.07591517269611359,5.2437870181165636e-05,0.0015134373679757118,0.24184167385101318,0.0012520176824182272,0.052591726183891296,0.0048599569126963615,0.07316303998231888,0.0020615847315639257,0.001802646555006504,0.004436538089066744,0.031182585284113884,0.00021006586030125618,0.0011897041695192456,0.0008356138132512569,1.9347948182257824e-05,0.013526227325201035,3.0092383894952945e-05,0.006292697507888079,0.0006319803069345653,0.0007203664863482118,9,0
2.4567873777026072e-11,1.0726411980854778e-09,6.83923195854419e-11,2.446395950400637e-12,1.0147110582336971e-11,1.1305974602707214e-12,7.223403741818402e-08,2.031481265759444e-13,1.6219450912555167e-12,2.1950465907139005e-06,3.5369676076868473e-09,3.377292401296472e-08,0.0007458267500624061,4.806574517741968e-13,1.4675737838518166e-12,1.6910511879686396e-10,2.8966782306127925e-09,1.0007219941599033e-08,4.410811715871432e-09,0.9992517828941345,1.4135449255547883e-08,2.0965080799878466e-12,5.558392635052201e-10,19,19
1.520389673714817e-06,7.075977009662893e-06,0.0003685789997689426,1.7853552947144635e-07,6.079465492803138e-06,6.116480477658115e-08,2.085142938312856e-07,1.090740965992154e-06,2.8023203757499004e-09,3.444153117015958e-05,4.6902340500309947e-07,4.8187882129013815e-08,0.9664085507392883,2.1506678660188072e-09,1.652525156714546e-06,2.4464591774631117e-07,0.0007859205943532288,0.02219069004058838,0.00020041814423166215,0.009765761904418468,3.576243398129009e-05,4.974354510522971e-07,0.00019062160572502762,12,12
5.03619617120421e-07,1.1873221410496626e-06,4.6002501221664716e-06,7.304262528151639e-09,5.432994609755326e-10,1.010027290249127e-06,1.338198245548483e-07,7.121656864228498e-08,1.3761205082118977e-06,1.1288824453004054e-06,1.2035133067911374e-07,2.229664914921159e-06,0.0008712857379578054,1.0022856322677853e-08,8.183694610863768e-09,1.5550435605860002e-08,0.007217060308903456,2.8123984066041885e-06,1.4305015611171257e-05,8.502684067934752e-06,0.9918340444564819,4.685987065045083e-08,3.941865361412056e-05,20,20
5.661615176677515e-09,4.691600996586942e-10,1.443913655307938e-09,4.095214478638809e-08,1.3104960316923098e-07,8.091260639275788e-08,7.106212285279412e-10,3.7897900095895665e-11,9.999241018521232e-13,2.3070660404300725e-07,3.6551051074695806e-10,1.6955610249169695e-08,0.9959025979042053,1.929230247776914e-10,1.1658227716537795e-09,4.546978071839902e-10,2.2054953696670765e-10,1.9276581042504404e-06,1.8494242581823528e-08,0.0040948777459561825,1.9105848014788762e-09,2.9911179089125994e-10,3.042073037917703e-09,12,12
2.3254617076418072e-07,3.5299887457540535e-08,1.9199648093604083e-08,8.240206028631292e-08,2.1309169984107257e-09,4.876771981798811e-06,5.594363167160665e-11,7.519679989798078e-09,4.771653627777539e-10,3.062583289192844e-07,9.200590511682094e-09,2.1270281536089897e-08,3.624587918693578e-07,1.7317460798693673e-09,7.954770808282774e-06,6.208474179203449e-09,0.17573517560958862,4.468590850592591e-05,0.8189484477043152,1.999599135160679e-06,0.005254968069493771,3.993866357632214e-07,3.5376069718040526e-07,18,18
1.0415549240860855e-06,0.00013655789371114224,3.607796941196284e-07,9.138409950537607e-05,0.00094123266171664,9.588695775164524e-07,2.468590878379473e-07,5.889754461918528e-09,4.2878325889894597e-10,5.871156190551119e-06,5.901722943235654e-06,9.301751902057731e-07,0.056219469755887985,3.0328632050213855e-08,1.7729270496147365e-07,1.6505549638168304e-06,0.005289022345095873,0.02888144552707672,4.644254204322351e-06,0.899201512336731,3.511345084916684e-06,1.074023839464644e-05,0.009203353896737099,12,19
0.00020053076150361449,4.857289604842663e-05,2.7789556042989716e-06,9.013443195726722e-05,1.1712191962942597e-06,8.090138726402074e-05,5.215774763200898e-07,1.7395966551703168e-06,7.747531327595425e-08,4.099855141248554e-05,0.00015008651826065034,4.549865479930304e-05,0.5698940753936768,3.50886784872273e-06,9.986262739403173e-05,4.090987204108387e-06,0.0077323815785348415,0.296718031167984,0.03534374758601189,0.08250987529754639,0.00012746012362185866,1.8204607840743847e-05,0.006885775830596685,17,12
3.717677259373886e-07,5.54663929506205e-05,3.3558114864717936e-07,9.648591969835252e-08,5.119424173471998e-08,4.240790076437406e-06,3.822351573035121e-06,3.1202314858091995e-05,1.7387668549417867e-07,1.7554333680891432e-05,0.0002258795138914138,4.680961041003684e-08,8.445364073850214e-05,7.901005183441612e-09,7.45320960504614e-08,1.3303816714937966e-08,0.00028398915310390294,4.896913310403761e-07,0.000279022118775174,2.9145048756618053e-06,0.0008974876836873591,3.980137626058422e-05,0.9980725049972534,22,22
0.00023872774909250438,5.442926465093478e-08,0.7067798376083374,1.561379394843243e-05,0.0848206952214241,0.20031873881816864,2.5873225695249857e-06,3.488235051918309e-07,1.1820737199741416e-05,0.0016763933235779405,9.087611942959484e-06,0.0035819190088659525,2.0343097730801674e-06,0.001365498872473836,0.0011631966335698962,2.9130194434401346e-06,7.338865088968305e-06,1.3146658375262632e-06,1.4597844710806385e-07,4.800959345629963e-07,6.145532438495138e-08,1.06698871604749e-06,8.97097240937228e-09,2,2
0.04095945879817009,2.741267417150084e-05,0.0002446201688144356,0.0001035955356201157,0.1911274790763855,0.6663584113121033,0.00029950187308713794,2.3978068384167273e-06,0.03381558135151863,0.052515726536512375,0.012455061078071594,0.0005822632811032236,1.2595202178999898e-06,0.0009970840765163302,4.750690277433023e-05,5.374578176997602e-05,5.7616362028056756e-06,7.474469020962715e-05,1.4050301615498029e-05,3.986440333392238e-07,5.4953907238086686e-06,0.0003074694541282952,8.835873472889944e-07,5,5
9.95598568864775e-12,1.5101106476400616e-10,3.5915595497648667e-10,1.1332049076884232e-08,1.3536777254685717e-10,6.762295470252866e-07,5.815991091506767e-11,1.705533603235665e-09,5.953913057021865e-11,5.032246122027573e-07,2.2554168026545085e-06,1.1483030672165828e-11,7.763264875393361e-07,2.2187424519870547e-07,0.9999470710754395,1.3073614013592305e-07,1.24228094477985e-09,2.9283877406305336e-11,4.661912316805683e-05,1.5759106872792472e-06,1.0984661003021756e-07,6.982557587686955e-11,1.3855520897276818e-10,14,14
5.523504853499617e-08,1.1815344258536697e-09,1.185472969789103e-10,1.7799833074150229e-07,4.3090946633128624e-07,3.625790157002484e-08,2.4695881450931267e-10,2.4436965784246922e-09,1.2368098082152224e-12,1.0696157914935611e-06,3.977389972931178e-09,6.97348356837324e-09,0.9999579191207886,2.021895290083009e-10,1.1433164814889096e-07,3.5469009951327735e-09,6.883342784647084e-10,5.553532633761904e-10,4.345556803286854e-08,3.5707573260879144e-05,1.423710926928834e-09,7.73671793297126e-09,4.374868694867473e-06,12,12
6.684815161861479e-06,3.809188520165208e-09,7.064545570756309e-08,1.4208441712071362e-07,1.4916174222889822e-05,0.0008001329260878265,4.102598469279961e-11,4.4714305147408595e-08,0.9989641904830933,8.914854561226093e-07,7.90126887295628e-06,1.0566438959358493e-06,5.969960881202496e-08,0.00016329203208442777,2.9990535040269606e-05,4.555084160529077e-06,1.3006723698083533e-08,2.4299320102727506e-06,1.8516525202016965e-08,1.1988852577360376e-07,3.2552570701227523e-06,5.742635167393928e-08,1.9015027419300168e-07,8,8
2.3256937708993064e-07,3.957391072617611e-07,0.9999352693557739,1.2237423518968171e-08,7.644058719336044e-10,5.4897498102945974e-08,1.1944599087598817e-08,9.031386305480282e-09,1.425947857569554e-07,2.361833679742631e-07,4.032219447225316e-09,3.787545921341007e-08,2.0275342649256345e-06,3.855666452778905e-09,4.5634201278899056e-11,5.410829423402319e-11,3.890585048793582e-06,3.94521230191458e-05,2.4799342668302415e-07,7.360926019828185e-07,1.119644093705574e-05,6.038172159605892e-06,1.1252584419807476e-09,2,2
1.1851709132315591e-05,0.00019525682728271931,2.528372988308547e-06,0.0007974220206961036,2.0798711375391576e-07,7.23907578503713e-05,0.8244405388832092,1.1620659279287793e-05,0.0002362666418775916,0.08131947368383408,0.07424923777580261,0.018109355121850967,0.0002318878105143085,8.575571700930595e-05,1.6958283666212992e-08,7.217740289888752e-07,4.362766148346964e-08,7.644598554179538e-06,3.006157567142509e-05,4.0877344872569665e-05,4.531228114501573e-06,3.3173387237184215e-07,0.00015199382323771715,6,6
0.0014488267479464412,0.00016340045840479434,0.0006238218047656119,0.00017448616563342512,0.0018046353943645954,0.0008034550701268017,0.000437229813542217,0.002928589703515172,3.7053068808745593e-06,0.07058341801166534,0.00030377862276509404,0.0002825103292707354,0.739497721195221,3.4496208627388114e-06,3.4966287785209715e-05,0.0013772125821560621,9.606606181478128e-05,0.11672545969486237,0.0009940988384187222,0.06104923039674759,0.0002229873789474368,6.743172889400739e-06,0.00043424201430752873,7,12
2.147183835177202e-07,3.018544703081716e-08,7.382722060356173e-07,8.080078117700396e-08,7.899500076291588e-08,3.7288933185664064e-07,2.2662943521822854e-08,4.226114640459855e-07,2.61160260084381e-10,1.7936321228262386e-07,4.124716724618338e-06,6.247002026782411e-09,0.2563782036304474,3.261666631226845e-11,5.456656460012255e-09,2.6393326635343328e-08,0.0014961004490032792,0.0007268493645824492,7.394987733277958e-06,0.0003032064705621451,0.0028303677681833506,6.628798928431934e-06,0.7382449507713318,22,22
0.00029823443037457764,2.7006117306882516e-06,1.859582152974326e-05,0.0001509093417553231,0.0030047406908124685,0.37814491987228394,2.1857542833458865e-06,8.264300959126558e-07,6.29245107575116e-07,0.0005455492646433413,0.004308001603931189,0.0002617230638861656,0.033619195222854614,0.0011820602230727673,1.8429651390761137e-05,3.340155956266244e-07,2.0939452952006832e-05,0.5151451826095581,0.058794643729925156,0.004287814721465111,6.327694336505374e-06,3.941782779293135e-06,0.0001821471523726359,12,17
0.016872618347406387,8.111106808428303e-07,0.00032532980549149215,2.236060390714556e-05,0.018314456567168236,0.00890390109270811,0.011977463960647583,0.00036818950320594013,0.010817250236868858,0.9264890551567078,8.627240458736196e-05,0.004414292052388191,0.0009002368315123022,0.00030130211962386966,2.188265170843806e-05,6.753025809302926e-05,5.501255486706214e-07,7.756009290460497e-05,7.248279871419072e-06,1.1498336789372843e-05,3.7088511817273684e-06,6.63559421809623e-06,9.996789231081493e-06,0,9
0.00020583505101967603,0.0015386758605018258,5.764347406511661e-06,8.436274612222405e-08,3.8088186556706205e-05,5.19529203302227e-06,0.0015059357974678278,6.446466613851953e-06,1.3234110838311608e-06,0.0007965545519255102,0.0005648878286592662,0.0001973029866348952,0.9240935444831848,4.08784224248393e-08,3.01178215700304e-09,7.784296371937671e-07,0.00015330841415561736,0.04606672003865242,1.1083024986646706e-07,0.023115374147892,0.000987283419817686,0.00017057947115972638,0.0005461359978653491,12,12
0.004563815426081419,5.511402378033381e-06,3.7742811400676146e-05,2.030943278441555e-06,0.002443877048790455,0.0034122576471418142,6.388879114638257e-07,9.72836551227374e-06,7.855072908569127e-06,1.932678605953697e-05,1.0446447049616836e-06,8.359111234312877e-05,0.9440181851387024,0.00010945184476440772,4.4672829972114414e-05,8.421864549745806e-06,3.4141292417189106e-05,0.03276270627975464,0.00012518784205894917,0.011562315747141838,3.653821113402955e-05,0.000677906908094883,3.314668720122427e-05,12,12
0.00011274899588897824,2.9054481274215505e-05,3.042471143999137e-05,1.6621288523310795e-06,0.00013968006533104926,7.323351019294932e-05,0.004611759912222624,0.000218619461520575,6.345527481244062e-08,0.0018327368889003992,3.512934563332237e-05,0.00045444825082086027,0.9257302284240723,3.3273167900915723e-06,1.0393185903012636e-06,3.8584468711633235e-05,0.00010901610221480951,0.0003786195011343807,0.001056809676811099,0.05792383477091789,0.006265990436077118,0.00012618742766790092,0.0008267298107966781,12,12
0.005038377828896046,4.093744337296812e-06,0.3592521548271179,1.602497604835662e-06,0.00048400447121821344,0.0007104949909262359,0.020986976101994514,8.767189865466207e-05,8.737844837014563e-06,0.598837673664093,0.00045103163574822247,1.8367092707194388e-05,0.013661944307386875,2.354675598326139e-05,3.076541361224372e-06,4.0859259797798586e-07,4.3054526031482965e-05,6.393856892827898e-05,0.0002838689833879471,1.2647195944737177e-05,6.073181339161238e-06,3.994832695752848e-07,1.9823610273306258e-05,9,9
0.0009690554579719901,8.017030950213666e-08,0.19516216218471527,0.00016577754286117852,0.795907199382782,0.0003243378014303744,8.733709364605602e-06,4.788923391174649e-08,4.528370482148603e-06,0.006757054012268782,9.298616532760207e-06,9.323661652160808e-05,0.00010810986714204773,4.996158531866968e-05,0.00020035376655869186,5.1294568947923835e-06,2.2926189558347687e-05,0.00012219484779052436,8.140133286360651e-05,5.042742486693896e-06,2.937621047749417e-06,2.705513395540038e-07,1.5473582948288822e-07,2,4
3.747475219029184e-08,0.003238288452848792,6.434100941987708e-05,2.6378867914900184e-05,4.801756769978738e-09,1.5912783979388223e-08,3.587585752029554e-06,0.0019408903317525983,4.698988504969748e-06,3.915872639481677e-06,0.0011482157278805971,9.980875859127991e-08,0.00468389131128788,9.512120952015479e-11,4.089958383701742e-05,1.3516107173927594e-05,0.2397487610578537,3.2788932458061026e-06,9.500292799202725e-05,0.07026200741529465,0.3824915885925293,0.23730085790157318,0.05892963707447052,16,20
5.323515850363947e-08,8.708902932141882e-09,1.1289779422440915e-06,0.9900173544883728,1.3552438282715684e-08,2.7428764042269904e-06,2.734772692747356e-07,2.4382156880164985e-06,1.3614254612548393e-08,1.1070555046899244e-05,6.876847692183219e-06,1.0331239508332146e-07,8.652592805447057e-05,4.0548641777604644e-08,1.0699279755499447e-06,1.0463079433975508e-06,1.4527240637107752e-06,2.642329127411358e-05,0.009726841934025288,5.7169479987351224e-05,5.523676736629568e-05,1.531463595938476e-07,1.9307269667478977e-06,3,3
7.030850974842906e-05,0.0031063237693160772,1.2020724398098537e-06,2.580503348781349e-07,4.336247627634293e-07,7.404227631013782e-07,0.0001475583849241957,0.00017872147145681083,1.2753098417306319e-06,4.9134530854644254e-05,0.034237902611494064,1.4192188473316492e-06,0.021462444216012955,8.791027461541034e-09,1.2193863696552398e-09,5.748957846662961e-05,0.00755529897287488,0.6694422364234924,8.270413331956661e-08,0.22047799825668335,0.00013494979066308588,2.393139584455639e-05,0.04305033013224602,12,17
0.3029525578022003,0.00010052114521386102,0.03770995885133743,7.398673460556893e-07,0.09763944894075394,0.003300873562693596,0.0003104515781160444,1.2362773304630537e-05,0.008981994353234768,0.03796977549791336,0.0020634797401726246,0.5076404809951782,5.2281095122452825e-05,0.0010225804289802909,1.335140495939413e-07,1.3438348105410114e-05,1.4475369425781537e-05,5.341902215150185e-05,8.24155335976684e-07,6.28619136477937e-06,1.106561285268981e-05,0.00010963318345602602,3.322130214655772e-05,2,11
0.16033831238746643,0.0035351761616766453,0.023686306551098824,1.8007640392170288e-05,0.27086642384529114,0.2896818518638611,0.0011979967821389437,0.00038707247585989535,0.04777023196220398,0.009970635175704956,0.00268821744248271,0.12676283717155457,0.0003094625426456332,0.04765341430902481,0.0007949629798531532,0.004745603539049625,0.00036761711817234755,0.0012774543138220906,0.0001379478198941797,9.644308011047542e-05,0.001183879328891635,0.006304711569100618,0.00022533383162226528,0,5
3.570119547213757e-11,6.079534878994375e-12,1.1859093262955867e-08,7.016873789910533e-14,1.1520514089143757e-13,8.792609418328823e-10,6.913808969777335e-10,1.2114991084985482e-12,4.352351541236227e-13,0.9999969005584717,2.068976517888288e-10,7.0540759899984096e-09,1.416522593666869e-10,4.2580730608143824e-12,1.020156401981007e-14,5.69474946460701e-15,1.3117670838447282e-10,2.350807807964539e-13,3.110090347036021e-06,8.674967889215138e-14,2.285555208633716e-12,1.154505493517305e-18,5.945837711074375e-10,9,9
0.0025747185572981834,9.182200955137887e-08,1.3973751720186556e-06,8.460072109528483e-08,1.238804202330357e-06,0.024726850911974907,2.5420257898645104e-08,7.06277642166242e-05,0.9716219902038574,2.7111505914945155e-05,1.0797177310450934e-05,8.647764843772165e-06,5.511107588063169e-07,0.0009110888349823654,1.4273247472829098e-07,9.874145689536817e-06,1.253954877711294e-07,8.916400133784919e-07,4.643312223606699e-08,2.45367800744134e-07,1.0964891998810344e-06,3.128566277155187e-07,3.192082658642903e-05,0,8
0.0007406565127894282,1.0901307634370028e-09,1.2058457343755435e-07,1.0881577416910204e-08,1.865096237452235e-07,7.658637332497165e-05,1.8306990057226358e-07,2.6393840357741283e-07,0.00048342443187721074,0.015845807269215584,2.26112715608906e-05,0.9823940992355347,4.4562781909007754e-07,0.000434534449595958,4.609257686638557e-08,7.340961474255892e-07,4.448801882439568e-10,1.3683640887052206e-08,1.097169928243602e-07,9.443625437199898e-09,2.182118095106489e-07,3.2127376314861067e-09,9.975559933650402e-09,11,11
1.5679766875109635e-05,8.944035471358802e-06,0.0025721057318150997,0.00032638091943226755,6.915918220329331e-06,1.9824066839646548e-05,0.0002538322878535837,3.6124609437138133e-07,4.7340256514871726e-07,0.0015818608226254582,0.005120433866977692,1.8303728211321868e-05,0.9055773019790649,8.649849974062818e-07,6.773486802558182e-07,1.239061475644121e-07,0.006306225433945656,0.07069586962461472,7.986433774931356e-05,0.004225403536111116,0.0012749190209433436,7.62432100600563e-05,0.0018373668426647782,12,12
1.6582929447395145e-06,1.7623429812374525e-05,0.0013669077306985855,5.388843874243321e-06,1.2439290912880097e-06,2.9148809517209884e-06,3.261373535679013e-07,1.959910349569327e-07,4.550691699023446e-07,6.098030098655727e-07,8.580287612858228e-06,1.0501258884687559e-06,0.0017779151676222682,4.1811617279563507e-07,3.402834920507303e-07,9.115112220570154e-07,0.01711314171552658,0.07941348850727081,1.6011256320780376e-06,0.8995723724365234,0.0003745419962797314,0.00032763511990197003,1.0781003766169306e-05,19,19
0.006003727670758963,3.7551126297330484e-07,1.0324334652977996e-05,1.0967005437123589e-07,0.006535298191010952,0.015254673548042774,8.70855387802294e-07,0.0001554488408146426,0.008411852642893791,0.000736122892703861,0.002863995498046279,0.15941482782363892,1.1652127795969136e-05,0.7864148616790771,0.0007041414501145482,0.013464194722473621,3.3666535728116287e-06,9.625499615140143e-07,4.541615794551035e-07,1.5980565137851954e-07,6.835379736003233e-06,1.560969735692197e-06,4.1932021304091904e-06,5,13
9.81062253657683e-09,8.730088874031594e-10,3.6524269719784286e-10,2.5883167609208613e-08,7.111316396857248e-11,1.323607001779692e-09,1.0631991953502506e-09,6.605411329019262e-09,7.076994697728656e-13,3.116892344223743e-07,5.5961377892765896e-11,2.1860957488684107e-09,0.9994547963142395,3.306343740461237e-11,5.968937788480844e-09,1.210303385290601e-10,4.2114375875534904e-10,1.064015791030215e-07,3.0062403766351053e-07,0.0005443549598567188,7.799081380710504e-09,9.938713851909142e-09,8.227677028571634e-08,12,12
0.020147738978266716,3.2939458378677955e-06,0.0009911814704537392,1.4967868992243893e-05,0.00482045067474246,0.2977657914161682,4.304340109229088e-05,4.8013117748269e-07,0.6507677435874939,0.015443120151758194,0.00040772787178866565,0.0016503377119079232,0.00018247347907163203,0.0073599861934781075,2.0252616650395794e-06,1.41334430736606e-06,2.705403858271893e-05,5.995215542498045e-05,0.00011535984958754852,5.696195330529008e-06,0.00011881989485118538,4.475532114156522e-05,2.6535673896432854e-05,5,8
1.1748577890102752e-05,3.724775210489639e-10,1.0183833332177983e-08,3.0736593714664195e-08,3.955964984925231e-06,1.9847887244850426e-07,1.9124696848393796e-07,6.348806480538371e-10,1.1286050219383448e-12,2.540685818530619e-05,4.5762418854344844e-10,1.3920553598723018e-08,0.9999481439590454,7.3026980018653376e-09,7.374053367925626e-09,1.264301423969938e-11,1.9684968322053464e-08,2.2645154729161732e-07,8.814425314085383e-07,9.110653991228901e-06,5.175436079696283e-09,5.270765157661117e-08,3.033791173834288e-08,12,12
7.452690020670616e-09,6.781304051628467e-08,1.173943019239232e-06,3.1009014800353896e-12,6.705854360689045e-08,2.5921016444385714e-08,1.8300341253052466e-05,2.0875678963250266e-09,8.20521373068317e-10,4.323233952163719e-06,7.748688801711978e-08,1.9922390492865816e-07,0.9714656472206116,7.513029642858271e-10,3.333851950060307e-08,3.274934767816262e-09,2.6034954316855874e-06,4.758610572253019e-08,3.158046126827685e-07,0.028423937037587166,8.255043212557212e-05,3.751152277686742e-09,5.039795496486477e-07,19,12
0.0009436706895940006,5.870383574801963e-07,8.836145570967346e-05,1.0031847068603383e-06,0.00020248893997631967,4.637376332539134e-05,6.470592779805884e-06,2.3505943147483777e-07,4.1545053619529426e-08,1.3040252270002384e-05,5.2898084135222234e-08,3.3518816167088517e-07,0.159210205078125,3.358069307068945e-07,1.2350124256599315e-09,1.2551718553410751e-09,2.1109137833263958e-06,0.8391305208206177,1.568290281284135e-05,0.00028796776314266026,3.401553476578556e-05,1.4670298469354748e-06,1.50671357914689e-05,17,17
