prob_0,prob_1,prob_2,prob_3,prob_4,prob_5,prob_6,prob_7,prob_8,prob_9,prob_10,prob_11,prob_12,prob_13,prob_14,prob_15,prob_16,prob_17,prob_18,prob_19,prob_20,prob_21,prob_22,true,pred
0.05437859892845154,3.583367629289569e-07,2.9636817998834886e-05,8.750201345719688e-07,0.0009963606717064977,0.019575603306293488,7.869502587709576e-05,1.7217407730640844e-05,0.00018833126523531973,0.28181692957878113,0.002484136028215289,0.5625593066215515,0.00012803221761714667,0.002985216211527586,0.0005261326441541314,0.07395347207784653,2.676495398645784e-07,4.160721800872125e-05,0.0002336281759198755,2.9628747597598704e-06,1.876598929584361e-07,2.1772707725631335e-07,2.1596774786303286e-06,11,11
6.839501565991668e-06,4.0380083277113954e-08,6.095216065205022e-08,4.284880219529441e-07,4.555253396709702e-11,6.8267320685322375e-09,0.9998854398727417,4.587668081512675e-05,2.6429704576003132e-06,4.853086284128949e-05,9.399733244208619e-06,4.483565962942748e-09,2.406452814796012e-09,6.131681971055514e-07,3.0781468485230334e-09,4.524727259536121e-08,8.51927028922006e-10,1.1107896824569252e-09,2.6581328249619673e-09,1.789597625645456e-08,2.3269042248585947e-09,8.65703668750939e-08,8.228844272650804e-10,6,6
0.005006540101021528,0.0016594181070104241,0.017155399546027184,0.0036681678611785173,3.8101150039437925e-06,0.0042463322170078754,0.0004941237857565284,0.0005788881680928171,0.00020879501244053245,0.0063116843812167645,0.6485834717750549,9.106419724957959e-07,0.006326198577880859,0.0010280221467837691,4.7404559154529124e-05,0.00024328989093191922,0.00010130540613317862,0.003516742493957281,0.0028650567401200533,0.26488691568374634,3.275170820415951e-05,0.03300825133919716,2.6634110326995142e-05,12,10
3.387883964478533e-07,1.6346811548828555e-07,0.9999771118164062,8.14530221049381e-10,7.731147633194269e-08,5.635840238937817e-09,1.971634189246174e-09,4.489051796952026e-09,9.802161304861556e-10,1.003260852172616e-08,5.905183453336349e-09,1.1055267812309921e-09,4.0585652527624916e-07,5.275622161349247e-09,5.009322290305818e-09,4.827695221365502e-08,3.250058568937675e-07,2.812301090671099e-06,3.8235728472280073e-10,1.867062019300647e-05,1.30894575178786e-08,2.710623725477035e-08,6.265821889117618e-11,2,2
4.528682620730251e-05,3.155021113343537e-05,1.4165609172778204e-05,0.00010501703945919871,0.00019275087106507272,0.0017041810788214207,7.764493784634396e-05,7.376183930318803e-05,8.810065992292948e-06,0.03462003171443939,0.011914713308215141,0.00016182518447749317,0.5951354503631592,0.00019737923867069185,0.0003849211207125336,0.2614699602127075,9.304162085754797e-05,0.017155824229121208,0.0004883468500338495,0.07593369483947754,4.2351375668658875e-06,2.0515560663625365e-06,0.00018532198737375438,17,12
3.075568383792415e-05,0.00012708328722510487,3.647055990541048e-08,6.015795406710822e-06,9.751127905133217e-09,0.0003761581319849938,4.32882444556526e-07,4.595040081767365e-06,2.2170513602759456e-07,1.0244363693345804e-05,9.180019333143719e-06,1.9400278716830144e-08,0.9827422499656677,1.911307094815129e-07,4.321414337482565e-08,3.0003829465385934e-07,6.110678805271164e-05,2.4479446437908337e-05,0.012261196970939636,0.0002421254466753453,0.00010670311894500628,0.0030205200891941786,0.0009763529524207115,12,12
3.6402369119059586e-08,5.852112371940166e-05,3.105782653278766e-08,2.3744469217490405e-06,5.160472493770385e-09,2.697202035051305e-07,6.422682474749308e-08,6.998845947236987e-07,3.4033906803898617e-09,7.7179365689517e-06,6.021839453751454e-07,6.516037043269307e-09,0.005689653567969799,2.0845085657583695e-07,1.7267542716581374e-05,2.5778335839277133e-06,1.2552674206744996e-06,2.7346912247594446e-05,6.718520307913423e-05,0.9940966367721558,5.967571723886067e-06,1.7920898244483396e-05,3.5919883885071613e-06,19,19
0.0014594249660149217,3.2327811538834794e-08,4.887509930995293e-05,1.7047204892151058e-05,4.7116674977587536e-05,0.004769478924572468,5.623378910968313e-06,0.00031374921672977507,0.0016100446227937937,0.004591483157128096,0.02710096724331379,0.012344852089881897,1.2965621181137976e-06,0.7653176784515381,0.044641200453042984,0.13770338892936707,7.549483704849536e-09,2.08163182833232e-05,4.448738764040172e-06,1.8218314608020592e-06,1.4293317462943378e-07,1.236807776194837e-07,3.735544851224404e-07,13,13
3.500902678865714e-08,0.7267823815345764,1.1441999703265537e-07,0.0020490356255322695,2.432353485293248e-10,9.507069576031313e-10,2.8888384804304224e-06,0.00013511620636563748,2.1238950154156555e-08,2.061412800458129e-07,0.00021187849051784724,2.8817982722362245e-11,0.00010296770051354542,1.905242008604091e-08,5.002514171792427e-07,3.495726559776813e-05,2.8273925636312924e-06,1.5973329936969094e-05,1.4952363471820718e-06,0.018635032698512077,1.9859933672705665e-05,0.2519792318344116,2.5544131858623587e-05,21,1
9.775108082976658e-06,2.70976011051971e-06,6.0297284107946325e-06,2.8517223427115823e-07,2.060206952592125e-06,0.0012675735633820295,5.693624643754447e-06,0.000194105101400055,0.0034165431279689074,0.0036183411721140146,0.9811959266662598,0.0003817316610366106,5.170779786567437e-07,3.4291967949684476e-06,0.003789133159443736,0.0059300875291228294,5.079925244899641e-07,2.5501522031845525e-06,7.5936968642054126e-06,1.0708690751926042e-06,3.0383622288354672e-05,2.3585758412991709e-07,0.00013363047037273645,8,10
1.1481136397151204e-07,2.6347308335061825e-07,5.659891257892014e-07,9.91022233165495e-08,6.749344265699619e-07,5.8630794228520244e-06,4.709813095082893e-10,5.434827698991285e-07,1.6141784442424978e-07,2.953733257982094e-08,3.0580367820221e-06,7.109215438561023e-09,3.2274936529574916e-05,9.197903523272544e-07,2.0398044853209285e-07,3.546256834852102e-07,1.3798243969631585e-07,0.9979015588760376,1.1780913133918602e-08,0.0020530621986836195,1.6917500289537202e-08,2.9236451482006487e-08,1.3462947379139223e-07,17,17
5.50909862795379e-05,0.0008596789557486773,0.00013580282393377274,0.00017921222024597228,7.450185535162746e-07,3.061570896534249e-05,4.584892849379685e-06,8.14173326944001e-05,4.2511823266977444e-05,6.2727431213716045e-06,0.9817155003547668,2.6176776302122562e-08,6.465140904765576e-05,1.5832165445317514e-05,5.2449981922109146e-06,6.515971472254023e-05,0.0002623568580020219,0.002824682742357254,6.935772398719564e-05,0.00872831977903843,2.5298979380750097e-05,0.0048170145601034164,1.0546857993176673e-05,17,10
7.744596075554e-09,0.999964714050293,4.4973393187319743e-07,6.434646593334037e-08,1.6783914258411414e-09,4.1586904586665696e-08,2.349137950830027e-08,5.453883389350267e-08,3.791703395705781e-09,6.124485452119188e-08,6.519002454297151e-06,5.7827541366517465e-11,1.1823146195411027e-07,2.5701401007438562e-09,1.405101546225751e-08,8.987265154303259e-09,3.5133552955812775e-08,6.390696967173426e-07,6.180027298796631e-07,1.3251800510261091e-06,2.804444534376671e-07,2.4454340746160597e-05,4.1047266563509766e-07,1,1
1.830233941291226e-06,8.831416380417068e-06,2.2701846091877087e-07,1.3001739489482134e-06,9.86511672351753e-09,1.0788030522235204e-05,7.29560724721523e-06,8.80815878190333e-06,1.8365264864428354e-08,0.0028881009202450514,0.0001078724380931817,1.6487506115936412e-07,0.9964134097099304,1.644134357547955e-07,3.214628918613016e-07,1.1784641174017452e-05,1.174372386003597e-07,2.190714212702005e-06,3.6299490602687e-05,0.0004689855850301683,7.635329097865906e-07,2.181430545533658e-06,2.8582833692780696e-05,12,12
0.9926700592041016,1.7994352674577385e-07,1.5913291235847282e-06,2.441029209876433e-07,5.912482265557628e-06,1.1418789654271677e-05,3.815445779764559e-06,4.5129528558618404e-08,7.186741868281388e-08,1.229930785484612e-05,1.6324705143233587e-08,1.0608987395244185e-05,1.5979428553691832e-06,9.665186553320382e-06,2.098137663608668e-08,8.1703284138257e-08,0.004865637514740229,1.80249244863262e-07,0.002389999572187662,3.596338515876596e-08,1.3395945643424056e-05,2.4646469682920724e-06,6.757636015208845e-07,0,0
2.1932580196448725e-08,6.19144699953722e-08,1.4903688283496308e-09,2.764279471989539e-08,1.3418359479100417e-10,3.2036660968515207e-07,2.029047152518615e-08,4.3941884797504827e-08,9.979655990477454e-10,1.046431179929641e-06,4.124587746900943e-07,6.570170518749308e-10,0.9999269247055054,5.855267382059992e-10,2.951349609148224e-09,4.466595537877538e-09,2.7583491046812014e-08,1.1125973742309725e-06,4.466293148652767e-07,3.208435737178661e-05,1.8391195055755816e-07,3.8605685404036194e-07,3.675951302284375e-05,12,12
3.795362090386334e-06,0.000143933342769742,1.0295942729499075e-06,0.00045569828944280744,3.0753298574381915e-07,5.506455636350438e-05,1.3751331380262855e-06,0.0003043476608581841,1.624156539037358e-06,8.129388152156025e-05,0.9706750512123108,5.030514671489072e-07,1.5534606063738465e-05,3.7309832805476617e-06,0.0033231766428798437,0.0005806413828395307,1.5260536656569457e-06,2.795263753796462e-05,0.02268192358314991,0.0009281600941903889,7.334347628784599e-06,0.0001368624361930415,0.0005691341939382255,14,10
0.0035986241418868303,1.2462560334824957e-05,3.987271611549659e-06,7.320187705772696e-06,0.0001888056140160188,0.001198593876324594,3.181682404829189e-05,5.1205570343881845e-05,1.994645754166413e-05,0.08397841453552246,0.005770003888756037,0.0010548274731263518,0.00044673410593532026,0.0019386127823963761,0.0012244589161127806,0.9001474380493164,2.419545523935085e-07,3.1967014365363866e-05,0.00013898476026952267,0.00014887969882693142,3.129109416022402e-07,5.943692485743668e-06,4.1014527596416883e-07,4,15
0.13599367439746857,0.00021630192350130528,0.002024012850597501,0.00021144044876564294,0.012748278677463531,0.022015374153852463,0.0002959972189273685,0.0016789116198197007,0.0016968376003205776,0.013269269838929176,0.010398952290415764,0.0001850996632128954,0.041788775473833084,0.005599775817245245,0.004515175707638264,0.4345085322856903,0.000285335467197001,0.09856218844652176,0.0004649474867619574,0.213190495967865,0.00019405003695283085,9.224529640050605e-05,6.429223867598921e-05,5,15
9.00582676877093e-07,0.00011032918700948358,2.1910012947046198e-05,2.106109241140075e-05,5.8169366212723617e-08,1.0461393173955003e-07,4.0965628045341873e-07,5.605075421044603e-05,5.518966190720676e-07,4.5660972318728454e-06,0.0051383147947490215,6.302826704995823e-09,0.009471109136939049,2.3149729599936109e-07,6.360799488902558e-06,9.27600558497943e-05,1.9498620531521738e-05,0.0024545788764953613,1.8893799733632477e-06,0.9814922213554382,9.750923709361814e-06,0.0010810852982103825,1.6302121366607025e-05,19,19
0.6848704218864441,9.949354716809466e-05,0.0006110257236286998,4.025812813779339e-06,0.00029113609343767166,0.0007705758325755596,0.000569511204957962,0.0014913376653566957,0.0029479132499545813,0.07556020468473434,0.004491585772484541,0.016939884051680565,0.0003350058104842901,0.01604284718632698,0.0003260407829657197,0.19273345172405243,1.570998733768647e-06,0.0015735276974737644,2.47175066760974e-05,0.0002964318264275789,3.769305749301566e-06,1.0559863767412025e-05,4.932509909849614e-06,10,0
1.6078219644555247e-08,4.466908620770482e-08,6.453627077185331e-10,1.937887539327221e-08,4.092470806682513e-09,1.1250308489252347e-06,7.256228951035837e-10,4.94178475918261e-09,4.1428108166208233e-10,3.3288313261436997e-07,1.0347924295217581e-08,4.3573575303490486e-10,0.9999470710754395,2.6200703828749283e-09,2.7704354366164807e-09,2.8493480908053925e-09,2.6345441384023616e-08,5.9276967476762366e-06,1.5535503905539372e-07,4.0760885894997045e-05,7.077470165484101e-09,1.0605468503399607e-08,4.46611284132814e-06,12,12
6.81229010979223e-08,4.432757094718909e-08,6.5026486417707474e-09,3.2218392398419837e-09,6.873053681744068e-09,1.1563329280761536e-06,2.8959148412610602e-09,3.96001524904932e-08,2.3337645149723585e-09,8.412773695454234e-07,1.3423741229701136e-08,4.603045056228439e-09,0.9997528195381165,4.662139119204767e-09,2.779864871627069e-08,9.764541175627528e-08,8.285888952741516e-08,1.977051215362735e-05,3.5229369643730024e-08,0.00021816226944793016,7.136782187444624e-08,6.9220198462005555e-09,6.601256700378144e-06,12,12
4.463876393856481e-05,0.045891471207141876,2.9594822990475222e-05,9.612217399990186e-05,3.2840719654814166e-07,2.3164568574429723e-06,0.004055059514939785,0.0007768559153191745,1.7323933434454375e-06,0.001474147429689765,0.01658099703490734,4.410871497384505e-06,0.0006878024432808161,1.9518647604854777e-05,0.00028232752811163664,0.8595252633094788,6.008397576806601e-06,0.0005385764525271952,1.262878595298389e-05,0.06370743364095688,3.761754487641156e-05,0.0062141274102032185,1.1033906048396602e-05,19,15
0.37338030338287354,9.757693987921812e-06,0.0007388278027065098,2.4060718715190887e-06,0.24261519312858582,0.17367936670780182,7.930373976705596e-05,4.115663978154771e-05,0.03011312708258629,0.06072588637471199,0.001879216986708343,0.052238740026950836,7.197607919806615e-05,0.03411722555756569,0.0021278727799654007,0.027901025488972664,3.380463340363349e-06,0.00016597598732914776,4.847111631534062e-05,5.603257523034699e-05,2.833480493791285e-06,1.1111126241303282e-06,7.995255373316468e-07,5,0
0.0002738501352723688,1.9143590179737657e-05,0.00014846705016680062,6.587371899513528e-06,9.478947322349995e-05,0.029838014394044876,1.2636945029953495e-05,1.4894533705955837e-05,7.10162494215183e-05,0.0004959788057021797,0.9678947329521179,6.161175406305119e-06,7.631372864125296e-05,0.0002549816854298115,1.2785466424247716e-05,1.8870123312808573e-05,2.0749862414959352e-06,0.0005153073580004275,6.029223186487798e-06,0.00018485113105271012,2.0475530618568882e-05,3.1051516998559237e-05,9.611549103283323e-07,5,10
0.0006206064717844129,8.745874424676003e-08,6.454605681938119e-06,2.693314904433919e-09,1.2686638910963666e-05,0.9975723624229431,1.9004756879326123e-08,1.4263101547840051e-05,0.0008484710706397891,0.00012049381621181965,0.0002899300598073751,0.00032370295957662165,5.277244099488598e-07,0.00014893808111082762,5.522485935216537e-06,6.28868474450428e-06,4.2405224576214096e-07,3.182476348229102e-06,2.1764795747003518e-05,1.66809712709437e-08,4.2076167119375896e-06,3.536936432624316e-08,8.797404404958797e-08,5,5
7.306950045027349e-10,0.999165415763855,4.649876572671019e-08,4.031848277463723e-07,1.626319773295748e-10,5.14137565854611e-10,5.338354469586193e-08,1.1198836347148244e-07,5.247642320682644e-10,8.083202551745217e-09,4.364765260334025e-08,1.6607597241868888e-11,4.1420957330728925e-08,2.1783548298515143e-09,2.371505880560676e-09,8.292400366372021e-08,9.962100193661172e-07,6.08958771408652e-07,5.086524268449466e-08,1.819232579691743e-06,9.888034355753916e-07,0.0008272702107205987,2.085229425574653e-06,1,1
0.0001655816740822047,3.3053906918212306e-06,0.00010601139365462586,2.5971306968131103e-05,7.562053383480816e-08,7.570658635813743e-05,0.00021475939138326794,0.0003134768339805305,0.00020918714290019125,0.06352759897708893,0.9334343075752258,2.2064432414481416e-06,7.248378096846864e-06,8.73224598763045e-06,1.054012841450458e-06,0.0017307344824075699,3.0114961191429757e-06,3.191831410731538e-06,0.00012355102808214724,2.2024330974090844e-05,4.049617473356193e-06,3.417829702812014e-06,1.4726697372680064e-05,9,10
0.72403883934021,1.1390245163056534e-05,0.004280246328562498,4.103793799004052e-06,0.0552392303943634,0.004991590976715088,4.324678229750134e-05,7.913909939816222e-05,0.002249552635475993,0.017280451953411102,0.001310055609792471,0.011168990284204483,0.0001976667990675196,0.019354674965143204,0.13471411168575287,0.024186791852116585,1.6227320884354413e-05,0.0005315134767442942,0.00019894182332791388,9.152331767836586e-05,3.9258511606021784e-06,1.5810885543032782e-06,6.19831098447321e-06,0,0
7.913246804491791e-07,1.7586427929927595e-05,1.0003935102531614e-07,1.0752986554507515e-06,2.547157373911091e-09,6.5985718720185105e-06,1.6776293705333956e-06,3.444472213232075e-06,2.3716648200888812e-08,0.00021802012633997947,4.354547127149999e-05,6.979447242372316e-09,0.9955337047576904,3.1761270946617515e-08,2.0164907965636303e-08,5.047124886914389e-07,3.1607876849193417e-07,3.0276818506536074e-05,3.945286152884364e-06,0.003998419735580683,8.241126465691195e-07,8.924815233513073e-07,0.00013825649512000382,12,12
0.001305234618484974,2.5829820060607744e-06,0.0006351540214382112,4.27411102066344e-08,0.013302135281264782,0.8972330093383789,8.491326298099011e-06,4.434472066350281e-05,0.00019959339988417923,0.00022653010091744363,2.397260868747253e-05,0.00047147212899290025,0.007717809174209833,0.013753576204180717,3.175349047523923e-05,3.591888162191026e-05,1.4083545920584584e-06,0.06470762193202972,2.003998133659479e-06,0.0002745969977695495,2.223025876446627e-05,7.818541547521818e-08,5.545638259718544e-07,5,5
0.0005209693918004632,2.407943384241662e-06,6.865973773528822e-06,5.738445543101989e-05,0.058607861399650574,0.04553285241127014,1.2265054465387948e-05,5.12591532242368e-06,4.8886526201386005e-05,0.009666097350418568,0.0030982319731265306,0.0028109257109463215,3.4801119909388945e-05,0.004756356589496136,0.1838611364364624,0.6900743246078491,1.658674591453746e-06,0.0002705371007323265,0.0005952557548880577,1.0066729373647831e-05,3.6508022276393604e-06,7.027836801398735e-08,2.232447332062293e-05,15,15
2.2736612663720734e-05,0.0008680252940393984,2.110910281771794e-05,9.878571290755644e-06,1.533634349470958e-05,0.0072176712565124035,4.151001462560089e-07,0.00014599338464904577,1.0855490472749807e-05,4.1843126382445917e-05,0.009599211625754833,2.2832948616269277e-06,0.011362975463271141,6.427201697078999e-06,1.6890340702957474e-05,2.3415580017172033e-06,0.00040306529263034463,0.03274751827120781,0.1901807337999344,0.1966761350631714,0.00021351707982830703,0.00016566268459428102,0.5502694249153137,19,22
0.9993532299995422,2.3850239472267276e-07,5.90032300351595e-07,7.273345814517995e-11,1.2125297871534713e-05,0.0004116965283174068,5.044232054274289e-08,7.418296377181832e-08,1.4136609934212174e-05,3.845186711259885e-06,2.3577345928060822e-05,0.00014130982162896544,2.554592697379121e-07,1.6717598555260338e-05,9.050734206539346e-08,1.747252099448815e-05,4.1530827843416773e-07,2.224033778475132e-06,1.6275211009997292e-06,7.775742716376044e-09,1.9016266605831333e-07,8.411372220962221e-08,2.4881854798763925e-08,0,0
0.00018529235967434943,0.017359841614961624,0.0033047483302652836,0.004195044282823801,2.0975019197067013e-06,2.7385974590288242e-06,7.379873568424955e-05,0.0012417775578796864,3.1923907499731285e-06,9.52221016632393e-05,3.429728531045839e-05,1.6241915545833763e-07,0.08348500728607178,9.342313205706887e-06,0.001119507709518075,0.014528904110193253,0.0006634827586822212,0.03370147570967674,0.0002448776504024863,0.8344919085502625,0.0002518623077776283,0.004516301676630974,0.0004891053540632129,19,19
2.896472688007634e-05,0.0017694608541205525,2.5091467250604182e-05,0.001730184885673225,3.0870287446305156e-06,8.844030503496469e-07,4.0236671338789165e-05,0.00029002223163843155,1.1191930752829649e-05,3.2549196475883946e-06,0.028170356526970863,1.0616985512967858e-08,4.678882396547124e-05,7.374697815976106e-06,2.524145884308382e-06,5.4205429478315637e-05,0.00011473320046206936,0.0068984306417405605,1.1287301049378584e-06,0.9594596028327942,1.998955849558115e-05,0.001316654379479587,5.7466363614366855e-06,19,19
0.00010345123882871121,1.6359301413526595e-10,1.0819373841286506e-07,4.92561547105197e-10,4.9796279199654236e-05,1.0347655006626155e-05,3.003027870818187e-08,6.116751105622598e-09,2.243937444745825e-07,5.314387090038508e-05,5.991430953145027e-06,0.999756395816803,1.1891253315354788e-08,5.994460025249282e-06,7.12604878572165e-06,7.3003757279366255e-06,2.274481936126449e-09,4.5733532516578634e-08,3.616040444853752e-08,4.987262269828818e-10,1.5158050370445153e-09,3.035508303050882e-11,2.5444013118658404e-08,11,11
0.0075712972320616245,3.0522555789502803e-06,9.587180829839781e-05,3.37279743689578e-05,3.223401654395275e-05,0.03199917450547218,0.00010744047176558524,6.72086316626519e-05,0.0007811695104464889,0.01001831702888012,0.9480070471763611,9.316256182501093e-06,0.00010537373600527644,0.0005376877379603684,1.6135625628521666e-05,1.237394826603122e-05,1.8846769762603799e-06,0.00011842844833154231,0.00037427095230668783,7.768342038616538e-05,8.198343493859284e-06,4.43623093815404e-06,1.77978854480898e-05,5,10
2.569720258804864e-08,5.854498663637742e-09,8.183112498727496e-08,7.810340321157128e-06,2.77838161366617e-08,5.437905770122597e-07,2.013997857375216e-08,1.0080449328597751e-06,6.837311872232021e-08,2.643969537530211e-06,1.8520117009757087e-05,4.572867950969339e-08,9.30705610358018e-08,6.056901611373178e-07,0.9997474551200867,0.00021906697656959295,8.623041169997236e-10,3.8299599935953665e-08,8.782681959473848e-08,1.7955251223611413e-06,4.072111980946147e-09,2.5983007745367104e-08,1.7898626580858945e-08,14,14
2.7473441150505096e-05,0.9972590208053589,8.188040965251275e-07,1.6772434037193307e-06,7.023510661952059e-10,7.395704937351866e-09,5.172319674784376e-07,5.6444518122589216e-05,4.396421005026241e-08,4.0863632477794454e-08,2.420439386696671e-06,2.420298128580356e-10,5.0569335144246e-05,6.871619273596252e-09,2.9285625036123974e-09,8.186635795937036e-07,1.0599063671179465e-06,3.2562544220127165e-05,1.5012834637673222e-06,0.0009229705901816487,2.6330308173783123e-06,0.0016359561122953892,3.391609652680927e-06,1,1
8.947945025283843e-05,6.536384233868375e-08,2.375312578806188e-05,4.477421043702634e-06,0.0005007482832297683,0.9921026825904846,1.9720605592965512e-08,4.2503566533014236e-07,1.6848131053848192e-05,8.961874118540436e-05,3.04177751786483e-06,0.0007359466981142759,6.233187741599977e-05,0.00011884550622198731,2.1358504454838112e-05,2.1545972685999004e-06,0.0005232522380538285,0.0005867797299288213,0.00509984465315938,3.2164987828764424e-07,8.77093134477036e-06,1.7181280043132574e-07,9.092759682971518e-06,4,5
0.00011825620458694175,6.300762720456987e-07,7.844874403417634e-07,5.9328218782184194e-08,3.9031095866448595e-07,0.0002864018897525966,5.1317078941792715e-06,1.0729571840784047e-05,0.001322706462815404,0.0010598371736705303,0.9971238970756531,2.657157529029064e-05,2.6768435645863065e-07,1.5838702893233858e-05,1.0136015589523595e-05,1.4044885574548971e-05,2.145535482611649e-08,6.749251042492688e-07,6.651283115388651e-07,1.6932239077505074e-07,6.058199915059959e-07,6.571157484813739e-08,2.048763008133392e-06,8,10
1.387339011671429e-06,0.022365348413586617,1.613920019849502e-08,0.00012911681551486254,1.2168243301857729e-07,8.232036634581164e-05,5.010524091630941e-06,2.2168071609485196e-06,1.8115912325811223e-06,0.00031425111228600144,0.004313326440751553,3.4442145135926694e-08,3.2362318052037153e-06,5.924307799887174e-08,1.1127311154268682e-05,5.459584144773544e-07,0.000127920342492871,5.726917606807547e-07,0.4445647895336151,2.3470665837521665e-06,5.4596574045717716e-05,2.3607974071637727e-05,0.5279961824417114,18,22
0.0004016023885924369,4.672277646022849e-05,0.9954786896705627,6.148052733578879e-08,0.0002909529721364379,2.464031604176853e-05,1.390043280480313e-07,3.8000216306954826e-08,2.0974617598312761e-07,3.6591882235370576e-06,3.294305770396022e-07,1.2481578437473217e-07,1.8383916540187784e-05,1.8987475414178334e-06,4.0846836668606556e-07,3.526017735566711e-06,0.0017416271148249507,0.001907700439915061,3.1722890980745433e-06,7.543999527115375e-05,5.177829507374554e-07,1.972204870526184e-07,2.5863727159958216e-08,2,2
0.0004722003941424191,2.8442804023143253e-07,1.4193611832524766e-06,5.495724408888236e-08,0.00026452046586200595,0.9119135737419128,1.8853165784094017e-06,4.0474442357663065e-05,0.0029645392205566168,0.013782213442027569,0.04456101357936859,0.025041833519935608,1.1512224773468915e-05,7.96307940618135e-05,5.435871935333125e-05,0.0006406635511666536,9.508265463864518e-08,6.676997145405039e-05,9.874900570139289e-05,3.639645740349806e-07,2.229651045126957e-06,3.150949012820092e-08,1.5918952840365819e-06,5,5
0.20950962603092194,6.901109736645594e-05,0.0010583872208371758,0.00020528984896373004,1.2616214007721283e-05,0.18750014901161194,0.03240920230746269,0.07253704965114594,0.006670658476650715,0.16138632595539093,0.04862130433320999,0.0005707232048735023,4.066067049279809e-05,0.27846282720565796,0.00015137494483496994,0.0003016492410097271,8.375649258596241e-07,0.00016860259347595274,6.5607973738224246e-06,0.000170108352904208,7.457190804416314e-05,7.122143870219588e-05,1.2822511052945629e-06,0,13
1.0075324602398794e-10,3.8776310162802474e-08,8.815874419365599e-11,2.486316361682839e-07,4.0314616228664946e-11,1.07420746076059e-07,6.873235054022375e-12,5.031572034019938e-11,1.1060467645929162e-11,1.771033097952568e-09,7.215681385730477e-09,4.582519259888063e-12,3.4639299761884956e-10,1.1748345352113887e-11,1.2068732124781434e-10,7.385408257176707e-11,9.143625356955454e-05,2.474166704846681e-10,0.9999047517776489,9.682070700733902e-10,2.6997656732419273e-06,1.742729835996215e-07,5.614441533907666e-07,18,18
3.439993861320545e-06,7.787847607687581e-06,1.8438581719237845e-06,5.487530415848596e-06,1.193481846684108e-08,0.0002036644727922976,2.4074072513258216e-08,9.397010217071511e-06,3.9798800344215124e-07,5.455184691527393e-06,8.646907190268394e-06,1.4057471275918942e-07,0.001228894805535674,2.222880084445933e-07,6.849747933301842e-07,2.7755837095355673e-07,0.00019812957907561213,6.35876931482926e-05,4.522927702055313e-05,0.0003063424665015191,0.9972544312477112,0.00042263593059033155,0.0002333797892788425,20,20
2.3608312403666787e-05,3.0952481466783865e-08,1.2597957720572595e-05,1.2703692675586353e-07,2.165832668765688e-08,1.2134475582570303e-05,2.6010300189227564e-06,1.427391254082977e-07,1.26867848848633e-06,0.00028872000984847546,0.9992668032646179,8.804316564692272e-08,3.4534702990640653e-06,1.1322401860525133e-07,4.921131449009408e-07,7.652328548601872e-08,1.371210629486086e-07,1.4242651502627268e-07,0.00037168251583352685,9.559570344208623e-07,2.1196731836425897e-07,6.94959396696504e-08,1.4512916095554829e-05,10,10
1.1974982117024524e-09,1.2634366441943712e-08,1.2812863303679478e-07,1.6602113461772205e-08,1.7146339814644307e-07,1.1266010346844268e-09,9.018590041431906e-11,3.0787827842715387e-09,1.3762124773109008e-10,1.4587895336148904e-09,1.1892494766740924e-09,1.0647474568692417e-10,5.1164597607566975e-06,1.3185534442072822e-08,2.5931948144375383e-08,1.2855051068072498e-07,6.280217235143937e-08,5.310688356985338e-05,1.4973561279774117e-10,0.999941349029541,6.669624852406741e-09,3.4641181034800184e-09,2.9987032301725947e-10,19,19
0.07743015140295029,1.1869643685713527e-06,5.033927209296962e-06,9.100406828110863e-07,0.00033381368848495185,0.7136258482933044,3.228135028621182e-06,8.972712748800404e-06,0.0007104569813236594,0.018725136294960976,0.1767566204071045,0.008760862983763218,4.8166293709073216e-05,0.0015486686024814844,0.0003295034694019705,0.00021642353385686874,1.029082739023579e-07,0.0002767393016256392,0.0011608597123995423,2.943083075024333e-07,7.454814294760581e-07,2.6855175860873715e-07,5.607272032648325e-05,0,5
3.3176024771819357e-07,3.644566822913475e-05,1.8939589381261612e-06,0.0030190441757440567,4.757837235302986e-09,2.150775344489375e-06,5.006798460271966e-07,4.773553882841952e-05,5.5125205733475013e-08,1.5611785784130916e-05,1.0511698746995535e-05,1.7092794735162897e-08,2.6555884687695652e-05,1.1227398033497593e-07,7.3191486080759205e-06,7.389804324020588e-08,0.0018172843847423792,1.1493666534079239e-06,0.17420311272144318,0.0003476158017292619,0.8079628348350525,5.587112536886707e-05,0.012443745508790016,20,20
0.0011977895628660917,7.37457582999923e-07,2.0227238564984873e-05,1.5551874810171284e-07,2.918611789937131e-05,0.057048249989748,5.494999300026393e-07,2.4422335627605207e-05,0.04926487058401108,0.00045436329673975706,0.8905666470527649,0.00045193330151960254,1.4579717344531673e-06,0.0003563326317816973,2.19398189074127e-05,0.0004933878662995994,1.2906563995329634e-07,6.135249714134261e-05,2.3964280444488395e-06,4.5337051801652706e-07,1.6151486761373235e-06,7.777280188747682e-07,9.83326913228666e-07,9,10
0.00021637619647663087,0.0010230845073238015,1.4582358744519297e-05,0.0006503480835817754,5.431910494735348e-07,0.00022296769020613283,0.018746385350823402,0.0001318954600719735,0.00036074704257771373,0.6347259879112244,0.19691117107868195,1.8217929209640715e-06,7.563547569588991e-06,2.5043182176887058e-06,1.2369408977974672e-05,4.010721022496e-05,0.00856830645352602,1.5968743127814378e-06,0.05218368396162987,8.299915862153284e-06,2.159031282644719e-05,2.1430632841656916e-05,0.08612676709890366,9,9
0.0026177605614066124,9.999278518080246e-06,0.00030487339245155454,0.00017080015095416456,0.0008316727471537888,0.3148290514945984,0.0002478733367752284,0.0020078103989362717,0.01174672320485115,0.21048808097839355,0.07019344717264175,0.09867066890001297,0.0008698293240740895,0.0027801746036857367,0.07955888658761978,0.16471539437770844,3.279865995864384e-05,0.0012018856359645724,0.01996825635433197,0.00022816906857769936,0.0001559035445097834,2.2300300770439208e-06,0.018367791548371315,5,5
3.1770426289767784e-07,2.543860091464012e-07,0.9996194839477539,5.4277730754392906e-08,1.13399676138215e-06,0.00010470047709532082,7.3057724314651296e-09,5.942783332102408e-08,1.9420833829997264e-09,1.1715965229086578e-05,6.27520830676076e-06,6.370594718418943e-08,1.7843717614596244e-07,9.254286226223485e-08,2.3673210307606496e-06,3.7233400007608e-07,5.2119293769692376e-08,2.4057751488726353e-06,0.00024471987853758037,5.305109425535193e-06,7.343762575828805e-08,3.2839139407769835e-08,3.6845759776582554e-09,2,2
0.02447977103292942,0.0006047504139132798,0.016015933826565742,8.760081982472911e-06,0.00015861848078202456,0.32428497076034546,2.9783608624711633e-05,0.0042776744812726974,0.0029702417086809874,0.03496034815907478,0.0063674114644527435,0.0001939836365636438,0.1567525863647461,0.005094078369438648,0.00299654109403491,0.0007776991697028279,0.003396770916879177,0.048033617436885834,0.10775918513536453,0.2530558109283447,0.0019975758623331785,2.105081148329191e-05,0.005762817338109016,0,5
0.26991724967956543,1.1555996479728492e-06,0.00263072713278234,1.2471201671360177e-06,0.0038553602062165737,0.0005789308925159276,5.621383024845272e-05,2.6991785489371978e-05,0.00040708621963858604,0.009731459431350231,0.00029820750933140516,0.02063995786011219,2.069778747681994e-05,0.0022783989552408457,0.05352390184998512,0.6359221935272217,6.09839219123387e-07,3.942464536521584e-05,4.883517976850271e-05,1.960563713510055e-05,4.2663995714065095e-07,4.907781772089947e-07,8.336150472132431e-07,5,15
1.42891349241836e-06,7.257748535494102e-08,1.4743577025910781e-08,1.557788493755652e-07,3.823930327939706e-08,5.498345126397908e-05,4.647086370823672e-06,2.6342943328927504e-06,0.00019528120174072683,0.0003938319568987936,0.9993202686309814,2.714549225402152e-07,2.656706783454865e-07,2.8959459541511023e-07,8.270334888038633e-07,2.3938723643368576e-06,1.5006492048996734e-08,2.564081000855367e-07,1.4370707503985614e-06,2.435069568207382e-08,3.928194658442408e-08,6.638508409650967e-09,2.0834344468312338e-05,10,10
0.014532981440424919,5.750589025410591e-06,0.29624471068382263,5.06103390307544e-08,0.6755625605583191,0.0008326913812197745,5.235583557805512e-07,8.032209279917879e-07,1.3623323866340797e-05,0.00014424663095269352,1.1905352948815562e-05,0.009377866052091122,0.00020152131037320942,0.00010920366912614554,0.001409484539180994,0.0005283218342810869,4.6934957936173305e-05,0.0007258338155224919,1.434875503036892e-05,0.0002279360342072323,8.352180884685367e-06,1.7257352169508522e-07,1.9199235623545974e-07,4,4
1.3865849801675267e-08,6.925494062670623e-07,3.0039672083148616e-07,1.7117851314196741e-07,1.5370736150543962e-07,8.510472753187059e-07,4.128322128593709e-10,1.5578149259454221e-07,5.144745074403545e-09,3.8802846802354907e-07,6.589768304365862e-07,1.0015768214799436e-09,0.026065081357955933,1.1448450720763503e-07,9.099575493110024e-08,3.068268824790721e-06,8.794787049737351e-07,0.9680036306381226,1.030562515325073e-07,0.005920041352510452,4.6632564476567495e-07,1.509692282297692e-08,3.2885557175177382e-06,17,17
0.985137939453125,2.0679740941886848e-07,1.6230524124694057e-05,2.6474751280147757e-07,1.7883618852465588e-07,0.00010167293658014387,7.050302428979194e-06,3.989241122326348e-06,3.2217128591582878e-06,0.014460026286542416,1.5565581179544097e-06,1.590143256180454e-06,7.427591413033952e-07,1.6798681826912798e-05,7.960882442148431e-08,6.694091894132725e-07,1.60153467732016e-06,1.5713057521793417e-08,0.0002460082760080695,6.138015606893532e-08,2.062474102615397e-08,8.867533551892848e-08,6.653431938730137e-08,0,0
0.9885128736495972,4.378369453661435e-07,7.090429335221415e-06,2.680626387530083e-08,0.00027968717040494084,0.0040522608906030655,5.92221977058216e-06,5.63277035325882e-06,0.0027514719404280186,0.00011556995013961568,0.0008651403477415442,0.0023343712091445923,1.1019907333320589e-06,0.0010348657378926873,7.438917236868292e-06,6.747628503944725e-06,4.446907269084477e-07,3.656651642813813e-06,1.1027745131286792e-05,3.896146694160052e-08,1.713113420009904e-07,6.675180941329018e-08,4.251497557561379e-06,0,0
0.12821733951568604,0.00031857259455136955,0.01246433611959219,0.011443015187978745,0.002008222509175539,0.19887854158878326,0.004812401719391346,0.0029849964193999767,0.0005692981649190187,0.2746378779411316,0.01736302115023136,0.0005774787859991193,0.11611916124820709,0.006162100937217474,0.027739498764276505,0.04195892810821533,0.00010888907127082348,0.037757810205221176,0.021651500836014748,0.0935407355427742,6.657987978542224e-05,6.397321703843772e-05,0.0005557249533012509,5,9
1.9189312752132537e-06,0.0003064557968173176,1.1970906825808925e-06,0.0002001847606152296,4.126633479373254e-10,9.975902770520406e-08,1.0028245789328594e-08,1.762549436534755e-05,3.5428158753347816e-06,1.3931129139166387e-08,0.0024685512762516737,2.5903035272278885e-10,3.42526021768208e-07,6.980673816769922e-08,4.257931607298815e-08,1.0547245210545952e-06,3.8352668525476474e-06,1.7907212850332144e-06,4.2896067498077173e-07,3.473448668955825e-05,1.1016726602974813e-05,0.9969471096992493,1.1465681382105686e-07,21,21
8.609430324213463e-08,1.9433669876889326e-05,3.404541715212872e-08,1.7321864831387757e-08,5.18101339608279e-10,8.197770512197167e-06,1.0671985517518578e-10,3.014415028701478e-07,4.4539292254341944e-09,6.260653773182412e-09,8.482127000775108e-09,5.827615057185653e-10,1.5564142813673243e-05,8.264862683127205e-10,8.027285502976156e-09,3.179881469250745e-09,4.988331056665629e-05,1.877818431239575e-05,1.1726223419827875e-05,1.4940216033210163e-06,0.9995934367179871,0.0002706345694605261,1.0279846719640773e-05,20,20
0.0002368089189985767,8.709220082891989e-07,0.0007219991530291736,1.518763497188047e-07,0.9114886522293091,0.08391810953617096,7.618113784246816e-08,3.80514677544852e-07,0.0001224209408974275,0.00020318894530646503,2.701966332097072e-05,0.00012243342644069344,0.00033429297036491334,1.3719211892748717e-05,0.00043295929208397865,0.0006161793135106564,3.870609725709073e-05,0.0015995085705071688,3.1861516617937014e-05,7.937022746773437e-05,1.095521747629391e-05,6.172337663201688e-08,2.2326614157464064e-07,4,4
0.03314484655857086,1.2985849025426432e-05,0.0036262613721191883,3.6791501770494506e-05,5.23534117746749e-06,0.0002921550185419619,3.875444690493168e-06,0.9355788826942444,0.006843881215900183,0.0005297309253364801,0.010082405991852283,0.0006381184794008732,0.0010468485997989774,3.830862260656431e-05,7.589536107843742e-05,5.884476559003815e-05,1.554929781377723e-06,0.00041893517482094467,8.757535397307947e-06,0.007138595450669527,4.7298744902946055e-05,5.7951077906182036e-05,0.0003117620653938502,7,7
2.915571167250164e-05,1.0603769595718404e-07,1.661529154262098e-07,1.6392989721225604e-07,1.2975783647561911e-06,0.002113501774147153,4.0658213151800737e-07,9.325335099674703e-07,6.326431321213022e-05,0.0034980284981429577,0.9942278861999512,7.101282790245023e-06,6.496178457382484e-07,2.3945433440530906e-06,2.3032316676108167e-06,7.005098723311676e-07,7.425911441316657e-09,6.606853730772855e-07,4.303037712816149e-05,3.0143425533424306e-08,1.7452809686346882e-07,1.1200084415463607e-08,7.917446055216715e-06,10,10
1.947880991792772e-05,0.004280928988009691,1.096472260542214e-05,0.022599371150135994,3.847708001103456e-07,3.1811341614229605e-05,0.0003418013220652938,1.2585080185090192e-05,5.632462602989108e-07,0.0005688494420610368,0.012008470483124256,1.2270130866909312e-07,0.6183733344078064,9.72133238974493e-06,3.7819199860678054e-06,0.0008965727174654603,0.0025419602170586586,0.005418348591774702,0.037674907594919205,0.2515912353992462,8.66664486238733e-05,0.0015671260189265013,0.041961073875427246,12,12
0.033462680876255035,0.00031632112222723663,0.006504439748823643,1.7675089111435227e-05,0.008944619446992874,0.009603170678019524,0.00010134005424333736,0.00043390828068368137,0.0005036374786868691,0.0118185356259346,0.0008707554661668837,0.000843038025777787,0.003946039360016584,0.0015819510444998741,0.020331192761659622,0.8131930232048035,9.987468365579844e-05,0.08227488398551941,0.00015194602019619197,0.0049470895901322365,2.3443015379598364e-05,2.2215475837583654e-05,8.276550943264738e-06,4,15
0.00020738178864121437,5.848624641657807e-05,4.2789915823959745e-06,3.705583537794155e-07,7.41293843020685e-05,0.0020997037645429373,8.32257774163736e-06,3.3127049391623586e-05,0.04540142044425011,0.0016030153492465615,0.9498290419578552,0.00026455114129930735,1.2940555507157114e-06,0.0002297419123351574,4.3531232222449034e-05,8.879337838152424e-05,3.295795920621458e-07,2.8301632482907735e-05,3.4486484423723596e-07,6.141885364741029e-07,4.182815700914944e-06,8.422942414654244e-07,1.825869367166888e-05,8,10
1.686530413280707e-05,0.0002868330921046436,3.7211784729151987e-06,2.2130641809781082e-05,1.9951178842347872e-07,0.005952577106654644,5.154272386675984e-08,1.2072645404259674e-05,4.484000442062097e-07,1.3421754374576267e-06,2.5184121113852598e-05,4.528278196858082e-08,0.7573564648628235,3.528898105287226e-06,4.563528818835039e-06,1.3586344493887736e-07,0.0026206495240330696,0.022911496460437775,0.1449960321187973,0.011365645565092564,0.024743802845478058,0.005885579157620668,0.023790596053004265,18,12
1.4613841869959288e-07,0.9992066025733948,1.0197868327566084e-08,5.2914252535174455e-08,3.5050528451874285e-11,2.92765145459839e-09,1.235741065030993e-09,1.4349495813803514e-07,1.7006857033763367e-09,2.1769241964619823e-09,4.110956552949574e-08,2.196638010376617e-11,4.103279493961054e-08,2.6356514748471227e-09,2.747803096170287e-10,7.310698713069996e-09,6.809489860870599e-08,1.4723754304668546e-07,1.4841370443718915e-07,7.878367824787347e-08,2.1541001160585438e-07,0.0007921236101537943,1.777799809588032e-07,1,1
9.600976227375213e-06,3.41151790053118e-05,3.3126432299468433e-06,0.011448195204138756,5.37216848783828e-08,9.353087079944089e-06,7.991449820110574e-06,5.1834845180565026e-06,1.8260362821820308e-07,0.0010328877251595259,0.0005246559157967567,4.264746333859648e-09,0.00015342983533628285,6.516409030155046e-07,4.571432157263189e-07,2.4327667347279203e-07,0.0010165581479668617,2.55635563917167e-06,0.9854145050048828,7.826182263670489e-05,2.715800064834184e-06,2.766277248156257e-05,0.0002274840953759849,9,18
1.588758635762133e-08,1.2800871445506345e-05,3.9092867609724635e-08,0.0005630382802337408,8.719521105149397e-09,1.6850201234319684e-08,6.849901410532766e-07,4.283687758288579e-06,3.635620693387409e-09,2.463221608195454e-05,1.219415025843773e-06,1.0721363796761807e-09,3.711777753778733e-05,1.6481173759075318e-07,8.292445272672921e-07,0.00275414832867682,1.1806380761925084e-08,4.849922333960421e-06,6.228581383993514e-08,0.996593177318573,2.2760954010436762e-08,2.8032841328240465e-06,1.1255202991833357e-08,19,19
5.139384938956937e-06,1.8309222582502116e-07,1.1146538270168094e-07,1.3497846111931722e-06,9.268009276697242e-11,5.554711151489755e-06,6.932933871439673e-08,0.9893985986709595,0.010457977652549744,1.3723041547564208e-06,0.00011580363934626803,4.0077304674923653e-07,5.155448956628561e-09,6.8354743234522175e-06,2.071346898446791e-06,8.147142125380924e-07,2.315553526699432e-09,3.636415613073041e-08,2.1131000949026202e-07,1.5133262820654636e-07,2.538425007969636e-07,2.373843926761765e-06,6.893794761708705e-07,7,7
4.1559637793398e-06,0.0002519654808565974,1.507458705418685e-06,5.275331886878121e-07,2.893180521823524e-07,8.183507702597126e-07,7.486065811690423e-08,3.6799544886889635e-06,2.450283034249878e-07,2.710933415528416e-07,6.523630872834474e-06,1.4042526252922016e-08,0.0024392574559897184,3.7269649055815535e-07,2.0035317049860168e-07,1.5377543604699895e-05,5.2093648264417425e-05,0.04254451394081116,2.45305926682704e-08,0.9545937180519104,9.441738257010002e-06,4.39101095253136e-05,3.102814298472367e-05,19,19
3.917124922736548e-05,4.7030720651264346e-08,1.7923578354839265e-07,7.031603217910742e-06,2.524292085581692e-06,0.011902899481356144,4.032318429381121e-06,2.425068032607669e-06,3.662609969978803e-06,0.05422297492623329,0.9317881464958191,3.027485763595905e-05,2.836921453308605e-07,6.403603038052097e-05,6.457665676862234e-06,1.451179286959814e-06,5.440671468903702e-09,4.737295000722952e-07,0.0019182752585038543,1.6981884343181264e-08,1.280672190517862e-08,4.6239534867709153e-08,5.654715096170548e-06,9,10
0.003957753069698811,0.0003067723591811955,5.886493454454467e-06,1.3272478099679574e-05,5.938687763773487e-07,4.795135464519262e-05,0.655337393283844,0.00010031666897702962,7.379026646958664e-05,3.4221215173602104e-05,0.33980366587638855,2.7355827114661224e-07,1.7906409993884154e-05,0.0001755286066327244,5.956480890745297e-07,2.784677235467825e-06,2.1037255919509334e-06,8.053663623286411e-05,1.282651282963343e-06,1.1110340892628301e-05,1.2292719020479126e-06,2.0031062376801856e-05,4.972293027094565e-06,0,6
0.08370301127433777,9.27840665099211e-06,0.06033025309443474,5.7682296272787426e-08,0.0015647640684619546,0.07533641159534454,2.286782319060876e-06,0.000179894152097404,0.005270196590572596,0.002120343502610922,0.0002917582169175148,0.6936927437782288,0.00016005565703380853,0.009699671529233456,0.0004169435997027904,0.06402131915092468,6.720380497426959e-06,0.003115953877568245,4.9344776016369e-06,5.901807526242919e-05,1.2381318811094388e-05,1.576334284436598e-06,3.2131268312696193e-07,2,11
0.0012237546034157276,3.1844881505094236e-06,1.56965743371984e-05,3.3494836770842085e-07,5.197592327021994e-05,0.0022095434833317995,1.1693986380123533e-05,2.1387504602898844e-05,0.008256618864834309,0.011820509098470211,0.9749875068664551,0.00029026996344327927,3.194209057255648e-06,0.00019608887669164687,1.5219939086819068e-05,0.0008753736037760973,1.559283475671691e-07,1.0440648111398332e-05,3.08872904497548e-06,1.4034783362149028e-06,1.1891428357557743e-06,6.766511546629772e-07,7.242941251206503e-07,8,10
0.24931840598583221,0.00037866999628022313,0.01377586368471384,1.595492176420521e-05,0.00027173725538887084,0.09729643166065216,0.0001762834144756198,0.0033945702016353607,0.009890824556350708,0.05054335668683052,0.008561966940760612,0.0004988809814676642,0.40461328625679016,0.004319603089243174,0.0006396162789314985,0.008926157839596272,0.00014685941278003156,0.013018472120165825,0.0012259656796231866,0.1313650906085968,0.0008336947648786008,0.0007602791301906109,2.8042619305779226e-05,5,12
9.945976489689201e-05,1.4815384020039346e-05,0.0001641309936530888,0.00024351243337150663,0.0001029055638355203,0.37485161423683167,7.565438977508165e-07,5.074491582490737e-06,1.837235231505474e-06,0.0010623985435813665,0.0006084592314437032,8.112479918054305e-06,0.016787134110927582,0.00013663606659974903,8.879842062015086e-05,1.5045419786474667e-05,6.123477942310274e-05,0.011491973884403706,0.5879784226417542,0.006142774596810341,4.879504558630288e-06,4.042877844767645e-05,8.952979260357097e-05,12,18
0.01285027526319027,0.00010682066204026341,1.085226540453732e-05,2.070934442599537e-06,0.00043205078691244125,0.5731204748153687,8.77051061252132e-05,0.00056282157311216,0.001981106586754322,0.006797910667955875,0.015127667225897312,0.07220723479986191,9.925067570293322e-05,0.3087843060493469,0.0031188111752271652,0.0014717791927978396,2.1241401555016637e-05,0.00011175454710610211,0.0018223789520561695,2.8818317332479637e-06,0.0011849113507196307,4.902939690509811e-05,4.662062929128297e-05,11,5
0.4177747666835785,8.851694474287797e-06,0.00031506241066381335,5.970499842078425e-05,0.0007992067839950323,0.01043105497956276,0.00021146297513041645,0.0010508301202207804,0.010752013884484768,0.03021777793765068,0.014056840911507607,0.003761470317840576,4.279475979274139e-05,0.5067446231842041,0.00043477880535647273,0.003195324447005987,1.120072568028263e-07,7.779629231663421e-05,3.7906607758486643e-05,2.399241020611953e-05,7.761391884741897e-07,2.3716131636319915e-06,5.771556175204751e-07,13,13
0.6888811588287354,0.0007456953171640635,0.00019638679805211723,2.514102106943028e-06,2.0008417322969763e-06,0.004373200237751007,3.566710802260786e-05,6.224584649316967e-05,9.589721594238654e-05,0.009820404462516308,0.29069784283638,4.4231237552594393e-05,5.342107397154905e-05,0.001617978559806943,2.9718551104451763e-06,0.002261555287986994,6.320599368336843e-07,0.00023665321350563318,0.0007374390261247754,3.888847913913196e-06,9.558110605212278e-07,0.00012618138862308115,9.192700076710025e-07,0,0
2.2236079075810267e-06,1.1910403827641858e-06,2.377593659730337e-07,4.608204307032793e-08,1.7260944673580525e-07,4.2444287828402594e-05,1.5786982388021897e-08,4.514094598562224e-06,9.070597570826067e-07,2.5954620923585026e-06,4.884515760750219e-07,1.802932843020244e-07,0.010533936321735382,1.4476662499873783e-06,2.397112268681667e-07,6.0923516684852075e-06,4.116174750379287e-06,0.9882373213768005,9.522458555011326e-08,0.0011387043632566929,6.789347821722913e-07,3.212135482044687e-07,2.2014055502950214e-05,17,17
2.828310607583262e-05,4.390824688016437e-05,0.9967625141143799,4.80479513953469e-07,2.612151206449198e-08,2.8466072308219736e-06,7.490426014555851e-06,8.949993571150117e-06,2.1417298512460547e-07,0.0002178287977585569,0.0028213171754032373,9.140700640841715e-09,5.16196314492845e-06,1.1484606829981203e-06,3.128738228497241e-07,2.546495852584485e-05,1.8439524183122558e-06,2.8475129511207342e-05,1.5858850019867532e-05,2.3247572244144976e-05,3.313691649964312e-07,4.192469987174263e-06,4.8954579057181036e-08,2,2
0.9715431928634644,5.129920737090288e-07,1.7182279407279566e-05,2.835150603175407e-08,6.17403129581362e-05,0.0016010843683034182,2.2031638025055145e-07,2.8627987376239616e-06,0.00016595079796388745,0.002593551529571414,0.016094982624053955,0.006949983537197113,5.58352303414722e-06,0.0001434035657439381,0.0003791818453464657,0.00042034071520902216,1.326870204820807e-07,4.3771942728199065e-06,1.4508974345517345e-05,1.574829013861745e-07,1.1443955116874349e-07,4.288227017923418e-08,8.562944344703283e-07,0,0
0.9998569488525391,1.4546968962747542e-08,1.949224497366231e-06,8.387091715578165e-11,8.556343544796619e-08,9.12069754122058e-06,8.333374545976824e-10,8.376749178751197e-07,0.00010522631782805547,1.8867729068006156e-07,5.706693784190975e-08,1.120064735005144e-05,3.2330096377819473e-09,1.2883053386758547e-05,8.484896341087733e-09,1.2979992334294366e-06,2.945262700393414e-08,3.566352191342048e-08,1.43421328147042e-08,7.417386149732863e-10,2.124814990622781e-08,1.7560084941692367e-08,1.388795051182612e-10,0,0
0.9478554725646973,4.874013484368334e-06,4.720086508314125e-05,1.453727378475378e-07,0.031705550849437714,0.010907106101512909,1.1833658390969504e-06,4.9228024181502406e-06,0.0006799213006161153,0.001549953711219132,0.0010948401177302003,0.0003597088798414916,5.45406001037918e-05,0.002001854358240962,0.00012500694720074534,0.002599103609099984,4.512844498094637e-06,0.0009739562519825995,1.4920442481525242e-05,1.3433706953946967e-05,1.1518914107000455e-06,1.399862270545782e-07,5.033728598391463e-07,10,0
8.52393071681945e-08,1.4541717519023223e-06,3.021946914927298e-09,1.4958824579025531e-07,8.504892790028862e-09,0.0001850718690548092,6.778726913125865e-09,7.280898728367902e-08,8.843116461321188e-09,4.128383352508536e-06,3.3762253792701813e-07,3.775693979690686e-09,0.9996551275253296,6.980020561542233e-09,8.671777962376837e-09,1.2574861152359063e-08,2.2419433776121878e-07,5.790021532448009e-06,1.1191948033228982e-05,1.0476768693479244e-05,2.707046860450646e-06,9.798432074603625e-07,0.00012215938477311283,12,12
1.4338226719701197e-05,9.112519182963297e-05,1.4610533298764494e-06,6.82400495861657e-05,3.573795481770503e-09,3.0003224310348742e-05,0.024156324565410614,0.0005468567833304405,9.692311095932382e-07,0.9538962244987488,0.02085110917687416,5.3398633070855794e-08,2.2659987735096365e-06,6.138093340268824e-07,1.1484623740898314e-07,2.3286147552425973e-06,5.469195585305897e-08,4.887383298068926e-08,0.00030509193311445415,3.1426004625245696e-06,2.504589247109834e-06,8.289251809401321e-07,2.6375077140983194e-05,9,9
0.00023404217790812254,0.3057304620742798,0.00017550350457895547,0.0017533504869788885,7.097138450262719e-07,6.902519089635462e-07,0.00029347193776629865,0.007386293262243271,1.4413667486223858e-05,0.008408060297369957,0.0038691407535225153,1.1962661119468976e-06,0.025358883664011955,9.611705536372028e-06,0.0010534590110182762,0.04977498576045036,1.5475379768759012e-05,1.9339080608915538e-05,0.0003831605426967144,0.5871051549911499,0.00020281238539610058,0.007652797270566225,0.0005569684435613453,19,19
0.0010671510826796293,1.0453274626343045e-05,0.0003878464631270617,1.0516439033381175e-05,4.0520964830648154e-05,0.0015230566496029496,5.920624630562088e-07,3.195527824573219e-05,1.0010024197981693e-05,4.0956128941616043e-05,3.023711178684607e-05,6.010849915583094e-07,0.5341702699661255,2.3005441107670777e-05,6.260419468162581e-05,2.3743659767205827e-05,5.6704593589529395e-05,0.4086569845676422,0.00010219371324637905,0.053704883903265,1.4207981621439103e-05,3.896069301845273e-06,2.7529864382813685e-05,12,12
1.7080845282180235e-05,1.9205424905521795e-05,0.9999508857727051,7.68565744380112e-09,1.761786450060754e-08,4.216563098680126e-08,2.35614734833689e-07,1.2219911305066944e-08,7.720213801576392e-09,9.253241017859182e-08,1.7603009894173738e-07,2.8067290158695357e-10,1.102626129068085e-06,1.3198335580000276e-07,9.732453731814417e-10,1.036952035349259e-08,7.039417937448889e-07,1.4566135178029072e-06,8.402047058098105e-08,7.79276160756126e-06,9.637970421749742e-09,1.108155174733838e-06,1.2105398905504217e-09,2,2
5.882920390831714e-07,1.0593454135232605e-05,6.712834732525153e-08,5.272797238831117e-07,3.1254145937964495e-09,5.632092143059708e-05,1.574693442307762e-08,3.3858663073260686e-07,3.816615645746424e-08,1.0447510021549533e-06,1.7971409533856786e-06,1.6238338673701946e-08,0.01200386043637991,1.9086445757210413e-09,9.87821113795917e-09,4.226855310207611e-09,0.0003357543027959764,7.564106635982171e-05,0.00011092738714069128,4.092679319001036e-06,0.0002121266588801518,1.5576841860820423e-06,0.9871847033500671,22,22
1.448074904430996e-08,2.727715354922111e-06,1.1528380916558945e-08,2.9685209028684767e-06,7.750258212979588e-10,1.141183020081371e-06,1.8035485993550537e-07,1.9396668449189747e-06,2.697111511906769e-08,2.769011416603462e-06,4.16218153986847e-06,3.5246106033781643e-10,8.300493936985731e-05,7.796160383932715e-10,2.465345261271068e-08,2.061117942986357e-09,3.6652461403718917e-06,7.247998610182549e-07,0.0031064017675817013,1.3252664757601451e-05,9.793261597224046e-07,3.4937450266170345e-08,0.9967759251594543,22,22
5.808431887999177e-05,4.3257197830826044e-05,4.1443901864113286e-05,0.0026777368038892746,0.0001377754524582997,0.0011976378737017512,1.0793943374665105e-06,1.3562798812927213e-05,3.8560989196412265e-05,5.0412625569151714e-05,0.02309362031519413,8.073353541249162e-08,0.04324961081147194,6.708916771458462e-05,2.0075585780432448e-05,5.400259396992624e-05,0.00029227902996353805,0.1210145428776741,0.0001641500275582075,0.8076262474060059,8.31588295113761e-06,5.910635081818327e-05,9.127694647759199e-05,12,19
3.4067739761667326e-05,0.0001149034287664108,3.566309032976278e-06,1.8288665160071105e-05,3.403608772600819e-08,1.598279777681455e-05,1.274174610443879e-05,0.0002495654334779829,6.805419729971618e-07,0.009990016929805279,2.070986374747008e-05,1.6722319742257241e-06,0.9144613146781921,7.521216502937023e-06,6.7296537054062355e-06,0.047138627618551254,2.0297750324971275e-06,0.00010530494182603434,9.277136268792674e-05,0.02750527672469616,7.593508053105325e-05,5.162208981346339e-05,9.061246964847669e-05,12,12
2.704945378795287e-09,5.974012310616672e-06,3.9569627574564947e-07,6.489273073384538e-05,2.9785363508949558e-08,1.4300061579319845e-08,8.251888061749924e-09,3.0736697453903616e-07,4.758348159938919e-10,1.10474604753108e-06,2.0272364054108039e-07,2.0762176422550738e-09,0.000143049459438771,4.550059884422808e-07,3.896720954799093e-06,3.648249912657775e-05,1.0860140946533647e-06,6.781623142160242e-06,0.0003037366841454059,0.9994276165962219,1.6505444477843412e-07,3.500668299238896e-06,2.9788162692057085e-07,19,19
0.9728336334228516,5.853433648894679e-08,0.0014553359942510724,3.516279489801377e-09,0.0004836854641325772,0.024034801870584488,1.5224707112793112e-06,2.950009161395428e-07,0.0002148226194549352,0.000546628434676677,1.568823790876195e-05,0.00026872221496887505,2.0709946966235293e-06,0.00012366025475785136,3.147783900203649e-06,1.7982511053560302e-06,1.5104434680779377e-07,1.1890697351191193e-05,1.962321675819112e-06,4.6854140123286925e-08,3.088493372160883e-08,7.706733029522184e-09,4.9112923505845174e-08,0,0
2.4769033188931644e-05,0.011920426040887833,8.432577487837989e-06,0.0001056059991242364,4.320368680055253e-05,0.0008618722786195576,2.7089329250884475e-06,2.923826286860276e-05,2.4937683065218152e-06,2.0758830942213535e-05,0.007010518107563257,7.054499633341038e-07,0.8179658055305481,2.1897654733038507e-05,1.3953551388112828e-05,4.101954982616007e-05,0.0018442153232172132,0.0378229096531868,0.0008011574391275644,0.11130679398775101,6.226779805729166e-05,0.0032536149956285954,0.0068355523981153965,12,12
4.228888315083168e-07,1.2757744798364001e-06,1.389617221292383e-08,9.199453643304878e-08,1.1710257652453038e-08,4.908364189759595e-06,7.320394068699443e-09,5.211059601606394e-07,2.4992246494548453e-08,1.0909863021879573e-06,1.8511980215407675e-07,1.1028878255103791e-08,0.9975211024284363,4.556464094918056e-09,2.0063964711880544e-07,9.716466564668735e-08,2.058709924313007e-06,0.00016260021948255599,2.0769116417795885e-06,0.00019145890837535262,4.1168153984472156e-05,8.308782639687706e-07,0.0020700024906545877,12,12
0.01560486014932394,1.9895749119314132e-06,0.006653687451034784,1.6928578361330437e-06,0.020843809470534325,0.0027878095861524343,2.2096228349255398e-05,1.298068673349917e-05,8.505627192789689e-05,0.004519095178693533,0.00016351553495042026,0.0364958830177784,6.045513509889133e-05,0.004015268757939339,0.02408492937684059,0.8808611631393433,2.481955107214162e-06,0.0035740479361265898,7.97201028035488e-06,0.00019967067055404186,1.0529814744586474e-06,1.660772852574155e-07,3.283670650944259e-07,11,15
1.8893367723649135e-06,1.1513871633894723e-08,1.7552197562054062e-07,2.8061493129172277e-09,4.429877620282241e-08,6.375660632329527e-06,9.573765424875091e-08,1.8874548004532699e-06,0.999900221824646,3.764961365959607e-05,3.406339237699285e-05,8.155441719281953e-06,8.506978232958318e-09,8.855582223077363e-07,2.0303723147208075e-07,8.126467037072871e-06,2.9973692416973563e-09,3.535857118208696e-08,3.5057636793567326e-09,7.724844763856709e-09,2.590754810682938e-08,2.9771651810506228e-09,3.273996185271244e-08,8,8
0.002845403738319874,0.8130095601081848,0.00768827460706234,3.0421288101933897e-05,4.354104385129176e-05,2.482302261341829e-05,0.011047326028347015,0.003624402219429612,6.380301056196913e-05,0.027624521404504776,0.06557073444128036,4.809256279258989e-05,0.008481146767735481,4.9340589612256736e-05,0.0010919859632849693,0.014757643453776836,0.0016059469198808074,0.004665585234761238,0.00048199729644693434,0.022574404254555702,0.0007530953153036535,0.008081101812422276,0.005836972501128912,9,1
2.9429698770400137e-05,2.047418945494428e-08,3.413219218373342e-08,2.6464343250154343e-07,9.793690303183666e-09,5.458417581394315e-05,0.0008932497003115714,4.2996671254513785e-06,2.272667671832096e-07,0.9905282258987427,0.007361197844147682,6.75634794333746e-07,1.7347218772556516e-07,2.1439198008010862e-06,3.306989810880623e-07,5.282629444991471e-07,1.5213579285244805e-09,2.1908890257549274e-09,0.0011233893455937505,1.4706304618528065e-08,9.687864732654816e-09,4.038972711839506e-09,1.2029465779050952e-06,9,9
4.4804428966926935e-07,3.960326111496215e-08,1.3696686096409394e-07,3.545545723682153e-07,2.370939569118491e-07,0.00017540555563755333,3.924901932350622e-07,2.3842553673603106e-06,3.0633982532890514e-06,0.0005225697532296181,0.9984763264656067,3.7132983266019437e-07,2.8958066167206198e-08,5.6864031705572415e-08,1.0819266208272893e-05,1.9840685183680762e-07,4.594739699825823e-09,4.864784841629444e-08,0.0007730813813395798,2.661536591119784e-08,2.537851173656236e-07,3.4275711158215927e-09,3.382757859071717e-05,10,10
0.02806837484240532,2.1014152480347548e-06,0.00023933114425744861,0.00040584334055893123,0.00011350457498338073,0.0020125326700508595,0.12617869675159454,0.0036924961023032665,9.5529125246685e-05,0.828105628490448,0.0054021053947508335,0.0003221114748157561,0.00015520569286309183,0.004328780807554722,0.0001682174624875188,9.579816833138466e-05,0.00012978374434169382,7.907521649030969e-05,0.0002356249315198511,0.00014635140541940928,1.1849631846416742e-05,5.559676992561435e-06,5.5122936828411184e-06,9,9
2.8868749613053524e-09,3.9385760430832306e-08,5.479112985540269e-08,3.771484013981308e-09,4.29868363127639e-09,1.5497060701363807e-07,7.078215184114223e-12,9.584112170557546e-09,1.7799528517770113e-10,3.777452128872483e-09,5.123307555976453e-09,4.166838263319761e-10,0.001920982263982296,2.535437415573938e-09,9.476316398249196e-10,7.065115603666072e-09,4.695402822108008e-07,0.9973869919776917,4.335903636132343e-09,0.000690036395099014,7.509914468073475e-08,2.407731969356064e-08,1.0483100822966662e-06,17,17
0.11414925754070282,0.001117113046348095,0.06582651287317276,0.06332544982433319,0.003809529822319746,0.007988912984728813,0.0033074466045945883,0.005147082731127739,0.0008684861240908504,0.2113868147134781,0.0002479059621691704,0.00022769338102079928,0.0006959520978853106,0.4187501072883606,0.017471978440880775,0.07057403773069382,3.4866166970459744e-05,0.007911279797554016,0.0008282759808935225,0.006243318784981966,2.514301559131127e-05,4.012435965705663e-05,2.2749118215870112e-05,0,13
1.0298969499444866e-07,0.9970588684082031,7.759985578559281e-07,1.2240317118994426e-05,7.890854636372069e-10,2.13848605490341e-09,0.0004483969241846353,2.6489637093618512e-05,2.1453750775890512e-08,2.1417567950265948e-06,6.759310781490058e-05,5.951639736601066e-10,2.0631096049328335e-05,1.9092857428404386e-07,6.443701039415828e-08,1.8605333025334403e-06,2.2546469153894577e-06,6.1645873756788205e-06,1.1464528171245547e-07,0.0007376751163974404,5.469861662277253e-06,0.0016026149969547987,6.305338047241094e-06,1,1
0.001998389372602105,1.3287217370816506e-07,0.00020712759578600526,6.421569764825108e-07,9.588005195837468e-05,0.0021217248868197203,9.863008472166257e-07,1.0903806924034143e-06,5.1084360165987164e-05,0.000971438130363822,0.994196891784668,2.3027489532978507e-06,3.8032285374356434e-05,3.520955579006113e-05,5.9882931964239106e-06,1.4526109453072422e-06,1.122163695299605e-07,0.00017742329509928823,4.5599284931086004e-05,4.697766780736856e-05,2.420780447209836e-07,3.3010277178391334e-08,1.2221937595313648e-06,0,10
0.0011097865644842386,1.7106151517509716e-06,2.7775970011134632e-05,0.0002604593464639038,0.0004142846737522632,0.16519176959991455,4.313607860240154e-05,9.173963189823553e-05,8.458014053758234e-05,0.23538252711296082,0.577831506729126,0.0007439550245180726,0.003220431972295046,0.003722183173522353,0.0002457764348946512,0.004898866638541222,3.1222688789966924e-07,0.00590173527598381,0.0007200163672678173,9.274042531615123e-05,5.114549139761948e-07,5.387300916481763e-07,1.3664244761457667e-05,4,10
4.362269010016462e-06,5.8355606597615406e-05,1.4141664905764628e-07,3.9594960981048644e-05,1.0933559835279993e-08,4.075328888575314e-06,1.5876091765676392e-06,2.34219496633159e-05,1.1229842300508608e-07,7.4540039349813014e-06,0.00011229248775634915,6.775843530704151e-08,0.9910468459129333,6.026195364938758e-07,1.8610509755490057e-07,1.9439323295955546e-05,2.923077772720717e-06,0.004697959404438734,2.0591344309650594e-06,0.0033418575767427683,1.8237370795759489e-06,0.0006051342352293432,2.9622777219628915e-05,12,12
0.9799006581306458,0.00043005813495256007,0.002540673827752471,2.4409175125583715e-07,0.00016643681738059968,0.0021193816792219877,6.701557140331715e-05,0.00010770674998639151,0.0005886059952899814,0.00011282243940513581,0.0014063251437619328,0.00012252249871380627,2.488531026756391e-05,0.0005698053864762187,6.666770786978304e-05,0.011302798055112362,8.161080768331885e-05,0.0002460215473547578,1.5684599929954857e-05,7.392361294478178e-05,1.8423254005028866e-05,3.711250610649586e-05,3.8758975051678135e-07,0,0
5.334755405783653e-05,0.00018639738846104592,0.00016089620476122946,1.1650891792669427e-05,2.728915751504246e-05,8.434519986622036e-05,7.085427569109015e-07,7.032796565908939e-05,2.9362959139689337e-06,2.3702717953710817e-05,0.00014238161384128034,2.945862888736883e-06,0.035502783954143524,3.8424139347625896e-05,2.783118179650046e-05,0.0026664810720831156,2.511524326109793e-05,0.7083827257156372,1.1905007113455213e-06,0.25247782468795776,5.26890107721556e-06,6.117572411312722e-06,9.933167166309431e-05,12,17
1.3675993670858588e-09,0.9998519420623779,3.946651450092986e-09,2.0720035465160436e-08,7.418119937763201e-12,8.208436708123656e-11,1.0047591203488082e-08,9.993579297429278e-09,3.858769553888308e-11,1.9410691720622708e-08,1.0289164720234112e-07,3.931409017776666e-12,1.993424625368334e-08,5.308832817796372e-10,1.0605399891616685e-10,1.4629584210723579e-09,1.5448295975772908e-09,6.616271974735355e-09,5.044208961635377e-08,7.278749336592227e-08,2.4854782676442255e-09,0.00014774991723243147,1.7661506035437924e-08,1,1
0.0009391275234520435,0.0014366122195497155,0.0004238036635797471,7.037292380118743e-05,0.00010392115655122325,0.028128361329436302,2.51982801273698e-05,0.0011023357510566711,0.00047854569857008755,0.002123303711414337,0.00890718586742878,1.2179410987300798e-05,0.08028575032949448,0.00011634622205747291,0.00015688933490309864,0.0013342545134946704,0.002487274119630456,0.6990290880203247,0.0003192736185155809,0.1696077436208725,0.002005648333579302,0.00021688753622584045,0.0006898787105455995,17,17
7.814449642928878e-10,3.3076020145017537e-07,8.750511426569574e-11,6.991562884195446e-09,8.923635485061365e-13,1.2161604188987152e-11,0.999998927116394,4.313389112553523e-08,5.661138224866136e-10,8.816365237862556e-08,6.704927386635973e-07,6.647810774085272e-12,1.3818865496340038e-10,7.55469076185733e-10,2.7376975686443927e-11,4.5757408972946223e-10,2.6767437225072577e-11,1.4390466596125862e-10,7.400441370819522e-12,4.137744369359098e-09,4.830436745040245e-11,5.645376610630137e-09,3.2751595879787487e-10,6,6
9.84346988843754e-05,0.00012856976536568254,4.069642454851419e-05,1.4215472219802905e-05,2.9739432648057118e-05,0.0004906716640107334,4.030829131806968e-06,0.00010889888653764501,2.965189742099028e-05,7.123003888409585e-05,0.0013981468509882689,4.906508365820628e-06,0.0054918802343308926,0.0003779787803068757,0.00021133282280061394,0.004189703147858381,0.0001041541327140294,0.740243136882782,6.671308074146509e-05,0.24669770896434784,3.315138656034833e-06,0.00018402970454189926,1.0766174455056898e-05,17,17
4.5179123731031723e-07,0.001729070208966732,1.1400902621971909e-07,1.0105390174430795e-05,4.8890246517885316e-08,1.2053718592142104e-06,1.1162181579038588e-07,1.3173366824048571e-05,7.946332658548272e-08,2.4281553123728372e-05,3.0947307095630094e-05,1.1903033225735271e-08,0.024704884737730026,2.287553343194304e-06,3.848032793030143e-05,0.001145365065895021,1.1498367712192703e-05,0.003753865137696266,3.9786420529708266e-05,0.9680681824684143,5.852317372045945e-06,0.00036767293931916356,5.246556247584522e-05,19,19
3.43395586241968e-05,1.0691717307054205e-06,0.9997705817222595,1.875605670775826e-09,2.0285945367959357e-08,5.620556180474523e-07,1.3765307471658161e-07,9.873954098793547e-09,1.4547377524820604e-08,6.28487805443001e-06,0.0001755070115905255,1.9261219286192954e-09,5.040453743276885e-07,3.087272659740847e-08,3.2358286716771545e-08,1.091105783501689e-08,1.6522812984476332e-07,1.7257661966141313e-07,9.491755918134004e-06,9.788905117602553e-07,4.077693294135543e-09,8.480964908130773e-08,4.1857943777756645e-09,2,2
1.2011798666833329e-08,1.6147257042575802e-07,4.244426691002445e-06,6.152120477054268e-06,2.4717226096981904e-06,7.450120165231056e-07,3.4884193311768286e-09,1.695671869583748e-07,5.6717750496204644e-09,1.0701758128561778e-06,7.027691140137904e-08,1.4896638589334543e-08,1.6065861927927472e-05,3.3349979275953956e-06,0.00026982047711499035,2.424580088700168e-05,5.3440096792201075e-08,6.2828155932948e-05,1.3952873814560007e-05,0.999594509601593,2.022616385488618e-08,1.5811844278346143e-08,2.406020271905618e-08,19,19
3.53745163010899e-05,0.7696507573127747,0.0004979204968549311,0.00048731244169175625,6.649464467045618e-06,6.5174081100849435e-06,0.0003917966678272933,0.011665795929729939,0.0006857375265099108,0.00037556991446763277,0.007987492717802525,2.8079702474315127e-07,0.0022358873393386602,9.181358677778917e-07,6.437311094487086e-05,0.013665999285876751,0.001833772868849337,0.0006678371573798358,6.918171129655093e-05,0.16161921620368958,0.00399835966527462,0.008317306637763977,0.015736093744635582,19,1
5.318321200320497e-06,7.894601367297582e-06,2.5280181503717358e-08,1.7263681684198673e-07,5.068243069672462e-08,7.799550076015294e-05,1.2512789737684216e-07,6.667555680905934e-07,1.954082406996349e-08,0.00016871900879777968,1.4024041092852713e-06,2.7340860242475173e-08,0.99928218126297,6.288010467869753e-08,6.744944158754151e-08,8.917832929000724e-06,5.07092920543073e-07,0.00028990567079745233,9.111873623623978e-06,0.00013099663192406297,8.163068514477345e-07,5.153963797965844e-07,1.4610865036956966e-05,12,12
1.969366003606865e-09,1.505735447437928e-08,1.8459664907766182e-09,7.5853458838537335e-06,1.4245600254980673e-07,2.610773321976012e-07,3.105742052422755e-10,3.313077312494528e-10,2.4340268689471145e-10,9.074111240181537e-09,5.953524340185368e-09,1.40776917900709e-10,1.4547087630489841e-05,1.3334269244325014e-09,6.921097028822487e-09,1.4471839282492738e-09,0.983964204788208,2.565175464042113e-06,0.01595284976065159,7.221660325740231e-06,2.3326203972828807e-06,4.881149262558893e-09,4.834258652408607e-05,16,16
5.839577625010861e-06,6.813326763221994e-05,0.06613846868276596,1.4522763649438275e-06,4.195191650069319e-05,9.996648486776394e-07,8.970587117573814e-08,5.102434670334333e-07,3.3795718223927906e-08,2.579886313469615e-07,1.51816507809599e-07,3.127370007405261e-08,0.00015784094284754246,1.6656894104016828e-06,3.0962221444497118e-06,6.767913419025717e-06,9.929577936418355e-05,0.0028872175607830286,1.3004142829231569e-07,0.9305825233459473,6.824218985457264e-07,2.7596236122917617e-06,5.615598297481483e-08,2,19
0.0009021525038406253,6.886318442411721e-05,8.11886911833426e-06,1.0243547166055578e-07,0.001837521092966199,0.5961835384368896,3.899731837009313e-06,0.00010349869990022853,0.02322555147111416,0.006554570514708757,0.29476672410964966,0.02897072024643421,1.9308331502543297e-06,0.0011011601891368628,0.0009306216961704195,0.04524439200758934,1.3963259561933228e-06,5.5117187002906576e-05,1.480354148952756e-05,3.100664116573171e-07,1.8884535165852867e-05,1.4544951909556403e-06,4.757418082590448e-06,11,5
8.871251679920533e-07,7.68509471527068e-06,0.9990430474281311,1.9259103112290177e-07,7.963806325506084e-08,1.4089191147093061e-08,1.7126836837633164e-07,1.2990855111638666e-06,3.092572598006882e-08,3.241435138079396e-07,8.318520485772751e-06,1.2151481598721148e-08,1.5642324342479696e-06,5.6404566350920504e-08,3.2658209647706826e-07,0.00010754329559858888,7.564725024167274e-07,2.4133714759955183e-05,6.716562861441844e-09,0.0008021194953471422,1.0608970058001432e-07,1.2567713838507188e-06,2.849906755031384e-09,2,2
3.920316071770458e-09,6.9694883677584585e-06,1.2411855720984022e-07,8.230708772316575e-06,8.278042140652531e-10,1.7173361344102744e-10,2.2069242788802512e-07,2.3866878109402023e-06,1.0425617036347035e-09,3.5481477311805065e-07,2.832447592027165e-07,5.33306385164245e-11,7.367536454694346e-05,5.071273623258321e-09,3.8433802274084883e-07,1.591748332430143e-05,8.752957825208796e-08,4.791020842276339e-07,8.485579350292483e-09,0.9998897314071655,1.0999608690553941e-07,8.160199058693252e-07,1.3435717960419424e-07,19,19
0.576740026473999,0.00018524413462728262,0.003357319161295891,6.86944076733198e-06,0.2778390645980835,0.01094905473291874,5.213289114180952e-05,9.225335816154256e-05,0.002323393477126956,0.0032058730721473694,0.0004335426492616534,0.006468020845204592,0.0019483574433252215,0.027605390176177025,0.019604969769716263,0.05115848779678345,6.078577280277386e-05,0.016946271061897278,0.00010784676851471886,0.0008959525730460882,9.147945092990994e-06,8.028754564293195e-06,2.0720078737213043e-06,0,0
1.963263002835447e-06,7.62825038691517e-07,2.6276172775396844e-06,0.026588015258312225,1.7784128658604459e-06,0.0022080352064222097,3.558420473837032e-07,3.1936849609337514e-06,6.755030426575104e-06,9.30125534068793e-05,0.0011281240731477737,7.748636221549532e-07,3.0459783374681138e-05,2.2238231395022012e-05,0.002547942567616701,4.117011030757567e-06,9.463862079428509e-05,7.424654540955089e-06,0.9199480414390564,0.0004978140932507813,3.3444896416767733e-06,2.705269935177057e-06,0.046805817633867264,5,18
3.6018856917507946e-05,0.0002512294740881771,4.106107553525362e-06,0.0004548837314359844,1.1285417713224888e-05,0.002538904547691345,8.786156104179099e-05,0.0002623830805532634,1.1948902283620555e-05,0.03915513679385185,0.013776355423033237,6.622550426982343e-05,0.0001278141571674496,2.4662671421538107e-05,0.00025306010502390563,0.00012758205411955714,2.0384159142849967e-05,0.00010249862680211663,0.570843517780304,0.00027529287035577,2.3259068257175386e-05,9.058053365151864e-06,0.3715364634990692,22,18
3.737726572694555e-09,0.2833699882030487,4.803193576208287e-08,0.0002637791621964425,2.0893228119822638e-11,8.630816200616565e-11,6.622991577387438e-08,3.963540166296298e-06,1.2439788088514092e-09,7.988239403289299e-09,1.7128117235643003e-07,7.147555550895968e-12,5.738596883020364e-06,4.2229741925581266e-10,3.5923084507061276e-09,2.0407586021065072e-07,1.876021269708872e-05,1.3768429880656186e-06,6.805351517868985e-07,0.0003635791363194585,8.608905773144215e-06,0.7159110903739929,5.189611329114996e-05,21,21
9.461705485591665e-05,7.642547927844134e-08,4.415137198066077e-07,5.211794729120811e-08,1.3395857934028754e-07,0.0013015870936214924,1.0567890967649873e-05,4.733497007691767e-06,0.00010689805640140548,0.0075500039383769035,0.9907900094985962,1.64235334523255e-05,5.224756591815094e-07,6.13848096691072e-05,2.8280871333663526e-07,1.3066452083876356e-05,4.097482797504881e-09,4.13639526186671e-07,4.8153833631658927e-05,2.9430161418986245e-08,4.945291820490638e-08,1.937697824416773e-08,3.522586098370084e-07,9,10
0.9998561143875122,1.3079706207008712e-07,2.387801600889361e-07,1.404125815618329e-09,1.923126183100976e-05,1.4912009191903053e-06,7.09736340809286e-08,5.800114166731873e-09,3.1381642884298344e-07,2.3202837837743573e-05,3.1438526093552355e-07,7.622507837368175e-05,5.874949238204863e-08,1.6262845747405663e-05,1.1985907804046292e-06,2.250114619073429e-07,1.6850040651661402e-07,4.1572157272184995e-08,4.6274863052531146e-06,6.738868352229588e-10,8.64418481238971e-10,7.603862428595676e-09,4.294516742220367e-08,0,0
3.993624704889953e-05,1.2949564087705312e-08,3.4942659112857655e-06,1.365286834698054e-07,4.78245829071966e-06,3.838439624814782e-06,8.002738240975305e-07,6.151761340333906e-07,7.968201884978043e-07,0.00030216656159609556,7.22851327736862e-05,4.429376349435188e-05,1.5533521136035233e-08,0.00022262142738327384,0.0008347941329702735,0.9984686970710754,8.525245509538593e-10,1.313795081614444e-07,5.826737492498069e-07,4.093083916245632e-08,6.15011541693633e-10,3.1539366673882796e-09,1.094592194661459e-09,15,15
6.081884930608794e-05,0.0008872888283804059,4.950891252519796e-06,0.0015230168355628848,4.476615231396863e-06,0.0008889073505997658,0.00013784112525172532,0.00122746208216995,2.7734040486393496e-05,0.006616030354052782,0.0020983105059713125,7.750377335469238e-07,0.027658462524414062,7.520001236116514e-05,9.488605428487062e-06,0.0008866146090440452,8.525919838575646e-05,0.1616850346326828,1.3016620869166218e-05,0.7955145835876465,0.00019575767510104924,0.0001663872681092471,0.0002325861860299483,17,19
3.8348918707242774e-08,1.7602381774395326e-08,4.113032616714918e-07,1.862840548483291e-09,5.068329755886225e-07,1.6204866142288665e-06,1.257242920882362e-10,5.987060802681299e-08,1.9365979042618164e-08,4.352368243587534e-09,1.2342108446361522e-09,8.336069612369101e-09,3.1474872230319306e-05,3.6912189216309343e-07,2.2877706840063183e-08,1.098836577284601e-08,1.1848108272261015e-07,0.9992283582687378,1.66289793046559e-09,0.0007368904771283269,1.1150874001941702e-08,2.018745393073118e-09,3.9636869786363604e-08,17,17
0.008173296228051186,3.284930789959617e-05,0.005935593042522669,5.537101515074028e-06,0.003594338661059737,0.0623064860701561,1.3266144378576428e-05,4.661264756578021e-05,0.00023711936955805868,0.0005957901012152433,0.004646325949579477,1.3310905160324182e-05,0.031201496720314026,7.764023030176759e-05,8.068641909630969e-05,0.000694676476996392,0.0003310983593109995,0.8543733954429626,0.0001811865804484114,0.0273582823574543,8.594260725658387e-05,8.480612450512126e-06,6.564956947840983e-06,4,17
0.7507967948913574,5.818895806442015e-05,0.0001253375521628186,8.859333320287988e-06,0.0007282167789526284,0.0002966473693959415,6.335064972518012e-05,0.0002984939783345908,0.00044328958028927445,0.005862907040864229,0.00010521717194933444,0.00953875295817852,6.481895979959518e-05,0.19182564318180084,0.012210827320814133,0.027419600635766983,5.1427389280434e-07,0.00011451438331278041,1.1644042388070375e-05,2.1875928723602556e-05,9.739529787111678e-07,1.97259078049683e-06,1.565673869663442e-06,0,0
0.0004044550587423146,2.9691150871258287e-07,1.635102364616614e-07,1.1495114904391812e-07,1.8521882338973228e-07,0.0003040191368199885,4.829197678191122e-06,6.723409023834392e-05,0.0011543409200385213,0.0053433761931955814,0.9926648736000061,2.1544876290136017e-05,8.200281058634573e-07,2.0692628822871484e-05,1.0473604561411776e-06,9.236073310603388e-06,4.898698779953747e-09,4.931478088110453e-07,1.113415578402055e-06,4.060128233618343e-08,6.273797481526344e-08,5.7149403431822066e-08,1.2200486025903956e-06,10,10
0.5369654893875122,3.262665586589719e-06,0.009120067581534386,9.936590004144819e-07,0.0011945893056690693,0.0016523791709914804,9.783937275642529e-05,0.0004076951590832323,0.00026371271815150976,0.02190909907221794,0.0005889234016649425,0.07459460943937302,3.283189653302543e-05,0.017902612686157227,0.003381702583283186,0.33163565397262573,4.40538798329726e-07,0.00014838862989563495,5.2201499784132466e-05,4.1861843783408403e-05,3.1685294743510894e-06,1.9621552382886875e-06,4.458282205632713e-07,13,0
1.1015758900612127e-05,1.1258372012434847e-10,2.106735585982733e-08,5.461439633869247e-10,0.9998224377632141,0.00014632481907028705,1.261245829997648e-10,4.1276464884942854e-11,1.1051202619682954e-08,8.048631627843861e-08,1.4936940573306856e-08,5.039718416810501e-06,1.6576947245994234e-06,4.8831020649231505e-06,7.660271876375191e-06,5.440049122285018e-08,6.971159649538095e-08,4.4752829353456036e-07,3.0070165735196497e-07,1.2897808154832546e-08,4.335330316962427e-09,6.465567230912184e-12,3.912642210224249e-09,4,4
7.965807890286669e-05,4.529837394073866e-09,1.531717153113732e-08,6.987771143940336e-07,2.2345984618254988e-08,0.00029860343784093857,1.438502840755973e-05,2.588359529909212e-05,1.1953121656915755e-06,0.9970269799232483,0.0024769040755927563,7.352515694947215e-06,4.547306957647379e-07,2.2959779016673565e-05,5.975150543235941e-07,1.3705204764846712e-05,3.3789537834394423e-10,2.6407709796671952e-08,3.058413494727574e-05,2.373211671624631e-08,2.2507290253770407e-08,4.770101202922206e-09,3.144246463193667e-08,9,9
0.7995169162750244,8.577334665460512e-05,0.013533348217606544,3.094718340435065e-05,0.0019130802247673273,0.06442460417747498,0.00010174186172662303,0.004938269499689341,0.06926009058952332,0.007413439452648163,0.008280308917164803,0.0011383540695533156,0.001172233372926712,0.0030996245332062244,0.0035164302680641413,0.00760033680126071,0.0001254881062777713,0.011901422403752804,0.0002157059352612123,0.0007700465503148735,0.0008531335624866188,7.335596455959603e-05,3.53137802449055e-05,0,0
0.00034126616083085537,0.0002809343859553337,7.872194692026824e-05,1.408928937962628e-06,0.00012355303624644876,0.1480516493320465,1.2253875070200593e-07,2.157382550649345e-05,0.00011504894064273685,0.00010210224718321115,5.56846171093639e-05,5.668574885930866e-06,0.15865130722522736,4.2323172237956896e-05,4.2525725802988745e-06,7.312090747291222e-05,0.0034568822011351585,0.565964937210083,0.00024247074907179922,0.12177623808383942,0.0005246303626336157,2.7844418582390063e-05,5.81652857363224e-05,17,17
2.580737845647718e-10,5.183448670287305e-10,6.046188549824194e-10,4.176476124939654e-07,1.519721681830788e-09,5.948221026841338e-09,2.1535887222839944e-12,1.972591361087961e-12,5.252726378857098e-11,1.4585598354099893e-11,7.807718881147618e-12,1.4531276572651852e-12,1.4111034118968746e-08,2.730160065037013e-12,1.414338091088041e-10,1.6776965016881973e-12,0.9998001456260681,4.956058674565611e-08,0.0001625474978936836,4.5117209968026373e-10,2.1060679955553496e-06,9.543046353144291e-10,3.473102697171271e-05,16,16
3.3003093449224252e-06,2.0922649127896875e-05,1.2677985239406553e-07,2.576287272404443e-07,5.678084114002502e-10,1.8154047438656562e-06,0.08913250267505646,1.8757158613880165e-05,2.580422005848959e-06,0.0005461769178509712,0.9102680683135986,4.1223465530038084e-08,4.434719613755078e-08,8.903857064979093e-07,3.1984885850988576e-08,3.804348125413526e-07,1.0571826081218205e-08,3.576696272489244e-08,1.3051314908807399e-06,1.4519851276872942e-07,3.9851567379400876e-08,1.4537150718751946e-06,1.1403736834836309e-06,9,10
0.04449699446558952,0.09248979389667511,0.26116469502449036,8.849152436596341e-06,6.970600225031376e-05,1.9635042917798273e-05,0.5518529415130615,7.939621718833223e-05,8.035260179894976e-06,0.0013850490795448422,0.043532535433769226,2.8449680030462332e-05,3.729723903234117e-05,0.0012972551630809903,4.8699126637075096e-05,0.0022257049567997456,8.854791303747334e-06,0.0007584074628539383,1.8292728782398626e-05,0.00032256869599223137,2.0026461697852938e-06,0.00014434676268137991,4.368563679690851e-07,0,6
2.7366154426999856e-06,1.391865566802153e-06,0.9999901056289673,6.282428444137622e-08,8.674930995766772e-09,1.5641653305920045e-07,3.2614804190700397e-09,2.519692827718245e-07,1.1207838213067589e-08,1.0871264777279066e-07,1.626249712671779e-07,6.699625576533919e-11,2.1366192015648267e-07,2.4880145943484422e-08,2.1646107128958647e-09,7.987591921221338e-09,3.675404798286763e-07,3.583127409001463e-06,3.6331133657085957e-08,6.84637541326083e-07,2.5975934292432612e-08,2.0482535489918519e-07,3.198426523631781e-10,2,2
0.037110526114702225,0.0005835248157382011,0.0005708617973141372,0.00014451751485466957,0.01014250610023737,0.8818868398666382,0.0002449017483741045,8.245979188359343e-06,1.4111761629465036e-05,0.01505149807780981,0.00032068713335320354,2.40832450799644e-05,0.010435043834149837,0.021215740591287613,0.00010875306907109916,2.0575103917508386e-05,6.899350410094485e-05,0.004115366842597723,0.01752326637506485,0.00024336812202818692,1.3069479791738559e-05,2.4545586256863317e-06,0.00015110954700503498,4,5
0.0002648213121574372,0.006152912508696318,0.25867959856987,0.0003488885413389653,8.032268397073494e-07,4.304471440264024e-05,4.883825567958411e-06,0.0022002290934324265,5.458919258671813e-05,0.00011694496788550168,0.11361204832792282,4.6580819201835766e-08,0.004425329621881247,6.650863724644296e-06,2.6114114007214084e-05,0.000692145258653909,0.00046112839481793344,0.010291364043951035,0.00011204127076780424,0.5264090299606323,0.0005877116345800459,0.07549437135457993,1.5345050996984355e-05,2,19
0.0002741452772170305,3.1892034257907653e-06,5.344120381778339e-06,4.353291842562612e-06,0.000244441966060549,0.3054305613040924,1.0439085826874361e-06,1.750015144352801e-05,2.4011660570977256e-05,0.024544158950448036,0.01173064112663269,0.0009237961494363844,0.4160047769546509,0.0007173591293394566,0.00045438416418619454,0.0004882470238953829,9.773967576620635e-06,0.20923759043216705,0.026291320100426674,0.00346334557980299,1.1603685379668605e-05,1.6866872556420276e-06,0.00011680834722938016,12,12
0.9986061453819275,7.57855195843149e-06,9.234732374352461e-07,5.889053511509701e-08,1.731801376081421e-06,3.3176609122165246e-06,2.41437135173328e-07,3.2866291803657077e-06,2.4536075216019526e-06,6.042027507646708e-06,3.623096063165576e-06,0.00011140084825456142,8.930555281949637e-07,4.943241219734773e-05,7.067275873851031e-06,0.0011621188605204225,1.080892047866655e-06,1.6990942413031007e-06,2.3867711206548847e-05,1.5323044522119744e-07,7.728916529003982e-08,6.4217388171528e-06,1.5429004918132705e-07,0,0
1.1820512568760932e-08,5.2630213076554355e-08,3.685551064336323e-08,3.966380279774029e-10,9.980693604916269e-09,2.991646624650457e-06,2.422231859533497e-11,4.0489908315066714e-08,7.274673752277749e-09,1.5241980122482346e-08,3.127397718571956e-08,2.048615499461448e-09,0.0001833907444961369,3.3498238849460904e-08,3.648795399158189e-08,9.512012866252917e-08,7.747857466711139e-08,0.9997729659080505,2.1313944387202355e-08,3.9967064367374405e-05,4.4703586610239654e-08,1.7403236185487003e-08,4.507586126578644e-08,17,17
0.26904240250587463,1.0144443876924925e-05,0.0004160140233580023,2.3695750428487372e-07,0.18980635702610016,0.454865425825119,4.669308509619441e-06,1.1031576832465362e-05,0.0017768503166735172,0.009661284275352955,0.0018206983804702759,0.056228190660476685,0.0003010028158314526,0.003174347337335348,0.0008080285624600947,0.01020944956690073,6.189192845340585e-06,0.0017992359353229403,3.588918116292916e-05,1.5761143004056066e-05,5.420337402028963e-06,6.638587137786089e-07,7.22136348940694e-07,4,5
0.007505244109779596,0.0005267390515655279,0.0011208393843844533,0.00019690170302055776,0.0003989672986790538,0.571610152721405,0.00013870342809241265,0.0010989869479089975,0.0004517685156315565,0.10778915882110596,0.2521139979362488,0.0005834738840349019,0.0014401330845430493,0.0010014744475483894,0.0002680867910385132,1.634117688809056e-05,4.9808051699073985e-05,0.0005866296705789864,0.049530625343322754,0.00048065659939311445,0.00040301590343005955,0.00036387634463608265,0.002324457513168454,5,5
1.6597023204667494e-05,9.589874450099956e-10,2.231801854435389e-09,1.2359533840822223e-08,0.9974315762519836,0.002368615008890629,2.9651325839097353e-10,1.309028441198734e-10,2.271034205136857e-08,2.4973137442430016e-06,4.1089228375312814e-07,6.818384463258553e-06,0.00016741630679462105,1.5159690747168497e-06,1.211155904456973e-06,5.13856868167295e-09,2.1383473836067424e-07,1.5479976127608097e-06,9.602592854207614e-07,3.8046761119403527e-07,9.37703106274057e-08,1.24716972860206e-10,1.4235935452688864e-07,4,4
0.19398975372314453,3.841370562440716e-05,0.01956556923687458,1.219673049490666e-05,0.06440924853086472,0.01527914498001337,0.00010502748773433268,0.0001711799850454554,0.0038590137846767902,0.03829649090766907,0.0018323104595765471,0.2663513422012329,0.00012647132098209113,0.038959477096796036,0.037979502230882645,0.3180650472640991,1.4210306289896835e-05,0.0006083637126721442,0.00011238325532758608,0.00019847627845592797,1.6474234143970534e-05,7.266973625519313e-06,2.6733728191175032e-06,8,15
0.021271321922540665,1.9888937003997853e-06,0.0007900401833467185,3.5859869967680424e-05,0.0006965354550629854,0.012781458906829357,1.719496822261135e-06,7.313732203328982e-05,0.00042050870251841843,8.329062984557822e-05,0.00013686071906704456,7.306655606953427e-05,2.183773904107511e-05,0.9569475650787354,0.006458558142185211,3.194691089447588e-05,6.511165338451974e-06,7.112901221262291e-05,1.809129571483936e-05,6.074739576433785e-05,1.6245416190940887e-05,4.407706626352592e-07,1.1267899253653013e-06,13,13
0.03150229901075363,0.0001929720165207982,0.006154934410005808,1.2990756204089848e-07,4.796165740117431e-05,0.9439101815223694,5.197365680942312e-06,1.0065493370348122e-05,0.00023356229939963669,0.005196793470531702,0.005637527443468571,0.00019946933025494218,0.0008993475930765271,0.004787820857018232,7.78268770318391e-07,1.217665158037562e-06,1.0095645848196e-06,0.0005856401403434575,0.0005746199167333543,1.6581239833612926e-05,2.9500957680284046e-05,3.2664038371876813e-06,9.120347385760397e-06,5,5
0.1701347827911377,0.0012808069586753845,0.0002479136164765805,1.948192402778659e-05,0.0029324032366275787,0.16463392972946167,0.0001803401974029839,0.00042495151865296066,0.047156304121017456,0.013282465748488903,0.4800103008747101,0.010234958492219448,0.0006065245252102613,0.06607796996831894,0.004331457894295454,0.03597743436694145,7.64890864957124e-06,0.001116576255299151,2.1457643015310168e-05,0.0009525572531856596,0.00022070050181355327,0.00014614578685723245,2.9326813546504127e-06,0,10
0.007121788337826729,4.322911991039291e-06,0.0011112972861155868,5.5716333008604124e-05,1.0685126653697807e-05,0.0126654002815485,0.00025266356533393264,0.0005017062649130821,8.254664862761274e-05,0.2574930489063263,0.1133451983332634,0.000702482124324888,0.002260466106235981,0.0017306242370977998,0.002240126021206379,0.5977034568786621,8.844465924084943e-07,0.00020256484276615083,0.0015966978389769793,0.0009015661780722439,3.662242761492962e-06,9.830822818912566e-06,3.2780581022961996e-06,5,15
3.436171755311079e-05,1.530230520074838e-08,2.077347971862764e-06,9.355811414479831e-08,8.487910235999152e-06,0.020281942561268806,1.988938578278976e-07,9.788723400561139e-05,0.97722989320755,0.00021678846678696573,0.0011148586636409163,0.00014920356625225395,4.957426824603317e-08,0.00016846686776261777,0.000591987743973732,0.00010214027861366048,6.246031691858889e-09,3.481021906281967e-07,4.36498055478296e-07,3.876654020018577e-08,3.44938342777823e-07,3.462860442837723e-09,2.7384132295082964e-07,8,8
2.651905560924206e-06,0.04247140511870384,1.223127242155897e-06,1.974157385120634e-05,1.0365018843216944e-09,2.0007774992336635e-07,2.020792862822418e-06,0.9337625503540039,9.294280971516855e-06,4.449828736596828e-07,5.1902261475333944e-05,9.090094721386777e-08,2.079760406559217e-06,2.725445256146486e-06,9.139472467722953e-07,0.00011614280811045319,2.600708342015423e-07,0.00011683913908200338,1.0136556483075765e-07,0.0030270181596279144,7.69174312154064e-06,0.02039886638522148,5.898043582419632e-06,7,7
0.34972506761550903,0.0001876457972684875,7.503141387132928e-05,0.00020654125546570867,0.004071913193911314,0.059359196573495865,0.00042895079241134226,0.0003507543297018856,0.0005890600732527673,0.16809330880641937,0.15456894040107727,0.051291678100824356,0.005924036260694265,0.01903391070663929,0.0026879189535975456,0.16764836013317108,8.290730329463258e-05,0.001771890209056437,0.013408537022769451,0.00017869319708552212,1.0779683179862332e-05,2.0727675291709602e-05,0.00028413726249709725,5,0
0.3811287581920624,0.00013002321065869182,0.04711056128144264,0.00024122490140143782,2.3831871658330783e-05,0.003612429602071643,0.0021852990612387657,0.0038111184258013964,0.0014386775437742472,0.26010259985923767,0.03274501860141754,2.094490446324926e-05,0.0001053129235515371,0.00042232873965986073,3.5873556043952703e-05,0.000607180641964078,0.00303845782764256,7.672185165574774e-05,0.2576112747192383,0.0001505792752141133,0.0004953998140990734,4.587921284837648e-05,0.0048605105839669704,9,0
0.898679792881012,1.1481431101856288e-05,0.00045769131975248456,3.1307170047512045e-06,0.038027700036764145,0.027201486751437187,8.855446503730491e-05,1.624909600650426e-05,0.0032080961391329765,0.011565265245735645,0.002210349077358842,0.0026240225415676832,0.000576198915950954,0.0010233689099550247,0.003687991527840495,0.008837983012199402,0.00020574004156515002,0.0010974183678627014,0.0002562378940638155,0.00018874385568778962,7.759461368550546e-06,1.8607130186865106e-05,6.162223144201562e-06,4,0
9.969148959498852e-05,4.551117308437824e-05,2.6694742700783536e-05,1.936917942657601e-05,0.0003852728696074337,0.7305880188941956,8.275168511318043e-06,7.625133002875373e-05,6.672251038253307e-05,0.14112070202827454,0.059807486832141876,0.005672052036970854,0.0010558152571320534,0.00029334620921872556,0.0013433321146294475,0.013495872728526592,6.286269922384236e-07,0.0012548415688797832,0.04427168518304825,0.00015748811711091548,8.338170118804555e-06,1.047280647981097e-06,0.00020160755957476795,10,5
2.47890014071217e-10,0.0006213439628481865,1.0793718141499653e-09,5.361220246413723e-06,5.688792535998854e-13,7.30322399777883e-11,9.24198051421854e-09,1.2417956440913258e-08,5.769078270656536e-11,1.7145475317281722e-10,6.680171509287902e-07,1.6001201828385464e-13,1.1372402042297836e-07,8.730751538399417e-11,6.109843186941077e-10,5.393062441072516e-09,1.2526709269877756e-06,3.2365658597655056e-08,1.3555287523558945e-06,3.6792839637200814e-06,6.49189146884055e-08,0.9993652701377869,8.06348282367253e-07,21,21
3.338827525567467e-07,6.157555162644712e-06,5.979503558961596e-09,4.114158400625456e-07,4.553921129080152e-10,1.068339201992785e-06,9.676469971964252e-07,4.74789812869858e-05,1.277577302971622e-05,7.786255082464777e-06,0.9998670816421509,1.2575152474880724e-08,1.9637222692381329e-07,1.8973821624967968e-07,1.7515480976726394e-07,1.0446232408867218e-05,6.296249743797944e-09,2.838220893863763e-07,8.038923624553718e-07,2.0641823539335746e-07,1.5468232916759916e-08,4.299833017284982e-05,6.240446737137972e-07,10,10
0.9994730353355408,3.295861290553148e-07,9.241611564902996e-07,1.0666630079203543e-10,3.1649851734982803e-06,0.00022797490237280726,3.9458953438042954e-08,9.50105558672476e-08,1.6986074115266092e-05,5.040259111410705e-06,6.22271409156383e-06,2.5794399334699847e-05,7.800149859349403e-08,3.072854451602325e-05,1.4579119067548163e-07,0.00020860982476733625,4.7629251653802385e-09,3.4127148751395e-07,2.4562723410781473e-07,3.1011926360235975e-09,3.5307938794915117e-09,4.050131607868934e-08,6.822832299135939e-10,0,0
0.0005638763541355729,1.4308213849290041e-06,1.7089188304453273e-06,9.434307344236004e-07,6.032600595062831e-06,0.9722875356674194,2.269929609610699e-06,0.010954922065138817,0.004522794391959906,0.0026057108771055937,0.00032042324892245233,0.00010813712287927046,2.7136984499520622e-05,0.008334697224199772,0.00016172361210919917,5.2453971875365824e-05,6.218260129031705e-09,4.2048664909088984e-05,1.681871026448789e-06,2.9419954898912692e-06,1.178879074359429e-06,6.580962264024492e-08,3.219239204099722e-07,9,5
0.0004981514648534358,0.9355906844139099,6.722485977661563e-06,1.4163019841362257e-05,2.9716422886849614e-06,7.368410297203809e-05,1.8085700048686704e-06,0.00141557352617383,8.251363033195958e-05,6.978685996728018e-05,0.00025532598374411464,8.680345331413264e-07,0.0017332552233710885,2.7725589461624622e-05,6.332040356937796e-06,0.00839069951325655,2.7864036383107305e-05,0.007174260448664427,3.1968718303687638e-06,0.023547375574707985,0.0003557044838089496,0.02071000449359417,1.148021146946121e-05,21,1
0.21742555499076843,1.2091032886019093e-07,0.00025766112958081067,1.4214892019026593e-07,0.00012871653598267585,0.06416266411542892,1.8837996321963146e-05,2.1122437829035334e-05,0.00016214507922995836,0.021331362426280975,6.245778786251321e-05,0.6956523060798645,1.3825766700392705e-06,0.0006216791225597262,4.898774204775691e-05,2.028173730650451e-05,1.1957263268413953e-06,5.453266112454003e-06,7.333068060688674e-05,1.2739789667648438e-07,1.1801221262430772e-06,1.7750221559253987e-07,3.1079657674126793e-06,11,11
1.1464750286904746e-06,1.7940114048542455e-05,7.344881964854721e-07,5.082576080894796e-06,4.038707174913725e-06,6.530327937070979e-06,6.374777683504362e-08,1.0353483759217852e-07,6.170340682842834e-09,2.5981178168876795e-06,7.423346204404879e-08,2.630502482503516e-09,0.1400614231824875,4.96355767154455e-07,2.9812774755555438e-06,1.7794087398215197e-05,3.544586070347577e-05,0.00024486021720804274,2.3461017917725258e-05,0.8595723509788513,2.739780313731899e-07,1.4655614677394624e-06,1.0317423857486574e-06,12,19
2.061147341692049e-07,0.9999911785125732,9.216676488676967e-08,7.729044426696419e-08,2.0992105276285145e-10,9.098424236242408e-09,1.718905018321948e-08,4.229821115586674e-07,1.1935132882001653e-08,5.054841523133291e-08,3.919917901384906e-07,1.6641127364991348e-10,6.016378506501496e-08,1.0397308791709747e-08,1.9019856800639445e-09,3.663372538653675e-08,2.053449321692824e-08,8.360067340618116e-07,9.452247695662663e-08,2.1098469460412161e-07,5.006434378174163e-08,5.423074526333949e-06,8.259935952992237e-07,1,1
1.4053618997422745e-06,0.003269738983362913,0.00021310124429874122,0.00015821115812286735,5.108601612846542e-07,9.835130185820162e-07,1.4886393273627618e-06,0.0014372116420418024,5.317710929375608e-07,1.4591026229027193e-05,0.00021066624321974814,3.9999928702627585e-08,0.034431129693984985,2.3351795164217037e-07,7.514252502005547e-05,1.3189878700359259e-05,0.0023917073849588633,0.0005106023163534701,1.002735643851338e-05,0.6100759506225586,0.34609678387641907,0.0004244949377607554,0.0006622374639846385,20,19
8.832503226585686e-07,0.9468820691108704,2.696214551178855e-06,0.0005562330479733646,3.6837084493868133e-09,2.0868434091880772e-08,2.5775900212465785e-05,0.003237814176827669,2.8000428642371844e-07,1.7927761291502975e-05,0.0019132293527945876,3.4757909883609273e-09,3.656206536106765e-05,6.550386189019264e-08,4.367215296952054e-06,6.514567940030247e-05,1.7706210201140493e-05,2.2289532353170216e-05,0.00010248199396301061,0.003602709388360381,3.2843672670423985e-05,0.0431029386818409,0.0003759695100598037,21,1
0.9973292350769043,4.0117686950225107e-08,0.00015495315892621875,1.3104567209154538e-08,8.820426046440843e-06,8.550554775865749e-05,7.470568448297854e-07,2.05405876840814e-06,1.5322450053645298e-05,0.0016397100407630205,0.00012026644253637642,0.0005187843344174325,8.949135690272669e-07,7.37122172722593e-05,5.696812877431512e-06,2.7222720746067353e-05,1.1166061852918574e-08,3.574622496671509e-06,1.331315070274286e-05,4.222153293653719e-08,3.5967344658160982e-09,1.33666260282439e-08,9.787634525082467e-08,0,0
0.6098209023475647,0.00048340021749027073,0.006104667671024799,1.384414736094186e-05,0.00011614224058575928,0.0006138967000879347,1.734277066134382e-05,0.003345426172018051,0.2737516760826111,0.0031609192956238985,0.00795131828635931,0.07907875627279282,0.0007235467783175409,0.0024377519730478525,0.0003639927599579096,0.000837301486171782,5.601620796369389e-05,0.007264323532581329,1.2651787983486429e-05,0.00017268133524339646,0.0006155090522952378,5.8017401897814125e-05,0.0029999276157468557,8,0
3.905731500708498e-05,2.8720642148982733e-05,0.00020422806846909225,6.133553256404412e-07,3.4396975934214424e-08,3.5869538805854972e-06,1.0856845619855449e-05,7.894792361184955e-05,2.732429038587725e-07,0.00922089908272028,0.5567706227302551,3.6810868095926708e-06,4.546151103568263e-06,5.03520323036355e-06,7.781969907227904e-05,0.4335116744041443,7.655251543781105e-09,1.3258334092824953e-06,1.4181646292854566e-05,2.1175901565584354e-05,1.5736065961391432e-07,2.47319462687301e-06,3.2601892741013216e-08,15,10
1.406271223913791e-07,7.104096422239081e-09,1.7910807059706713e-07,8.790709216555115e-06,8.538585802853049e-07,6.746044164174236e-06,7.608439318573801e-07,3.2093586810333363e-07,1.912970191142449e-07,0.00015844091831240803,0.0001739550643833354,1.831526060414035e-05,1.8341870244853453e-08,0.00016832382243592292,0.9993650317192078,9.709057485451922e-05,1.1648905173800017e-09,1.574814589844209e-08,7.793415193191322e-07,6.559312737408618e-08,1.0936420657969848e-08,5.266182157015464e-09,3.4866957321355585e-08,14,14
3.5294098199578627e-10,9.958542879218157e-10,9.614003343427768e-11,8.879818125251404e-08,1.1666324573056386e-09,1.1679455838020658e-06,6.924095411614539e-12,5.381106584628759e-12,5.225876328895929e-11,1.6779363454233476e-09,3.010947491333127e-09,3.547204543985494e-11,2.9162278147865095e-10,3.626804412348861e-11,2.872007076604177e-10,1.823953314772364e-11,6.916134589118883e-05,2.856846148535652e-10,0.9999282360076904,1.5141171649801777e-10,9.195899224323512e-07,4.96879826172858e-09,3.583539580631623e-07,18,18
0.9995669722557068,1.1669387276924681e-05,9.146941920334939e-06,4.324365576735545e-08,3.103413473581895e-05,3.4191605664091185e-05,6.626351023442112e-07,8.838682333589531e-06,1.4175777323544025e-05,2.6505187634029426e-05,1.411697030562209e-05,1.8889754755946342e-06,1.0686293535400182e-05,1.5979789168341085e-05,1.109189611270267e-06,6.014271639287472e-05,3.2880443541216664e-06,0.00017636346456129104,2.115368715749355e-06,8.618953870609403e-06,1.9744283008549246e-07,1.766730292729335e-06,3.7013364817539696e-07,0,0
0.9487255811691284,5.791406147181988e-05,0.0015678151976317167,1.5432249256264186e-06,0.00011081869888585061,2.1751953681814484e-05,4.166809230810031e-05,1.0468161235621665e-05,1.4487010048469529e-05,0.004361160099506378,6.306645809672773e-05,2.479199793015141e-05,5.724430957343429e-05,3.522894257912412e-05,1.684668859525118e-05,0.044595587998628616,1.8707050912780687e-06,3.055089109693654e-05,0.00019093014998361468,5.928372047492303e-05,4.6611205561930547e-07,1.061086732079275e-05,3.464270150743687e-07,0,0
0.5240485668182373,7.303942311409628e-06,0.05600348114967346,5.083921223558718e-06,0.1478307545185089,0.05488892272114754,4.6500481403199956e-05,0.00012713538308162242,0.005729337222874165,0.017963659018278122,0.0011063831625506282,0.04420917481184006,0.001101636327803135,0.03313726931810379,0.07986215502023697,0.02397211827337742,2.6289417291991413e-05,0.008826304227113724,0.00019867888477165252,0.0008885537390597165,1.4449578884523362e-05,2.193764885305427e-06,4.085349246452097e-06,0,0
6.945315078610292e-08,1.2092502856830833e-06,9.471358808355035e-09,5.3593184929923154e-06,1.453205888957143e-09,1.8540166593083995e-06,2.6587398949118324e-09,5.979250659038371e-07,2.831498813193889e-09,2.596253807496396e-07,4.467572580324486e-06,2.052375491778946e-10,0.9979509711265564,2.6027700883446414e-08,3.5677900633857007e-09,1.488216980760626e-07,3.3167918900289806e-07,9.199798660119995e-05,4.795052177541947e-07,0.001902785268612206,6.605009161830822e-07,3.659378126030788e-05,2.2271042325883172e-06,12,12
0.00032703918986953795,1.872822252835249e-07,3.4028946629405254e-06,3.5914251839130884e-06,6.567974196514115e-05,0.012777332216501236,1.0927024959528353e-05,5.558477823797148e-06,9.983938070945442e-06,0.031901244074106216,0.9513527154922485,9.787941962713376e-05,3.189486960764043e-05,5.291369234328158e-05,2.760539427981712e-05,1.5596564253428369e-06,1.0434109753987286e-07,1.5181786693574395e-05,0.0032162198331207037,7.871532261560787e-07,3.4611878163559595e-07,6.839593424956547e-08,9.773950296221301e-05,5,10
3.83696274752765e-09,0.005086258985102177,1.2426869488990633e-07,1.6208004183226876e-07,1.7124466775153557e-11,3.763050759886255e-09,5.834460692355492e-11,2.3300228235711984e-07,1.1898605434268461e-09,3.626316469329538e-10,1.1921470388642774e-07,2.0244320109163993e-11,1.8926185703094234e-06,7.063984952537794e-10,1.1747920414251212e-09,1.807996419245228e-08,2.0636118733818876e-06,3.056564082726254e-06,3.4911602142528864e-07,4.195243036519969e-06,6.2983649513626006e-06,0.9948948621749878,3.803692152359872e-07,21,21
3.4388922358630225e-05,3.419790800762712e-06,5.9422376352813444e-08,0.001151576521806419,7.300774029772583e-08,0.020294729620218277,1.8423870642436668e-05,0.016379188746213913,4.205580808047671e-06,0.15781408548355103,0.0008568067569285631,1.380801677441923e-05,8.589147182647139e-05,9.408516780240461e-05,3.173441655235365e-05,8.262271876446903e-06,1.7092146364916516e-08,1.7090828805521596e-06,0.8020133972167969,8.967987014329992e-06,8.83266920936876e-07,4.4829116063738184e-07,0.0011839482467621565,9,18
9.924857295118272e-06,1.9683235223055817e-05,4.3790128074761014e-06,0.011435066349804401,5.86143400482797e-09,8.23723269149923e-07,7.358798939094413e-06,0.04351184144616127,0.0005630498635582626,6.4229348026856314e-06,0.9434214234352112,3.058165631841803e-08,8.63152479269047e-07,1.501812789683754e-06,6.715577455906896e-06,2.749219856923446e-05,1.7615448086871766e-06,3.525146530591883e-05,5.000154942536028e-06,0.0002165720798075199,5.146498551766854e-06,0.00025358505081385374,0.0004662635619752109,7,10
0.9545079469680786,4.0474569686921313e-05,0.0016177173238247633,1.2828390794084044e-08,0.00014449369336944073,0.0017686348874121904,2.7281500933895586e-06,1.1967979844484944e-05,9.145386138698086e-05,0.00020976865198463202,0.0005369826685637236,0.007997848093509674,5.329744908522116e-06,0.00620727613568306,1.5970361346262507e-05,0.026082688942551613,2.1570704120676965e-06,0.0006911128875799477,2.3815338863641955e-05,3.0584869818994775e-05,4.83018027352955e-07,1.05524122773204e-05,8.6689224687575e-09,0,0
0.8674589991569519,1.0935312275250908e-05,9.39999517868273e-06,4.354759752800419e-08,0.0006758654490113258,0.07362052798271179,1.213925742149513e-07,2.424492959107738e-05,0.0034290545154362917,0.0005187405040487647,0.04386063665151596,0.002508798846974969,7.223876309581101e-05,0.0003919670998584479,0.0006191015127114952,0.0059065306559205055,4.442018052941421e-06,0.0007264994201250374,0.00015157475718297064,9.61474029281817e-07,6.1324931266426574e-06,1.818156533772708e-06,1.2171071830380242e-06,0,0
5.989470963640997e-08,8.708544191904366e-05,7.534348611670794e-08,1.3954501127955155e-06,2.3262876347462935e-10,5.933355140541607e-09,0.997860848903656,7.658100912522059e-06,4.510338555974158e-07,4.27038639827515e-06,0.002034856704995036,4.4360334849891103e-10,2.6930613294950945e-09,9.066690154213575e-08,7.003492452639648e-09,5.517011913980241e-08,9.627387775879015e-09,2.0649332910238627e-08,5.671503711113246e-09,2.3274652960481035e-07,1.478569977564348e-08,2.761442374321632e-06,1.4245512147681438e-07,6,6
1.6539796199310786e-09,5.525082169555162e-09,5.646956680038784e-08,3.229799361292862e-08,1.3959719602496534e-08,3.999528885856307e-08,3.923815050654866e-09,3.54314977357717e-08,5.929877033850062e-09,5.074275009064877e-07,8.306614063258166e-07,1.7298491528094928e-08,6.486429526830761e-08,1.4338299436644775e-08,0.9998738765716553,0.00011903045378858224,9.141223777930918e-09,1.2111510683254778e-09,4.3267598925922357e-07,5.028483883506851e-06,1.8442829485820766e-08,7.81052644782676e-09,3.4954692473831983e-09,14,14
0.00047098868526518345,0.04534956440329552,0.00017672343528829515,0.044606711715459824,3.100959986568341e-07,7.286780601134524e-05,0.00016981118824332952,0.4942176938056946,3.979035318479873e-05,0.011546751484274864,0.013826555572450161,1.485187476646388e-05,0.002684985985979438,0.00041974580381065607,0.0696241706609726,0.0429680161178112,0.00038205861346796155,0.0004828757082577795,0.08029410988092422,0.025159483775496483,0.032484136521816254,0.11153584718704224,0.023472024127840996,22,7
7.806469426441254e-08,3.040233877982246e-07,1.0924250837263116e-08,4.897478689258605e-08,1.2057756748617976e-07,8.02725935500348e-06,1.6283980386333496e-08,1.0926063609417724e-08,2.91460477974681e-09,2.2871272449265234e-06,2.433336554474863e-08,6.6014460564645105e-09,0.9998993873596191,6.362477211752093e-09,1.366212654119181e-08,8.373825721719186e-08,6.662524469902564e-07,1.0341014785808511e-05,3.603776121963165e-07,6.650038267252967e-05,7.262204348990053e-08,1.053946796503169e-08,1.1604239261941984e-05,12,12
1.0766854757093824e-05,0.001497410936281085,9.079991286853328e-05,4.810560858459212e-05,3.6000889735987585e-07,8.839675729177543e-07,1.4591322496926296e-06,6.852025762782432e-06,3.833943992503919e-06,2.1053595844477968e-07,0.00015036379045341164,6.056337653603805e-10,0.011494464240968227,2.714409959025943e-07,7.155621517540567e-08,1.931531556920163e-07,0.0003910583327524364,0.0014142963336780667,1.5235452337947208e-05,0.9838405251502991,0.00012967844668310136,0.00039204585482366383,0.0005111237405799329,12,19
7.708039447607007e-06,0.0004644506552722305,0.00013686640886589885,3.516780634527095e-05,4.078820836639352e-07,3.074454434681684e-05,5.500818588188849e-06,7.73431675042957e-05,4.713945236289874e-05,7.358507900789846e-06,0.9270778298377991,8.35698941159535e-08,0.0003920153540093452,6.7517671595851425e-06,8.206434358726256e-06,1.526149753772188e-05,6.990441761445254e-06,0.023737262934446335,1.3529908073905972e-06,0.043151769787073135,1.1925826584047172e-05,0.004753595683723688,2.436455906718038e-05,17,10
0.03691501542925835,2.9150272894185036e-05,0.0020861837547272444,7.1593563006899785e-06,0.007081824820488691,0.013708092272281647,0.0005892000044696033,0.00040588900446891785,0.8573684692382812,0.00912995170801878,0.005053562577813864,0.005690145771950483,5.202389365877025e-05,0.03376464918255806,0.002655005780979991,0.02483247220516205,7.541636477981228e-06,0.0004749585932586342,1.4787452528253198e-05,9.524302731733769e-05,2.3839658751967363e-05,5.0031294449581765e-06,9.844528904068284e-06,8,8
8.518685353919864e-05,4.36792703339961e-07,4.943214662489481e-06,3.63729113495026e-09,0.16756285727024078,0.8257586359977722,1.9080191648868094e-08,8.388378347490288e-08,5.015801434637979e-05,6.655607285210863e-05,0.0005525459419004619,0.003969334065914154,0.0002110233617713675,1.6680572798577487e-06,7.128116703825071e-05,3.863190795527771e-05,3.76290081476327e-05,0.0014519835822284222,2.01399925572332e-05,7.312139018722519e-07,0.00011282820923952386,6.598294532977889e-08,3.19438959195395e-06,4,5
7.9909703345038e-05,0.0026532139163464308,1.5119323506951332e-05,0.0005255579017102718,6.84820520291396e-07,0.0005493224016390741,5.538446430364274e-07,0.000963390979450196,2.8674678560491884e-06,2.6031655579572544e-05,0.0002767854603007436,1.9728098266114102e-07,0.1347588151693344,1.5756002085254295e-06,2.89323361357674e-06,5.729460553993704e-06,0.0009211955475620925,0.010878902859985828,0.00028966725221835077,0.012059451080858707,0.3234592378139496,0.0019268847536295652,0.5106019377708435,20,22
6.805253360653296e-05,1.2642031421705724e-08,1.6170855587915867e-06,1.8977638660544471e-07,7.444721268257126e-05,0.17231649160385132,2.1957079354706366e-07,2.0870207663392648e-05,0.8234114646911621,0.0003820897836703807,0.0033399038948118687,0.00011264620843576267,4.439053213900479e-07,5.1746461394941434e-05,0.00016499817138537765,4.184523731964873e-06,1.2325864418016863e-07,4.427251496963436e-06,8.844649528327864e-06,1.2851093345034315e-07,3.3237984098377638e-06,3.012934346457996e-09,3.380917405593209e-05,8,8
3.415039202536718e-07,4.571374665829353e-05,4.963886567566078e-06,5.1953484216937795e-05,7.858522721448935e-10,5.226121047030574e-08,0.7003011107444763,1.0966989066218957e-05,3.5506519679984194e-07,0.00011552664363989606,0.2994418144226074,7.739082263924502e-09,5.439376593585621e-08,1.5106865021152771e-06,1.0289983265465708e-07,3.2870702852960676e-06,1.3887357042108306e-08,1.2359585355170566e-07,3.2631578505970538e-06,1.3443354873743374e-05,2.3724879838482593e-08,4.7958542381820735e-06,5.583163442679506e-07,6,6
0.0002029041643254459,0.0002549766795709729,6.559540452144574e-06,0.003009926062077284,5.260594662104268e-06,0.0004880111664533615,0.06144385039806366,0.007123499643057585,2.112594484060537e-05,0.03930288180708885,0.882850706577301,3.262044174334733e-06,0.0003230409638490528,0.00011423955584177747,7.684495358262211e-06,6.587955431314185e-05,1.1388992788852192e-06,8.594617247581482e-05,1.5060944861033931e-05,0.004554813262075186,5.938947288086638e-05,4.546935815596953e-05,1.4482282495009713e-05,9,10
0.0004851572448387742,5.944358463239041e-07,3.019056293851463e-06,4.616717887984123e-06,0.00012761502875946462,0.007279763929545879,1.5149652426771354e-05,1.2226023500261363e-05,2.755760397121776e-05,0.22724850475788116,0.06881046295166016,0.03295164182782173,3.7263093872752506e-06,0.0007773268735036254,0.0035279300063848495,0.6582567691802979,7.925584100121341e-08,1.3020803635299671e-05,0.00044795230496674776,4.3567939655986265e-07,2.961061795758724e-07,9.405385981153813e-08,6.114326424722094e-06,11,15
0.5285812616348267,8.517234562077647e-08,6.363316515489714e-06,1.1843619773799219e-07,0.00017592358926776797,0.006485002115368843,1.19501953577128e-06,7.846448716009036e-05,0.00329322530888021,0.0035619703121483326,0.0011967081809416413,0.4407314658164978,1.7092385178330005e-06,0.007302188314497471,0.005989801604300737,0.0025718167889863253,1.246422272060954e-07,4.097932105651125e-06,1.5301022358471528e-05,1.0697921482005768e-07,5.252600772109872e-07,3.713626028911676e-08,2.560314896982163e-06,0,0
0.00038197331014089286,0.0004898395854979753,7.495109912269982e-06,7.429442234752059e-07,4.889187721346389e-07,0.004468016792088747,2.3399479687213898e-07,1.9358341887709685e-05,1.5931384496070677e-06,0.00022697870736010373,0.00011767305113608018,1.1122471050839522e-06,0.9870678782463074,1.5409334537253017e-06,4.635189725377131e-06,7.334600377362221e-05,9.938738912751433e-06,0.0032714963890612125,0.0005397743079811335,0.0029611666686832905,1.3472683349391446e-05,0.0002595849509816617,8.167540363501757e-05,12,12
4.134136815991951e-06,3.3293447359028505e-06,2.4427210476574146e-08,9.196311339110252e-07,4.5869210651972026e-08,0.00033679799525998533,8.019811161830148e-07,4.792089384864084e-06,7.126093350962037e-07,0.000286491442238912,0.00014456105418503284,5.085407792648766e-07,0.002349529881030321,2.389087683241087e-07,4.414833369992266e-07,5.920870194131567e-07,2.562394911365118e-06,4.2670348193496466e-05,0.010418124496936798,8.108518159133382e-06,1.0185122846451122e-05,9.235558451337056e-08,0.9863842129707336,12,22
7.1138103407975e-08,0.0009943220065906644,1.5167815945460461e-06,0.0007743908790871501,6.824329545906949e-08,6.310754088190151e-07,1.8191045114690496e-07,1.8781597077577317e-07,2.3566938622821e-08,1.2232338804096798e-06,3.90230570701533e-06,2.0157591151814813e-09,0.00013209610187914222,3.439397033844216e-08,5.831093858432723e-06,4.317527327657444e-06,0.1717401146888733,7.370378170890035e-06,0.7926799058914185,0.00032491068122908473,0.0007913666777312756,0.00012918669381178916,0.03240843117237091,18,18
0.1563061773777008,7.79967158450745e-05,0.00010161064710700884,4.512149826041423e-05,0.24235808849334717,0.38270828127861023,5.276947922538966e-05,3.850879511446692e-05,0.0009346110164187849,0.02433958649635315,0.0014251864049583673,0.0019222429255023599,0.05507872626185417,0.007387160323560238,0.06415151804685593,0.02120649442076683,6.913995457580313e-05,0.03815419226884842,0.0029714726842939854,0.000580980209633708,1.0993431715178303e-05,3.7655952382920077e-06,7.540354272350669e-05,14,5
2.95863464998547e-05,0.6932700872421265,0.0002710334083531052,2.8500789994723164e-05,7.008806335306872e-08,8.697025805304293e-06,0.0006812920910306275,1.9659590179799125e-05,1.4210644394552219e-06,0.004195449873805046,0.21364253759384155,1.892503043166016e-08,0.0001660849229665473,1.3595280279332655e-06,1.6808995724204578e-06,2.97368078463478e-05,7.477286271750927e-05,2.960306574095739e-06,0.08078628778457642,0.0004546994168777019,0.0001776649005478248,0.005020698066800833,0.0011357576586306095,13,1
0.0008193881949409842,1.4178478522808291e-05,6.092823969083838e-05,0.00044768169755116105,0.00026431414880789816,0.0063494411297142506,0.011178821325302124,0.00011473560152808204,9.456980478717014e-06,0.9353978633880615,0.03974492847919464,6.19272441326757e-06,0.002103131264448166,0.0010517921764403582,0.00028434759587980807,3.709307929966599e-05,1.6854862678883364e-06,1.3728576959692873e-05,0.00020075213978998363,0.0018711828161031008,2.2930778868612833e-05,5.672185920957418e-07,4.744935267808614e-06,9,9
0.0027559385634958744,5.51677794646821e-06,0.00024438940454274416,9.383960275499703e-08,1.254270591743989e-05,0.8848970532417297,1.1085494406870566e-05,1.5394906540677766e-06,4.4941923988517374e-05,0.09883566945791245,0.004348648712038994,2.0411758669069968e-05,0.0001654118241276592,0.00016414649144280702,1.3480455891112797e-05,2.1032592485425994e-06,4.276164986549702e-07,1.7586757167009637e-05,0.008405398577451706,3.915146407962311e-06,1.7551161590745323e-06,1.5543959364094917e-07,4.7808000090299174e-05,0,5
1.3485411727742758e-05,7.772998174004897e-07,5.5821292477276074e-08,0.0002400329103693366,1.8802781553972636e-09,1.1926534170925152e-05,0.0005259130848571658,0.0009818989783525467,2.3184244128060527e-05,0.9950270056724548,0.003167420858517289,9.16494258262901e-08,7.432465309875624e-08,2.16796047425305e-06,8.302813370164586e-08,9.967810683519929e-07,9.92925630605157e-10,6.714285127884523e-09,3.855309842037968e-06,1.787467454050784e-07,3.7047726664241054e-08,4.42026006908236e-08,7.754703119644546e-07,9,9
3.262547454419007e-10,1.1004358668742498e-07,1.1660322707385262e-09,2.150422773183891e-07,1.2073894835318288e-11,5.384446311040847e-08,9.092276931355059e-11,1.0392964266969784e-09,1.9013932789357924e-11,5.128416802335778e-08,2.3201675247719322e-08,9.271920037301484e-12,1.3126191245049768e-09,1.0088636523408745e-11,7.578520033746372e-10,2.3865798226552215e-10,6.433518592530163e-06,2.682024879963052e-10,0.9999877214431763,2.8704489896114183e-09,1.664522983446659e-06,1.1817837730632164e-07,3.6643314160755835e-06,18,18
1.448799196168693e-07,1.4845043097011512e-06,7.975092586320898e-09,1.4124216463073935e-08,3.6236715850179735e-09,1.2021579095744528e-05,1.3241800544960824e-08,2.2934253252060444e-07,2.6736319824749444e-08,5.654880510519433e-07,3.787179366554483e-06,8.207121204861778e-09,0.9953222870826721,1.1162970992018018e-08,2.597403847559576e-09,2.8579100330716756e-07,2.9710562898799253e-07,0.004258501343429089,4.2201957484166996e-08,0.00035379326436668634,3.1869387839833507e-06,1.169475694950961e-06,4.2264455260010436e-05,12,12
0.0027227336540818214,4.100442652088532e-07,2.6013913156930357e-05,5.862926172994776e-06,0.0001883372460724786,0.5925425291061401,1.0515724170545582e-05,0.00019818756845779717,0.011117713525891304,0.12264940142631531,0.13007503747940063,0.06434577703475952,5.230044280324364e-06,0.03309139236807823,0.004016208462417126,0.0005968937184661627,3.90274180972483e-07,1.8518294382374734e-05,0.0369783416390419,6.742985760865849e-07,1.2039677130815107e-05,6.524822993014823e-08,0.0013977648923173547,13,5
0.001528262859210372,1.6359980747893133e-07,3.3460307236055087e-07,7.016511460733454e-08,0.0009308422449976206,0.9742982983589172,1.7971410670725163e-06,5.821770628244849e-06,0.003197777085006237,0.0071279448457062244,0.00738700432702899,0.0015142360934987664,2.31568883464206e-05,0.00011086330050602555,0.002450003521516919,2.5430815639992943e-06,1.114185806727619e-06,1.8718872524914332e-05,0.00010633908095769584,1.1069578675915182e-07,0.00020659180881921202,1.0862489574492429e-08,0.001087972312234342,11,5
2.9087024813634343e-05,0.0001074333704309538,1.2058714673912618e-05,5.504954242496751e-05,1.527930209022088e-07,0.00022364275355357677,0.00041127530857920647,0.00018928995996247977,5.632319880533032e-05,0.0006159802433103323,0.9889914989471436,9.414314945388469e-07,8.135593816405162e-05,0.001027435064315796,0.0002086085150949657,2.3100757971405983e-05,3.121714826193056e-06,3.9992068195715547e-05,0.007556662429124117,0.00020195887191221118,5.233845058683073e-06,3.098082015640102e-05,0.00012904293544124812,13,10
0.9637816548347473,2.0618585949705448e-07,3.0027689717826433e-05,1.9129856809740886e-07,0.0013950009597465396,0.0257664043456316,8.644745435049117e-07,7.945326387925888e-07,0.0007507294649258256,0.0007998294313438237,0.003863241523504257,0.002959699369966984,1.2348350537649821e-05,0.00025406043278053403,6.83364442011225e-06,1.0175275377832804e-07,1.4521610864903778e-06,2.0461700842133723e-05,0.0002339521306566894,6.050353817954601e-08,2.2236836230149493e-06,1.328839829284334e-07,0.00011967204773100093,0,0
3.567274325178005e-05,1.355260224045196e-06,1.6185913409572095e-06,0.00040870733209885657,0.00012580033217091113,0.06043953821063042,0.0003529310633894056,0.00027026236057281494,0.00014499919780064374,0.3327295482158661,0.39608970284461975,0.0036073457449674606,1.922375122376252e-05,0.0029751197434961796,0.1829942911863327,0.017333362251520157,5.501740929503285e-07,1.1188193639100064e-05,0.0019785859622061253,1.559346856083721e-05,2.122761361533776e-05,2.25312390966792e-07,0.0004431065754033625,9,10
0.540337860584259,9.793061508389656e-06,0.0001635363296372816,4.136537370413862e-07,0.012015130370855331,0.1521330177783966,2.0566747480188496e-05,0.00014749793626833707,0.24201810359954834,0.007499909494072199,0.018768543377518654,0.02288169041275978,0.00019141464144922793,0.002244319301098585,0.00023862930538598448,0.00048308202531188726,2.157388735213317e-06,0.0007922396762296557,2.141207551176194e-05,7.911716238595545e-06,8.178648386092391e-06,6.781291403967771e-07,1.3902296814194415e-05,0,0
0.0001562632533023134,0.0004882714420091361,3.452935561654158e-05,0.00011527680180734023,1.9824444308369493e-08,3.10341852127749e-06,0.000410177482990548,0.00014014534826856107,6.482808203145396e-06,0.9975130558013916,0.0010680947452783585,1.2977608321307343e-07,5.492671789397718e-06,6.322508397715865e-06,7.74516593082808e-07,8.408593203057535e-06,6.077473102550357e-08,4.517712781648697e-08,8.803301170701161e-06,3.1937630410538986e-05,7.2327122779825e-07,1.5366039178843494e-06,5.058558372184052e-07,9,9
0.0009843726875260472,0.00030482758302241564,8.513779903296381e-06,4.287545380066149e-05,4.266905307304114e-05,0.09501886367797852,1.9450203581072856e-06,0.00046264880802482367,1.8300645024282858e-05,0.016033953055739403,0.0003787462483160198,2.997142291860655e-05,0.39813223481178284,0.00020138286345172673,0.00018674778402782977,0.0014380022184923291,1.670755955274217e-05,0.011211791075766087,0.03129369392991066,0.4437007009983063,2.2325844838633202e-05,0.00010702841973397881,0.000361703714588657,19,19
3.016400569322286e-07,1.789056113921106e-05,8.058391358645167e-07,4.883249494014308e-05,1.567362119203608e-06,6.141206540632993e-06,1.2501917581175803e-06,1.959254041139502e-05,8.089710945569095e-08,0.0002580483560450375,1.9402952602831647e-05,8.018138260013075e-07,0.003652190091088414,1.9097491531283595e-05,0.0012474810937419534,0.000705372542142868,4.156382601649966e-06,5.786909241578542e-05,2.5977022232837044e-05,0.9938941597938538,2.1078592453704914e-06,1.2078472764187609e-06,1.558373696752824e-05,12,19
5.57665953238029e-06,4.056986199429957e-06,6.961520284676226e-07,1.2799330761481542e-05,3.198137754623076e-09,2.2225681277632248e-06,3.0456400054390542e-05,7.61132696425193e-06,4.271518264431506e-06,0.0007467884570360184,0.9991614818572998,2.5667155512110185e-08,4.6685649977007415e-06,9.44815724324144e-07,2.4653382979522576e-07,1.919069518407923e-06,1.5909309425410356e-08,1.882072240277921e-07,3.4383222100586863e-06,4.666637778427685e-06,4.029823585938175e-08,7.370147159235785e-06,4.536726692094817e-07,9,10
0.03982854634523392,0.07646909356117249,0.06388470530509949,0.0009653323795646429,2.6134786821785383e-05,0.002199410228058696,0.0003619861672632396,0.41024377942085266,0.0012657720362767577,0.06131262332201004,0.0042990222573280334,1.8014430679613724e-05,0.0758766308426857,0.0001756640849635005,0.00020802249491680413,0.0034497131127864122,0.0003769646864384413,0.03215270861983299,0.004732554312795401,0.20723167061805725,0.010747922584414482,0.0022194101475179195,0.001954422565177083,2,7
2.401684184860642e-09,1.2013227205898147e-05,5.042742401428768e-08,3.048409098482807e-06,1.3237840157387382e-08,3.3175320823808363e-10,5.3047419790175354e-09,7.649158533240552e-07,8.339336443619061e-10,8.438816756495271e-09,3.023049828243529e-07,3.7462057761450396e-11,2.758216623988119e-06,3.088298683451285e-08,1.8522476352700323e-07,1.22793676382571e-06,2.7182770168110437e-07,3.216814002371393e-05,7.5738189053709e-09,0.9999464750289917,1.1474086569762676e-08,5.520658419300162e-07,7.48822657214987e-08,19,19
5.520237778000592e-07,1.4087557076436497e-07,2.1185191201311682e-07,2.4619565010652877e-05,6.5263357100775465e-06,1.502293707744684e-05,7.307879856810473e-10,1.3396712628122032e-09,1.1947427935865562e-07,8.382865956946262e-08,3.520884916952127e-08,4.616291349179846e-09,6.691232101729838e-07,8.581262811446777e-09,2.7444866645964794e-07,1.119441872532434e-09,0.9476679563522339,4.303085006540641e-06,0.05099967122077942,5.377360707825574e-07,1.832916859711986e-05,2.7211392250592326e-08,0.001260895049199462,16,16
2.2033648292563157e-06,0.9996521472930908,7.17516231816262e-05,9.807826018004562e-07,2.9635334186650653e-09,2.2602820948236513e-08,1.8791324407629872e-07,4.142037869314663e-05,4.273637888019266e-09,2.8129400106990943e-06,1.3698818293050863e-05,5.639921862865549e-09,1.613410205436594e-07,8.966720770331449e-07,2.5906268774633645e-07,8.78814171301201e-05,1.1451052728261857e-07,6.054554432921577e-06,6.464815101026034e-07,5.359530769055709e-05,9.60267740879317e-08,6.498132279375568e-05,1.2611147326424543e-07,1,1
0.4750543236732483,0.0001545488921692595,0.01276308298110962,1.754747972881887e-05,0.17410795390605927,0.12725330889225006,0.0005036661750636995,2.8326667234068736e-05,0.000982865458354354,0.05585155636072159,0.0013990500010550022,0.00071426056092605,0.06002761051058769,0.019925028085708618,0.001094637787900865,0.00542518962174654,0.0003917901194654405,0.057994306087493896,0.00112402462400496,0.005100286565721035,5.9993235481670126e-05,7.428434400935657e-06,1.920956674439367e-05,4,0
0.023590994998812675,5.103099738335004e-07,0.0005031255423091352,5.152377866579627e-07,0.19430211186408997,0.25758686661720276,5.853462062077597e-05,5.889722160645761e-06,0.001818054006434977,0.018620572984218597,0.30738338828086853,0.12344317138195038,4.5169799705035985e-05,0.009853998199105263,0.0028522275388240814,0.059106431901454926,7.4109907473030034e-06,0.0002587705384939909,0.0005002436228096485,5.3436440794030204e-05,6.120727903180523e-06,1.7576452648881968e-07,2.2090584934630897e-06,4,10
6.005159593769349e-05,0.0007481033098883927,0.00019107869593426585,3.087552613578737e-05,0.0006756607326678932,0.010686387307941914,5.961416604804981e-07,1.339724576610024e-06,9.286126783081272e-07,4.491634535952471e-05,0.0001425262016709894,3.0975020308687817e-06,0.1569935530424118,1.982678077183664e-05,0.00011615233961492777,2.0380461137392558e-05,0.0016039772890508175,0.005675416439771652,0.0450948104262352,0.7746075391769409,0.00010072770237457007,0.0030862868297845125,9.573841089149937e-05,12,19
0.003830680623650551,1.3211668203894078e-07,1.6769542980910046e-06,3.520515292620985e-07,0.9816624522209167,0.013721478171646595,1.3573616897133434e-08,8.942229179353944e-09,3.295663191238418e-05,2.3166954633779824e-05,8.859813647177361e-07,0.00042488574399612844,1.115636587201152e-05,2.273208519909531e-05,6.272114114835858e-05,9.912377208820544e-06,1.0535461115068756e-05,6.025261973263696e-05,0.00012263187090866268,2.815045263560023e-07,2.5409804038645234e-07,1.2644596480981818e-08,8.404437039644108e-07,4,4
2.794771525316264e-08,2.113888797339314e-07,7.733496687478691e-08,1.995009490940447e-09,1.2421934059148043e-07,1.1402932642567976e-07,3.254662858664936e-11,4.952327259388767e-08,4.794266317276197e-09,7.483126895913017e-10,8.416186081383614e-10,1.256989401454689e-09,3.550619658199139e-05,6.42292192765126e-08,1.1579979641851423e-08,4.4245627606187554e-08,3.119083658020827e-06,0.9996973276138306,1.9464103662159005e-09,0.000263290450675413,5.983736173220677e-09,2.905819762588635e-08,2.0600317895969056e-08,17,17
4.843913120566867e-05,1.4897395317348128e-08,8.263207860181865e-07,9.447901447856566e-07,5.726765266445e-07,0.001300868229009211,1.2628681361093186e-05,4.608135441230843e-06,5.845273790328065e-06,0.025272846221923828,0.973034143447876,3.08543058054056e-05,5.850830575582222e-07,8.430622256128117e-05,1.7892576579470187e-05,9.123008203459904e-05,1.437731933506825e-09,4.02566058710363e-07,9.271925227949396e-05,6.862533297180562e-08,2.340713933790539e-08,1.928009574214684e-08,2.3102460033896932e-07,10,10
0.00013944634702056646,0.19523566961288452,8.932838682085276e-05,0.009704414755105972,1.5974868574630818e-06,4.010755947092548e-05,0.0006067995564080775,0.0005849645822308958,4.295395228837151e-06,0.0068078432232141495,0.011304881423711777,2.4332240400326555e-07,0.30586209893226624,8.35734317661263e-06,4.686571628553793e-05,0.006155563984066248,0.005314705893397331,0.010145233944058418,0.05227028951048851,0.3664058744907379,0.0006442964659072459,0.0048216842114925385,0.023805497214198112,22,19
0.21919821202754974,0.0004252810904290527,0.011158720590174198,0.0002346436958760023,0.008859195746481419,0.007289078552275896,0.0002530436613596976,0.0044991630129516125,0.0028703082352876663,0.008387941867113113,0.000324057909892872,0.0012684972025454044,0.0025467928498983383,0.1016589105129242,0.1598736196756363,0.45113804936408997,2.1167836166569032e-05,0.01684745028614998,9.803407010622323e-05,0.0029782492201775312,2.239099922007881e-05,4.115033516427502e-05,6.036475951987086e-06,8,15
0.00018902297597378492,7.093683234415948e-05,5.357729833121994e-07,3.330318065764004e-07,7.666421879548579e-07,0.0001526225678389892,4.639225181790607e-08,5.927096208324656e-05,8.981275459518656e-05,3.952109909732826e-05,0.9991113543510437,7.2620405262568966e-06,5.301515102473786e-07,9.516993486613501e-06,1.3877762285119388e-05,0.00024280660727526993,1.5514254769755098e-08,7.280992576852441e-06,2.1517000448056933e-07,2.0657049049077614e-07,5.558468387789617e-07,2.95705217467912e-06,4.892814331469708e-07,0,10
4.17200496372061e-09,0.9999974966049194,5.499547341969446e-07,8.460816758315559e-08,4.22054335924571e-11,4.823478769178102e-11,9.321248661819936e-09,3.5030986111905804e-08,1.4622975053057985e-10,1.2444265173883196e-08,3.922221836205608e-08,3.978749621436073e-11,2.5341388987243363e-09,2.5506408096731548e-09,3.585990948629103e-10,8.905018944460608e-10,1.8386967504113727e-09,1.947842598326588e-08,5.908277866950584e-09,6.754112291673664e-08,1.6023731230774274e-09,1.7848262814368354e-06,1.0166112396348126e-08,1,1
2.2055637600715272e-05,0.54744952917099,1.0367401159783185e-07,2.317825965292286e-05,8.539013940378481e-09,2.2189915398485027e-06,3.5622500149656844e-07,0.00034322249121032655,2.522110435165814e-06,1.1963564929828863e-06,6.865103841846576e-06,1.1374102548700193e-08,8.022389374673367e-05,9.853032167939091e-08,3.6951694255549228e-06,0.0032908895518630743,7.03625482856296e-06,7.150280725909397e-05,1.123369929700857e-05,0.001200858736410737,0.00015345547581091523,0.447321355342865,8.417544449912384e-06,1,1
4.057359910802916e-05,0.23325006663799286,3.653853354990133e-06,0.05481936037540436,2.349861745187809e-07,7.622324574185768e-06,0.0025708635803312063,0.03926839679479599,8.069893374340609e-05,0.001534625538624823,0.35653018951416016,7.817752702976577e-07,0.000468538113636896,1.5052444723551162e-05,0.004084038082510233,0.02779465541243553,0.00022631626052316278,0.0012770831817761064,0.00012203044025227427,0.03474242612719536,0.00017882919928524643,0.14574472606182098,0.09723926335573196,12,10
0.5696417093276978,6.927277354407124e-06,0.02514708787202835,1.9261319721408654e-06,0.06524782627820969,0.11276814341545105,3.3601580071263015e-05,0.0002952346403617412,0.006444134283810854,0.06333252787590027,0.0008358490304090083,0.13051632046699524,0.0002521420537959784,0.018871363252401352,0.0015508267097175121,0.003915638662874699,9.798931387194898e-06,0.0005923703429289162,0.0003634159220382571,0.00012280684313736856,4.4341952161630616e-05,1.1937746648982284e-06,4.787163561559282e-06,4,0
5.042693485002303e-10,3.265844192301692e-11,3.6342657772081566e-09,6.574563810035627e-11,1.0404876266134622e-10,1.588404269226018e-10,8.281298424783756e-10,1.1981040604069904e-09,1.5122238183895576e-10,1.0954785523153987e-07,7.743738024146296e-07,3.323766009089013e-07,7.390849217359108e-12,3.415542293438989e-09,1.9049984985031188e-06,0.9999969005584717,1.0714265846062387e-12,1.341758371076196e-10,1.87019063430105e-11,1.5032054767605274e-10,6.239645519018344e-12,3.296019707166309e-11,2.402012399746467e-12,15,15
2.7447877073427662e-05,0.007915074937045574,1.0575803571555298e-05,0.006562791299074888,4.7265181990496785e-08,8.54430709296139e-06,0.00036556567647494376,0.0015897199045866728,8.188511856133118e-06,0.0004321830056142062,0.002919371472671628,5.561789606645107e-08,0.5980007648468018,4.1509374568704516e-05,4.1359417082276195e-05,0.008558126166462898,0.00024017163377720863,0.024363260716199875,0.00024060183204710484,0.31032702326774597,0.00014753013965673745,0.03478696197271347,0.0034130702260881662,19,12
1.2919716709802742e-06,7.272270886460319e-05,0.9995360374450684,4.344079940210577e-08,1.9324052402680536e-07,4.065518410811819e-08,1.1222152096479476e-07,3.829316597148136e-07,5.9073681057952854e-08,8.144929211084673e-07,1.1701053153956309e-05,2.017054612224456e-08,4.96126085636206e-06,1.6556686688318223e-08,7.571670721517876e-07,2.0324665456428193e-05,1.4403394743567333e-06,7.2222760536533315e-06,6.519607609334344e-08,0.0003395394596736878,1.2551498684842954e-06,8.495191536894708e-07,3.5822825594777896e-08,2,2
0.0006089281523600221,0.0009656900074332952,1.843843529059086e-05,0.0023551934864372015,3.034188375750091e-05,0.003555293194949627,0.0008679886814206839,0.0021575773134827614,3.835756433545612e-05,0.5585716366767883,0.03384055197238922,0.0004994820337742567,0.024470089003443718,0.0011512143537402153,0.00201032473705709,0.35169219970703125,1.6530817447346635e-05,0.010794788599014282,0.002884517889469862,0.002369399880990386,0.00011433219333412126,7.088946586009115e-05,0.0009161581983789802,17,9
0.9864280819892883,0.00011480639659566805,0.0001503123639849946,8.554201485821977e-06,8.032867481233552e-05,0.0008079807739704847,4.860759145230986e-05,0.00015951591194607317,0.0041481126099824905,0.001922791125252843,2.0973400751245208e-05,0.0018086652271449566,0.00011142485891468823,0.002448314568027854,5.8569072280079126e-05,0.0012944426853209734,1.99707574211061e-06,0.0002520731941331178,5.6371489336015657e-05,4.3353455112082884e-05,2.1087630557303783e-06,1.902549593069125e-05,1.3755203326581977e-05,8,0
1.6237578392974683e-06,0.0009727994911372662,1.5280795196304098e-05,3.64249171980191e-05,1.4285975180605703e-10,3.6349504739519034e-07,5.770005628846775e-08,1.852410969149787e-05,8.741381840593476e-09,1.5916531310722348e-06,3.6156086480332306e-06,8.882083402106389e-10,0.00034513743594288826,8.819659669256907e-09,1.1301406033226158e-08,6.478278891108857e-08,0.0009432460064999759,6.138643584563397e-06,0.00048266517114825547,0.0010450314730405807,0.9943106174468994,0.0016505385283380747,0.00016622563998680562,16,20
7.619867392349988e-05,0.9768441319465637,5.745787802879931e-06,1.1070776054111775e-05,2.8573152732747076e-08,7.72529820096679e-05,3.8078264879004564e-06,7.18995170245762e-06,5.842775863129646e-06,0.00017016034689731896,0.009093668311834335,5.502083233466237e-09,7.5918146649200935e-06,8.034463689909899e-07,1.5502163819292036e-07,9.887507985695265e-07,5.251334187050816e-06,3.4872837204602547e-06,0.012224334292113781,5.6768250942695886e-05,2.4264779767690925e-06,0.0006830024067312479,0.0007199859828688204,1,1
1.422860579358698e-10,0.9928842782974243,3.6654785873224682e-09,6.030476924934192e-06,1.5625173680963722e-12,1.5106825512756217e-11,8.870299097907264e-06,2.0178512727397901e-07,2.0237858611160675e-10,2.5531539105116963e-09,6.2762678680883255e-06,1.0757854026002822e-12,3.5385425700695805e-09,1.9121508820774125e-09,2.5103130685266706e-09,5.002381175955861e-09,1.7314073730290147e-08,1.176625730181513e-08,1.7997138002101565e-07,1.0869728157558711e-06,2.297770507198038e-08,0.007091892883181572,1.2404697145029786e-06,1,1
9.973107353289379e-07,6.1240739341883454e-06,0.9999442100524902,8.537519534002058e-06,1.1034475555504741e-08,2.721200331734508e-08,2.35851899788031e-07,2.0943821255059447e-07,3.96319732587358e-09,2.818558641592972e-06,8.757137948123273e-07,2.794552367291203e-10,1.2250308145667077e-06,5.446650774842965e-08,2.1007041439702334e-08,4.212772708456214e-08,6.0630559346464e-06,1.1180326282556052e-06,7.55267535623716e-07,2.5873367121675983e-05,2.9189095585024916e-08,7.817850473657018e-07,1.2141303962209804e-08,2,2
6.253151514101774e-05,1.2211633304559655e-07,3.1512477960404794e-08,5.9835952015419025e-06,3.711990984811564e-06,0.0010524666868150234,0.0006264537805691361,5.415650775830727e-06,3.15958072860667e-06,0.7909250259399414,0.19072893261909485,0.00184722023550421,7.689006338296167e-07,0.00045933417277410626,0.00011037642980227247,0.004765229765325785,1.1717192549554056e-08,1.714982005296406e-07,0.009396287612617016,5.670921154887765e-08,1.2348563949160507e-08,1.3994865710742488e-08,6.592816589545691e-06,9,9
3.243488890802837e-07,0.0013102993834763765,1.8877227603297797e-06,7.102032395778224e-05,1.5647328988066533e-09,5.411852157521935e-07,8.125620354348939e-08,1.3301835679158103e-05,5.733285775022523e-07,6.627535071856983e-07,5.591332592302933e-05,3.295799466673799e-10,0.0023991831112653017,2.997920578451385e-09,7.087018616402929e-07,4.501399075707013e-07,0.011660859920084476,1.220369176735403e-05,0.000623954925686121,0.0018332033650949597,0.5706747770309448,0.026967862620949745,0.38437211513519287,20,20
4.980938683729619e-07,4.073209856869653e-05,3.541553326158464e-07,6.728518201271072e-05,5.8234711275417794e-08,1.2132702067901846e-05,1.2173585446362267e-06,9.54383267526282e-06,1.589102716081925e-08,5.02254806633573e-05,1.4562539263351937e-06,1.7081783099115455e-08,0.8324839472770691,3.226231015673875e-08,2.353894160478376e-06,0.0001265526661882177,4.914203373118653e-07,0.00011995508975815028,3.552938323991839e-06,0.1669846475124359,3.0107107704679947e-06,9.0071014710702e-05,1.928407982632052e-06,12,12
1.801856797101209e-06,7.166765385591134e-07,1.3596195458376314e-05,0.00013060584024060518,8.832079512188784e-10,2.6674019437677998e-08,8.674647666850888e-09,5.432726268850274e-08,3.6916401047193403e-09,1.7398723173300823e-07,4.94990137767104e-09,1.8904881826653508e-10,1.69147206179332e-05,3.703834572377218e-09,1.471736776892385e-08,7.091330189723521e-08,0.996961772441864,8.682146699356963e-07,0.002614598022773862,4.8656285798642784e-05,0.00017044351261574775,3.365087468409911e-05,6.11792029303615e-06,20,16
1.0800236083241543e-07,1.5029870610305807e-06,1.0854166987428471e-07,5.902437010263384e-07,3.5494267081048747e-07,2.3762616763178812e-07,4.90896834293153e-09,4.0946559920485015e-07,2.048280833832905e-08,1.6932017388171516e-07,1.3320941150141152e-07,1.8904402487862626e-09,0.026081275194883347,1.7099533522468846e-07,3.449522694154439e-07,5.9927433539996855e-06,6.314591701084282e-06,0.855991780757904,2.0550235291239005e-08,0.11790777742862701,4.871208147960715e-07,3.7101060001987207e-07,1.8111633153239381e-06,19,17
5.4416734229789654e-08,1.0538305339480303e-08,5.259037094695884e-10,1.0609868894562169e-07,3.887800303914446e-09,2.2392277969629504e-06,6.952516340419379e-10,1.635520519016609e-08,1.4542508308679203e-09,9.634614883680115e-08,4.852696910973009e-09,1.8595006645583112e-09,0.9999226331710815,3.397181869146948e-09,4.443667211972979e-09,5.969716276865711e-09,4.634082984011911e-08,1.639754009374883e-05,1.88941228884687e-07,1.174653061752906e-05,1.4301578588060693e-08,2.936531551256394e-08,4.646334855351597e-05,12,12
0.00024602250778116286,8.306201925734058e-05,9.912116183841135e-06,0.0004505995020736009,7.527734851464629e-06,0.00028270159964449704,0.00014330576232168823,6.693486284348182e-06,7.970695037329278e-08,0.5056363344192505,0.0006871811347082257,7.460315032403741e-07,4.6179640776244923e-05,1.690022872935515e-05,9.134770152741112e-06,6.25598659098614e-07,6.699876280436001e-07,2.7551004677661695e-06,0.4915924370288849,0.00010787884093588218,1.8084016062402952e-07,3.373305546006122e-08,0.0006689808215014637,9,9
0.008504309691488743,5.233909519120061e-07,8.840300142765045e-05,3.0913968203094555e-06,0.0003547900705598295,0.0011029329616576433,1.1915958566532936e-05,2.923839019786101e-05,0.000656664080452174,0.03299980238080025,0.0018771733157336712,0.0013507689582183957,9.909673281072173e-06,0.0011528540635481477,0.013198177330195904,0.9385965466499329,3.6079944720768253e-07,3.602634387789294e-05,1.9219676687498577e-05,6.073836175346514e-06,6.192010459926678e-07,1.4098770861892262e-07,4.840791802962485e-07,10,15
1.6856488427308136e-09,1.4392898265214171e-05,4.860823743513265e-09,2.923339025073801e-06,5.930961055611306e-09,7.99010368979225e-09,1.2743431199169208e-08,7.932329992854648e-08,3.3390318288084586e-10,4.4049969005754974e-08,6.95938595640655e-08,5.5779644791975613e-11,0.002973026130348444,6.696258658678289e-09,2.8542419983068612e-08,1.767436543786971e-07,6.122555078036385e-06,5.2874060202157125e-05,2.202397695327818e-07,0.9969409108161926,7.951503562253492e-07,6.712413323839428e-06,1.5617555391145288e-06,19,19
0.001094113802537322,2.9841410764674947e-07,6.725991624989547e-06,2.1580268594334484e-07,3.3781986985559342e-06,0.8375627994537354,6.17148430137604e-07,0.00013559131184592843,0.15695835649967194,0.002134350361302495,0.0008703698986209929,0.0003612927976064384,1.244182158188778e-06,0.0005003846599720418,3.131404582745745e-06,1.7491515791334677e-06,1.6349225688827573e-06,1.3596300050267018e-05,0.00031198214855976403,9.570361214628065e-08,6.94055643180036e-06,4.035877765318219e-08,3.0976938433013856e-05,8,5
4.0508091103674815e-08,0.9998137354850769,2.8320389588998296e-08,7.646224098323273e-09,1.2991249569160868e-11,4.5771456069765293e-10,5.8528435431526304e-09,7.066855101101055e-09,8.025540648715079e-11,6.223261350690734e-10,1.478154931788822e-09,1.6585591407214384e-12,1.1000723532106349e-07,1.5669340824864264e-10,3.3119063047593045e-11,1.198324911522164e-10,2.5938743419828825e-07,3.628477074357761e-08,1.4729448594152927e-06,3.2879512446015724e-07,3.3361367002271436e-08,0.00018347396689932793,4.6252537799773563e-07,1,1
5.481388507178053e-05,0.006142670288681984,4.770282885147026e-06,2.06473905564053e-05,4.4680330546498226e-08,0.00024174319696612656,8.117993274936453e-06,0.0010276344837620854,1.4651129731646506e-06,0.0015846582828089595,0.0021812671329826117,3.334677103339345e-07,0.9299575686454773,8.396915518460446e-07,5.918939677940216e-06,0.00010421915067126974,8.035893552005291e-05,0.000686864776071161,0.0035697310231626034,0.03948906064033508,0.0007767114439047873,0.0040714917704463005,0.009989040903747082,12,12
5.938638878433267e-06,0.8937176465988159,8.406206688960083e-06,7.108769204933196e-05,8.395991102361222e-08,5.808527347994641e-08,1.2951254575455096e-05,2.8340338758425787e-05,2.5418117388653627e-07,2.9957234801258892e-05,0.0010894242441281676,1.51345407317649e-08,0.00030838270322419703,5.758536758548871e-07,4.58040676676319e-06,0.00501194829121232,4.3403138988651335e-05,0.0007586111896671355,9.438939741812646e-06,0.0901918038725853,9.012971531774383e-06,0.00864957831799984,4.8500161938136443e-05,12,1
0.0001610557665117085,8.255582883975876e-07,3.17768672175589e-06,3.249759629397886e-06,0.05829639360308647,0.9400816559791565,1.9113764437861391e-07,1.8415883573652536e-07,0.00021831676713190973,3.805749292951077e-05,0.00034855923149734735,2.4177586510631954e-06,6.456829578382894e-05,0.0005030629690736532,0.00023178917763289064,6.91634738814173e-07,6.593742796212609e-07,2.0710887838504277e-05,1.0971705705742352e-05,1.5115942915144842e-06,1.0395225217507686e-05,7.941539337252834e-08,1.4469901543634478e-06,4,5
5.183278112275147e-11,1.4537426977767609e-05,5.6410902615766645e-09,4.103890116624598e-09,9.242611423388933e-14,6.211990644100496e-11,4.401168557204016e-13,1.2420096595633368e-07,4.641433418162144e-11,5.343069302971015e-12,2.8038247279482675e-09,2.4009212586800777e-12,5.3037023661772764e-09,9.783253200612574e-12,4.6451616858567135e-11,4.3120662596152215e-10,2.4493906902733897e-09,6.114837081128144e-09,2.208850879981128e-09,1.1070813599189933e-07,5.649545542496526e-08,0.9999850988388062,4.3459860710193254e-10,21,21
0.9970932006835938,1.2081791567197797e-07,6.728719199600164e-06,2.3122032288824812e-08,1.999354140025389e-07,7.624074351042509e-05,5.585168310062727e-07,4.7774137783562765e-06,0.00011779614578699693,9.395128290634602e-05,0.002338181249797344,3.456110061961226e-05,6.243634288694011e-06,5.105045602249447e-06,3.4443499430381053e-07,7.402709911730199e-07,4.2836532543333306e-07,1.414369421581796e-06,0.00018008556799031794,2.415626738638821e-07,8.685763219773435e-08,7.744696972622478e-07,3.8147303712321445e-05,0,0
5.987241706861823e-07,7.751569910396938e-07,1.3484944716424252e-08,1.5754336857298767e-07,3.2935670191136523e-08,3.2617901979392627e-06,3.412182252304774e-07,1.7025534759795846e-07,4.648110341065603e-09,9.650002903072163e-05,2.338455260542105e-06,2.267548460110902e-08,0.9997450709342957,1.028229235089384e-08,6.358162352171348e-08,1.0614593520585913e-05,2.7084277576250315e-07,4.234920652379515e-06,1.83116833341046e-06,0.00011073958739871159,1.1244963360468319e-07,7.325169093519435e-08,2.2844387785880826e-05,12,12
6.415645202650921e-06,4.478772098082118e-05,3.516107199175167e-06,3.7164809327805415e-06,6.698864796206294e-10,1.677504855024381e-07,3.6661867852672003e-06,0.00042037692037411034,1.7296937585342675e-05,1.9232065824326128e-05,0.9974892139434814,6.272847574706475e-09,2.2534418349096086e-06,5.324752638813379e-09,5.926749224727246e-08,9.691174227555166e-07,1.809968011912133e-06,6.76761487738986e-07,1.2962160326424055e-05,1.4540971278620418e-05,9.80868935585022e-06,9.391754429088905e-05,0.001854547648690641,9,10
3.440368891460821e-05,3.9894018755148863e-07,0.0013804556801915169,7.361586540355347e-08,0.9327470064163208,0.0560804083943367,2.524673625714513e-08,6.03375482910451e-08,2.6933652407024056e-05,1.3352568203117698e-05,8.973596413852647e-05,8.167447049345355e-06,0.00021166299120523036,2.9999046091688797e-05,6.968770321691409e-05,1.3816890032103402e-06,5.256670647213468e-06,0.008842945098876953,5.310216238285648e-06,0.0004482722142711282,4.126515705138445e-06,3.761154943049405e-09,2.5366887257405324e-07,4,4
5.633861377418725e-08,1.6451716646770365e-06,0.9997666478157043,4.633048167335119e-09,6.179542566542295e-08,3.6068179554149538e-09,1.2840749574749566e-09,5.318811613364005e-09,2.5108226608949735e-10,5.579459561033673e-09,2.885291783272237e-09,1.1198763444353332e-10,9.092427148971183e-07,1.265395122018731e-09,4.9544635061238296e-09,2.868234361130817e-08,1.1726425555025344e-06,2.9314962830540026e-06,1.8497839926467918e-09,0.00022656111104879528,3.890140121143304e-08,2.7264055901810025e-08,5.791733204141281e-10,2,2
3.4692630990207363e-09,2.3378934899120907e-10,6.864589785493536e-09,1.0287124041497009e-07,6.134207808372594e-09,1.456121978549163e-08,1.699472207405961e-08,4.2242596975938795e-08,3.1290274815631847e-09,2.5699325760797365e-06,8.362961807506508e-07,2.1114834680702188e-07,4.805589814971256e-10,1.6362466226382821e-07,0.9998786449432373,0.00011722038470907137,1.2129085236178838e-10,2.6226745775126403e-10,8.419117847324742e-08,7.856282735474451e-09,7.38244521070186e-10,1.457118037340166e-10,1.1974209401799385e-09,14,14
0.7028033137321472,6.124524225015193e-05,0.000660336168948561,6.684102845611051e-05,0.034185878932476044,0.0026799149345606565,4.8083773435791954e-05,2.599012304926873e-06,6.483052857220173e-05,0.012489900924265385,0.0001716242404654622,0.01159365102648735,0.00016313524974975735,0.0011359156342223287,0.0003887614293489605,0.22411353886127472,0.0030809941235929728,0.0003378471592441201,0.005874978378415108,4.1255429096054286e-05,2.491213990651886e-06,1.6512585716554895e-05,1.62987744261045e-05,9,0
0.9868069291114807,1.6268575109279482e-06,3.0317030905280262e-05,2.0146239876339678e-06,0.000521513749845326,0.0014493733178824186,5.4419078878709115e-06,4.388207344163675e-06,2.8259548344067298e-05,0.0024171294644474983,8.503805293003097e-05,0.004037194885313511,1.1051601177314296e-05,0.002168782753869891,9.723271068651229e-05,0.002199897076934576,7.25803602108499e-07,2.259739994769916e-05,0.00010579402442090213,9.15269708912092e-07,1.0696317076508421e-07,1.1807783266704064e-06,2.6229906779917656e-06,11,0
1.919577918840787e-08,7.139634544728324e-05,3.77173506649342e-07,3.696533531183377e-05,2.81544232372255e-09,3.2855158593747547e-08,3.084631927663395e-08,1.1614721188379917e-05,3.4209342913982255e-08,6.688720191050379e-07,1.4711565199831966e-05,4.5670889292637185e-10,0.0003212696174159646,5.8692993576414665e-08,2.5039262254722416e-06,1.2376500308164395e-05,6.380772106240329e-07,0.0004556524509098381,1.0019630991564554e-07,0.9990527033805847,8.166441602952546e-07,1.7198397472384386e-05,1.0700211987568764e-06,19,19
0.0026658501010388136,0.011378408409655094,0.0018510288791731,0.0031756828539073467,1.3147596291673835e-06,5.184339784136682e-07,0.5685712695121765,0.00988413579761982,2.52868740062695e-05,0.004819801542907953,0.02463500015437603,9.876362128125038e-07,0.0009256971534341574,6.796370871597901e-05,8.436831558356062e-05,0.09862061589956284,6.077424404793419e-05,0.0004152492620050907,4.522297240328044e-05,0.2705993354320526,3.1875100830802694e-05,0.002083752304315567,5.5929260270204395e-05,19,6
9.37918866839027e-06,7.654183491467847e-07,1.9668114248361235e-08,5.708617933919413e-08,5.255693213968016e-09,1.5755073036416434e-05,4.5274214244273026e-07,8.211493877752218e-06,5.6774355471134186e-05,3.3819057989603607e-06,0.9999003410339355,2.138397547923887e-08,1.2000219484775698e-08,1.3849847846358898e-07,1.9325629097011188e-08,7.939729016470665e-07,2.1415321072026927e-08,9.595429872888417e-08,8.54491929658252e-07,1.0868899380511721e-07,1.918975272019452e-07,2.0708851025119657e-06,3.091384428444144e-07,10,10
0.9997091889381409,3.892972983976506e-07,5.497705046764167e-07,2.4029205292208644e-08,7.794440648467571e-07,5.348802005755715e-05,1.2823326400734913e-08,4.805862317880383e-06,1.8293092580279335e-05,8.898042551663821e-07,1.1386246256961385e-07,2.548697557358537e-05,2.106124412648569e-07,0.000169780760188587,5.144424264358349e-08,8.106795576168224e-06,4.3808455529870116e-07,7.139918807297363e-07,1.827566393330926e-06,6.273671004919379e-08,2.1199130060267635e-06,2.5301044388470473e-06,2.484801475688414e-09,0,0
5.297462468689673e-10,6.972078381295432e-07,4.533632080860883e-10,3.985478542745113e-06,4.463917679942142e-09,8.884165403344468e-09,5.230510035508784e-12,7.29017193834558e-11,9.286608981806665e-11,2.2574253230600583e-11,1.5268888930997093e-10,4.493516290397098e-13,5.715307906939415e-06,4.686023704486564e-12,1.1804533739390166e-10,1.3872046566998364e-10,0.9993159770965576,2.900891104218317e-06,2.218461304437369e-05,1.0108090009453008e-06,0.000441504962509498,1.4237049583698536e-07,0.00020592186774592847,16,16
0.0006862638401798904,7.816359720891342e-05,1.1586336768232286e-05,0.001075788401067257,8.8015767687466e-06,0.002667818684130907,0.0077989110723137856,0.11356225609779358,0.005189440678805113,0.07649463415145874,0.7472164034843445,0.0005153690581209958,0.0001245123567059636,0.0008049053139984608,0.040675342082977295,0.002256191335618496,8.812903047328291e-07,8.995999814942479e-05,9.823743312153965e-05,0.0002642551262397319,8.325976523337886e-06,2.5269107482017716e-06,0.0003693595645017922,6,10
0.9890746474266052,2.5653011448412144e-07,7.310713954211678e-07,3.6387819424277268e-09,6.852105434518307e-05,0.004421731922775507,7.114086031378974e-08,4.0239748955173127e-07,1.8502529201214202e-05,0.0012366634327918291,0.00023246412456501275,0.0047873700968921185,4.6519257011823356e-05,1.533866634417791e-05,9.047953994922864e-07,3.606944301282056e-05,7.773798671451004e-08,4.783006806974299e-05,1.0282536095473915e-05,6.291501364330543e-08,8.504611059834133e-08,1.149750161744123e-07,1.4028413488631486e-06,0,0
2.5794490738917375e-06,2.1585528884315863e-06,4.116587071223421e-09,1.450153632731599e-07,1.5147818999139417e-07,0.004592370241880417,2.986488567557899e-08,1.3554793554249045e-07,5.565627247960947e-07,4.213325519231148e-05,4.2597903302521445e-06,3.84893503735384e-08,0.010784477926790714,3.587554431305762e-08,1.8824995606792072e-07,1.3551683331058939e-08,3.8950020098127425e-05,0.00048275094013661146,0.0003104018105659634,9.282545079258853e-07,0.00010516998008824885,2.272091492727668e-08,0.983632504940033,22,22
0.00037555056042037904,6.531310646096244e-05,0.1484127938747406,0.0016312605002894998,0.00037933894782327116,0.06894779950380325,2.8916174414916895e-05,4.1813105781329796e-05,7.063641533022746e-05,0.0009888246422633529,0.0017358287004753947,4.6341033339558635e-06,0.04003800079226494,0.0004678170371335,0.0006586179370060563,3.125167859252542e-05,0.01416073739528656,0.1267217993736267,0.04446336254477501,0.5422636866569519,0.00017020200903061777,2.0413424863363616e-05,0.00832145195454359,12,19
0.028015336021780968,5.176603372092359e-05,0.004691095091402531,1.4441179700952489e-05,0.003112908685579896,0.0018220905913040042,2.1765225028502755e-05,4.023273504571989e-05,5.3512609156314284e-05,0.006569934543222189,0.0004260599089320749,0.0010468511609360576,0.000153167056851089,0.0010200922843068838,0.05987795814871788,0.8912864327430725,1.0711487448133994e-05,0.0011897380463778973,0.0003069759113714099,0.000276896491413936,2.479684553691186e-06,6.719596967741381e-06,2.7394651169743156e-06,0,15
0.05802125856280327,1.8138949599233456e-05,0.000305884110275656,6.483147899416508e-06,0.005594372283667326,0.015824327245354652,1.4721048501087353e-05,4.026332317152992e-05,0.0008668075897730887,0.004811996594071388,0.0020866477862000465,0.0004593826597556472,0.00025540785281918943,0.0032529428135603666,0.022877812385559082,0.8826441764831543,1.821775185817387e-06,0.0022777337580919266,8.01899514044635e-05,0.0005560460267588496,8.157215916071436e-07,1.5816794984857552e-06,1.1829772574856179e-06,5,15
1.7451009171054466e-07,0.00030695070745423436,3.39372718372033e-07,0.7908960580825806,1.3075931448724987e-08,6.620975909754634e-05,4.295200596970972e-06,0.002196480752900243,1.2241682725289138e-06,7.137378997867927e-05,0.002569990698248148,7.598232087957513e-08,3.3982516470132396e-05,3.3932822134374874e-06,7.221246960398275e-06,3.6748995171365095e-06,3.5978935102320975e-06,0.00035867319093085825,0.1122121810913086,0.00029786876984871924,2.4044804376899265e-05,0.00011449341400293633,0.09082765877246857,3,3
1.0417581108868035e-07,1.6726265812394558e-06,8.98574683105835e-07,1.7028938827934326e-06,1.1608265140239382e-06,1.2815040406621847e-07,3.132604176059317e-09,6.091883051340119e-07,2.1216616019614776e-08,4.005257991934741e-08,1.5419610122080485e-07,1.875235966508626e-09,0.00032936883508227766,1.4857453152217204e-06,3.398202181870147e-07,1.82144970040099e-06,6.202976692293305e-07,0.05676692724227905,9.475365381206302e-09,0.9428926110267639,1.8646867161464797e-08,2.6707769507083867e-07,4.575928258532258e-08,19,19
0.9779025912284851,3.814099898136192e-07,0.00021971645765006542,6.786019923765707e-08,0.00141276849899441,0.00017409985593985766,2.735336238401942e-06,1.0419793397886679e-05,0.00011081308912253007,0.0008183232275769114,6.57603595755063e-05,0.01883048191666603,1.8685090253711678e-05,5.883594349143095e-05,4.411111513036303e-05,0.00028203087276779115,1.727534595374891e-07,4.054187593283132e-05,2.585125002951827e-06,3.842747901217081e-06,3.672401192034158e-07,2.076906184811378e-07,4.343448267718486e-07,0,0
3.102222035522573e-05,0.0025212327018380165,0.00021884146553929895,0.00013495424354914576,1.4535054106090683e-05,1.9503155272104777e-05,8.33778813102981e-06,0.00025522016221657395,4.690006335295038e-06,0.00017610954819247127,8.64880857989192e-05,7.311447234314983e-07,0.15780745446681976,1.800002428353764e-05,0.00041865144157782197,0.0018715995829552412,0.000300519575830549,0.06953342258930206,1.959598193934653e-05,0.7659600377082825,0.00015434174565598369,0.0002980921999551356,0.0001467228285036981,12,19
0.08760485053062439,8.783229532127734e-06,0.005169516429305077,2.302267421327997e-05,0.004214155487716198,0.004694386851042509,6.0179070715093985e-05,0.00022044795332476497,0.004122134763747454,0.01984732784330845,0.002353248419240117,0.04717704653739929,3.432767334743403e-05,0.03521037846803665,0.12444458901882172,0.6643034815788269,1.6585307776040281e-06,0.0004410370020195842,3.440817090449855e-05,2.970883360831067e-05,1.271478367925738e-06,1.4572998452422325e-06,2.539736669859849e-06,8,15
1.463967791437426e-08,0.00014507921878248453,5.780347756001447e-09,4.826065946872404e-07,1.699514417001155e-13,7.375634825113053e-11,1.0306426823092352e-09,5.721191882912535e-06,2.8959043496534775e-10,4.80439299455071e-10,1.4268251788962516e-06,1.0649205475776746e-11,1.7878340941024362e-07,6.184938672326723e-10,1.1928695808904877e-09,2.6231145255906085e-08,7.691883574523217e-09,1.7112252947981688e-08,3.477510688298935e-07,4.2880155888269655e-06,1.2083986575817107e-06,0.9998412132263184,2.365676898818947e-08,21,21
0.6470072865486145,2.2222175175556913e-05,0.22858943045139313,4.904767365587759e-07,0.0005204033222980797,0.03734797239303589,0.0007361100288107991,0.0001612607011338696,0.000454501569038257,0.045477207750082016,0.003942768555134535,0.007077957037836313,0.004330841824412346,0.0003825468011200428,9.246726403944194e-05,0.019764482975006104,1.1566098692128435e-05,0.002244478790089488,5.4724154324503615e-05,0.0017505483701825142,1.7275908248848282e-05,1.1008288311131764e-05,2.4749037947913166e-06,9,0
4.418172494524697e-10,0.00015277232159860432,1.7533579921291675e-08,1.942197513926658e-08,5.94810442219873e-13,1.295927393174523e-10,1.6251680556855774e-11,1.3952598010291695e-07,2.6360033600347776e-10,2.0133590974968918e-11,1.0026287782238796e-06,3.097767485235603e-12,3.1494973296020135e-09,1.0314313292347776e-10,3.3023558887457227e-10,3.2746529932126123e-09,2.3863104825494474e-09,7.348601283041489e-09,5.050605267342689e-09,1.2651946690311888e-07,2.7260813340035384e-07,0.9998456239700317,4.4100059715113105e-10,21,21
0.0048013245686888695,1.529273868072778e-05,0.0008708236855454743,1.8879716208175523e-06,5.248153229331365e-06,0.0015521052991971374,0.00010448976536281407,1.2553840861073695e-05,2.1470506908372045e-05,0.006864206399768591,0.8961125612258911,0.0022285294253379107,3.522133283695439e-06,0.0005344266537576914,4.216995876049623e-05,0.08274714648723602,1.5983806633812492e-07,4.603444176609628e-05,0.004022838082164526,2.8356466827972326e-06,2.6245396611557226e-07,8.953559699875768e-06,1.0423705134599004e-06,10,10
1.5384243852167856e-06,1.055854227161035e-06,1.269209803922422e-07,4.186016667517833e-06,1.0018162299729738e-07,0.00044741638703271747,1.2807866767161613e-07,2.8084363634661713e-07,6.4257640985943e-08,0.00011062072007916868,2.8764118269464234e-06,5.5551197419845266e-08,5.045930720370961e-06,2.9346392693696544e-07,7.86375949246576e-06,2.5830677259364165e-06,1.4566891877620947e-05,2.4005657905945554e-07,0.9992969036102295,2.5493211069260724e-05,1.2939101452502655e-06,6.930149538675323e-07,7.662948337383568e-05,18,18
0.00021397773525677621,3.847391781164333e-06,2.5947232643375173e-05,1.2930260027133045e-06,4.60824667243287e-05,0.00017528510943520814,5.838561492055305e-07,6.554896572197322e-06,1.0606428077153396e-05,6.216302426764742e-05,4.3438565626274794e-05,0.00011656756396405399,2.6018558401119662e-06,0.0004883097717538476,0.7420079112052917,0.2567256689071655,6.08072383556646e-08,2.1538908185902983e-05,7.5474399636732414e-06,3.8585680158576e-05,1.379976311000064e-07,1.2234328323756927e-06,3.6478759568581154e-08,14,14
0.0001408791431458667,0.4430656135082245,0.0007855974254198372,0.0003823686274699867,5.106334697302373e-07,1.1124616321467329e-05,6.0864138504257426e-05,0.021443180739879608,6.874084647279233e-05,0.00019804624025709927,0.18332816660404205,1.631619738873269e-06,0.00195379089564085,8.533009531674907e-05,0.00015866727335378528,0.006859641522169113,5.716626765206456e-05,0.003851274959743023,3.2166084565687925e-05,0.023531474173069,0.0007084993994794786,0.3129306137561798,0.00034469852107577026,7,1
0.3460804522037506,0.0031248771119862795,0.00010609221499180421,0.001841524033807218,4.75806564281811e-06,0.021136827766895294,9.256792691303417e-05,0.4796402156352997,0.024869611486792564,0.010823658667504787,0.010845429264008999,2.2657417503069155e-05,0.0008138752309605479,0.0003231224836781621,2.5893825295497663e-05,0.00015444659220520407,0.00022601512318942696,0.004821731708943844,0.014563952572643757,0.0002830726152751595,0.00012284901458770037,0.001002133940346539,0.07907428592443466,7,7
0.9852104783058167,2.4676305656612385e-06,0.00017653938266448677,2.4416719313080648e-08,7.440946774295298e-06,0.0006657235790044069,1.2121137160647777e-06,2.4734796170378104e-05,2.6249646907672286e-05,3.759439641726203e-05,2.2162043023854494e-05,0.00029284731135703623,1.869392008302384e-06,2.711207707761787e-05,4.2351493902970105e-06,0.013479270972311497,3.228527418741578e-07,6.235194632608909e-06,7.84184430813184e-06,1.1500625305416179e-06,1.0658098972271546e-06,3.4310467071918538e-06,1.8109870936200423e-08,0,0
8.43879320200358e-07,9.881258478117161e-09,6.140679033705965e-06,1.6057423124493653e-07,7.179064596130047e-06,4.8455040086992085e-06,1.4895269373482733e-07,1.1005411124642706e-06,2.1805637970828684e-06,6.6745365074893925e-06,1.9189219528925605e-06,0.00038575747748836875,4.806731723761004e-08,5.209322989685461e-05,0.9989637136459351,0.0005663720075972378,3.1016188728472116e-08,1.1012019029976727e-07,5.658779400619096e-08,5.59357545171224e-07,9.717813043153001e-08,4.462718194986337e-09,2.4104116036482992e-08,14,14
7.99037422893889e-07,0.9993867874145508,4.292835365049541e-05,1.7309863551417948e-06,2.1454718890367985e-08,7.506280041980062e-08,1.7403202718924149e-06,3.30786815538886e-06,4.689754007358715e-08,7.277852273546159e-05,0.0003192503354512155,6.320941992044027e-09,2.240799858554965e-06,5.203892783356423e-08,4.234321409057884e-07,6.109011155785993e-05,4.821618517780735e-07,2.9593315957754385e-06,8.452377187495586e-06,2.906329245888628e-05,8.511227065355342e-07,5.519747719517909e-05,9.595361007086467e-06,1,1
3.22377891279757e-05,0.02622292935848236,4.267983513273066e-07,0.0003344631695654243,1.0275839201767667e-07,3.671538070193492e-05,8.540371709386818e-06,3.2589876354904845e-05,1.924364005390089e-05,3.357133027748205e-05,0.652131199836731,6.699403698462447e-09,0.0006041652522981167,6.144615127823272e-08,3.418213282202487e-06,3.1676861453888705e-06,0.006269312929362059,8.905876893550158e-05,0.02256065234541893,0.0005906613660044968,0.004257633350789547,0.0035459778737276793,0.2832239866256714,20,10
0.00017889842274598777,8.69094037625473e-06,1.6419649000454228e-06,0.002384810708463192,0.00017045327695086598,0.0926695168018341,9.315108036389574e-05,0.00013062931247986853,0.00012761540710926056,0.1491663157939911,0.043372832238674164,3.532943446771242e-05,0.001930377446115017,0.00011559411359485239,0.0018305209232494235,0.00018849168554879725,0.00016754725947976112,0.000473135121865198,0.3635343313217163,0.0007337377755902708,0.00021764682605862617,8.163864890775585e-07,0.34246793389320374,22,18
3.936277437333047e-08,4.113648799375369e-08,6.439746513819955e-09,5.2405646044917376e-08,1.0644832237893809e-10,2.4198547521336877e-07,2.4625395056432353e-09,2.0927862465214275e-07,2.934684439903634e-10,2.0747323503655934e-07,4.0016214342131207e-08,9.101487341567349e-10,0.999929666519165,1.0762635227479223e-09,2.995143022488378e-09,3.958357641664634e-09,9.326554639699225e-09,3.1203592243400635e-06,2.2560259083093115e-07,5.807582419947721e-05,8.008972685047411e-08,4.926335464006115e-07,7.430104687955463e-06,12,12
1.992800889638602e-06,8.122923463815823e-05,0.9995390176773071,2.5618484869482927e-05,3.3268076293779814e-08,2.401397125595395e-07,1.0681047797334031e-06,8.01469104771968e-06,2.4812020882336583e-08,8.23688242235221e-06,8.39402673591394e-07,1.3594899650470893e-09,3.433140955166891e-05,9.517425780813937e-08,7.153133196879935e-08,7.84941036613418e-08,9.631245484342799e-05,8.660419553052634e-06,3.698274667840451e-06,0.00018318860384169966,1.9301298834761837e-06,5.196452548261732e-06,2.0820846202695975e-07,2,2
4.290767901693471e-05,6.350666836851815e-08,1.3982571545056999e-06,4.4117862785242323e-07,1.7515156969238888e-06,0.0008101766579784453,1.5741430843263515e-06,1.572355358803179e-05,0.0003055927518289536,0.007792023941874504,0.990166425704956,0.00021585042122751474,4.893284994977876e-07,0.0001942410017363727,0.000418701209127903,2.8979511625948362e-05,2.0456045746186646e-09,3.696534918162797e-07,2.6104653443326242e-06,4.884685012029877e-08,2.0418373480879382e-07,4.4332853832429464e-08,1.532585542918241e-07,10,10
0.6217191815376282,0.0024931395892053843,0.01676938869059086,2.389966084592743e-06,0.020983632653951645,0.22798989713191986,4.5232600314193405e-06,2.2251020709518343e-05,0.0006029978394508362,0.012982843443751335,0.03114440105855465,0.01044157799333334,0.0015035081887617707,0.000638144148979336,0.004459644667804241,0.028707070276141167,4.5035529183223844e-05,0.018930962309241295,0.0002458015806041658,0.00014826722326688468,1.954643812496215e-05,0.0001288456842303276,1.686966606939677e-05,9,0
0.015333602204918861,0.0015903168823570013,0.7958663702011108,0.00019918594625778496,4.042327873321483e-06,0.000840143533423543,0.00011068703315686435,0.011883472092449665,0.00012617924949154258,0.04058896750211716,0.029304319992661476,0.00011793467274401337,0.002499039052054286,0.016087017953395844,0.0005383673124015331,0.0007319019641727209,1.5031422663014382e-05,0.0026839144993573427,0.004259106237441301,0.07708869874477386,8.675777962707798e-07,0.00012090054951841012,1.0001051123254001e-05,13,2
3.840653572950714e-09,0.0003008631756529212,7.24686133324326e-09,1.7836843113627765e-08,1.6005531318710742e-12,1.7223444892522366e-09,3.41261047198671e-11,2.2527892724610865e-06,1.5040703127411348e-09,4.6302897627192863e-10,9.968003666926961e-08,6.370259875154716e-11,1.011397010586279e-08,1.2755071443493193e-09,1.350291101154255e-09,1.3375979435181762e-08,4.304479883643353e-09,9.825614100122948e-09,3.8270691504749266e-08,5.520237067457856e-08,5.153080451236747e-07,0.9996961355209351,2.3987849484541357e-09,21,21
0.0005378583446145058,2.483408934494946e-06,0.0014084625290706754,1.628854136015434e-07,0.0011828747810795903,0.9914901852607727,2.1171310038425872e-07,5.10667462094716e-07,1.321753461525077e-05,3.4796641557477415e-05,0.0002815311017911881,2.141398908861447e-05,0.00018865286256186664,5.9037010942120105e-05,1.9830537212328636e-07,1.7216324010860262e-07,7.711963007750455e-06,0.004722402431070805,1.7591884898138233e-05,1.1770827768486924e-05,6.341026164591312e-06,1.3249659787106793e-06,1.1180376532138325e-05,5,5
4.515698748264185e-08,3.1758051477481786e-07,1.6062288921148138e-07,3.494498912459676e-07,1.8774848342673067e-07,5.246964178695634e-07,2.081157246536236e-09,2.001465873036068e-07,4.572038303507497e-09,2.047076804956305e-06,3.15414361296007e-08,1.2374725244512774e-08,0.0049725426360964775,1.154353753918258e-06,5.272423550195526e-06,1.4574061424355023e-05,4.211404984744149e-07,0.000598215323407203,9.451744631405745e-07,0.9944018721580505,3.925402936033606e-08,2.6191099067318646e-08,1.0924834441539133e-06,19,19
1.2457815500965808e-05,2.877095994335832e-06,1.5508991282331408e-06,1.9429151620897755e-07,5.808375590277137e-06,1.1522024578880519e-05,6.202647000463912e-07,1.263888975699956e-06,1.25960951891102e-07,1.8565948266768828e-05,6.689174369967077e-06,3.3879257443913957e-07,0.9535961747169495,1.4893979027874593e-07,1.314052497036755e-06,2.187342761317268e-05,5.2765481086680666e-05,0.00018456437101121992,1.078556124411989e-06,0.046058110892772675,1.5229610653477721e-05,2.2342010197462514e-07,6.534332442242885e-06,12,12
0.21910998225212097,0.00020460326049942523,0.46729913353919983,1.4129719602351543e-05,8.443933620583266e-05,0.0003949476813431829,0.0015813115751370788,0.004236881155520678,0.0004484129312913865,0.02370406687259674,0.1618851125240326,2.625538400025107e-05,0.0023450509179383516,0.0002239258901681751,0.004453515168279409,0.037436049431562424,0.00031776941614225507,0.0002184705517720431,0.07220734655857086,0.003251714399084449,0.0003547131491359323,5.6847220548661426e-05,0.00014524656580761075,9,2
2.8844863209087634e-07,1.6888819232008245e-07,7.59635554459237e-09,4.1544903979229275e-06,1.1912108277556399e-07,1.6026926459744573e-05,9.299092340597781e-08,4.738508252444262e-08,1.8674677804142448e-08,1.677832187851891e-05,3.284296496985917e-07,2.3987178465745274e-08,0.9757153987884521,3.042564244992718e-08,3.8031942040106514e-08,1.889653766795618e-08,3.706999677888234e-06,8.902804438548628e-06,1.7550861230120063e-05,4.880323467659764e-05,2.7629212695501337e-07,2.813149890812383e-08,0.024167202413082123,12,12
0.058715201914310455,2.3253511244547553e-05,0.04464033618569374,3.402902621019166e-06,0.006900125183165073,0.0024811069015413523,9.0471759904176e-05,0.00015236847684718668,0.008547790348529816,0.008740332908928394,0.004381887149065733,0.007201641798019409,3.592682696762495e-05,0.0006174591253511608,0.019597630947828293,0.8370606899261475,7.138394721550867e-06,0.0006376049132086337,2.8936925446032546e-05,0.00012439879355952144,5.124674316903111e-06,3.085157004534267e-06,4.0365098357142415e-06,5,15
2.2095100860042294e-08,0.9999988079071045,3.741979881510815e-08,2.545667454612044e-09,1.67614117030368e-10,6.558497633868399e-10,1.4218810129307258e-08,4.030432165791353e-08,7.397865653402391e-10,7.6093007450595e-09,3.5303290957244826e-08,2.0889535934376369e-10,4.588485591483504e-09,3.5972527179239933e-09,4.720657198475919e-10,3.4097362711094092e-09,2.0703987413384084e-09,4.274755127653407e-08,3.839743634159731e-09,1.6085461851389482e-08,5.055716290058854e-09,1.0959096243823296e-06,9.004713419358268e-09,1,1
2.9751065540040145e-06,0.0006752204499207437,5.974398391117575e-06,3.086274773522746e-06,5.338298336710068e-08,3.699394142131496e-07,2.6108953079528874e-06,2.1936359189567156e-05,1.6410273246947327e-06,2.4086232315312373e-06,0.08020801097154617,2.178607161340551e-08,0.0018800580874085426,2.3585504038692306e-07,8.166676934706629e-07,7.899894990259781e-05,4.999641532776877e-05,0.00014161360741127282,8.603736887380364e-07,0.9155217409133911,3.614407978602685e-05,0.0013388133374974132,2.636528734001331e-05,19,19
4.024483413189728e-09,7.3302828695887e-08,5.207253934713663e-07,2.3833100826209375e-08,4.8412058362146126e-08,3.071259158105022e-08,5.6998199562952045e-12,1.2089061840470094e-07,4.1820852336726944e-10,4.347861626285976e-09,3.6828526894794322e-09,3.143231230851029e-10,0.0002319637278560549,1.7519276696020825e-08,3.94592980512698e-08,3.7188829082879238e-06,6.878644285279734e-07,0.9990280866622925,2.267634258146245e-08,0.000734153320081532,1.8247395416892687e-07,2.1674225081369514e-08,6.903772487021342e-08,17,17
1.2581533610500628e-06,0.0026726697105914354,3.292396684173582e-07,5.463607344324828e-09,2.0858524976685722e-11,3.76913789068567e-08,2.3762564138607445e-10,5.516869805433089e-06,9.059830219371179e-09,4.919603835418229e-09,5.69032272323966e-06,7.779000776864109e-10,1.304294642068271e-06,1.5244902007438554e-09,1.0344574086218472e-09,7.634720589067001e-08,5.3987829318202785e-08,9.526120265945792e-07,7.02959596310393e-07,1.503999669694167e-06,3.7072968552820385e-06,0.9973061084747314,6.535095309345706e-08,21,21
5.679823402715556e-07,5.6285116443177685e-05,5.850393449691182e-07,2.142611037925235e-06,4.078633253357111e-08,1.3205979485064745e-05,1.2388346704028663e-07,3.0653195608465467e-06,3.578489327082934e-08,5.4379655921366066e-05,9.333170601166785e-05,7.885635255888701e-08,0.9728527665138245,2.2998426629783353e-07,2.5346389520564117e-06,1.4688130249851383e-05,6.309516038527363e-07,6.402138387784362e-05,4.3791980715468526e-05,0.02667469158768654,2.24804589379346e-05,9.156587475445122e-05,8.87923306436278e-06,12,12
0.8596519827842712,3.647485073088319e-06,0.0003459024301264435,1.979471562663093e-06,0.0009820867562666535,0.04885170981287956,1.1053713024011813e-05,0.00013157710782252252,0.02990119345486164,0.019150173291563988,0.0003761616535484791,0.005987023469060659,0.00015174401050899178,0.02833232842385769,7.508858107030392e-05,0.0058126975782215595,1.3344815670279786e-06,0.00018977682339027524,2.3229013095260598e-05,1.2494573638832662e-05,1.7952206690097228e-06,4.498428097576834e-06,4.5895865241618594e-07,0,0
0.7242801189422607,3.5894061056751525e-06,4.2899464460788295e-06,5.057547696196707e-07,6.386323093465762e-06,0.00023153189977165312,2.790867984003853e-05,7.61833944125101e-05,0.0013575964840129018,0.004212321247905493,0.0013526577968150377,0.2674298882484436,9.876902140604216e-07,0.0009529483504593372,5.311784207151504e-06,3.953016857849434e-05,2.0767143382727227e-07,2.440019670757465e-06,6.179532192618353e-06,4.277435436961241e-07,1.5715303902652522e-07,2.23234837903874e-06,6.686467713734601e-06,0,0
0.9970525503158569,3.8483276512124576e-06,4.050342340633506e-06,2.8944805663400075e-08,7.648052815056872e-06,0.0019045001827180386,4.934413766477519e-08,7.476755286006664e-07,1.40976362672518e-05,2.7748510547098704e-06,1.0725796528276987e-05,1.0933475095953327e-05,4.776758942171e-06,4.488310878514312e-05,1.0697100805145965e-07,0.00022433338745031506,0.00038088602013885975,1.4788969565415755e-05,0.00017431525338906795,7.257613106048666e-07,6.739590753568336e-05,7.563576946267858e-05,7.544675639792331e-08,0,0
0.0010352705139666796,5.310786477252805e-09,1.4282956328770524e-07,2.6033866173946763e-09,0.0024250007700175047,0.9227644205093384,4.144338561218319e-08,9.16441464937634e-08,0.00011099053517682478,0.0007517795311287045,6.21947692707181e-05,0.07227277755737305,5.781950562777638e-07,0.0002980066346935928,0.00019284329027868807,1.2849336599174421e-05,7.94773740153687e-08,3.2618163459119387e-06,6.872787344036624e-05,2.781236574378454e-08,3.946111064578872e-07,2.148897282339135e-09,5.513351766239794e-07,5,5
2.5380913939443417e-06,2.9516892027459107e-05,4.906692652184574e-07,6.379577826010063e-05,1.1624700846368796e-07,0.0005075648077763617,0.0003562782658264041,4.398805322125554e-05,8.224784551202902e-07,0.00048753272858448327,0.0004936883342452347,1.3654818076247466e-07,0.028066853061318398,2.7034013783122646e-07,1.2058652600899222e-06,2.82349628122347e-08,8.67107228259556e-05,2.831021674865042e-06,0.38448965549468994,0.00022056516900192946,7.806067878846079e-05,9.285528904001694e-06,0.5850580334663391,12,22
0.14807333052158356,6.046828730177367e-06,0.0015958858421072364,0.0006533089326694608,5.18169799761381e-05,0.0012797756353393197,0.013135669752955437,0.0010149118024855852,0.0004201518604531884,0.8004077672958374,0.023884374648332596,0.00020549808687064797,0.00021377246594056487,0.00502378074452281,0.0006984646315686405,0.001489722402766347,4.474668912735069e-06,0.00015597908350173384,0.0014322587521746755,0.00016201401012949646,7.096560239006067e-06,5.0509365792095196e-06,7.880646444391459e-05,9,9
1.4302380577646545e-06,0.00010707075853133574,1.3299506463226862e-05,2.468065395078156e-05,2.191406110796379e-06,6.838380954832246e-07,1.356294063725727e-07,0.00022327850456349552,5.948057264504314e-07,1.0671878953871783e-05,1.7974103911910788e-06,2.215108310110736e-07,0.000551238190382719,1.7047981373252696e-06,0.0003026906051672995,0.00167242088355124,0.0001553031470393762,0.3098548650741577,1.9517999589879764e-06,0.686954140663147,1.1077607268816791e-05,5.423999482445652e-06,0.00010316700354451314,19,19
1.0036952744485461e-06,0.018328305333852768,1.2418740880093537e-05,4.571827230392955e-05,2.445154656527393e-08,5.884587039872713e-08,1.2228496437671765e-08,4.432664809428388e-06,5.487617826815949e-08,6.485592507488036e-09,3.2901773465709994e-06,2.629356732342103e-10,0.0004546355048660189,3.5937571141175795e-08,5.808773551052582e-08,9.62380227065296e-07,0.18085816502571106,0.0002391105517745018,1.44938694575103e-05,0.30073729157447815,0.42264270782470703,0.07657506316900253,8.210670785047114e-05,16,20
2.7626820156001486e-06,1.0704187843657564e-05,1.67551945651212e-07,2.251014120702166e-05,1.228503947459103e-06,0.00226897862739861,9.363536435103015e-08,4.773586169903865e-06,2.3531173098945146e-07,6.830182428529952e-06,7.327210187213495e-05,8.15334715298377e-08,0.009074949659407139,3.8106304600660224e-07,5.029157179592403e-08,3.407743420780207e-08,0.005761469714343548,0.00018210042617283762,0.3394434154033661,0.0005816880729980767,0.6187241673469543,3.753721102839336e-05,0.0238025039434433,20,20
6.089430257816275e-07,2.4286845246024313e-07,1.0876758693711963e-07,7.896639786508786e-09,2.999464186359546e-06,0.00015807665477041155,4.242087570105468e-09,2.7424434279055276e-08,1.6705776317849086e-08,3.983507497196115e-07,1.0630028413061154e-07,6.931117013664334e-08,0.006617242470383644,9.286653721574112e-07,3.916008406434912e-09,9.688798741080973e-08,8.659688432999246e-07,0.9914587736129761,6.059200075014815e-08,0.0017474694177508354,3.06934566651762e-07,9.733767569741758e-09,1.1560662642295938e-05,17,17
0.1593417078256607,5.5801715461711865e-06,8.544031879864633e-05,6.050694537407253e-06,0.00017825828399509192,0.011936504393815994,0.0036993827670812607,9.144021169049665e-05,0.00020242217578925192,0.7329114079475403,0.004114758688956499,0.010042867623269558,2.1282527086441405e-05,0.02161428891122341,0.0009317700169049203,0.0003251940943300724,1.6995562646116014e-06,1.274337773793377e-05,0.054400485008955,2.1800683498440776e-06,2.294106707267929e-06,2.4963532041510916e-07,7.186231232481077e-05,9,9
2.017644646912231e-07,4.098505534955166e-09,3.80438258673621e-09,3.7621888937522385e-10,5.643851164194302e-09,8.616028779329099e-09,8.240389703928486e-09,3.77891185010526e-09,2.025717149578554e-09,3.3193732633662876e-06,3.3376509236404672e-06,3.3979455338339903e-07,6.489911941187643e-10,2.0705472891791032e-08,2.7360254080122104e-06,0.9999899864196777,2.54861565879283e-11,1.5556467225508186e-09,8.00857768989971e-10,2.256482556362016e-09,6.465235985464446e-11,7.494674880703656e-10,1.794085019435343e-11,15,15
4.356980753073003e-06,2.72678880719468e-06,4.815301963390084e-06,1.9460597400211554e-07,5.957101052445068e-07,9.453003258386161e-06,9.280819668333606e-09,2.5199810238518694e-07,1.8146096181226312e-08,5.871188932360383e-06,7.762373570585623e-06,2.9710976789942833e-08,0.019754046574234962,1.0069975076021365e-07,1.9721791488791496e-07,1.9704768874362344e-06,9.768247764441185e-06,0.9695953130722046,3.954158273700159e-06,0.010517502203583717,4.28239545726683e-05,5.930289717070991e-07,3.769317117985338e-05,17,17
1.874901123244399e-09,3.461228459400445e-07,7.144703317862877e-07,6.505521923827473e-06,7.40280059474685e-09,2.310338231836795e-08,1.902984020363263e-10,1.193757093176373e-09,7.28345495026872e-10,1.824119189031137e-10,8.243894455972622e-09,5.506282495931769e-12,1.565401319680859e-08,3.000039106026975e-10,5.132623215331478e-09,2.415689592805137e-10,0.9994179010391235,3.2995903893606737e-06,0.0005633067921735346,1.7667701968093752e-06,1.8514937210056814e-06,3.9555885678055347e-07,3.843708782369504e-06,16,16
0.001443639863282442,7.983785326359794e-05,0.0009053369285538793,1.0385818313807249e-05,8.208853250835091e-05,0.7822529673576355,4.9170306738233194e-05,6.992049020482227e-05,0.00046684624976478517,0.07508274912834167,0.09101441502571106,0.0003546618390828371,0.001331369043327868,0.00046283547999337316,0.0010340017033740878,0.0012233698507770896,4.856967734667705e-06,0.006606468930840492,0.03719682991504669,0.00011261229519732296,5.8324898418504745e-05,1.2696605153905693e-05,0.00014461594400927424,12,5
0.04004695266485214,1.4502576561881142e-07,0.0008565269527025521,1.6471102526338655e-07,0.00024084422329906374,0.9399298429489136,5.18597005338961e-07,1.6660469555063173e-06,0.0004556363564915955,0.0015178973553702235,0.01339081209152937,0.0002833495382219553,0.00018954681581817567,0.00034873335971497,2.7598116503213532e-05,1.0850488251890056e-05,2.965107057661953e-07,0.0026606374885886908,1.8785476640914567e-05,1.817085467337165e-05,3.1013834700388543e-07,1.4392337277513434e-07,5.313120823302597e-07,0,5
2.2772097452161688e-07,2.519130930522806e-06,1.2646586355913314e-06,2.2195312965322955e-07,2.8220395620337513e-07,9.090080510532061e-08,6.419438314253512e-09,4.430066979921321e-08,9.090106445341917e-10,4.868863356932707e-07,4.8121506779352785e-08,9.35907240595668e-10,2.8728323741233908e-05,2.3487096711960476e-07,2.9011755486862967e-06,5.811790288134944e-06,7.036060196696781e-07,2.5874744096654467e-05,4.491804702411173e-06,0.9999258518218994,1.784846404007112e-08,1.424204469913093e-07,9.002596002005703e-09,19,19
5.5142766797189324e-08,0.9994094371795654,1.4163780406306614e-06,3.0596156648243777e-06,7.138688945529381e-11,2.6084961968209086e-10,3.7279492062225472e-06,1.6092464250050398e-07,6.418347520131817e-10,3.935805636956502e-08,3.1004265110823326e-06,1.3089120065590265e-11,7.705227744736476e-08,2.3387382697137582e-08,3.2069649158472657e-09,2.291233691664729e-08,6.427949870158045e-07,1.4517713964323775e-07,6.705683063046308e-06,1.5028771258585039e-06,8.529055861572488e-08,0.000567540293559432,2.375910298724193e-06,1,1
0.7921168208122253,1.8681399524211884e-05,0.0035035747569054365,2.2316877235084576e-08,0.0002695842122193426,0.12081841379404068,8.312866157211829e-06,7.166121940826997e-05,0.0002637562865857035,0.01470200065523386,0.001820813282392919,0.06301964074373245,0.000472330953925848,0.0008713442948646843,5.528653127839789e-05,0.001184761873446405,2.7148255412612343e-06,0.0007048088009469211,1.687908843450714e-05,3.78134791390039e-05,3.6212109989719465e-05,2.4063861019385513e-06,2.154381490981905e-06,0,0
3.833594746538438e-06,1.1270715276623378e-06,4.3169684715849144e-08,0.012499142438173294,6.038543887143533e-08,0.00309337442740798,2.788508754747454e-05,0.0076132421381771564,3.629186721809674e-06,0.2585664987564087,0.460592657327652,5.226591838436434e-06,2.517304210414295e-06,4.298537169233896e-05,3.344439755892381e-05,0.00012123478518333286,1.6737562447133314e-08,1.902501935546752e-06,0.2567381262779236,4.106042979401536e-06,4.167043812230986e-07,1.53269138536416e-06,0.0006469170330092311,9,10
0.007391784805804491,0.0007427692762576044,0.00019018392777070403,2.7751579182222486e-05,0.0005710899131372571,0.09378883987665176,3.4079973829648225e-06,6.643339929723879e-06,1.3531865079130512e-05,0.00030783817055635154,1.1603894563450012e-05,6.44092961010756e-06,0.26005131006240845,3.1971769203664735e-05,2.9249895305838436e-06,0.00017694795678835362,0.004355959594249725,0.6177296042442322,0.002683058148249984,0.011276813223958015,1.4071249097469263e-05,7.128079232643358e-06,0.0006083259941078722,17,17
0.00017458703950978816,4.563731999951415e-05,5.029485237173503e-06,3.183003514095617e-07,3.0884937586961314e-05,0.014918176457285881,1.1945492595089036e-08,1.7096002920879982e-05,1.2784095815732144e-05,0.0001997750368900597,0.0016219740500673652,7.841472324798815e-06,0.06934447586536407,3.761983316508122e-05,1.295622223551618e-05,8.454264752799645e-05,7.229488983284682e-05,0.8994277119636536,0.00011877971701323986,0.013786443509161472,6.592451245523989e-05,8.939533472585026e-06,6.113156359788263e-06,17,17
0.08373420685529709,3.242596221753047e-06,0.004674785770475864,1.6419668099842966e-05,0.0017358536133542657,0.08621065318584442,0.0007265367894433439,0.00020333782595116645,0.0024468046613037586,0.4614206850528717,0.04127522557973862,0.2596324384212494,6.934622797416523e-05,0.007447246927767992,0.013785759918391705,0.023508815094828606,3.487218236841727e-06,0.0001352954568574205,0.012933249585330486,1.5106670616660267e-05,5.341687938198447e-06,7.679038844798924e-07,1.5339268429670483e-05,0,9
0.9971616268157959,3.925317287212238e-06,5.196841925680928e-07,5.704933192518524e-10,1.2479672477638815e-06,0.00029083871049806476,4.3907203206572376e-08,2.661045527929673e-06,0.0003574962611310184,3.3866631383716594e-06,2.3353093638434075e-05,0.00012438857811503112,2.9470090368022284e-08,4.0620372601551935e-05,2.8683649588856497e-07,0.001987307798117399,6.86813095285288e-09,1.196997800434474e-06,1.930828545937402e-07,7.786517208785426e-09,3.291095751478679e-08,9.048287097357388e-07,1.701428442579811e-09,0,0
0.003022184129804373,2.340645778531325e-06,9.143663191935048e-05,2.026571200985927e-05,0.007373448461294174,0.01826806738972664,0.00016213984054047614,1.809643435990438e-05,0.00014017708599567413,0.43564754724502563,0.4842548370361328,0.0030068380292505026,3.6858749808743596e-05,0.003369757207110524,0.043734826147556305,0.0001937827473739162,2.7832183491227624e-07,1.3102559023536742e-05,0.0006270210724323988,1.910302898977534e-06,2.434648195048794e-06,9.221069063869436e-08,1.2582138879224658e-05,9,10
0.0005351704894565046,2.0673911649282672e-07,4.745194246424944e-07,2.3802870146028e-06,8.395135409955401e-06,0.8616695404052734,4.1852559661492705e-05,0.00012560085451696068,0.0013228162424638867,0.11856383085250854,0.013695099391043186,0.000369325716746971,1.8881004507420585e-05,0.00028003499028272927,5.7890647440217435e-05,1.250644800165901e-05,1.5227973904075043e-07,3.845670107693877e-06,0.0032517453655600548,4.008040548342251e-07,3.980566361860838e-06,3.133548887035431e-08,3.588124309317209e-05,9,5
0.00019914387667085975,7.631457265233621e-05,8.491308108204976e-06,0.00021214480511844158,8.135420648613945e-05,0.0020307223312556744,5.160672117199283e-06,0.0001330404047621414,3.1708739243185846e-06,0.00811795238405466,0.00033654391882009804,2.3929864255478606e-05,0.15221647918224335,0.0001326422207057476,0.0022303354926407337,0.25654974579811096,5.682134087692248e-06,0.012553848326206207,0.0005771166761405766,0.5644331574440002,2.762556050583953e-06,2.0540512196021155e-05,4.969408473698422e-05,19,19
2.2505638241909764e-07,5.868105112938338e-09,2.978397901642893e-07,3.4595686315697094e-07,2.846693178071291e-06,7.384755917883012e-07,5.815647075024799e-09,3.489002153855836e-08,8.406927776150042e-08,4.985913051314128e-07,1.4288642091742076e-07,3.5295386169309495e-07,3.8207311092719465e-08,1.0135595402971376e-05,0.9999459981918335,3.7797766708536074e-05,1.3188689251819596e-08,5.2499746772127764e-08,2.1090556856506737e-07,2.6833396304937196e-07,6.711192934716337e-09,2.046349312223583e-09,6.187725443140835e-09,14,14
0.00019138556672260165,0.0015180854825302958,0.006369646638631821,2.282784589624498e-05,0.0006182578508742154,0.002556447871029377,1.4683181689179037e-05,0.000489455065689981,4.938980418955907e-05,0.004114973358809948,0.0008847637800499797,0.00029022214584983885,0.13361026346683502,0.00041632194188423455,0.010073978453874588,0.028511332347989082,0.002198023721575737,0.5329790115356445,0.0036997271236032248,0.2704481780529022,0.0002680723846424371,0.0004782244504895061,0.00019671695190481842,17,17
0.011962324380874634,1.2011839771730592e-06,0.00012269573926459998,9.882068496835927e-08,6.776684313081205e-05,0.000801397836767137,2.4129446956067113e-06,3.607007602113299e-05,2.1089186702738516e-05,0.0022167349234223366,0.0005862120306119323,0.9275129437446594,2.33031405514339e-05,0.018641173839569092,0.03728417679667473,0.000673656992148608,6.533333589686663e-07,3.1699160899734125e-05,7.4499143920547795e-06,1.0651128832250834e-06,3.2515024486201582e-06,1.3199559134591254e-06,1.3195331121096388e-06,11,11
0.003914745058864355,2.3932853920882735e-08,1.0251707180941594e-06,3.4453006492185523e-07,0.013358461670577526,0.9528716802597046,6.004352144373115e-07,7.579108682875813e-07,0.0028268364258110523,0.0043781353160738945,0.014619262889027596,0.004242449067533016,9.483155736234039e-06,0.0025828881189227104,0.0010124811669811606,6.847762415418401e-05,1.2771889146279136e-07,2.1833120626979508e-05,8.704097126610577e-05,7.244464228506331e-08,4.99775126172608e-07,1.2066118770803769e-08,2.795284217427252e-06,4,5
7.488840196856472e-07,0.9830106496810913,4.477016318560345e-06,7.22380150364188e-07,5.23408916208723e-09,1.1133747790381676e-07,5.9086357140358814e-08,7.317419772334688e-07,1.4373328305339328e-08,1.004274494675883e-07,9.284345651394688e-06,1.1773769459377803e-10,3.4339568628638517e-06,7.893379283530066e-09,9.206442719289498e-09,5.678818070009584e-06,3.704558912431821e-05,2.462784141243901e-05,2.51347478297248e-06,0.00022608712606597692,1.153868197434349e-06,0.016648171469569206,2.434205453027971e-05,1,1
4.726355109596625e-05,5.776074976893142e-05,2.7655048597807763e-06,1.650294871069491e-05,3.526616865201504e-07,0.00016597405192442238,3.973264028900303e-06,1.863779834820889e-05,6.393959210981848e-07,0.00047863111831247807,2.6716974389273673e-05,1.5039087202239898e-06,0.9137349724769592,1.3570405599239166e-06,7.14608086127555e-06,2.1350375391193666e-05,8.669013914186507e-05,0.04794084280729294,0.0028393352404236794,0.0005270561086945236,2.5690793336252682e-05,3.2433927117381245e-05,0.03396240621805191,12,12
6.042156219798756e-10,2.3882622102178175e-08,7.738149704339392e-11,1.0138856421093578e-09,1.1317708922820024e-12,2.1163974739391023e-10,0.9999951124191284,5.853662443655594e-08,1.811667815765361e-09,9.988549436457106e-07,3.7857505503779976e-06,3.332195630534329e-11,1.6927667600974416e-11,7.813778513110492e-10,9.322372040987403e-11,1.2949875616286022e-09,9.560767108562906e-12,3.8046010786274564e-11,2.0248032417402584e-10,1.3356993289193042e-10,1.5129444572159478e-11,1.2105234870052328e-10,1.983763375790204e-09,6,6
1.452731157769449e-05,9.082984919750459e-10,3.531912682319671e-07,8.648163202451542e-06,8.236383291659877e-05,0.0020396814215928316,1.5911737705209816e-08,2.688994754862506e-06,2.6908457584795542e-05,2.063412466668524e-05,8.282019621219661e-07,6.611199933104217e-05,2.5049166652024724e-07,0.9866793751716614,0.011048782616853714,2.2293399979389505e-06,1.7271071683921946e-08,3.876434675476048e-06,1.91774688573787e-06,5.631152930618555e-07,3.140052839967211e-08,5.862704210990444e-10,1.7932727303104912e-07,13,13
0.9719454050064087,4.127238935325295e-05,1.633461215533316e-05,3.4481297461752547e-06,1.026789777824888e-05,0.023530490696430206,0.00010230174666503444,7.726755939074792e-06,8.680033351993188e-05,0.0009291550377383828,0.0012102314503863454,2.7679048798745498e-05,1.610690560482908e-05,0.0017179774586111307,3.6730622809955094e-07,3.3588345104362816e-05,4.124799306737259e-05,4.537811764748767e-05,7.150945748435333e-05,4.100843852938851e-06,4.835522486246191e-05,0.00010916218889178708,1.1765361023208243e-06,0,0
0.2643428146839142,0.00023461779346689582,0.11257381737232208,2.6516538127907552e-05,0.12822653353214264,0.01821625977754593,0.000288845447357744,0.00020610443607438356,0.009512667544186115,0.05993790179491043,0.011285543441772461,0.017257172614336014,0.00029461304075084627,0.004757578019052744,0.19097496569156647,0.1783362627029419,7.432507118210196e-05,0.002468621823936701,0.0006835373933427036,0.000197105691768229,3.145354276057333e-05,6.49052071821643e-06,6.626110553042963e-05,5,0
0.037514153867959976,9.782705456018448e-05,0.0008821976371109486,4.369871749076992e-05,0.0002593980170786381,0.008787830360233784,1.1713027561199851e-05,0.0014991088537499309,0.001158613245934248,0.009487499482929707,0.08195358514785767,0.0002572449157014489,0.0023520684335380793,0.0007269449415616691,0.0208963043987751,0.8225775361061096,1.2550328392535448e-05,0.009503514505922794,3.281543104094453e-05,0.0017228139331564307,1.2153144780313596e-05,0.00020683204638771713,3.5240398119640304e-06,5,15
0.022379526868462563,1.2673024230025476e-07,0.00018637889297679067,0.00016107980627566576,0.00013891232083551586,0.43812206387519836,1.3887172826798633e-05,0.00016249310283455998,0.0011349518317729235,0.06443838030099869,0.00013806666538584977,0.0004642364801838994,2.3642913220101036e-05,0.4714248776435852,0.001014777459204197,6.794274668209255e-05,1.2758127354572935e-07,5.077619425719604e-05,6.960094469832256e-05,5.787505415355554e-06,1.3097856026433874e-06,8.110039573239192e-08,9.74289832811337e-07,13,13
0.020606346428394318,0.05930177867412567,0.00032217291300185025,0.000945025181863457,2.455816684232559e-06,0.0001227507455041632,0.0010316234547644854,0.0025099455378949642,0.00039618267328478396,0.0005809133872389793,0.009611066430807114,4.916737452731468e-07,0.1999657154083252,8.718579192645848e-05,5.735869763157098e-06,0.007379380986094475,0.001766579458490014,0.024676494300365448,0.00024128174118231982,0.6321958899497986,0.000155923145939596,0.03587082028388977,0.0022241922561079264,12,19
0.017721857875585556,5.57074463358731e-06,0.00044161154073663056,2.5151637146336725e-06,1.5028222151158843e-05,0.07799272239208221,4.3335403461242095e-05,0.004780657589435577,0.05090247839689255,0.00450060935690999,0.010275093838572502,0.001381196896545589,3.0135515771689825e-06,0.8316419720649719,0.00011335185990901664,0.0001230190391652286,1.0235325476060098e-07,4.449883272172883e-05,1.4102172372076893e-06,4.689775778388139e-06,4.384005933388835e-06,7.249843179124582e-07,2.860006986793451e-07,13,13
0.017690103501081467,2.447098495395039e-06,0.0002007005241466686,1.7401745253664558e-06,4.1975138742600393e-07,3.838781776721589e-05,1.5113513654796407e-05,0.0011363326339051127,0.0006330822943709791,0.0011896591167896986,0.37009283900260925,0.001042859861627221,5.433354317574413e-07,0.0015891504008322954,5.064172364654951e-05,0.606302797794342,4.238523310107212e-09,9.045310434885323e-06,2.0226988795002399e-07,1.0705833801694098e-06,2.62542698692414e-07,2.494318550816388e-06,2.1772997627067525e-08,0,15
0.9785076379776001,2.921024361057789e-06,5.851693003933178e-06,4.8549168241152074e-08,0.0019472858402878046,0.016768405213952065,7.002507231845811e-07,4.448068580131803e-07,7.619337702635676e-05,0.0012254614848643541,4.365067070466466e-06,0.0007394295535050333,6.1000901041552424e-06,0.00033177403383888304,0.00010012365237344056,2.477191992511507e-05,1.6965917666311725e-06,4.9859945647767745e-06,0.0002463463169988245,1.1959603796185547e-07,5.732010208703286e-07,5.2926068860870146e-08,4.857167823502095e-06,0,0
0.00047621631529182196,1.6152009720826754e-06,2.1972671675030142e-05,0.00038672733353450894,5.6995653721969575e-05,0.0005862487014383078,3.0351797249750234e-05,0.001205097883939743,0.0006123824859969318,0.00021162726625334471,1.653486287978012e-05,4.096916381968185e-05,3.144012453049072e-06,0.978280782699585,0.017874998971819878,0.00016368593787774444,1.1513871811530407e-07,1.1113417713204399e-05,2.1249351789265347e-07,1.7543687135912478e-05,1.2156694992881967e-06,2.3444610519618436e-07,2.2903351748482237e-07,5,13
0.6041499972343445,0.0002516049426048994,6.038454557710793e-06,3.466721682343632e-05,7.968852514750324e-06,0.0011950921034440398,1.1217634892091155e-05,0.0028868268709629774,0.00523568969219923,0.00027451160713098943,0.37600472569465637,3.0319377401610836e-05,0.00015830124903004616,5.414340921561234e-05,0.00010289292549714446,0.0021461842115968466,1.8502940292819403e-05,7.019164331723005e-05,0.0013171739410609007,7.87151075201109e-05,2.657100048963912e-05,0.005869697779417038,6.896661216160282e-05,0,0
6.784977131246706e-07,1.6834990219649626e-06,3.220600675035712e-09,2.121278339473065e-05,2.0701142489087943e-07,0.00013273449440021068,5.5398782450311046e-08,2.3227312340168282e-07,3.1834377978157136e-07,7.28015584172681e-05,1.7756408851710148e-05,9.489335539569765e-09,1.3321524647835759e-06,2.217182704100651e-08,4.2546770373519394e-07,1.8643504517967813e-08,0.0004646789748221636,5.283263249111769e-07,0.24529965221881866,6.316301437436778e-07,0.00019027087546419352,2.285701228288417e-08,0.75379478931427,20,22
0.9997125267982483,7.176392813335042e-08,7.437618023686809e-07,3.748769072942082e-10,2.0196266632410698e-06,0.0001446309470338747,6.653952482338354e-07,2.5553015348123154e-07,3.0929179047234356e-05,7.112527237040922e-05,1.479895490774652e-05,4.099535999557702e-06,1.6531633946215152e-06,7.64511241868604e-06,9.437180814586554e-09,7.4983504418923985e-06,2.4780522522860338e-08,8.587424531469878e-07,1.1914825392977946e-07,1.5387287533030758e-07,4.944634923731428e-08,2.7543880065650228e-08,1.6687314863261804e-09,0,0
1.7590163281511195e-07,1.172059910459211e-06,2.4146214627762674e-07,8.961120556705282e-07,1.8537527068929194e-08,7.94241077528568e-06,4.561851696394115e-08,1.171221924778365e-06,1.2350587894616183e-06,8.455478450741793e-07,0.9996358156204224,6.072887526187287e-09,0.0001899011549539864,6.997524337748473e-08,1.3401073317709233e-07,6.833403176642605e-07,2.612173375382554e-07,4.017633546027355e-05,1.2710196415355313e-06,2.40664194279816e-05,1.4502506928693037e-06,8.561515278415754e-05,6.566893262061058e-06,12,10
9.147659147856757e-05,0.5809645652770996,5.537123797694221e-05,4.231071216054261e-05,5.07410220507154e-08,6.86706061969744e-06,6.4409064179926645e-06,0.00012969135423190892,2.565463091741549e-06,6.484264304162934e-06,0.03191475570201874,8.058484723960646e-08,0.00025890793767757714,5.685286623702268e-07,3.5453326745482627e-06,6.125934305600822e-05,0.0003820943529717624,0.0003114405262749642,0.0027769829612225294,0.0019409757805988193,5.881451943423599e-05,0.3808227777481079,0.00016203042468987405,1,1
1.4978732906456571e-05,1.6450794646516442e-05,3.126902583971969e-06,7.938831549836323e-05,5.4792947956627813e-11,1.8706844002736034e-06,0.0005607567727565765,0.18634137511253357,1.4379239473782945e-05,0.0003620027273427695,0.8124213814735413,1.5322298096975828e-08,1.9346741453318828e-07,9.907066669256892e-07,1.828811804216457e-07,8.203994070754561e-07,6.323960377585536e-08,2.464535668877943e-07,4.958224599249661e-05,3.2567741072853096e-06,2.5685803848318756e-06,0.00011740521586034447,8.897681254893541e-06,7,10
0.0010550901060923934,0.0008528964826837182,0.006619091145694256,7.198730145319132e-07,0.00034746687742881477,0.00043586810352280736,1.1678281225613318e-05,4.432173682289431e-06,3.0009056217750185e-07,0.000697659736033529,2.2518526748172008e-05,6.651466719631571e-07,0.9771618247032166,3.071599849135964e-06,2.5320483132418303e-07,3.5524051781976596e-05,0.004503823816776276,0.001327045843936503,7.019462645985186e-05,0.006761724129319191,3.8898659113328904e-05,1.469908397666586e-06,4.768791040987708e-05,12,12
0.003164306515827775,0.0004560644447337836,0.0004197275557089597,0.016192292794585228,9.927173323376337e-07,0.0006552138365805149,0.00030020929989404976,0.028740275651216507,0.0013823040062561631,0.057674165815114975,0.740795373916626,0.00015484518371522427,3.8818136090412736e-05,0.00410815142095089,0.0006402751314453781,0.1435164213180542,1.580949401613907e-06,0.00031099127954803407,0.00061880296561867,0.0004877931496594101,2.596194917714456e-06,0.0002859932719729841,5.285028964863159e-05,9,10
0.026908081024885178,0.0001555226626805961,8.888779120752588e-05,2.3413639382852125e-07,2.0178238628432155e-05,0.029884640127420425,0.00018174208526033908,0.00010348717478336766,0.0015748009318485856,0.003934266045689583,0.9365708231925964,9.84128473646706e-06,2.3335020159720443e-05,0.00031484392820857465,4.155505848757457e-06,1.4958757674321532e-05,9.86461600405164e-06,5.156149927643128e-05,3.114933133474551e-05,7.6217302193981595e-06,5.366816549212672e-05,2.2490217816084623e-05,3.377817847649567e-05,5,10
0.016579117625951767,0.0005814536125399172,0.010115125216543674,0.00040830954094417393,0.00311471545137465,0.0005695157451555133,0.0005159289576113224,0.004146396182477474,0.0013684649020433426,0.0022455635480582714,0.12613911926746368,3.095324063906446e-05,0.008276509121060371,0.004657421726733446,0.006965154316276312,0.06365916877985,0.00045859956298954785,0.11757107079029083,2.5388459107489325e-05,0.6321933269500732,0.00010586568532744423,0.00024784670677036047,2.497716741345357e-05,9,19
0.5468559265136719,1.6266010788967833e-05,0.0005955667002126575,7.388646736217197e-06,0.0037460254970937967,0.028294678777456284,5.442196925287135e-05,9.558870806358755e-05,0.0007779300794936717,0.08729828149080276,0.00396715197712183,0.3087247312068939,0.00016195527859963477,0.00646208506077528,0.005371698644012213,0.006542627699673176,1.4591551007470116e-05,0.00039881098200567067,0.0004728857602458447,2.726526145124808e-05,6.4112427935469896e-06,9.351974199489632e-07,0.0001067813063855283,0,0
1.1277136309217894e-06,6.177861905598547e-06,3.2680492978443e-08,2.7013140879716957e-07,2.732730131072003e-08,2.8541307983687147e-05,9.422817726090216e-08,1.4690698435515515e-07,1.790319892336356e-08,3.852102963719517e-06,1.4489738475731428e-07,2.8823703424052383e-09,0.9996767044067383,4.347302606788617e-08,6.691467824282427e-09,1.324713707617775e-06,2.387871802511654e-07,1.573560257384088e-05,6.804931445003604e-07,0.0002612094394862652,2.265233121079291e-07,2.5764163638086757e-06,9.775616263141274e-07,12,12
0.9564010500907898,3.1116014724830166e-05,0.00020637446141336113,9.200283201948878e-09,6.19644924881868e-05,9.40362733672373e-05,2.5892338726407615e-06,1.6263769794022664e-05,1.3732886145589873e-05,0.0004238435940351337,8.252849511336535e-05,0.0008623416651971638,6.831846803834196e-06,0.00010686022142181173,1.500527923781192e-05,0.04160929098725319,4.13837369706016e-06,5.0624665163923055e-05,5.053024324297439e-06,3.4044187486870214e-06,1.2904328059448744e-06,1.7309927216047072e-06,8.144399288312343e-08,0,0
2.0652914827223867e-05,2.2096482155120611e-07,2.0828446523069033e-08,6.738638944625563e-07,1.992415718632401e-06,0.9877925515174866,2.3588537345631266e-08,2.22493054025108e-05,0.00010583871335256845,0.0012635027524083853,0.0002740300842560828,0.00024281424703076482,5.234074706095271e-06,0.0023389498237520456,0.0007907201652415097,1.8886899852077477e-05,2.807016485917302e-08,1.1484383321658242e-05,0.007099480833858252,2.2742202077097318e-07,7.965091981532169e-07,8.886901525784197e-08,9.568128916725982e-06,13,5
0.004649150650948286,3.451922020758502e-05,0.00591758219525218,5.616499038296752e-05,0.000960569188464433,0.09407077729701996,0.001543993828818202,0.0006121800397522748,0.00034893647534772754,0.5879880785942078,0.029968107119202614,0.02528010681271553,0.006736084818840027,0.0024636543821543455,0.009665061719715595,0.2036546915769577,8.583778253523633e-05,0.023464320227503777,0.0016304458258673549,0.0007964689866639674,1.6358324501197785e-05,9.28517783904681e-06,4.7625529987271875e-05,12,9
1.7815087630879134e-05,0.00022424916096497327,0.9994204044342041,1.670116844820768e-08,4.385625729241838e-08,5.140577172824123e-07,2.504114718249184e-06,2.4693440536793787e-06,7.639245040991227e-07,8.680497103341622e-07,0.00019855270511470735,1.2092200130098263e-08,1.3651872450282099e-06,3.391367187077776e-08,2.8340746638377823e-08,1.7008333088597283e-06,3.367791123309871e-06,8.692468691151589e-05,3.52107889511899e-07,1.6341888112947345e-05,2.566843306794908e-07,2.1231431674095802e-05,1.5559830046640855e-07,2,2
0.0051451269537210464,0.00031958246836438775,0.9678690433502197,6.355091954901582e-06,1.2062469068041537e-05,2.9242737582535483e-05,7.2524362622061744e-06,6.547891825903207e-05,0.00021567949443124235,0.0005809986614622176,0.02478901296854019,2.314415041837492e-06,6.728572043357417e-05,9.152053098659962e-05,5.639370556309586e-06,8.775218157097697e-05,2.7189710181119153e-06,0.0004951513255946338,1.1510741160236648e-06,0.00019135935872327536,2.0263221358618466e-06,1.1669400919345208e-05,1.5076741419761674e-06,2,2
0.00018782896222546697,1.7604959268169296e-08,1.2048464270719705e-07,3.723317831827444e-08,7.245115739351604e-06,0.9747041463851929,2.3150111161385212e-08,4.246723619871773e-06,8.469101885566488e-05,0.00997225847095251,0.011540502309799194,0.00315989856608212,2.5878491214825772e-05,0.00014102838758844882,6.940190814930247e-06,4.9186928663402796e-05,8.912404148020414e-09,9.15188793442212e-05,2.105803469021339e-05,1.1094041951764666e-07,8.268627738061696e-08,1.2980339469947921e-08,3.0969827093940694e-06,5,5
0.00021548262157011777,0.0021397920791059732,0.0006612123688682914,1.724250410006789e-06,1.5386165159725351e-06,0.004330610856413841,2.70499695034232e-05,0.002567142015323043,0.00011630025983322412,0.005004188045859337,0.0022783868480473757,8.915154467104003e-05,0.5550484657287598,8.470433385809883e-06,1.2285693628655281e-05,0.0025726626627147198,0.0004961799131706357,0.15039260685443878,0.0002785070682875812,0.25954368710517883,0.009718836285173893,0.0009391679777763784,0.0035564962308853865,12,12
0.36544832587242126,0.0020584040321409702,0.009395100176334381,5.624031018669484e-07,0.00036390728200785816,0.11137960106134415,0.0019855715800076723,0.00020883580145891756,0.00020323322678450495,0.18070320785045624,0.23469823598861694,0.004666215740144253,0.008614962920546532,0.0004473767476156354,0.00023695247364230454,0.0719497874379158,8.411544695263728e-05,0.002206227509304881,0.003584730438888073,0.0014045665739104152,0.00011193418322363868,3.7097248423378915e-05,0.00021115083654876798,0,0
0.003850016975775361,0.001657020067796111,1.8308850485482253e-05,4.368888039607555e-05,3.3876673910526733e-07,0.0192765723913908,0.0005443060072138906,0.13258583843708038,0.0032790780533105135,0.06559920310974121,0.7642597556114197,0.00015840148262213916,0.0008860132656991482,0.0021170771215111017,3.49924921465572e-05,0.002125075552612543,8.244511491284356e-07,0.0018331084866076708,8.192688983399421e-05,0.0002862594847101718,2.461123040120583e-05,0.0007319016149267554,0.0006057527498342097,9,10
1.0619938848321908e-06,8.620571634310181e-07,1.5074836312578554e-07,6.960221071494743e-06,8.284311547868128e-08,3.268405862399959e-06,1.0131344652108965e-08,1.336943114438327e-05,5.238700495624471e-08,6.445263807108859e-07,1.1240889534747112e-06,6.822145515172906e-09,0.9864805936813354,2.6637067662704794e-07,5.004030612099086e-08,1.0933685956615591e-07,4.340437271821429e-07,0.001415969105437398,1.511125304887173e-07,0.012053725309669971,3.4901282219834684e-07,1.756394112817361e-06,1.8886510588345118e-05,12,12
2.9290923464486696e-08,4.7100595423898994e-08,6.373254368696735e-09,9.60423420792722e-08,1.2240703561872124e-08,1.9302415239508264e-06,1.0308433218142454e-08,4.3020349949074443e-08,1.0989895660173943e-09,3.6134745187155204e-06,1.885988893945978e-07,4.2533243593823045e-09,0.9998828172683716,5.5757669592537695e-09,1.2709589825021794e-08,1.5834794453439827e-07,1.4821990745872426e-08,7.95501000538934e-06,2.5160755967590376e-07,0.00010200442193308845,6.64816752760089e-08,2.1673784544873342e-08,6.401170935532718e-07,12,12
0.0003718191583175212,0.00013506939285434783,4.658871330320835e-05,3.083357660216279e-05,7.482605269615306e-06,0.0007394704152829945,4.258323770045536e-06,0.00023941791732795537,0.0001983557449420914,0.00034567058901302516,0.9840865731239319,3.389000085007865e-07,0.0007060508360154927,2.0893228793283924e-05,3.354776345076971e-05,0.0006810612394474447,5.713470727641834e-06,0.0013409184757620096,3.5340355680091307e-05,0.01078336127102375,1.9555382095859386e-05,0.0001590711181052029,8.7934204202611e-06,5,10
1.867308867531392e-07,8.622556606496801e-07,9.323704475150407e-09,1.7596399004560226e-07,3.22706306121745e-09,1.5239768345054472e-06,2.512785357566827e-08,5.749354770046011e-08,1.2742357169415186e-09,3.507739847918856e-06,2.895950501624611e-07,5.114025314334469e-10,0.9981321692466736,4.522506813486871e-09,4.110985329930372e-09,1.0747685053047462e-07,2.180749589797415e-07,2.0360084818094037e-06,1.054508970810275e-06,0.0018545064376667142,7.198320162160599e-08,1.9304652596474625e-06,1.3335202311282046e-06,12,12
2.7811404379463056e-07,1.2301624963129143e-07,9.09401052240355e-08,2.604626843094593e-07,2.016693940731784e-07,4.591972901835106e-05,5.755714127531064e-09,1.5298695643650717e-06,6.256432811824197e-07,5.979126171951066e-07,0.000296825950499624,5.276567449641334e-08,0.003375203814357519,2.360025064263027e-06,5.113846555104828e-07,1.4241178178053815e-05,5.51773496226815e-07,0.9954454898834229,4.983838053362888e-08,0.0008114100201055408,3.044852974198875e-07,1.9665376385091804e-06,1.4671740018457058e-06,17,17
7.406928403952406e-08,2.135652266588295e-06,7.570886850771785e-08,2.9699613151024096e-06,1.4297931727469404e-08,4.908029609396181e-07,9.074811657683313e-08,1.0168682820221875e-06,2.4177375657075117e-09,3.89088654628722e-06,3.309230123704765e-06,1.5345344994699417e-09,0.9406945705413818,3.278027094211211e-08,8.799972306405834e-08,2.629011248700408e-07,7.812344904323254e-08,1.4499752978736069e-05,5.183358098292956e-07,0.05926962569355965,1.0753814905228865e-07,1.2349497637842433e-06,4.9363088692189194e-06,12,12
0.00010716586257331073,0.014837833121418953,7.254451702465303e-06,0.006506459787487984,9.167207082327877e-08,0.0005074922810308635,0.002387651475146413,0.005302042700350285,5.4945180636423174e-06,0.009238547645509243,0.03138846904039383,4.619161302343855e-07,1.8053086023428477e-05,3.66386266250629e-05,3.171117350575514e-05,5.91133939451538e-05,5.30361012351932e-06,7.007992735452717e-06,0.9233942031860352,7.015439041424543e-05,9.215150203090161e-05,0.0007518665515817702,0.005244599189609289,9,18
1.1437596185714938e-06,0.9362743496894836,2.852383113349788e-05,1.3313289855432231e-05,3.2945912664672505e-08,1.360557746465929e-07,0.00034953164868056774,0.0011773271253332496,1.0322212347091408e-06,5.555272218771279e-05,0.0061700413934886456,7.844872307316564e-09,4.231313869240694e-05,4.2568306213297546e-08,1.426909238944063e-05,0.0002785102988127619,0.008061581291258335,8.557068213121966e-06,0.0009795647347345948,0.004472989588975906,0.0019133931491523981,0.01617301069200039,0.023984627798199654,21,1
3.853980672374746e-07,7.019423975407335e-08,2.5969677608372876e-07,3.9539006735367366e-08,3.736309395208082e-08,7.832989467715379e-06,4.861419711232884e-06,9.702757779450621e-07,2.4639625735289883e-06,0.00032008677953854203,0.9214474558830261,5.7854722399497405e-05,3.236546364249193e-09,8.768090083322022e-06,3.879955784213962e-06,0.07814404368400574,1.205732319542463e-10,8.71663985435589e-08,9.874162287815125e-07,2.6791462381936526e-09,1.1146826794927733e-09,1.0653904425339533e-08,4.256064389807079e-09,10,10
1.0363783076172695e-06,0.0007745363400317729,2.072556071652798e-06,1.3978264178149402e-05,6.039997391127372e-10,7.014706593366782e-09,0.9987725615501404,9.493501238466706e-06,2.669918508502178e-08,6.184296944411471e-05,0.0003153863362967968,9.432223890826208e-10,1.9252097445132677e-06,7.748390373762959e-08,8.048511546121517e-08,1.7955343878384156e-07,3.9404631024808623e-07,2.1652270731919998e-07,2.8520946671051206e-06,1.2006233191641513e-05,1.507733742300843e-07,2.8838117941631936e-05,2.222957618869259e-06,6,6
6.295026651059743e-07,0.08992478251457214,3.5738723909162218e-06,0.0009382322314195335,3.422581995593532e-09,3.9683268937551475e-07,9.080165000341367e-06,0.0004615879734046757,2.813307560245448e-07,9.751298421178944e-06,6.976044096518308e-05,2.686816458208341e-08,0.0029059036169201136,1.278154968531453e-07,3.0430644528678386e-06,0.00028989851125516,3.676870619528927e-05,0.0001528871216578409,0.0002442982222419232,0.5663242340087891,0.00011869198351632804,0.3381009101867676,0.0004050782590638846,12,19
0.00015954051923472434,4.628815077012405e-06,3.818181085080141e-06,9.400542694493197e-06,1.3209514690970536e-05,0.8042141795158386,2.3323769937633188e-07,6.6480415625846945e-06,2.2194126358954236e-05,0.000700794393196702,0.00019445200450718403,2.6613136014930205e-06,0.010641981847584248,1.1498744242999237e-05,1.0356980965298135e-05,7.233413271023892e-06,0.0009327739244326949,0.1621292382478714,0.01726558804512024,8.764614176470786e-05,7.39822571631521e-05,2.0248985492798965e-06,0.0035058758221566677,17,5
0.0007496802136301994,0.015485313721001148,0.002510332502424717,0.00031216529896482825,0.019935965538024902,0.6152762174606323,9.089424565900117e-06,0.00020187735208310187,4.616914884536527e-05,0.006572638172656298,0.0018723721150308847,0.0003254092007409781,0.04329574108123779,0.00020768244576174766,0.011541325598955154,0.013126151636242867,0.00026303919730708003,0.03594508767127991,0.006543487776070833,0.2245379388332367,0.0007705704774707556,0.00037364341551437974,9.802975546335801e-05,4,5
7.124076546460856e-06,0.0018960144370794296,2.119034434144851e-06,0.00014004039985593408,6.117041948527913e-07,0.0013028065441176295,2.7766194762079976e-05,5.207693448028294e-06,5.172138912712398e-07,5.513090218300931e-05,0.0009248432470485568,1.358044166011041e-08,0.952078104019165,5.144403871781833e-07,8.620695552963298e-07,1.434331466043659e-06,0.00024388123711105436,0.0015856379177421331,0.015824535861611366,0.0023402541410177946,2.7109079383080825e-05,0.0003126993542537093,0.023222681134939194,12,12
1.455538356509578e-08,1.1666393184839308e-08,1.3140415866530475e-08,9.993117444651034e-09,8.765504588836848e-08,1.1083120625698939e-05,6.680388187074726e-11,3.3140207023052426e-08,2.1441783459863473e-08,1.5626968163928723e-08,2.3985218255972995e-09,2.398627074740034e-09,0.00037340293056331575,3.976119344883955e-08,1.724460574337172e-08,1.1397205845753433e-08,4.347783146840811e-07,0.9995941519737244,1.4782989943284974e-08,1.7625283362576738e-05,2.222205530699739e-08,8.500397608024457e-10,3.052040938200662e-06,17,17
5.938735284871655e-06,3.439555257500615e-06,0.9999078512191772,1.3187482217347224e-08,1.2138478950873832e-06,1.6119695089855668e-07,1.0271797634686664e-07,3.980425233862661e-08,2.0446131454576744e-09,1.6608352098046453e-06,1.0436585853312863e-06,1.8877662100180714e-08,1.6339732837877818e-06,5.624668233394914e-07,8.773521464888745e-09,1.3085542605040246e-06,4.1249908377949396e-08,2.0366480384836905e-05,1.1182068959669778e-07,5.431516910903156e-05,2.7406079183833754e-08,7.648567645901494e-08,4.947398046795115e-10,2,2
5.588658980038019e-10,0.00030979019356891513,2.5948937221187407e-08,1.9993366606740892e-07,5.4665324458920417e-14,1.2816293165629489e-11,2.4981172686011632e-09,2.082241081780012e-07,4.5267119913594556e-11,7.475937924272813e-11,1.0622300123941386e-06,5.48955358167097e-13,6.425306651181018e-07,9.981553777960173e-11,1.6534229541065315e-10,5.743102882149742e-09,1.1858969628519844e-07,1.717689990243798e-08,2.0990286486721743e-07,1.4382057088369038e-05,1.8669655901248916e-06,0.9996713399887085,6.080825443177673e-08,21,21
0.00021089983056299388,3.587316257380735e-07,4.839140092371963e-05,9.689911095733805e-09,0.0004453709698282182,0.9969493746757507,2.729281618485402e-07,4.3154543050150096e-07,3.2426432881038636e-06,0.00016745764878578484,1.6085481547634117e-05,0.0007762205204926431,0.0003984144132118672,5.2398081606952474e-05,3.6722908589581493e-06,1.1298702702333685e-06,5.599283667834243e-07,0.0009026032639667392,1.048477497533895e-05,3.805937012657523e-06,8.1451034930069e-06,2.0411880541360006e-07,4.78720210139727e-07,17,5
0.003374015213921666,0.0024225746747106314,1.365603839076357e-05,2.9232181987026706e-05,4.573076876113191e-05,0.21440903842449188,0.0295404139906168,0.0024925365578383207,0.007958789356052876,0.6749668717384338,0.05614978447556496,0.00031722834683023393,0.0003373067593201995,9.915050759445876e-05,0.00015088514192029834,0.0005218037986196578,4.854950384469703e-05,3.5536650102585554e-05,0.0005319409538060427,0.000560955551918596,0.0004776008427143097,8.82660060597118e-06,0.005507563706487417,6,9
9.357127964904066e-06,0.0020194132812321186,9.373798093292862e-07,0.0012611689744517207,6.721363465800323e-09,4.800966053153388e-06,0.00022215888020582497,0.0024444786831736565,4.8179066652664915e-05,0.00023830645659472793,0.9915210008621216,9.953160073905565e-09,3.7518691442528507e-06,1.4415086297958624e-06,4.432471996551612e-06,0.00019374197290744632,4.952127255819505e-06,2.6950735900754808e-06,0.0005956130335107446,7.843979255994782e-05,2.5752293367986567e-05,0.0006114102434366941,0.0007077148766256869,9,10
5.572019858846033e-07,0.00043389684287831187,1.1132561894555693e-06,2.1113131879246794e-05,6.677587927050865e-10,4.325631380197592e-05,1.9310563459384866e-07,0.003574162255972624,1.3454680811264552e-05,0.0001264211314264685,0.9832111597061157,3.640919388203656e-08,1.847412931965664e-05,1.9142771634506062e-07,5.953832555860572e-07,1.4646106137661263e-05,8.409367637796095e-07,3.4133508961531334e-06,0.0005946595338173211,7.396335422527045e-05,3.874713365803473e-05,0.01168618630617857,0.00014311954146251082,21,10
0.013424020260572433,6.8496292442432605e-06,0.0002690500405151397,1.4491098227153998e-05,7.315672974073095e-06,0.004029334522783756,0.0006581729976460338,0.0013029364636167884,0.07305195182561874,0.883262574672699,0.0011957979295402765,0.008877390995621681,8.3144932432333e-06,0.013248104602098465,0.00016746755864005536,0.0004282296577002853,7.691024279665726e-07,6.468550509453053e-06,2.5754779926501215e-05,5.452845471154433e-06,4.40255325884209e-06,4.926632186652569e-07,4.671281658374937e-06,8,9
2.1110874513396993e-05,2.2367050434013436e-08,2.1709062991703831e-07,1.0261889116236489e-08,0.005272104870527983,0.9934108853340149,1.891060996683791e-08,5.964648863709954e-08,8.21473167889053e-06,0.0005940942210145295,1.1334492228343152e-05,0.0005080188857391477,1.679366505413782e-05,2.1364978238125332e-05,2.6412813895149156e-05,1.950240766745992e-05,4.851334622912873e-08,7.813672709744424e-05,1.1172855010954663e-05,8.704607523668528e-08,3.749140944364626e-07,9.587338700711712e-10,7.727137329993639e-08,5,5
0.07553970068693161,0.0002742668439168483,0.00016006459190975875,0.01740339584648609,0.000602910527959466,0.014429700560867786,0.002090787747874856,0.004945599008351564,0.00030506530310958624,0.4581187069416046,0.016488919034600258,0.000435899943113327,0.2664581537246704,0.004229821730405092,0.007631027605384588,0.09337068349123001,3.596411261241883e-05,0.01397006493061781,0.0036429488100111485,0.01883701980113983,1.5232869372994173e-05,8.411487215198576e-05,0.0009299898520112038,17,9
0.32221511006355286,9.927904102369212e-06,6.19924467173405e-05,2.784096068353392e-06,0.00017183393356390297,0.4386705756187439,3.6825076676905155e-06,0.00017270441458094865,0.026465993374586105,0.0007148036966100335,0.18879127502441406,0.0002868470619432628,2.021793625317514e-05,0.02176440693438053,6.876081170048565e-05,0.0004671643255278468,6.80104903949541e-07,6.819006375735626e-05,2.7526052690518554e-06,8.716906449990347e-06,6.4775831560837105e-06,2.5013172489707358e-05,1.6893523024918977e-07,5,5
0.9972273707389832,3.7309939671104075e-06,1.4035202184459195e-05,3.623559763354933e-08,6.84621263644658e-05,8.62174347275868e-05,3.5880959785572486e-06,8.047319170145784e-06,8.085864828899503e-05,7.59192553232424e-05,1.786113170965109e-05,0.0003310064203105867,1.098954635381233e-05,2.8151916922070086e-05,1.3656457667821087e-05,0.0019965223036706448,4.1278863704974356e-07,2.304836016264744e-05,8.433051334577613e-06,1.0283440587954829e-06,2.0402117684170662e-07,3.6794347124669e-07,1.9958527275321103e-07,0,0
2.2087878193133292e-09,5.814355290567619e-07,1.1205586503137965e-07,4.4617827370529994e-06,5.1248902899203586e-09,1.2697670692674023e-10,9.638116971188992e-09,2.761406108220399e-07,4.182954815856732e-10,2.200664361851068e-08,6.213289225343033e-07,1.2284437356235856e-11,1.3159122318029404e-05,8.703091025630272e-10,2.8448310374074026e-08,1.0848135900687339e-07,9.083513674568167e-08,2.716657263590605e-06,8.009302110423278e-10,0.9999774694442749,2.2680234579297576e-08,2.818591724462749e-07,2.373878160710774e-08,19,19
1.3850991464892104e-08,8.625845870913196e-11,3.978636975432437e-09,8.320498734448734e-10,8.997325662285505e-10,6.416181475010774e-10,3.860017194767806e-09,8.937768858352513e-10,6.318656015080748e-11,2.81203057284074e-07,4.497884020793208e-08,2.9119730626803175e-08,4.04295277811606e-11,7.490756459560544e-09,9.450511129216466e-07,0.9999986886978149,2.0053147510579183e-12,1.7162299359441135e-10,1.56390025929376e-10,3.866882924974391e-10,3.3881877338493016e-12,6.665256541138476e-11,1.6269357822756847e-12,15,15
4.616448677552398e-06,2.7217365641263314e-06,0.9987009763717651,2.8107351113249024e-08,2.272814526804723e-06,4.4853459257865325e-07,8.179491572946063e-08,1.2794833992302301e-07,2.892823758315899e-09,6.14463715464808e-07,7.336724934248195e-07,1.0417663531825383e-07,1.6213985873037018e-05,1.3938685583525512e-07,3.6559694649440644e-07,8.519418770447373e-06,9.312608995060145e-07,0.00013326600310392678,9.24151706271914e-08,0.001127238036133349,1.5913242634724156e-07,2.862736891984241e-07,4.0598813200176664e-09,2,2
3.1550753192277625e-06,0.024629585444927216,5.0332491809967905e-06,0.009152611717581749,1.639091884442223e-08,4.218932474486792e-07,0.00010104867396876216,0.015015012584626675,1.1987776815658435e-05,6.152929563540965e-05,0.9219726920127869,1.1541472666465324e-08,4.6072938857832924e-05,1.808553406590363e-06,3.824016675935127e-05,5.6114655308192596e-05,9.64195260166889e-06,7.530642324127257e-05,1.5200648704194464e-05,0.004822916816920042,2.2375405023922212e-05,0.010491099208593369,0.013468204997479916,3,10
0.22861678898334503,5.172169039724395e-06,0.039697155356407166,2.6681821054808097e-06,0.001737122773192823,0.0016872142441570759,0.0004353075928520411,0.0005289638647809625,0.007875170558691025,0.027066443115472794,0.0064017996191978455,0.2244018018245697,0.00012395829253364354,0.0160006545484066,0.005604427307844162,0.4394688606262207,6.428547294490272e-07,0.00015084714686963707,4.407789674587548e-06,0.00018446249305270612,2.6818561309482902e-06,2.572370476627839e-06,8.597285727773851e-07,11,15
1.07224168459652e-05,2.755934076503763e-07,4.901946340396535e-06,2.895022248594614e-07,5.159055262993206e-07,0.0015074353432282805,1.008621211440186e-06,0.00010099177598021924,0.9955224990844727,0.0003129076212644577,0.0020963866263628006,0.0001258652628166601,1.6009526859761536e-07,0.0001335989509243518,5.9723453887272626e-05,0.00011763268412323669,1.6259431134812985e-08,2.706329723878298e-06,3.7547602005361114e-07,8.090946153060941e-07,6.271959591686027e-07,7.561024517599435e-08,5.324201879375323e-07,8,8
4.8825870180735365e-05,4.999250791115628e-07,0.0003599552146624774,8.025525630728225e-07,0.00027118020807392895,6.431200745282695e-05,5.706858132725756e-07,4.244989213475492e-06,1.2656214494199958e-05,0.00011178538261447102,1.2456765944079962e-05,0.00012736316421069205,8.012070793483872e-06,8.478254312649369e-05,0.9978000521659851,0.001034438144415617,2.884870809793938e-06,1.3821322681906167e-05,9.681727533461526e-06,2.8308333639870398e-05,2.817438371494063e-06,1.1417526479817752e-07,4.630978196473734e-07,14,14
0.999698281288147,7.867153613005939e-07,1.5920475959774194e-07,1.229339408048702e-09,3.347328856762033e-06,8.182098099496216e-05,5.906662181587308e-07,1.7201559288082535e-08,1.9202889234293252e-06,1.8677559637580998e-05,5.725061782868579e-06,5.242634142632596e-05,4.072550837008748e-06,4.2775787733262405e-05,7.37629335390011e-08,1.9969456843682565e-05,1.1354378557371092e-06,1.2280382861717953e-06,6.651618605246767e-05,1.978879282660273e-08,1.2118978709452222e-08,2.0384496224323811e-07,1.7258786044749286e-07,0,0
0.026946797966957092,0.0011896906653419137,0.00011175272811669856,0.00272442027926445,1.3285596651257947e-05,0.5051301121711731,7.27059887140058e-05,0.10365854948759079,0.002443610690534115,0.009155813604593277,0.04866604506969452,5.6956236221594736e-05,0.2035391926765442,0.00027278909692540765,0.0003074503329116851,0.0011866986751556396,0.0002263376081828028,0.006080902647227049,0.05691273510456085,0.0041427952237427235,0.00344771146774292,0.010239151306450367,0.013474439270794392,18,5
4.782825726579176e-07,7.933021697681397e-05,6.833746368783977e-08,4.06685239795479e-06,9.235368025883872e-10,7.243374966492411e-06,7.656221612251102e-08,1.632786847949319e-07,1.6291143989377588e-09,4.994455593987368e-05,2.378717312012668e-07,6.290494791727497e-10,0.9145171642303467,4.6772900219593794e-08,4.3269167804282915e-08,4.973375666850188e-07,3.127522722934373e-05,1.244346367457183e-05,0.08404523879289627,0.00036112498492002487,2.3645102373848204e-06,1.8351194739807397e-05,0.0008698361343704164,12,12
0.0002847686700988561,3.059035469377136e-09,5.872570000065025e-06,2.3066304422059147e-08,0.8420806527137756,0.15422679483890533,9.271846401759376e-09,6.9021814930181336e-09,1.2939463886141311e-05,1.2797925592167303e-05,2.5804218239500187e-05,0.0025599489454180002,3.90827199225896e-06,0.00012614944716915488,0.00044436994357965887,5.439291612674424e-07,1.9909190029920865e-07,0.0002018391969613731,1.2536323993117549e-05,1.28192041870534e-07,1.5289090526948712e-07,2.0404823664055272e-10,5.823444553243462e-07,4,4
0.004494800698012114,2.3991374220599937e-08,9.859871852313518e-07,1.9351649171994723e-09,1.4636563719250262e-05,0.7607445120811462,1.3678244314974108e-08,2.4911409127525985e-05,0.003464579116553068,0.000837532221339643,0.000769074191339314,0.226920947432518,2.3236423658090644e-05,0.0008233838016167283,0.00019707177125383168,0.0014389706775546074,3.42332491243269e-08,0.00022868358064442873,4.181848453299608e-06,1.0013819462528772e-07,7.587667369080009e-06,3.2284535933513325e-08,4.753795565193286e-06,11,5
1.1596326121576794e-09,0.9999964237213135,5.707334160831579e-09,1.8501844500917741e-09,1.0574151959857198e-13,4.6486356430897047e-11,2.921360930940864e-09,4.563077027341933e-09,4.616012867081354e-12,8.246869298567105e-10,1.3213728777827782e-08,5.915439579146087e-14,4.2351766538217817e-10,1.543148595017918e-11,6.633199306667337e-13,4.998149897433857e-12,7.2218373503574185e-09,5.850092632542214e-10,7.489671816074406e-08,3.069096310426289e-09,1.0548288909006942e-09,3.4363320082775317e-06,3.4073245558374765e-08,1,1
0.0013100611977279186,0.0002399671357125044,0.0004778359434567392,0.00025365964393131435,6.0099213442299515e-05,0.00011305911175440997,1.4443328836932778e-05,0.0005038088420405984,2.0024388504680246e-05,0.0003181655192747712,0.00031387750641442835,9.289289550906688e-07,0.07032853364944458,3.0029736080905423e-05,0.00043491445831023157,0.005508001893758774,0.0009217194747179747,0.047539807856082916,7.938583439681679e-05,0.8711439967155457,0.00020244582265149802,5.7274541177321225e-05,0.00012795842485502362,17,19
3.706923337176704e-07,0.030799079686403275,3.3524590890010586e-06,6.030531949363649e-06,1.8591249428823176e-08,9.942437628751577e-08,0.00013042139471508563,5.2343501010909677e-05,9.821751945082724e-08,4.6433315219474025e-06,0.0018427821341902018,7.227502596407476e-09,0.0010002931812778115,2.0153558466518007e-07,2.8938227387698134e-06,4.0959068428492174e-05,8.02567410573829e-06,0.0004045563982799649,7.33015713194618e-06,0.9641851782798767,2.034465069300495e-06,0.001442618202418089,6.641469371970743e-05,19,19
1.5113952258616337e-06,1.1923161764570978e-05,1.244280701939715e-05,1.0803586292240652e-06,4.345772630642841e-10,6.651578843275274e-08,5.7852368627209216e-05,2.410711931588594e-05,8.672948865751096e-07,0.00010822933109011501,0.9997491240501404,8.31922086774739e-09,2.3933594661684765e-07,2.2532438137545796e-08,4.419579369141502e-08,1.1515426194819156e-06,9.340897122456226e-08,5.767165234260574e-08,4.3302920857968275e-06,1.5639845969417365e-06,5.379931167226459e-07,2.2541435100720264e-05,2.2880008145875763e-06,9,10
4.26120365659699e-08,4.969843647728567e-09,4.4106358565443315e-09,1.2320509945595859e-08,1.4669219615057183e-12,2.9808413515297616e-09,1.0027280117341775e-09,0.9999421834945679,5.343149678083137e-05,8.706672716130015e-09,3.763301265280461e-06,1.0331973054888977e-09,1.5420006937993946e-10,1.3797402687032445e-07,1.1002802224879815e-08,1.8155014913645573e-07,1.0768631646118632e-11,4.1632848279959944e-09,4.351376897693271e-12,1.7344002856134466e-07,3.125641079293473e-09,4.328346570048325e-09,5.211824027906431e-11,7,7
4.4346001004669233e-07,5.5743817028997e-06,5.417996931100788e-07,1.381364427288645e-07,7.756157174299005e-07,1.1428169273131061e-06,4.372770945337834e-08,2.0880740692064137e-08,4.515853913034107e-09,3.7534917396442324e-07,2.4191608716250812e-08,3.182582863914263e-09,0.9796282052993774,3.7588879564509625e-08,4.2821454826480476e-08,2.97090736012251e-07,4.447801984497346e-05,6.14162054262124e-05,1.1461823845593244e-07,0.02024848572909832,1.037940933201753e-06,4.0287080338430314e-08,6.8113181441731285e-06,12,12
6.626309914281592e-05,0.00011234214616706595,1.883914774225559e-05,3.7978894397383556e-05,1.0611698826323845e-06,0.00017265899805352092,7.74889826971048e-07,3.9877260860521346e-05,2.8339968594082166e-06,0.00013060208584647626,0.0013690930791199207,2.4720762326069234e-07,0.9085953235626221,1.7360690662826528e-06,0.00012105646601412445,0.00011760720371967182,6.624416982958792e-06,0.08005324751138687,0.0007875263108871877,0.0075554014183580875,4.414347495185211e-05,0.0003119210887234658,0.0004527781275101006,12,12
5.1464907301124185e-05,0.00182192656211555,0.00014226404891815037,6.818281690357253e-06,7.581564568681642e-05,3.488390802885988e-06,1.4828091252638842e-06,0.0004855262814089656,1.4496885114567704e-06,6.879167813167442e-06,7.563693998235976e-06,1.162949388344714e-06,0.0006483099423348904,6.874278915347531e-05,0.00021153823763597757,0.0021562951151281595,1.5815001461305656e-05,0.035134583711624146,1.017401018543751e-06,0.959139347076416,5.455228347273078e-06,1.1508577699714806e-05,1.627021333661105e-06,7,19
4.4967887902203074e-07,1.1271472430962604e-05,1.0145732431965371e-07,9.312801557825878e-05,1.1745024863785147e-07,1.6547335235372884e-07,2.1929970444034552e-06,3.141795241390355e-05,1.6646070832848636e-07,4.613977580447681e-06,2.6598469048622064e-05,4.796416153141081e-09,2.906727786466945e-05,1.9697213247127365e-06,1.836011142586358e-05,0.0038009420968592167,4.83292865283147e-07,1.4998111510067247e-05,3.886666632979541e-08,0.995959460735321,6.555413989417502e-08,4.389477908262052e-06,2.0491569330260972e-08,19,19
1.63064687512815e-05,0.00038297774153761566,3.5192911127523985e-06,0.08171416074037552,1.6356393572891648e-08,1.299259383813478e-05,0.010553073137998581,0.01575322635471821,2.7604364731814712e-05,0.027346991002559662,0.8488403558731079,8.937350912674447e-07,0.00014160519640427083,3.652688292277162e-06,0.0001050322171067819,0.0009861562866717577,3.6629787700803718e-06,2.071742528642062e-05,0.0010338013526052237,0.00011231029930058867,2.5497172373434296e-06,0.00013110785221215338,0.0128073925152421,9,10
0.06437704712152481,2.0627634512493387e-05,0.0001404474169248715,5.873955160495825e-06,0.030632026493549347,0.12210693955421448,0.000607313762884587,1.8114360500476323e-05,0.00023639609571546316,0.09463688731193542,0.5256893038749695,0.04637683182954788,0.00011378519411664456,0.0066620903089642525,0.009463092312216759,0.09439603984355927,1.0304040188202634e-05,0.0003033169195987284,0.004181815776973963,5.585351573245134e-06,5.300272732711164e-06,1.0824375067386427e-06,9.72120415099198e-06,9,10
2.4262697479571216e-05,0.026410970836877823,4.68909911433002e-06,0.0007332166424021125,9.711035886539321e-08,0.00010384402412455529,1.6457248420920223e-05,3.947339064325206e-05,2.8946697057108395e-06,0.00044307729694992304,0.004118636716157198,2.443015922892755e-08,0.24644100666046143,4.961319177709811e-07,3.704638402268756e-06,0.00023540436814073473,0.0007823099149391055,0.0013957471819594502,0.00696547469124198,0.003747453447431326,2.8154538085800596e-05,0.0006240361253730953,0.7078786492347717,12,22
8.18200305729988e-07,8.799767670097935e-07,1.603301171826388e-07,2.006834802159574e-05,3.874283720506355e-06,0.003082679118961096,2.1884675334149506e-06,5.480665549839614e-06,5.790657723991899e-06,0.0009849518537521362,0.0680234432220459,1.3974170087749371e-06,1.8099973431162653e-07,3.681297755520063e-07,0.0001935224572662264,3.641283399247186e-07,9.218200034410984e-07,7.863440032451763e-07,0.8304712772369385,1.3145501043254626e-07,4.029778210679069e-06,2.7662126811378585e-08,0.09719666093587875,10,18
0.0006330274045467377,0.0001691298239165917,0.0007593341288156807,4.334071491030045e-05,0.00031680677784606814,8.458318188786507e-05,1.6092373016363126e-06,0.0008099590777419508,3.088863377342932e-05,4.692339280154556e-05,0.0002441718534100801,2.520757561796927e-06,0.06900987029075623,0.00025033674319274724,2.2283838916337118e-05,0.0017242688918486238,0.00017134017252828926,0.005627038888633251,1.7684770909909275e-06,0.9199105501174927,0.00010149380977964029,3.4847966162487864e-05,4.05160653826897e-06,12,19
0.1144709661602974,0.00012647714174818248,0.00018646423995960504,1.5163049056354794e-06,0.0038482854142785072,0.0021937463898211718,7.304252358153462e-05,2.7552121537155472e-05,1.4484221537713893e-05,0.0413823202252388,0.01903480477631092,0.02101156674325466,0.0007603450212627649,0.0022161060478538275,0.0008854804327711463,0.7916829586029053,1.681830212874047e-06,0.0019476679153740406,9.37449949560687e-05,3.546646985341795e-05,6.915302606103069e-07,7.105856525413401e-07,3.882484634232242e-06,9,15
0.953960120677948,3.1199210752674844e-06,0.0012643859954550862,1.1552948535609175e-06,0.0005719661712646484,0.0010049038100987673,7.504704262828454e-05,1.929872451000847e-05,0.0007323879981413484,0.013283257372677326,0.003060647752135992,0.007311942987143993,0.00011916531366296113,0.0020416725892573595,0.00018859375268220901,0.016202906146645546,4.552175596472807e-07,0.00012369861360639334,7.132381597330095e-06,2.525243689888157e-05,3.9513190586148994e-07,1.9250958303018706e-06,6.479443186435674e-07,11,0
2.0960997915153712e-07,1.326966412307229e-07,4.2188784021846004e-08,3.0298414888108027e-09,1.839576952988864e-07,2.1060432118247263e-06,4.1240909992579233e-11,2.8367301396770017e-08,7.741828511598214e-09,1.1897624219159297e-08,4.315581225711185e-09,6.963075116495077e-10,4.518698187894188e-05,4.414436816091438e-08,8.64401705769069e-09,1.7042657063370825e-08,1.2421786266259005e-07,0.9999409914016724,1.4776897927504251e-08,1.0802204087667633e-05,7.942989377340837e-09,1.0549353612887558e-09,3.67940629075747e-08,17,17
6.619851319555892e-06,0.002376926364377141,1.2077589417458512e-06,0.001532242400571704,2.5492997934861705e-08,7.883298849264975e-07,1.8978251318912953e-05,0.00013776779815088958,5.700905489902652e-07,0.0003749174647964537,0.0002711291890591383,4.8500710114751655e-09,0.45015251636505127,9.065275321518129e-07,2.883376509998925e-06,2.8139400455984287e-05,1.3655281691171695e-05,0.0007487416733056307,6.913622655702056e-06,0.5421234965324402,4.2158855649176985e-05,9.317622607341036e-05,0.0020663002505898476,12,19
0.9837079644203186,7.471898243238684e-06,8.112738214549609e-07,3.2850995257405202e-09,2.301834911122569e-06,0.0015179077163338661,3.194083930679881e-08,7.759951404295862e-05,0.003617706708610058,0.0001620230614207685,0.0025907440576702356,0.007503958884626627,7.515190645790426e-06,0.0006152766873128712,5.145896011526929e-06,0.0001553809706820175,5.628977461924478e-08,2.290899101353716e-05,1.2406103451212402e-06,2.572081712060026e-07,1.4498729115075548e-06,1.591781710885698e-06,6.6925463215739e-07,0,0
0.004829264711588621,1.4209423397915089e-06,2.057533720289939e-06,2.8342199584585615e-05,5.190780029806774e-06,0.17105334997177124,0.0005412454484030604,1.5348476154031232e-05,8.79534418345429e-05,0.812730073928833,6.300801760517061e-05,2.8493286663433537e-05,7.30462561477907e-05,0.00019507053366396576,1.3366294297156855e-05,1.494523439760087e-05,9.236429718839645e-07,5.182831046113279e-06,0.009970861487090588,2.386069581916672e-07,4.6906414752356795e-08,1.4273589954427734e-07,0.0003404065500944853,9,9
0.0186772383749485,0.00015583027561660856,0.9367609620094299,3.826093575298728e-07,0.0001296922127949074,0.0005316179012879729,0.00018722133245319128,6.098063749959692e-06,7.851098189348704e-07,0.007017363328486681,0.012552675791084766,0.009913572110235691,0.0001512408343842253,0.005276287440210581,1.3537613085645717e-05,0.008058950304985046,2.337398427698645e-06,0.0004632493364624679,4.155380156589672e-05,2.302291977684945e-05,4.739939640785451e-07,3.5700140870176256e-05,1.7908818961132056e-07,0,2
0.021370934322476387,7.243506388476817e-06,0.00023255842097569257,0.0005529472837224603,0.0016932461876422167,0.09812070429325104,0.00026475675986148417,0.00032682419987395406,0.00045037223026156425,0.025955423712730408,0.28386589884757996,0.0036262860521674156,5.668652738677338e-05,0.561299204826355,0.0004531176236923784,0.0003435132384765893,1.9067978428211063e-05,0.0006897795828990638,0.00048046073061414063,0.00014981372805777937,4.3815921344503295e-06,9.914020665746648e-06,2.6903164325631224e-05,13,13
0.003579973941668868,0.15154647827148438,0.0014933239435777068,0.00018825687584467232,0.00018691337027121335,0.008735009469091892,0.0036283174995332956,0.004784769844263792,0.0002443022094666958,0.05955035239458084,0.004636315628886223,0.00010964486136799678,0.3348275125026703,7.49398532207124e-05,0.0009245800320059061,0.06554872542619705,0.002618142170831561,0.00026321117184124887,0.004957342986017466,0.2735738158226013,0.0736871212720871,0.002755428198724985,0.0020854012109339237,19,12
6.210851921650828e-08,0.00026875879848375916,1.1620874573736728e-07,6.993962597334757e-05,4.562399791296912e-09,1.2363128121251066e-07,5.513570044968219e-07,8.939577128330711e-06,2.0267560074671565e-08,1.2557650734379422e-05,0.0006530886166729033,2.202204862911117e-09,0.002516470616683364,1.906333153556261e-07,4.2907922193080594e-07,6.600081542273983e-05,7.317310632970475e-07,5.866725405212492e-05,2.6664008601073874e-06,0.9947084188461304,6.966197361180093e-07,0.0016279644332826138,3.5417913295532344e-06,19,19
0.0007782690227031708,0.0005056771915405989,0.9361486434936523,3.4694971873250324e-06,6.6698259615805e-05,0.002316588768735528,3.195406407030532e-06,1.930503458424937e-05,5.9164658523513936e-06,0.004579590167850256,0.0008676192373968661,4.511467705015093e-05,0.025765493512153625,2.252539161418099e-06,4.0996681491378695e-05,0.00010188481246586889,0.00023181304277386516,0.0007906422251835465,0.010057765990495682,0.017407836392521858,6.334696809062734e-05,1.553789661556948e-05,0.00018223571532871574,2,2
3.651323368103476e-07,2.395611545580323e-06,4.4941923960095664e-08,4.5563020023564604e-08,3.160069894647677e-08,3.476745405350812e-05,1.7614549108202482e-07,1.3154783573554596e-07,2.544224386724636e-08,8.813034582999535e-06,1.8225686062578461e-06,1.6598331598061122e-08,0.9974699020385742,4.338748382792801e-08,3.651607016763592e-08,1.1406838495986449e-07,9.244629950444505e-07,1.8089303921442479e-06,2.5900946639012545e-05,0.002435697242617607,1.9256606265116716e-06,1.0020625040851883e-06,1.4072045814828016e-05,12,12
0.00012216769391670823,0.00015325352433137596,1.7759493857738562e-05,0.017532547935843468,1.4291078542782998e-08,0.002424510894343257,1.3456779925036244e-05,0.005742399953305721,4.546124728221912e-06,0.001755036530084908,0.015529949218034744,8.84425901404029e-07,0.0005990657955408096,5.024234633310698e-05,3.2904954423429444e-05,5.323703589965589e-06,2.3522784431406762e-06,1.1199191249033902e-05,0.773939847946167,0.0011698268353939056,0.0003049505176022649,0.18043021857738495,0.00015744809934403747,18,18
0.00013349061191547662,6.902732163638348e-09,3.130909931314818e-08,5.208731863604044e-07,2.43394333665492e-06,0.004666086286306381,1.1611030458880123e-05,1.449030423827935e-05,1.9006083675776608e-05,0.017552493140101433,0.9771172404289246,0.00015176537272054702,1.1739580259018112e-06,1.3169222256692592e-05,3.2198433473240584e-05,0.0001434571749996394,2.229818107934989e-09,3.066560566367116e-06,0.00013389275409281254,4.986802792927847e-08,1.491982288825966e-07,6.052252032873184e-09,3.6857272789347917e-06,10,10
8.32673777040327e-06,9.166070213950661e-08,6.577510021088528e-07,1.0118853310814302e-08,4.9819760761238285e-08,3.087520326516824e-06,1.2558258788430976e-07,7.713138074905146e-06,0.999875545501709,3.1396907615999226e-06,7.622627163073048e-05,9.197488907375373e-06,6.006855102214104e-08,4.804445552508696e-07,3.1741549832986493e-07,1.3791761375614442e-05,8.252882111037252e-08,2.1022864871156344e-07,2.803941434592616e-08,7.65558851867354e-08,5.306941375238239e-07,3.8686238212903845e-08,2.5862632924145146e-07,8,8
0.00011469310993561521,0.00017817309708334506,0.0033430769108235836,0.0011075913207605481,8.224881185014965e-07,0.00040302041452378035,1.1894613635377027e-05,2.8826738343923353e-05,1.6663234418956563e-05,0.0001936447952175513,0.9681460857391357,1.3747332161528902e-07,0.0002700100594665855,4.473722947295755e-05,1.6956630133790895e-05,1.4574808119505178e-05,2.4400809707003646e-05,0.00022945810633245856,0.0015899912687018514,0.0026480439119040966,3.634432459875825e-06,0.021610202267766,3.414666480239248e-06,12,10
0.0009374486398883164,0.0003111964906565845,0.5831049680709839,2.6615596652845852e-05,0.00019205584248993546,0.004543342161923647,0.00025010385434143245,1.1317725693515968e-05,1.607057242836163e-06,0.0007582078687846661,0.16960570216178894,4.070427166880108e-06,0.0019652850460261106,0.00020419452630449086,1.3343120372155681e-05,4.089161393494578e-06,2.961763493658509e-05,0.0050139958038926125,0.027471117675304413,0.20535603165626526,3.476791607681662e-05,6.887922063469887e-05,9.205620881402865e-05,2,2
4.265161024363806e-08,2.530376605136553e-06,5.581122968578711e-05,9.816488454816863e-05,7.061120044227209e-08,5.308655914859628e-08,1.607236010947588e-09,3.0786853955078186e-08,5.418870352436045e-10,2.2053503911934058e-08,8.446037647047433e-09,1.798164048216755e-11,0.0008356613107025623,5.811671144329011e-10,7.177225480603511e-09,2.4477055937666137e-09,0.995868444442749,3.963300696341321e-05,0.00036431432818062603,0.00227330531924963,0.00018469039059709758,9.745703209773637e-06,0.00026762401103042066,16,16
0.9999299049377441,1.6947781844578458e-08,1.142449036706239e-06,3.966600312099722e-11,1.0810111916725873e-07,2.2092738163337344e-06,3.5444345236612662e-09,2.5775639755920565e-07,8.145329957187641e-06,2.9919036137471267e-07,1.164890122140605e-07,9.688476893643383e-06,1.004084548839046e-08,6.305680926743662e-06,1.7916548245011654e-08,4.170124520896934e-05,1.7850918965223173e-08,6.605946367699289e-08,1.0315055476439738e-08,1.4773147150037858e-09,1.123535131597464e-08,5.445534156933718e-08,4.8055497081644916e-11,0,0
0.0005978146218694746,7.246551376738353e-07,2.1392706912592985e-06,8.59829071941931e-07,0.005667076446115971,0.8085494041442871,2.951174337795237e-06,2.9943739718873985e-06,0.00025321237626485527,0.007986905984580517,0.0005802531959488988,0.10194134712219238,1.1383455102986773e-06,0.06994392722845078,0.002502148738130927,0.0018206158420071006,7.91952601275625e-08,2.2750361949874787e-06,0.00014205944899003953,3.2457947440889257e-07,1.4391903278010432e-06,9.443621706850536e-08,2.0552150203911879e-07,13,5
0.0043725427240133286,7.014229049673304e-05,3.254571993238642e-06,3.441703665885143e-05,0.00013015823788009584,0.3033062815666199,0.00018640626512933522,0.0006167140672914684,0.00042066373862326145,0.22284626960754395,0.4048050343990326,0.0032470792066305876,0.0015116146532818675,0.00043555742013268173,0.0017943568527698517,0.011352512054145336,0.00014261873729992658,0.0011114847147837281,0.007058622315526009,1.2499665899667889e-05,0.00021454780653584749,9.652666449255776e-06,0.03631754219532013,9,10
0.7301017642021179,0.0006856737891212106,0.1927674412727356,5.324999619915616e-06,0.0011785541428253055,0.003906361758708954,4.097192686458584e-06,2.5374953111167997e-05,5.040760152041912e-05,0.00048571336083114147,3.696628118632361e-05,4.370328497316223e-06,0.00033767399145290256,0.0007912329165264964,6.322269996417162e-07,6.529847723868443e-06,0.049833957105875015,0.009101838804781437,0.010192807763814926,0.0004304127942305058,2.8508040486485697e-05,2.24289033212699e-05,1.9575777514546644e-06,2,0
0.0004678152617998421,5.979044317427906e-07,3.757488400424336e-07,1.731323550302477e-06,1.4415420082514174e-05,0.001619755756109953,1.1766533134505153e-05,5.541997597902082e-05,0.0006992495618760586,0.05567401275038719,0.026712175458669662,0.8997335433959961,5.2735726967512164e-06,0.0016548599814996123,0.00020906684221699834,0.013094691559672356,2.3688014039180416e-07,2.788633310046862e-06,2.6692525352700613e-05,4.1445736087553087e-07,5.764601382907131e-07,1.2853740827267757e-06,1.318613976764027e-05,11,11
3.933616454787625e-08,1.3111423413647572e-06,8.899402104134424e-09,1.7178587086164043e-06,6.454532908151123e-09,6.176522902023862e-07,1.2401209836809812e-08,4.856173063672031e-08,5.08676745170078e-09,2.9037439617241034e-06,1.3277634707264951e-06,4.883792259491315e-10,0.9991737008094788,8.721563915514707e-09,1.2480582789464734e-08,2.0806488976177206e-07,1.0245440051903643e-07,3.7708901800215244e-05,2.139234283049518e-07,0.0007686594617553055,1.740432935548597e-07,4.646410900477349e-07,1.0860835573112126e-05,12,12
0.00271208886988461,0.0023775193840265274,0.256376713514328,5.586563474935247e-06,0.0011097575770691037,0.0016882845666259527,0.0003820577112492174,5.51015546079725e-05,2.991879591718316e-05,0.003138394560664892,0.0035636392422020435,0.0008029808523133397,0.0499739907681942,0.0001940203655976802,0.001972844824194908,0.1878267079591751,0.0033985550981014967,0.3316231667995453,0.00042570187360979617,0.15212178230285645,0.00011912496847799048,9.111781400861219e-05,1.0902042959060054e-05,2,17
0.005082567222416401,3.5052655675826827e-06,1.2582358976942487e-05,3.7885329220443964e-05,1.058236102835508e-05,0.8222401142120361,2.2708716642227955e-05,3.9272337744478136e-05,0.0006165947415865958,0.03966783732175827,0.1273842602968216,2.6623902158462442e-05,0.001701448461972177,0.0005475403741002083,0.00021231416030786932,0.00016191290342248976,1.377463547669322e-07,0.0018549524247646332,0.00033594551496207714,3.479578299447894e-05,1.6181286355276825e-06,1.2647390121856006e-06,3.4980389500560705e-06,5,5
0.0074028633534908295,6.42947998130694e-05,0.9817035794258118,3.6654165569416364e-07,1.492110072831565e-06,0.001966647105291486,8.397574674745556e-06,9.296177449868992e-05,4.926137989968993e-05,0.0015665802638977766,0.005573912523686886,1.9815415726043284e-06,5.799423888674937e-05,8.559859270462766e-05,2.600660991447512e-06,0.00023242826864589006,1.5046312910271809e-05,0.0003960341855417937,0.00027323426911607385,0.000445613288320601,2.3140963094192557e-05,3.583175202948041e-05,1.6093501642444608e-07,2,2
0.00037457532016560435,0.00012691777374129742,0.10673416405916214,3.456564445514232e-05,1.4423746506508905e-05,8.438419899903238e-05,7.415261279675178e-06,4.130333309149137e-06,4.496142082643928e-06,6.895357273606351e-06,1.6472466086270288e-05,6.970312682597068e-08,9.824444714467973e-05,1.703358611848671e-05,1.0253476830257569e-05,6.059130100766197e-06,0.8856639862060547,0.004695380572229624,0.001065773074515164,0.0008047118317335844,0.0002071671187877655,2.0085750293219462e-05,2.7853595838678302e-06,2,16
1.9621343483322562e-07,0.9990109205245972,4.42620766705204e-08,1.7440436295146355e-07,1.4762631395104364e-10,2.43933406807173e-09,1.4658914970766546e-08,1.191040519188391e-05,7.081712283252273e-08,6.2160143698974935e-09,0.0003143315843772143,3.7777579675601913e-11,1.322691822736033e-08,2.4359971817489168e-08,7.133913459966834e-10,5.4901800439211e-08,4.456209179437565e-09,1.1280787930445513e-06,1.9746004831233677e-09,5.147289812157396e-07,1.994139893213287e-07,0.0006604302325285971,1.0941015204934956e-08,1,1
0.00010944026871584356,1.7741316696628928e-05,0.0003233879106119275,4.562010144582018e-05,0.09347221255302429,0.6356604099273682,3.390501603917073e-07,0.0001043532756739296,0.002559463493525982,0.000242960435571149,0.009903676807880402,4.8346038965974e-05,0.0018594078719615936,0.021157830953598022,0.0021420675329864025,5.524809239432216e-05,8.703560524736531e-06,0.21872051060199738,0.00029532588087022305,0.013129796832799911,0.00011850197915919125,5.818750992148125e-07,2.395314004388638e-05,17,5
6.0099023357906844e-06,1.1553100875971722e-07,1.639714497514433e-08,1.9887880625901744e-05,3.841509142038513e-12,3.161440531584958e-08,1.516692833547495e-07,0.9998782873153687,1.619044240896983e-07,3.189838935213629e-06,8.340594649780542e-05,2.9661324507657127e-09,3.865352127263577e-08,3.1011534247227246e-06,5.834395633286249e-09,4.346069545135833e-06,1.0682048127985677e-11,2.8301388965701335e-07,2.6006674591627643e-09,5.85143595799309e-07,2.616165062363507e-09,4.238384008203866e-07,2.519028985403793e-09,7,7
0.18135857582092285,1.1858011930598877e-05,0.00047810017713345587,1.8087094986185548e-06,0.008495388552546501,0.0019085953244939446,6.206710531841964e-05,5.185248301131651e-05,0.0007394613930955529,0.013893974013626575,0.0021438654512166977,0.04885600879788399,6.128967652330175e-05,0.013587900437414646,0.04080134257674217,0.6872116923332214,1.876410465229128e-06,0.0002654564450494945,3.546944208210334e-05,2.9653387173311785e-05,8.468265377814532e-07,1.4261424894357333e-06,1.5208537433863967e-06,0,15
1.7551441487739794e-05,9.92708228295669e-05,9.735493222251534e-05,0.0004842599737457931,9.028730346472003e-06,8.026168870856054e-06,5.120167770655826e-06,5.089058686280623e-05,1.024335347210581e-06,0.0002938451652880758,9.37345830607228e-05,1.2929943977724179e-06,0.08701539039611816,9.561263141222298e-06,0.0012101558968424797,0.002323493594303727,0.0002189957449445501,0.022225189954042435,7.173437916208059e-05,0.8841413855552673,9.126989425567444e-06,2.527007382013835e-05,0.0015882287407293916,19,19
9.343919060711414e-08,6.680434694317228e-08,1.6519135215276037e-07,4.980218459849084e-09,3.4306552265661594e-07,1.9192318632121896e-06,2.600625825799341e-10,1.4911020684849063e-07,4.905497874574394e-08,1.0263300431745392e-08,4.68055283420199e-09,6.643340988432556e-09,0.00021248357370495796,2.6120235929738556e-07,3.802950132580918e-08,7.792586842469973e-08,7.243329491757322e-07,0.9990925788879395,2.106164576076708e-09,0.0006907913484610617,1.3406972421137198e-08,6.770493943264455e-09,3.41438095574631e-07,17,17
4.839787948185403e-07,1.2761800007865531e-06,7.975052795927695e-08,2.136949660780374e-05,9.153830615105107e-05,0.0037126406095921993,6.977222142268147e-07,5.522784931599745e-07,1.4539871528995718e-07,0.0012584375217556953,3.621458017732948e-05,1.0415256838314235e-05,3.1876676075626165e-05,3.3973226436501136e-06,9.882191807264462e-05,1.6715210222173482e-05,1.716222072900564e-06,3.272900721640326e-05,0.994149923324585,1.3150583072274458e-05,8.937885240811738e-07,1.4203969556092488e-08,0.0005169776850380003,22,18
9.215869067702442e-05,1.3306328582984861e-05,3.2920635817390576e-07,1.1817818631243426e-05,1.2833113032684196e-05,0.12293041497468948,0.0031692488119006157,0.0036735713947564363,0.011899244971573353,0.41252729296684265,0.43906015157699585,0.0002912560012191534,0.00013963418314233422,2.605029112601187e-05,0.0008952867356128991,0.0001511768641648814,2.3558716293337056e-06,1.0742343874881044e-05,7.975129847181961e-05,8.399401849601418e-06,0.0004615327634382993,7.059430799927213e-07,0.004542831797152758,6,10
0.01587149128317833,4.76629902550485e-05,0.00017887409194372594,5.332404907676391e-05,2.2453374981523666e-07,0.025190576910972595,7.236860255943611e-06,0.0008514993824064732,0.00029774970607832074,0.05058719217777252,0.8105244040489197,3.599731826398056e-06,0.03041958250105381,0.00012889690697193146,2.1390291294665076e-05,0.00023394367599394172,3.021769407496322e-05,0.003550711553543806,0.052236996591091156,0.008010322228074074,0.00023421111109200865,0.0010253387736156583,0.0004946883418597281,0,10
0.9609906077384949,0.0001452295546187088,9.736113497638144e-06,6.049817784514744e-06,9.34917843551375e-05,0.02170705981552601,5.410089443103061e-07,1.4001242561789695e-05,0.0013959379866719246,0.00012075209087925032,0.007367326878011227,0.00021361088147386909,4.229590194881894e-05,0.002114378847181797,7.528925834776601e-06,8.50130309117958e-05,1.919189526233822e-05,0.00022292403446044773,0.004873380530625582,3.1774277431395603e-06,4.3446671043056995e-05,0.00043412213562987745,9.014068928081542e-05,0,0
8.445694810177429e-09,1.1671041910688018e-08,1.3146599364688427e-09,4.792308327949968e-09,4.697156205657471e-11,3.6314121848457503e-11,0.9999982118606567,5.394196023189579e-08,3.873770193507653e-09,4.7808619285660825e-08,1.7557391629452468e-06,2.6782803752567474e-10,2.4847918861370388e-11,4.4168348978246286e-09,7.0557941711513195e-09,7.119381195686003e-10,3.4853345903806954e-11,1.4720030749870716e-10,2.4371546447632397e-11,9.832005348764383e-11,1.605860409925608e-11,2.2210553396462274e-09,4.914671447586727e-10,6,6
0.023422187194228172,1.2020921531075146e-05,0.000541473098564893,4.09117856179364e-05,0.00016210981993936002,0.0026089062448590994,0.00019579209038056433,0.0009509258670732379,0.00013628765009343624,0.29323533177375793,0.00034853818942792714,0.005986594595015049,0.00016203493578359485,0.3341728746891022,0.004828617908060551,0.3326866030693054,1.0821573823704966e-06,0.0003341236151754856,4.463818549993448e-05,0.000122848417959176,2.3419247554556932e-06,2.0676638996519614e-06,1.7222237147507258e-06,9,13
0.7952699065208435,7.3958422035502736e-06,0.000257647770922631,5.799897166980372e-07,8.888491720426828e-05,0.00046133584692142904,7.429088327626232e-06,9.034476533997804e-05,0.00011271254334133118,0.002245980780571699,0.00013796296843793243,0.004395077470690012,4.852757410844788e-05,0.0014832756714895368,0.0002600720035843551,0.195033460855484,5.293098865877255e-07,5.901945041841827e-05,1.6672336641931906e-05,6.352751370286569e-06,1.0591655836833525e-06,1.5432777217938565e-05,1.780676086582389e-07,11,0
1.9255729057476856e-05,0.0028441776521503925,0.012754447758197784,0.00023727986263111234,4.0730452610659995e-07,5.46300782389153e-07,1.1643036486930214e-05,0.0007444159709848464,9.431686521566007e-06,2.6656258341972716e-05,5.2317594963824376e-05,1.703321288459847e-07,0.03515542671084404,2.8389231374603696e-06,0.0001256834075320512,0.002479822840541601,0.00048444324056617916,0.011086806654930115,8.374699405067076e-07,0.9317073225975037,0.0004670096968766302,0.0006876539555378258,0.0011014053598046303,19,19
0.846065878868103,1.0326435585739091e-05,0.00016882493218872696,6.727483651047805e-06,1.9801329472102225e-05,0.03686334565281868,2.442248114675749e-05,0.0008217797731049359,0.00021333615586627275,0.012558801099658012,0.028503084555268288,0.0003295419446658343,6.0880897763126995e-06,0.02006569132208824,0.000190269885933958,0.0532323382794857,1.6244345033555874e-06,3.3003838325385004e-05,0.0006957755540497601,9.916195267578587e-06,0.00017280312022194266,6.491612111858558e-06,1.7792454798382096e-07,0,0
1.024061702992185e-06,0.9998598098754883,4.942442615174514e-07,7.507866826017562e-07,1.535195415236501e-09,1.340261235327489e-08,8.432169806837919e-08,1.2990710274607409e-05,2.910857688220858e-08,2.498929063676769e-07,1.0262418754791724e-06,1.7751063952076152e-09,4.5246093804962584e-07,1.8751872943312264e-08,1.8107881416540295e-08,2.766516047358891e-07,5.036173078565298e-08,3.0776029689150164e-06,3.963943981943885e-07,3.247429731345619e-06,5.583066808867443e-07,0.00011463404371170327,8.229540071624797e-07,1,1
0.003929432015866041,0.6090801954269409,2.872030199796427e-05,0.0003741133841685951,1.4241511507862015e-06,0.0007629081956110895,0.014574500732123852,0.007808804512023926,0.0007945754914544523,0.0005598374409601092,0.0014297033194452524,9.520262551632186e-07,0.20196373760700226,6.151528941700235e-05,7.389374786725966e-06,0.00024319725343957543,0.0021444763988256454,0.011004410684108734,0.0002934657677542418,0.12022650986909866,0.010971046052873135,0.0031210072338581085,0.010618099942803383,17,1
0.004349072463810444,3.1886699503047566e-08,1.9296220443720813e-07,1.2312344779275008e-06,6.5310623540426604e-06,0.015638582408428192,3.562564234016463e-05,2.7232646971242502e-05,0.00021201983327046037,0.8324429988861084,0.1457856297492981,0.0005110143101774156,2.1797225144837284e-06,0.00014155672397464514,5.891229011467658e-05,0.000638660101685673,6.055809187444083e-09,8.245472713497293e-07,0.0001395154104102403,5.73037937101617e-08,1.0732397726087584e-07,1.0372968262117865e-08,7.993589861143846e-06,9,9
8.241027558142378e-07,0.0006660956423729658,5.330213070919854e-07,2.167517232010141e-05,1.8555329717173663e-08,0.00011968050239374861,1.4317323326906717e-08,5.9765108744613826e-05,1.1490028555272147e-06,6.823241847087047e-07,0.0002686488442122936,8.351241120863051e-08,1.762738793331664e-05,1.6146492498592124e-06,2.5039871616172604e-06,6.846025371487485e-06,0.0002665960928425193,7.094562170095742e-05,0.0034963979851454496,0.00029075000202283263,0.002355505246669054,0.992335855960846,1.6341335140168667e-05,21,21
0.00013199956447351724,0.009617140516638756,0.001295165391638875,0.0005678595043718815,2.1582854614621283e-08,1.2314723107920145e-06,1.373931718262611e-05,0.003868220839649439,9.861347507467144e-07,1.9371997041162103e-05,0.00022274046204984188,2.7238725053280177e-08,0.009616856463253498,1.3713345651922282e-05,4.4758070316675003e-07,5.59841028007213e-05,0.00020232240785844624,0.026553675532341003,0.00019114113820251077,0.9395444393157959,0.0001978864602278918,0.0077375080436468124,0.00014753321011085063,17,19
2.2312037799565587e-06,8.580778967370861e-07,3.030761064337639e-08,8.907150004233699e-07,3.516093016742161e-08,9.068002691492438e-05,4.445995571700223e-08,2.059185590042034e-06,6.786837758454567e-08,3.907370046363212e-05,1.384745360155648e-06,1.6121730084250885e-07,0.9941897392272949,1.4742337270945427e-06,9.560498028804432e-07,0.0007104282267391682,1.6478111319884192e-07,0.000664841674733907,2.8508397917903494e-06,0.0042874799109995365,2.577613997800654e-07,2.4138896606018534e-06,1.9531169073161436e-06,12,12
3.976020525442436e-05,0.00033956143306568265,9.574956493452191e-06,1.3130557817930821e-05,2.5426431875530398e-06,0.0034978308249264956,1.529668907096493e-06,0.0004942500963807106,3.631979780038819e-05,0.00022801804880145937,0.21717782318592072,1.6980451391646056e-06,0.0513751320540905,5.935161971137859e-05,2.4044788915489335e-06,8.897820225683972e-05,1.0744551218522247e-05,0.6499239802360535,6.867334150228999e-07,0.07636436074972153,6.765141733922064e-05,9.812790813157335e-05,0.00016649655299261212,17,17
0.00010223977733403444,6.070393965273979e-08,5.10637073602993e-06,1.1331474070175318e-07,2.7967585083388258e-06,6.981625574553618e-06,2.0206714452797314e-06,3.705442168211448e-06,8.862788490660023e-06,0.0019132819725200534,0.00017992648645304143,0.00660214526578784,4.570825495875397e-08,0.00016780976147856563,8.807107951724902e-05,0.9909155964851379,2.4252966301929746e-09,4.687601062869362e-07,6.86864439103374e-07,6.320475165466632e-08,1.5055247049033937e-09,1.4015787641596944e-08,9.639443909748024e-09,13,15
3.752450652427797e-07,0.00012365180009510368,2.3924088964122348e-05,4.5488047817343613e-07,2.3921029423945583e-07,2.3146338179458326e-08,5.0670841744704376e-08,7.96886467924196e-07,1.7347284497759574e-08,4.546499354773914e-08,8.956815804594953e-07,1.8709820359674723e-09,0.0007627836312167346,8.58168718309571e-08,6.271324650697352e-07,1.1407498277549166e-05,0.0002980029967147857,0.0012131992261856794,6.865277413226067e-08,0.9975152015686035,6.414080871763872e-06,3.948468656744808e-05,2.183730202887091e-06,19,19
0.22499747574329376,0.002808262361213565,0.07478699088096619,0.00024311924062203616,0.018813639879226685,0.002529911696910858,0.0018720526713877916,0.0008319797343574464,0.0002979134442284703,0.04709195718169212,0.023128613829612732,0.0004966412670910358,0.0070703779347240925,0.009222953580319881,0.019426923245191574,0.5263487100601196,0.00019856008293572813,0.018901918083429337,0.00041313518886454403,0.020206602290272713,3.26333029079251e-05,0.00024119782028719783,3.833224764093757e-05,9,15
0.007024768739938736,0.8139476776123047,0.0011874109040945768,0.0005532531649805605,5.8180805353913456e-05,0.0002849919255822897,0.0002283314533997327,0.0003905111807398498,0.00012966048961970955,0.0023227499332278967,0.0354936383664608,7.606121016578982e-06,0.016131294891238213,0.00023253953258972615,0.005155519582331181,0.021375706419348717,0.00031362060690298676,0.032278500497341156,0.0016476851888000965,0.043716344982385635,0.00014254958659876138,0.014949038624763489,0.0024285379331558943,10,1
0.9953303337097168,2.402710777005268e-07,1.4335023479361553e-06,3.7583340883884375e-09,3.5553312045522034e-05,1.281614549952792e-05,2.2324464055145654e-07,7.34783398570471e-08,3.3267842809436843e-06,0.0010322113521397114,1.4983192158979364e-05,0.00319925369694829,9.164502046132839e-08,0.0003285735147073865,5.051132575317752e-06,2.8357739211060107e-05,2.139336885420562e-08,1.679643730767566e-07,7.286642357939854e-06,2.699081624868427e-09,7.783071964695409e-10,1.2188760223352801e-08,1.4239698309381765e-08,0,0
0.0003147906973026693,1.499792870163219e-05,2.9533168344642036e-05,4.160042266221353e-08,0.01583246700465679,0.9508726596832275,1.0647200099356269e-07,6.7983892222400755e-06,0.0030997844878584146,0.0002814949257299304,0.00198808079585433,0.0008432104368694127,0.0007258832338266075,8.119235644699074e-06,0.00018968373478855938,4.9575672164792195e-05,0.000419298856286332,0.009464061819016933,7.266723969223676e-06,1.1323438229737803e-05,0.015654463320970535,2.5874398943415144e-06,0.0001837287563830614,4,5
0.007009887136518955,0.004683327861130238,0.0381866954267025,0.0009134240681305528,0.00012313468323554844,0.012397298589348793,0.00028737832326442003,0.0002809803409036249,0.0001235905656358227,0.0020280967000871897,0.0015423507429659367,7.229955826915102e-06,0.5580357313156128,0.00028671955806203187,0.0005237280856817961,0.001525490079075098,0.03127070516347885,0.1946648806333542,0.013197838328778744,0.12922638654708862,0.00044944125693291426,0.00040953399729914963,0.002826122799888253,12,12
0.0008107904577627778,0.5816336274147034,1.8622011339175515e-05,5.9350186347728595e-05,1.7633855975418555e-07,1.9385501218494028e-05,1.5027178505988559e-06,0.001021983684040606,1.2182334103272296e-05,5.959750978945522e-06,0.002746060723438859,4.287741717234894e-08,0.0010369520168751478,2.800238974032254e-07,5.227273504715413e-06,0.0002492933417670429,7.668343459954485e-05,0.00048775551840662956,0.00016387784853577614,0.0023277392610907555,0.00030438703834079206,0.40897247195243835,4.567567157209851e-05,21,1
1.7888805814436637e-06,0.014764835126698017,5.333302397048101e-06,0.0003089962701778859,1.1742230299205403e-08,3.992617223502748e-07,1.0886058589676395e-05,0.00019786928896792233,1.1668911383821978e-06,0.0001329245133092627,0.0006207332480698824,1.1488395124104045e-08,0.011689506471157074,4.927215968564269e-07,3.908950020559132e-05,0.0004922020016238093,4.581821121973917e-05,0.0007741817971691489,0.00010336416744394228,0.9678851962089539,7.542167440988123e-05,0.001512800226919353,0.0013369385851547122,19,19
0.016584787517786026,0.00011189233919139951,0.4879891574382782,4.4805233301303815e-06,0.00023828902340028435,0.0001002024146146141,2.4048877094173804e-05,5.325355232344009e-05,2.1340105377021246e-05,0.0006725215935148299,0.0026995374355465174,5.196769961912651e-06,0.001091602025553584,0.0003234154137317091,1.210533082485199e-05,0.0010762475430965424,5.0577095862536225e-06,0.001471234718337655,1.818615783122368e-05,0.48748308420181274,4.076031927979784e-06,9.88588908512611e-06,3.681213343043055e-07,2,2
2.501327617210336e-05,0.00010866329830605537,2.2656780856777914e-05,0.0002804500109050423,0.00016025948571041226,3.123311216768343e-06,0.00014368047413881868,0.0001504655956523493,7.947110134409741e-07,0.0016473133582621813,0.0014430275186896324,6.687378481728956e-05,0.02228010632097721,0.00022824150801170617,0.0006940182647667825,0.7874115109443665,1.2814150977646932e-05,0.00541141489520669,8.860714615366305e-07,0.17988388240337372,4.175404683337547e-06,2.558690766818472e-06,1.8117976651410572e-05,17,15
0.000910392205696553,2.638608691540867e-07,1.0873493920371402e-05,2.475292433246068e-07,9.008568895296776e-07,0.00012636958854272962,1.2322563634370454e-05,6.174988084239885e-05,0.9978589415550232,0.0002064299478661269,0.000586477282922715,8.481131953885779e-05,1.2786496483840892e-07,8.618576976004988e-05,1.4443163536270731e-06,5.052428969065659e-05,4.877650638945852e-08,6.933091754035559e-07,4.1814438134224474e-08,3.539030899446516e-07,3.486307207367645e-07,1.4613044641009765e-07,3.592904818106035e-07,8,8
9.735160801938036e-07,2.375771828155848e-06,8.337593015994571e-08,1.3911701444158098e-06,1.396991855528995e-08,1.1773566257033963e-05,8.987116189018707e-07,2.6205232643405907e-05,0.00017052891780622303,2.8171922167530283e-05,0.9997115731239319,1.9066956014057723e-08,1.305295853626376e-07,2.9509814680750424e-07,8.96272240424878e-07,3.767921953112818e-05,4.0705078419023266e-08,1.5627135780960089e-06,5.6535295556159326e-08,9.316930800196133e-07,1.4295159189714468e-07,7.592814768031531e-07,3.3966448427236173e-06,10,10
6.292938633123413e-05,4.7411411685516214e-08,6.284925007093989e-07,2.834738843660034e-08,6.684028448944446e-06,0.9934979677200317,1.3389069408731302e-06,2.2839901703264331e-07,2.882377202695352e-06,0.0016993512399494648,0.0006512564141303301,0.0009148168028332293,1.104923285311088e-06,0.0003255308838561177,2.2842223188490607e-06,4.400525313030812e-07,3.858823660607413e-08,4.9235559345106594e-06,0.0028265679720789194,1.864635557069505e-08,1.1920249676222738e-07,2.4602579529187096e-08,7.625632179042441e-07,5,5
0.7732576727867126,3.36241428158246e-05,0.00017021606618072838,4.916785655950662e-06,0.005155363120138645,0.07079342007637024,3.399289562366903e-05,3.124379873042926e-05,0.0006992925773374736,0.029188554733991623,0.0037343865260481834,0.08330763876438141,0.0003433124802540988,0.0025188210420310497,0.0007171809556894004,0.026412755250930786,5.168306961422786e-05,0.00025621146778576076,0.0031241702381521463,2.5091167117352597e-05,5.233197953202762e-06,9.45736337598646e-06,0.00012569487444125116,11,0
0.9979137778282166,4.0980172144600147e-08,1.0994740478054155e-05,2.0510232401349526e-10,1.9826142306555994e-05,2.7532671083463356e-05,4.664514108299045e-08,3.0519223059854994e-07,0.0002218757726950571,1.9661294572870247e-05,8.749439439270645e-05,0.0015957469586282969,2.745607901033509e-07,2.3165584934758954e-05,3.862248831865145e-06,7.423698116326705e-05,1.8384570310558956e-08,8.406569236285577e-07,2.6426297949910804e-07,3.129325776285441e-08,2.3488315292752304e-08,1.682166228533788e-08,4.731519176459642e-09,0,0
0.9999687671661377,2.276968729120199e-07,2.638905129970226e-07,9.330847206001636e-10,1.296480968449032e-05,2.316195150342537e-06,1.0118233362277351e-08,5.2526281990594725e-08,1.8289407535121427e-06,7.151143677219807e-07,1.475467286127241e-07,5.434208105725702e-06,7.010691405184843e-08,5.149849584995536e-06,7.441989424705753e-08,5.449120408229646e-07,3.6575391959559056e-07,5.119038064549386e-07,5.966110165900318e-07,4.1689980356807155e-09,2.9873579165951014e-09,3.256203839896443e-08,4.1332757660939023e-08,0,0
0.005234214011579752,0.000401375989895314,8.327862451551482e-05,0.011139831505715847,1.7950685560208512e-06,0.0030868714675307274,0.0005011248867958784,0.5372126698493958,0.0008536306559108198,0.0065504745580255985,0.03878672793507576,2.294536716362927e-05,0.2294689267873764,0.0002768039412330836,0.00025162193924188614,0.0027832654304802418,4.3098294554511085e-05,0.1171429231762886,0.003294390393421054,0.03243183344602585,0.0002522463910281658,0.0002164245379390195,0.009963552467525005,12,7
6.805511265639552e-09,0.00022530303976964206,2.7971735150345012e-08,2.530434750624977e-09,7.35524575273816e-12,5.012674275661766e-09,7.46170399773538e-12,6.812489061758242e-08,4.0764006059568203e-10,9.420345753463621e-11,3.947621678435098e-07,3.680016014140364e-11,5.184428175653011e-08,3.5048930424608216e-10,3.2722766163395534e-10,4.617198712253412e-08,3.9676383067899224e-08,1.7522144446502352e-07,1.5402687836285622e-07,1.0445369298395235e-06,2.1444056983455084e-06,0.9997705817222595,5.416848636308202e-10,21,21
9.133852008069709e-10,1.0754151702485615e-07,4.0231612485897017e-10,7.310595151466259e-08,3.0935262684828047e-10,1.443714836568688e-07,3.6732189512278524e-10,2.0427293634384114e-08,1.743794830755263e-10,2.077840299818945e-08,1.0289921803519064e-08,3.144194973825343e-11,0.9998821020126343,4.2843403824655013e-10,1.6183966167204744e-08,9.919034482663847e-10,8.625511327409185e-08,2.022725766437361e-06,2.970327841467224e-07,0.00010045174713013694,5.553193886953522e-07,4.86908675156883e-07,1.3624933671962935e-05,12,12
1.3204931592625258e-09,6.654915507553483e-11,1.4146330773456839e-09,4.429877853429076e-10,2.908570953530365e-11,6.693385429246135e-11,2.433780732502555e-09,2.480415206562725e-09,1.6897757498801624e-11,1.0357798601035029e-06,3.0991299126981176e-07,2.168708945760045e-08,7.420018072190615e-11,5.0028128306678354e-09,1.0155857665949952e-07,0.9999985694885254,5.365933934166345e-13,5.0349335811716855e-11,9.093034658569366e-11,1.0731786570516988e-09,4.2497633016835845e-12,9.467025774423377e-11,2.1824436789025237e-12,15,15
0.08505731076002121,1.5101393557870324e-07,8.449003985333547e-07,2.61093958897618e-07,0.0005446801660582423,0.5417769551277161,5.288792181090685e-06,1.1417088217058335e-06,0.0001705372560536489,0.11582999676465988,0.0012769345194101334,0.25334280729293823,4.392734990688041e-05,0.000884901499375701,4.251093196216971e-05,3.400984496693127e-05,1.4725623032063595e-07,1.416265695297625e-05,0.0009358276147395372,6.497091931123578e-08,1.939800853278939e-07,7.587377126583306e-08,3.7397527194116265e-05,0,5
0.00045056635281071067,1.5345769952546107e-06,2.590641372535174e-07,1.6911020793486387e-05,0.00010488306725164875,0.11169452220201492,8.822286872600671e-06,3.78737022401765e-05,1.3247610695543699e-05,0.01316850259900093,0.0004465903912205249,0.00011436246859375387,0.1857515126466751,2.524516276025679e-05,1.7716682123136707e-05,1.8671322550289915e-06,5.546221655094996e-05,0.003558024065569043,0.002654560375958681,3.19850878440775e-05,0.0003378048713784665,7.912613853022776e-08,0.6815077066421509,12,22
1.802930995609131e-07,2.3585546387039358e-06,1.1921505347345374e-06,2.7569458325160667e-06,2.536457714086282e-06,8.204372534237336e-06,6.083255676969657e-09,1.1705749329848913e-06,2.6844421796567985e-08,2.967962927868939e-06,2.2679390099256125e-07,3.3549415690004025e-08,0.019854526966810226,2.2839499251858797e-06,1.1250306670262944e-05,9.005955689644907e-06,1.0037636457127519e-05,0.9481948614120483,1.517734403932991e-06,0.03188091889023781,1.0691220495573361e-06,4.32130832450639e-07,1.2382834029267542e-05,17,17
0.9596079587936401,2.57010754012299e-07,0.00010248069884255528,3.907204245479079e-06,2.980186195600254e-07,0.0002139601856470108,3.6506185097096022e-06,0.02121676504611969,0.00017449153529014438,0.00019220738613512367,2.045887777057942e-05,7.555624324595556e-05,3.5998525618197164e-06,0.01826421357691288,2.432803512419923e-06,8.267320663435385e-05,7.293076720316094e-08,7.978346729942132e-06,2.0721824967040448e-07,1.4617298802477308e-05,9.56702479015803e-06,2.691494501050329e-06,1.5450770662894797e-09,0,0
0.004896743688732386,0.959126889705658,3.911055955541087e-06,0.0002776278415694833,3.955288775614463e-05,0.00046176594332791865,0.00451619690284133,0.0049140737392008305,9.437851258553565e-05,0.008253442123532295,0.001095662242732942,9.671781299402937e-06,0.0017596103716641665,8.226519275922328e-05,4.984734914614819e-06,0.0024736488703638315,0.00013506713730748743,0.005071393214166164,0.0006315960781648755,0.0007660467526875436,0.0001190571638289839,0.0007012241403572261,0.0045651462860405445,9,1
1.2361923928949636e-08,0.9999791383743286,1.099286794925547e-08,3.1097576425054285e-07,1.840089886018248e-10,1.420892625780823e-09,4.1631867730984595e-08,8.949628949039834e-08,8.576612753330437e-10,4.3576847019721754e-08,1.894011489866898e-07,5.738962430279493e-11,4.721757917991454e-08,3.710342255658361e-09,3.0979674381370614e-09,3.686944083369781e-08,1.4855261021295973e-08,2.752308887465915e-07,7.173009208827352e-08,2.2301207991404226e-07,8.355789837821703e-09,1.952975071617402e-05,2.137447694394723e-07,1,1
1.4842947315685251e-08,2.0416113329702057e-05,1.6054495510786637e-09,1.057450571551044e-08,1.761561274453427e-12,4.11448786152846e-09,1.843598407616498e-12,9.201551876003577e-08,8.109203863959635e-10,1.930219178936099e-11,6.747205816282076e-08,1.85641432781658e-12,7.139323354721228e-09,1.0286872048625995e-10,5.5597335762991307e-11,1.7501537996622574e-09,2.346830818567014e-08,5.4631343893163375e-09,1.1009980482867832e-07,1.6052352691531269e-07,1.3385429156187456e-06,0.999977707862854,3.7415828768594395e-10,21,21
0.0003148630494251847,1.5352641639765352e-05,1.6383460206270684e-06,0.00018450432980898768,7.534900419159385e-07,0.002714642323553562,0.0004295739345252514,5.5835880630183965e-05,4.677777178585529e-05,0.9722687005996704,0.00528654595836997,2.5876732252072543e-05,0.007994087412953377,2.8219739760970697e-05,3.1933028367348015e-05,0.00020161921565886587,2.047702309937449e-06,3.0702929507242516e-05,0.002506962511688471,1.6260793927358463e-05,7.173435392360261e-07,2.526965374727297e-07,0.00784215610474348,12,9
0.0005116099491715431,0.022138437256217003,1.244471968675498e-05,0.0001663477160036564,0.00020360252528917044,7.821691724529956e-06,3.94521748603438e-06,3.625932777140406e-06,7.819718916834972e-07,3.3847874192360905e-07,5.1941839046776295e-05,2.725814773896218e-08,0.021314704790711403,9.858112207439262e-06,1.9687383883137954e-06,5.861462796019623e-06,0.050076715648174286,0.0005303975194692612,0.00044328393414616585,0.8919276595115662,0.00019680756668094546,0.012290935963392258,0.00010098875645780936,18,19
2.6860234925152326e-07,2.364086321904324e-05,2.986204435728723e-06,1.399288294123835e-06,9.833732406150375e-08,1.5185639412607088e-08,1.3590623382242484e-07,8.170114256245142e-07,1.3628997486136996e-08,4.370655304342108e-08,4.5200599743111525e-06,4.2496303698236204e-10,0.0002786455152090639,1.850709452355659e-07,1.7038449584561022e-07,1.736135914143233e-06,1.2732629329548217e-05,0.0007720617577433586,4.0500594877812546e-08,0.9988930821418762,4.0295734038409137e-07,6.544340521941194e-06,5.166776873011258e-07,19,19
5.137292369283841e-09,9.069564299579724e-08,6.213318215486652e-08,9.291870384231515e-08,9.690610340840067e-07,3.103275858507004e-08,2.2627724693968787e-10,9.046844695603795e-08,2.8163449350415704e-10,5.1126519906574686e-08,4.1570382691702434e-09,4.524608243627881e-09,0.0009025491308420897,8.02417616796447e-08,1.3061212484899443e-06,7.2315283432544675e-06,1.3991849812100554e-07,0.0006015898543410003,7.504543653169549e-09,0.9984856247901917,1.934250626334233e-08,1.2600125387507433e-08,2.5035729045441713e-09,19,19
4.8186816314910175e-08,3.33058522983265e-08,5.1756177121831115e-09,1.124833985954865e-07,2.8751812042315805e-09,1.8992910781889805e-06,2.5790514168733125e-09,1.8149295399894072e-08,5.334079489216492e-08,5.413365897766198e-07,9.325170822194195e-07,1.2401171201048555e-09,1.4352367543324362e-05,2.2499080376547909e-10,3.770802692315556e-08,7.46687212060948e-10,0.00010001939517678693,1.931119442133422e-07,0.0006772748311050236,5.565791525441455e-07,2.338862032047473e-05,1.454447118298674e-09,0.9991806149482727,22,22
0.3999408483505249,2.002930523303803e-05,0.006006170995533466,2.0082370610907674e-06,0.10176335275173187,0.18309874832630157,0.0038379253819584846,5.18897213623859e-05,0.005767251830548048,0.0016559666255488992,0.2625485062599182,0.007607148494571447,0.0006718126242049038,0.011654701083898544,0.0009432794759050012,0.003972580656409264,0.0007283317972905934,0.000845530943479389,0.00016377614520024508,0.008494678884744644,0.00020451021555345505,1.417379917256767e-05,6.7614801082527265e-06,4,0
1.6586240235483274e-05,0.0004970204317942262,1.041664927470265e-05,5.217207785790379e-07,6.096151849988019e-08,3.0036602538530133e-07,0.7554595470428467,3.5982639019493945e-06,5.869899268873269e-07,0.00025956169702112675,0.2436392605304718,3.174105955849882e-08,7.470943273801822e-06,3.078707777603995e-07,1.4702595763083082e-07,2.560721668487531e-06,2.531286781959352e-06,8.279041139758192e-06,2.410073875580565e-06,6.328238214337034e-06,1.5835168198918836e-07,7.622375414939597e-05,6.069086339266505e-06,6,6
0.00013978881179355085,0.28554975986480713,0.00014247591025196016,0.00011116572568425909,1.1402802329030237e-06,0.00013819028390571475,0.005163232330232859,0.002388515742495656,1.271731798624387e-05,0.002740464871749282,0.08177909255027771,1.288775911234552e-05,0.06927771121263504,0.00011859367077704519,0.000729178951587528,0.47937071323394775,1.6808919099275954e-05,0.034085121005773544,0.0001362937910016626,0.027056105434894562,1.5054935829539318e-05,0.010673737153410912,0.0003412230871617794,17,15
0.06747008115053177,5.668322955898475e-06,0.00010955125617329031,3.50814989360515e-05,9.64663104241481e-06,0.001187771325930953,1.40804504553671e-05,0.002138610230758786,0.0007354780100286007,0.0035759967286139727,0.0010039254557341337,0.005151635967195034,1.1790821190515999e-06,0.017808500677347183,0.000999291311018169,0.8994047045707703,6.667213710898068e-06,1.3660352124134079e-05,2.0334347937023267e-05,1.0696325261960737e-05,0.0002304145018570125,6.690573354717344e-05,1.649155194627383e-07,13,15
1.539852547693954e-07,0.0003887666098307818,2.9145749067538418e-06,0.002817611675709486,1.2698568863100945e-09,9.734312023113034e-09,1.5094435639184667e-06,0.00015699294453952461,1.208114071005184e-07,4.5467174913937924e-07,0.00027732475427910686,4.0396611056259246e-10,0.0002477290399838239,3.836150312963582e-07,1.609353944331815e-06,6.820396083639935e-05,8.01493206381565e-06,0.0003624864621087909,1.4935179706299095e-06,0.7847428917884827,1.5746226154078613e-06,0.21091358363628387,6.118776582297869e-06,19,19
0.0001404984504915774,0.012583119794726372,1.7153619410237297e-05,0.00018392242782283574,2.9411901778075844e-05,0.0022884311620146036,5.635448360408191e-06,0.002265815855935216,9.139445319306105e-05,0.0009994407882913947,0.008559201844036579,4.336586789577268e-05,0.09903451800346375,9.004944877233356e-05,0.0011868749279528856,0.017726454883813858,0.00018186324450653046,0.7099571228027344,5.790904106106609e-05,0.14071980118751526,0.00022495117445942014,0.0028910567052662373,0.0007219743565656245,19,17
0.00016871756815817207,0.0003022550663445145,9.175342938760878e-07,5.326493464963278e-06,1.2182503894564434e-07,0.0006512164836749434,2.0159832274657674e-06,7.657945388928056e-06,7.59103045311349e-07,0.0010179548989981413,0.00020875068730674684,4.832133981835796e-07,0.9233956336975098,7.298942250599794e-07,1.1990091479674447e-06,3.632720108726062e-06,0.000226839110837318,7.240608829306439e-05,0.060981813818216324,0.0010624482529237866,5.546270404011011e-05,0.00014864970580674708,0.01168486475944519,12,12
6.219970649645745e-10,3.0928068994739988e-09,1.4067915721227564e-09,8.848804355920947e-08,4.669673536739083e-09,2.9197073203590662e-08,2.2257942017267496e-11,2.5780051704504814e-11,2.885672256702776e-10,3.0745295198642e-11,4.176575474357236e-10,2.523775676291362e-12,1.0000502470575157e-06,1.214254218007138e-11,2.568474877229221e-10,1.0091473663653705e-11,0.9980068802833557,1.5454591562047426e-07,2.994494207086973e-05,1.4819241300756403e-07,0.00032757665030658245,5.418094417564134e-09,0.0016341558657586575,16,16
0.00025708458269946277,5.9208170569036156e-05,1.2482757483667228e-05,7.841922342777252e-05,0.00040539054316468537,0.014958745799958706,8.805659308563918e-05,3.261330130044371e-05,6.45325690129539e-06,0.00031762392609380186,0.0004943073145113885,9.381503332406282e-06,0.019579371437430382,0.00020954715728294104,1.925198193930555e-05,1.1942080163862556e-05,0.00011176296538906172,0.8818694949150085,0.002516181441023946,0.07281084358692169,1.4705828107253183e-05,1.3337448763195425e-06,0.006135744508355856,19,17
2.623672799018095e-07,1.8247739319576795e-07,2.659590592202221e-08,1.4241547496851581e-08,7.224459919186188e-11,4.88384388486196e-10,0.9999696016311646,5.5667214837740175e-08,1.6148339332389128e-09,3.722078872669954e-06,2.619315273477696e-05,2.7718599637793773e-10,6.068426872118948e-10,6.854903755737496e-09,1.0355871715717058e-09,7.345696828586767e-10,4.424311472739362e-10,5.346784681670158e-10,1.6339196662329414e-08,1.0485041723740096e-09,1.1856020332157158e-10,6.701463384217732e-09,6.442088529290402e-10,6,6
5.970644565422845e-07,3.627819023677148e-05,1.2364408803478e-06,4.975224146619439e-05,5.188734064631717e-08,3.838854354398791e-07,1.932564543949411e-07,6.225201650522649e-05,7.550301575065532e-07,1.0094910976476967e-05,0.0008846800774335861,1.3710987012416354e-08,0.0023051993921399117,1.034258161780599e-06,2.2361944502335973e-05,0.004387255292385817,6.764723366359249e-05,0.011566231958568096,6.792880867578788e-06,0.9804486632347107,1.5141948097152635e-05,0.00011106399324489757,2.2425136194215156e-05,19,19
7.907637211701513e-08,3.4445389474058175e-07,1.981466795086817e-07,2.663305131989091e-09,7.485415665087203e-08,7.968346835696138e-07,1.9345905433176824e-10,7.296315374105689e-08,1.6823651804998008e-08,5.1460201433428665e-08,3.653810409787184e-08,1.95791871604456e-09,0.0002659618912730366,3.5268076459260556e-08,1.6643992850617906e-08,1.2697009310613794e-07,2.78045860113707e-07,0.9996531009674072,2.663290032955956e-09,7.83853538450785e-05,1.2708106567060895e-07,1.214884104427938e-08,1.725484395365129e-07,17,17
7.226838505403066e-08,3.718334085078823e-08,5.077217792859301e-07,2.0684675305915334e-08,5.435368279904651e-07,2.46594354393892e-05,3.0989513732926355e-10,6.788184236938832e-08,2.4917986252148694e-07,6.592988910369968e-08,1.0310956213288591e-06,3.531052783500854e-08,7.926521357148886e-05,1.004082832878339e-06,2.2797679832819995e-07,3.6163703498459654e-07,3.071609739890846e-07,0.9997021555900574,1.955608475157078e-08,0.00018890365026891232,3.4942310378482944e-08,1.1519878029275787e-07,2.369473861563165e-07,17,17
2.3862234854732378e-08,1.0311027835996356e-05,8.90412366061355e-09,0.001035377848893404,1.0250030157976653e-08,3.7299184185712875e-08,4.417298171688344e-08,1.0158210272948054e-07,3.732044451254524e-09,1.8885918962041615e-07,6.820186371214731e-08,3.144589588721658e-10,6.7654013946594205e-06,2.4235826678875583e-09,1.9737488088367172e-08,1.0787418069924115e-08,0.713931679725647,5.809793606204039e-07,0.00662555918097496,5.6193475757027045e-06,2.5061452106456272e-05,6.9621482907678e-06,0.27835163474082947,16,16
1.2759007859131088e-06,3.8505925203935476e-07,5.831654603660752e-10,9.335762030104888e-08,4.400622977129842e-09,9.276199125451967e-05,7.681512670387747e-08,1.2816752814615029e-06,4.186251317150891e-06,3.7343048461480066e-05,0.0003018785791937262,1.3716754665438202e-07,9.813472701125647e-08,5.698654437225059e-09,1.7037791621987708e-07,8.592177636046472e-08,1.5236559192999266e-05,2.709108741782984e-07,0.007738051470369101,1.7248444894590875e-09,4.732704837806523e-06,1.9127215367120698e-08,0.991801917552948,22,22
2.0296022640309275e-09,1.2033157190671773e-06,2.236156149137969e-08,1.3815675856676535e-06,5.445606639231659e-12,1.0527635652124445e-08,7.333866847147874e-11,3.067239617848827e-07,2.113618613464041e-09,3.9254782757680573e-10,2.3249565856531262e-05,1.4970956765947285e-11,1.4098419320873745e-08,1.720982939490412e-10,9.542556744790431e-10,9.016450697174605e-09,1.1522723752932507e-07,2.4796884545708053e-08,1.1006243028077733e-07,9.79163473857625e-07,5.323589107320004e-07,0.9999719858169556,3.046032537312726e-09,21,21
0.02369982935488224,2.7118900902678433e-07,7.787436402395542e-07,1.4680772153496946e-07,0.00031204038532450795,0.9418829083442688,6.52505264042702e-07,1.8943541135740816e-06,0.0011804194655269384,0.009769945405423641,0.02183009870350361,0.00047617132076993585,7.269305115187308e-06,0.00048097287071868777,7.027825631666929e-05,0.00013960100477561355,6.387862327983385e-08,2.1339183149393648e-05,0.00012188706023152918,5.8224635779424716e-08,1.3718401703499694e-07,2.7608699326719943e-08,3.1640008728572866e-06,5,5
1.706709554127883e-05,1.9248527678428218e-05,4.495440180107835e-07,0.00011139444541186094,4.255781277606729e-06,0.0005557569093070924,1.3375996843478788e-07,3.6772105431737145e-06,1.235178359593192e-07,0.0002078351390082389,1.655923256294045e-07,2.1667969463123882e-07,0.9723941683769226,1.0277905175826163e-06,1.443582459614845e-05,5.491142474056687e-06,4.523585630522575e-06,0.00022178735525812954,0.0012341516558080912,0.02410157583653927,6.554374067491153e-06,2.8490878776210593e-06,0.00109301065094769,12,12
3.454543318071046e-08,0.9999978542327881,2.0573159531522833e-07,1.3479197313870372e-08,1.8351788144688186e-10,1.2828980100465515e-09,1.5295068322984662e-08,5.195546748382185e-08,6.034030497481524e-10,2.6848802292533946e-08,4.52798190053727e-08,1.929728876692849e-10,5.904043920423874e-09,9.340364925947142e-09,9.622822538801756e-10,4.09994482808429e-09,1.3607055482367514e-09,4.3796312354515976e-08,2.1525362825514094e-08,1.081909672961956e-07,4.282289189916355e-09,1.7317754554824205e-06,7.980526461892623e-09,1,1
5.4760253988206387e-05,5.292695641401224e-05,0.32096466422080994,5.441038410936017e-07,3.589471089071594e-05,0.00019809836521744728,2.182328216804308e-06,0.00010499865311430767,1.9189101294614375e-05,0.00043924988131038845,0.0008165411418303847,0.002835094928741455,9.626189421396703e-05,8.498461829731241e-05,0.0005503703723661602,0.6498813033103943,1.6152172975125723e-05,0.022888870909810066,1.535590854473412e-05,0.0008838506182655692,4.2394614865770563e-05,1.4769674635317642e-05,1.580981233928469e-06,2,15
8.308021278935485e-06,0.00026533473283052444,1.8296159396413714e-05,0.00016492552822455764,8.605811530060237e-08,0.0002886360161937773,5.71313762520731e-07,7.120911322999746e-05,7.446466497640358e-06,2.8599992219824344e-05,0.9483088254928589,1.1117793974335655e-07,0.004484958481043577,4.7679495196462085e-07,1.2647932408071938e-06,8.542033356206957e-06,0.0008734355214983225,0.0008532947977073491,0.0014874517219141126,0.019727617502212524,0.002269415883347392,0.019370781257748604,0.0017603435553610325,16,10
1.0031611097360837e-09,0.023875392973423004,5.0011159657969984e-08,2.329076778551098e-05,2.4148979690941097e-11,2.288527145566377e-10,5.8536224756267075e-09,4.0309341784450226e-06,4.520413821040847e-09,5.547968306984785e-09,0.0011654411209747195,1.0587240285853117e-11,1.756237537620109e-07,3.6789607471554575e-10,1.787302572608951e-08,1.1324274140633861e-07,1.8607158835948212e-06,4.613833084476937e-07,6.00119335558702e-07,4.039121267851442e-05,7.398046818707371e-06,0.9748753309249878,5.4717074817745015e-06,21,21
0.0009256998309865594,6.16532588537666e-06,1.70453804457793e-05,2.9834786801075097e-06,0.6382768750190735,0.21900400519371033,6.288433951340267e-07,4.602342869475251e-06,0.00953400693833828,0.000827931216917932,0.00014272071712184697,0.02789006195962429,0.0003429131174925715,0.0010934775928035378,0.09980283677577972,0.0003193416341673583,6.347832822939381e-05,0.0015033244853839278,2.236563705082517e-05,4.193481436232105e-05,0.00017230580851901323,1.6713722743588733e-06,3.6035703487868886e-06,4,4
0.23067204654216766,1.6436719306511804e-05,0.002776854205876589,7.328863830480259e-06,0.0020263423211872578,0.03430373966693878,4.91179853270296e-05,0.002222215523943305,0.0742875337600708,0.047207802534103394,0.0010314249666407704,0.08144938945770264,0.00019731515203602612,0.1390998363494873,0.005039738491177559,0.3779708743095398,6.0943420976400375e-06,0.0014096132945269346,4.6024826588109136e-05,0.00013415355351753533,2.8195170671097003e-05,1.44862769957399e-05,3.4387419418635545e-06,0,15
0.0002214486594311893,0.012899979017674923,5.968793266220018e-05,2.4392025807173923e-05,8.950384653871879e-06,0.0005809834110550582,2.924950240412727e-05,0.0006078080623410642,0.0002812185266520828,0.00016526560648344457,0.2114832103252411,2.9550881208706414e-07,0.4080636501312256,7.089009272931435e-07,8.916346268961206e-05,0.0013514505699276924,0.01771601103246212,0.16504110395908356,0.0014071449404582381,0.03781644627451897,0.004144007805734873,0.0016908484976738691,0.13631704449653625,16,12
0.059310995042324066,2.6534485186857637e-06,0.00013695316738449037,1.7154578699773992e-06,2.9404698580037802e-05,0.4653562605381012,7.134940824471414e-05,8.236486610257998e-05,0.0013229742180556059,0.3223091959953308,0.14105583727359772,0.0014908300945535302,0.0006128591485321522,0.0030848325695842505,0.00021000007109250873,0.0025913205463439226,2.3377786817491142e-07,9.974270506063476e-05,0.0021987806539982557,1.6256730305030942e-05,3.0961573429522105e-06,1.0831470262928633e-06,1.1230624295421876e-05,10,5
0.001590523635968566,0.0003280442615505308,0.00043826649198308587,2.5218496375600807e-06,1.3917297110310756e-06,1.6673629943397827e-05,0.9555719494819641,1.750161754898727e-05,9.621773642720655e-06,9.910368680721149e-05,0.041600607335567474,3.029379911367869e-07,1.570394670125097e-05,0.0001958990324055776,1.2562867368615116e-07,1.1585410675252206e-06,1.5758216704853112e-06,5.299298572936095e-05,1.3631137107950053e-06,4.763093966175802e-05,7.451382089129766e-07,4.548828655970283e-06,1.6929346884353436e-06,0,6
1.395608364873624e-06,2.307145905433572e-06,1.4437970321523608e-06,0.038994573056697845,1.5702195099720484e-09,1.699088585382924e-07,4.3974989694106625e-07,0.9499668478965759,3.676705091493204e-05,1.3967288396088406e-05,0.010876325890421867,6.642270022894081e-08,3.2520475201636145e-07,3.3050039291993016e-06,1.1540142622834537e-05,4.6539873437723145e-05,2.0012063117746948e-09,7.211051524791401e-06,4.3232713409224743e-08,3.2961608667392284e-05,2.053042749139422e-07,1.5789796634635422e-06,2.0510574358922895e-06,7,7
0.00036140429438091815,1.0579608442640165e-06,2.385744846833404e-05,2.746038205714285e-07,2.1570217541011516e-06,0.0005254040006548166,3.1889296678855317e-06,0.00016852932458277792,0.933459460735321,0.0010568813886493444,0.06322792172431946,0.00011848305439343676,4.22143193645752e-06,3.583658326533623e-05,9.621430945117027e-05,0.0008980300626717508,2.3353047140517447e-07,4.511037332122214e-06,1.4657057363365311e-06,5.621014224743703e-06,2.908378519350663e-06,6.303116037997825e-07,1.7029957462000311e-06,8,8
0.14324700832366943,8.37645416140731e-07,0.002884902525693178,5.358640464692144e-07,0.15357531607151031,0.5029913187026978,8.493896530126221e-06,1.4841221855022013e-05,0.0031515031587332487,0.004396518692374229,0.03446262702345848,0.11159051954746246,0.0013405261561274529,0.029726851731538773,0.0008599329157732427,0.009022588841617107,4.6811295760562643e-05,0.002382167847827077,0.00010156943608308211,0.00018764293054118752,4.683283805206884e-06,8.930475132729043e-07,1.8439284303894965e-06,5,5
0.004823270719498396,3.7293727928044973e-06,0.07014813274145126,9.588504781277152e-07,0.01217998843640089,0.8654500842094421,4.131741661694832e-06,3.2675166039553005e-06,1.2415224773576483e-05,0.0019163584802299738,0.0001428390241926536,0.0017597128171473742,0.004123344086110592,0.0002552748774178326,0.000270623539108783,1.0613067388476338e-05,8.388780406676233e-05,0.03203735500574112,0.006304637528955936,0.0004035494930576533,1.9828481526928954e-05,3.3613491723372135e-07,4.568732765619643e-05,2,5
0.9995831847190857,2.6319497692384175e-07,2.4227553296896076e-08,9.872964668034001e-10,1.1207616807951126e-06,3.2434538297820836e-05,3.0159139896568377e-07,1.184456479563778e-07,3.8999082789814565e-06,2.306182068423368e-05,0.0003440723230596632,3.208753923900076e-06,2.2715173031429003e-07,1.5392848808915005e-06,4.327777247681297e-08,2.0826125819439767e-06,4.1218662261144345e-08,1.3160017431346205e-07,4.2063270484504756e-06,4.921146823377853e-10,1.0392867899611247e-08,2.4403183473964418e-08,1.5461090185908688e-07,0,0
1.70984304492805e-09,1.1481545698188711e-05,6.986512346429663e-08,8.735448631114195e-08,1.6307782901847645e-09,5.57689949776119e-10,8.907276694003485e-09,1.9198029121980653e-07,2.3027318940549435e-10,5.565914396044036e-09,1.6310575574607356e-06,1.607194065333939e-11,4.669285044656135e-05,3.307610185743215e-09,2.3347035416065864e-09,1.5781013473770145e-07,2.5941957915165403e-07,8.583151793573052e-05,1.4117443214445302e-08,0.9998499155044556,4.2469686434287723e-08,3.4043991945509333e-06,1.3931530418176408e-07,19,19
0.0008196168928407133,0.0003359035181347281,0.9391942620277405,1.2234900168550666e-06,1.3406886864686385e-05,0.0009089215309359133,4.451999757293379e-06,1.6525000319234096e-06,8.28873794489482e-07,1.6125928596011363e-05,0.05530180782079697,2.540913897064456e-07,0.00030410251929424703,2.1889616618864238e-05,5.012733481635223e-07,5.753735763391887e-07,1.715686266834382e-05,0.0015242664376273751,0.00014439296501222998,0.0007123186951503158,1.3688325452676509e-05,0.0006614194135181606,1.2112973308830988e-06,2,2
0.5148658752441406,3.910187388100894e-06,0.013392974622547626,4.681251994043123e-06,0.05365869402885437,0.3664698600769043,4.428526881383732e-05,4.03745289077051e-05,0.005396499298512936,0.03118322417140007,0.0006600550259463489,0.0037523324135690928,0.0018791637849062681,0.0029780620243400335,0.0004937322228215635,0.0002207438665209338,0.00029028826975263655,0.0032350998371839523,0.0012329022865742445,6.050100637366995e-05,1.5438625268870965e-05,8.813756267045392e-07,0.00012030088691972196,8,0
5.289693945087492e-07,7.553217074018903e-06,1.1401589672388468e-09,1.7084275327761134e-07,3.7674242198137975e-11,1.3060798664810136e-05,3.6852059182024277e-09,3.1711104497844644e-07,1.5910649153738632e-07,4.896300254131347e-08,3.180141163738881e-07,3.281572791280496e-10,8.195847476599738e-05,1.2593071030408964e-09,1.5420252574838145e-10,5.831109484155661e-10,5.9798323491122574e-05,5.86349779041484e-06,1.2788773346983362e-05,5.46083526842267e-07,1.0935417776636314e-05,4.2301533540012315e-05,0.9997636675834656,22,22
4.5198896259535104e-05,0.00015284480468835682,1.4675794773211237e-05,5.176571721676737e-05,8.203095092085277e-08,5.582995436270721e-05,2.959583298434154e-07,0.001841723802499473,4.49659964942839e-05,1.3330228512131725e-06,0.00016849477833602577,3.8525236334407964e-08,0.007637639995664358,2.23017582356988e-06,6.330732276182971e-07,1.7346388858641149e-07,0.00027996691642329097,0.0011175377294421196,9.841673454502597e-05,0.020018337294459343,0.0018281313823536038,7.180497777881101e-05,0.9665679335594177,22,22
1.6798059732536785e-05,0.01476860512048006,6.0260117606958374e-06,0.0001124112750403583,1.5109144158031995e-08,7.84895576089184e-07,0.001755129429511726,5.306388993631117e-05,4.0796459188641165e-07,0.00017208760255016387,0.9078270792961121,8.656916605787046e-08,0.0001572880573803559,1.1830328503492638e-06,3.0184689876477933e-06,0.0003127867530565709,4.270077988621779e-05,2.8155343898106366e-05,0.011124998331069946,0.003864804981276393,5.242449788056547e-06,0.05958577245473862,0.00016149536531884223,18,10
1.9793517367361346e-06,0.00011819767678389326,2.351689909119159e-05,0.0018019367707893252,3.102860500803217e-05,1.9178763977834024e-05,2.258792619613814e-06,8.473591151414439e-05,1.4315525049823918e-06,0.0003102850168943405,0.02240038476884365,4.345095294411294e-05,0.0005508505273610353,4.6385463065234944e-05,0.038135599344968796,0.20322099328041077,0.00014146356261335313,0.0026961693074554205,9.1209130914649e-06,0.7295969724655151,1.5491939848288894e-05,0.0007207578746601939,2.7873178623849526e-05,19,19
1.9332605916133616e-07,1.3709550330531783e-05,0.0004729046195279807,0.00047052802983671427,5.207487330238791e-09,2.1736398991833994e-07,3.321282093793343e-08,7.037688476430048e-08,4.0145533120039545e-08,5.009104597775149e-07,1.922799356179894e-06,3.223173394850676e-10,6.667033630947117e-06,1.816621164607568e-08,8.053170859056991e-07,1.7529197293697507e-07,0.6437716484069824,5.539166636481241e-07,0.1283167153596878,3.0914343369659036e-05,0.226776123046875,0.0001326050260104239,3.605599431466544e-06,20,16
2.0379650322865928e-06,0.0014470112510025501,6.399005542334635e-06,4.685625754063949e-05,9.833717840024292e-09,4.40286112279864e-06,1.0636136721586809e-05,0.00020895357010886073,7.154304739742656e-07,1.1640430784609634e-05,0.0014735907316207886,1.4888188459849516e-08,0.9733160138130188,9.696109373180661e-07,4.05559688942958e-07,8.324786904267967e-06,1.4341015230456833e-05,0.012307528406381607,1.7336393511868664e-06,0.008715749718248844,2.590403710200917e-05,0.0009407077450305223,0.0014560631243512034,12,12
7.18267711974363e-09,8.829785236308396e-10,2.047324310083809e-09,8.961720254774264e-10,1.3851270130871285e-10,4.553865906586907e-08,6.508455996367957e-09,6.457810286519816e-08,5.899689199395652e-07,3.5535543929654523e-07,0.999998927116394,2.6250686069317908e-09,4.510406492741481e-10,1.521355152966919e-09,6.398002128094049e-09,5.1620762775428375e-08,2.1349819481764065e-11,1.842012986585928e-09,1.5355994253951621e-09,3.874355003485874e-10,7.873035556826835e-10,1.5301787614774298e-09,1.9473875845221755e-09,9,10
4.6089422539807856e-05,6.949141243239865e-05,1.466182766307611e-05,5.801099405289278e-07,2.4584258426330052e-05,0.025012724101543427,7.945164384182135e-07,3.62844584742561e-05,2.637430588947609e-05,0.00018405166338197887,2.3691971364314668e-05,2.0807785858778516e-06,0.0012579028261825442,3.5834773370879702e-06,2.2421461835619994e-05,0.00013402423064690083,1.660134148551151e-05,0.9725545644760132,3.5649006804305827e-06,0.0005175263504497707,2.735089037742e-05,2.399195409452659e-06,1.846776831371244e-05,17,17
4.9953602143659737e-08,1.531795760456589e-06,3.7513827599866545e-09,7.898029252828564e-07,6.791936457695158e-11,2.1146281170558723e-08,0.9867907166481018,2.3132072328735376e-06,9.671566658653319e-08,4.223645737511106e-05,0.01316143199801445,4.5143928595337e-09,1.9933439343589043e-09,1.0805351990939016e-07,1.70891159001485e-08,8.666804163226516e-09,6.216974157702282e-10,2.38936781471466e-09,1.5619369264641136e-07,7.670399426729091e-09,2.4771442674875743e-09,1.2030629648052127e-07,3.608898282436712e-07,6,6
7.388633821392432e-05,8.533246642628001e-08,3.308208761154674e-06,1.0824237506312784e-05,0.2832646071910858,0.0056524937972426414,4.566566644825798e-07,5.070586439614999e-08,2.677936095096811e-07,0.001439397456124425,8.313885700772516e-06,0.004201293457299471,1.8212631403002888e-05,0.0032901915255934,0.6965003609657288,0.004873348865658045,4.187133697541867e-07,1.6466982515339623e-06,0.0006566265365108848,2.8173255941510433e-06,2.2819216383140883e-07,1.128966964358824e-08,1.1997030924248975e-06,4,14
2.1371395320102238e-08,0.016528813168406487,2.046587752602136e-07,0.00010039591870736331,8.062592260493773e-11,1.5334512326603544e-08,2.5947535959858214e-06,0.0002481647243257612,4.1317829158060704e-08,3.2426052598566457e-07,0.0017734511056914926,5.936668379113996e-10,0.00020893938199151307,2.5071062736969907e-07,7.216927144781948e-08,3.2290950912283733e-05,8.660333037369128e-07,0.00021613299031741917,5.466067705128808e-07,0.010174117051064968,3.5473651678330498e-06,0.9707044959068298,4.758198429044569e-06,21,21
8.094055374385789e-06,2.0355682863737457e-06,0.9972798824310303,2.0454303140127195e-08,2.391545308455534e-07,1.9981512195954565e-06,8.284238361966345e-08,6.454673098232888e-07,2.2877824079614584e-08,5.926947324041976e-06,5.4565076425205916e-05,3.1711169867776334e-06,1.6334458905475913e-06,3.1499894248554483e-07,2.0598890841938555e-06,0.002571348799392581,8.1891450065541e-08,3.5221495636506006e-05,1.8512845372242737e-06,2.92850672849454e-05,6.27677607667465e-08,1.4579370599676622e-06,1.6161770810541043e-09,2,2
6.991546979406849e-05,0.19015955924987793,1.4047356671653688e-05,0.0002549864293541759,1.2577308083905336e-08,2.888867584260879e-06,0.0001490013673901558,0.015753284096717834,3.363046926097013e-05,1.6970318029052578e-05,0.2534777820110321,1.0669866767898384e-08,0.00033875301596708596,1.6466088709421456e-05,3.6429730698728235e-06,0.00015148555394262075,5.596812843577936e-05,0.0012049813522025943,1.2112142940168269e-05,0.41519895195961,9.475444676354527e-05,0.12293600291013718,5.4836684284964576e-05,19,19
3.9562706888318644e-07,9.171338024316356e-05,8.099815431705792e-07,9.232058800989762e-06,7.534691803812166e-08,2.4528279851665502e-08,8.577735144399412e-08,1.2568686997838086e-06,1.2081315947654048e-09,6.6014677031489555e-06,2.803878089707723e-07,1.7476180502740135e-09,0.0950830802321434,9.84459447295194e-08,1.7907098026626045e-06,1.9932178474846296e-05,3.087726838657545e-07,1.097571657737717e-05,3.478083669961052e-07,0.904770016670227,2.84995905985852e-07,2.5788704078877345e-06,9.942758083525405e-08,12,19
0.02307889610528946,6.31166926723381e-07,1.4363737363964901e-06,5.006301080356934e-07,2.1061362076579826e-06,0.7980943918228149,3.625603142154432e-07,0.0002541883441153914,0.1694590002298355,0.00047802593326196074,0.006810720078647137,0.0001512418093625456,0.0004298653220757842,4.212256317259744e-05,9.042596502695233e-06,5.901601980440319e-06,1.1660887366815587e-06,6.174598092911765e-05,0.0007687141769565642,2.8801252938137623e-06,6.67170843371423e-06,1.9354114556335844e-05,0.0003210201975889504,5,5
0.00014752861170563847,4.007903498859378e-06,3.6690184060717e-05,0.0001287732447963208,0.280009001493454,0.41156795620918274,3.34456235577818e-05,1.3182354450691491e-05,8.479267853545025e-05,0.08722391724586487,0.004793051164597273,0.0011274858843535185,0.0003927052894141525,0.0010423462372273207,0.1948304921388626,0.0028521257918328047,3.0330333174788393e-05,0.0052671050652861595,0.009584096260368824,4.572024045046419e-05,0.0001139262894866988,8.576047605401982e-08,0.0006712446338497102,17,5
1.9905026960032046e-08,5.878034170514468e-10,2.3417111805201785e-08,6.488517669822613e-07,4.152581823291257e-06,4.429262389749056e-06,9.662119992981388e-09,2.877377802690262e-08,2.3734791909646447e-07,1.5626422964487574e-06,5.203100386097503e-07,1.5800492292328272e-06,5.020564408653172e-09,2.9011114747845568e-05,0.9999414682388306,1.623528623895254e-05,7.925797795849121e-10,2.110304464508772e-08,7.517454037042626e-08,1.930074766676171e-08,3.4708047547127308e-09,2.8313554278902586e-10,7.629965104172243e-09,14,14
4.038966494590568e-09,7.258508958329912e-07,1.38919617143074e-07,5.8187283684674185e-06,5.254933199694278e-08,1.594845322472338e-08,5.884390308352749e-09,3.2699162488825095e-07,1.2482386235745935e-09,3.16880687023513e-07,8.597300649171302e-08,4.974810008384623e-10,9.401614806847647e-05,6.150897036150127e-08,3.717539982517337e-07,9.956484063877724e-07,3.9921648209428895e-08,8.126256943796761e-06,1.3499028561625437e-08,0.9998886585235596,3.1227106234155144e-08,5.339457942454828e-08,1.6799116053789476e-07,19,19
0.0024642248172312975,9.496659913565964e-05,0.00017481378745287657,1.951497506524902e-05,0.00034755413071252406,0.3855893015861511,0.00018787389853969216,0.0037141519133001566,0.3961021602153778,0.05583733320236206,0.0012143939966335893,0.012029451318085194,0.00016747148765716702,0.13791802525520325,0.0006042016902938485,0.002485215198248625,2.2517588149639778e-06,0.0004533129103947431,1.2607411917997524e-05,8.487969171255827e-05,0.00047348998486995697,8.100810191535857e-06,1.4630725672759581e-05,8,8
9.150626090193015e-11,3.4032001394734834e-07,1.4796077696388465e-09,7.56367007852532e-05,4.33006408506742e-12,1.4074026388755101e-08,9.648930543448841e-10,2.604113369386596e-09,1.228524504348627e-10,2.2666061028076e-08,1.86121542355977e-06,1.3174927728648589e-12,4.5788972613536316e-08,1.7428104098771158e-11,9.07895258972502e-10,2.9684397301332766e-11,4.239990812493488e-05,1.268669058696048e-09,0.9997566342353821,2.2187133197348885e-07,8.645980415167287e-06,2.860902350221295e-05,8.547204197384417e-05,18,18
1.0477651635198981e-08,1.3045427294855472e-05,5.998335836920887e-06,6.841174581495579e-06,2.0950696733024188e-10,1.4717381091600146e-08,1.191569620750954e-09,3.7465650848389487e-07,6.046721345853712e-09,3.259525271914754e-08,4.3042437027907e-06,1.695473622609356e-11,9.139633903032518e-07,6.139132313620621e-09,8.232466086610657e-08,2.1535446137477265e-07,6.104433396103559e-06,4.5597996489732395e-08,2.386889173067175e-05,4.680688289226964e-05,0.9997885823249817,0.0001026719983201474,1.5336850012204195e-08,20,20
6.501056759589119e-08,4.4710415636473044e-07,1.0123724081267937e-07,5.978622397151412e-08,8.649095661894535e-08,2.90752041109954e-07,1.042545050289334e-09,2.183438141400984e-07,2.2784668374242756e-08,2.5054438523852696e-08,5.3148483857512474e-05,1.4962306948973492e-09,0.0005671036778949201,4.80942219382996e-08,2.353426786783075e-08,3.530835499532259e-07,9.012470627567382e-07,0.9975897073745728,7.316751204911043e-09,0.0017820518696680665,1.8436637674312806e-06,3.6221206300979247e-07,3.04751029034378e-06,17,17
0.8078983426094055,0.09518560022115707,3.332396227051504e-05,5.045344551035669e-06,1.0593388651614077e-05,0.0009733940241858363,0.0011427245335653424,0.0007487930124625564,9.623251389712095e-05,0.0002289952099090442,0.05351326987147331,1.2759804803863517e-06,0.0010873381979763508,1.3968171515443828e-05,1.9809783680102555e-07,7.902331708464772e-05,0.0012916710693389177,0.00036290782736614347,0.01338982954621315,0.00040007426287047565,0.0002882513217628002,0.02322617918252945,2.306311762367841e-05,0,0
0.0003146801609545946,1.779607919161208e-05,1.235132458532462e-06,1.1377484042895958e-05,0.00049699901137501,0.8562166690826416,2.1595292309939396e-06,0.00030497752595692873,8.805645484244451e-05,0.014793348498642445,0.01683868281543255,0.039374154061079025,5.2036219130968675e-05,0.0012898565037176013,0.0074135493487119675,5.522100764210336e-05,2.526371190469945e-06,0.00031221762765198946,0.05644063279032707,1.6342947901648586e-06,0.0004634941869881004,6.811376920268231e-07,0.005507984198629856,11,5
0.03447733819484711,1.7459077525927569e-06,2.1641431885655038e-05,8.597459100201377e-07,0.0003371088532730937,0.774122416973114,3.610549811128294e-06,8.618404535809532e-06,0.00011295243166387081,0.1292201280593872,0.0528557188808918,0.0022941867355257273,6.716787902405486e-05,0.0028023128397762775,0.00041997546213679016,0.00044306120253168046,4.090580603133276e-07,2.864318412321154e-05,0.0027738690841943026,3.9328283492068294e-06,1.0635130820446648e-06,4.5316053842725523e-07,2.672761638677912e-06,5,5
1.2609090660475886e-08,1.5247799689532826e-09,1.5985152401754021e-07,5.274622338902191e-08,1.059680201365154e-07,8.927198535957359e-08,2.6502986472110024e-09,2.1607529987477392e-08,1.8493148346010457e-08,3.6362769151310204e-07,1.106015901086721e-07,8.30299029530579e-08,3.953160909730968e-09,1.901546937688181e-07,0.9999091625213623,8.945688750827685e-05,1.9231471970471148e-09,7.543620839101095e-09,2.8408141616864668e-08,9.245516707778734e-08,2.7785433953653182e-09,5.878786346613651e-10,1.161680751593508e-09,14,14
0.0063099986873567104,0.003931479062885046,5.427106952993199e-05,0.0006195855676196516,3.2396201277151704e-05,0.006428567226976156,0.0022790683433413506,0.007670404389500618,0.00045186941861175,0.030558468773961067,0.8345546722412109,0.00011113452637800947,0.04568414017558098,0.0002793261082842946,0.0007866565720178187,0.016115862876176834,7.151460886234418e-05,0.023757703602313995,0.004105540458112955,0.009493927471339703,0.00019992372835986316,0.0004513087042141706,0.006052230950444937,9,10
4.4805856802554445e-09,3.7022762633398543e-10,1.3879075666523022e-08,1.126635709169932e-07,5.511835183824587e-07,3.437454097365844e-06,1.2332868060127566e-08,1.4103099132967145e-08,3.2702306640430834e-08,3.304837491668877e-06,4.6510103857144713e-07,2.56657426689344e-06,1.9891051028508855e-09,1.7284868363276473e-06,0.9999853372573853,1.994789954551379e-06,9.944098877667784e-10,2.0896318009278048e-09,4.548077185972943e-07,7.106784050137094e-09,7.465866147526867e-09,1.7810261598860677e-10,2.344182270519468e-08,14,14
1.6198502635234036e-05,4.1236967263103e-06,9.188106560031883e-06,0.0008605750626884401,9.724718808001853e-09,0.00031096674501895905,1.9442040866124444e-05,0.00013756468251813203,2.9646588473042357e-07,0.048669859766960144,0.0034148998092859983,1.9306568788124423e-07,4.0171093473873043e-07,5.195983248995617e-05,5.07991580889211e-06,1.0017482964030933e-05,2.1673386640941317e-07,7.115126265944127e-08,0.9464742541313171,4.600695433509827e-07,1.0004317118728068e-05,2.9945792903163237e-06,1.2361253993731225e-06,9,18
9.13228141143918e-05,2.1921120918477754e-08,4.5542566340373014e-07,6.802137590966595e-07,4.922189873468596e-07,0.0007806239300407469,2.05079613806447e-05,3.991084213339491e-06,1.004378532343253e-06,0.7896114587783813,0.20728325843811035,2.7627338567981496e-05,5.243262535259419e-07,5.698283075616928e-06,1.80952008577151e-06,6.2638391682412475e-06,1.5023616795062367e-09,8.807864304571922e-08,0.0021617470774799585,1.356965828591683e-08,1.0880093270770885e-08,1.9587500510453992e-09,2.300198957527755e-06,10,9
3.278845781551354e-07,1.567283334225067e-07,3.3535020094177526e-08,1.749967992736856e-08,3.230879315196944e-07,4.699832516052993e-06,2.367300133698791e-08,2.3335831045301347e-08,2.4924096120315653e-09,5.687969405698823e-06,3.1858117921501616e-08,1.7334244262201537e-08,0.9998881816864014,7.146708114191824e-09,2.8148493314006373e-08,2.2412430666918226e-07,3.3464147008999134e-07,4.7191001613100525e-06,6.806740771025943e-07,8.861965034157038e-05,7.769617127451056e-08,3.75776343375378e-09,5.718673492083326e-06,12,12
0.0007498476188629866,4.1003627302416135e-06,0.9625247120857239,9.031161880557192e-07,0.00021625866065733135,0.0019899250473827124,1.0197139090450946e-05,1.6113211813717498e-06,6.161995997899794e-07,0.0013486372772604227,0.02286800555884838,5.6319189752684906e-05,0.0019005615031346679,0.0005085021839477122,0.00030754643375985324,0.00016427210357505828,5.558941893468727e-07,0.0012956835562363267,0.00027290923753753304,0.005772601347416639,8.787670822130167e-07,5.110737674840493e-06,2.081111034613059e-07,2,2
4.3018273387929185e-09,0.9977280497550964,4.118014373943879e-09,1.3213208305273838e-08,4.536648400693677e-12,5.367763872277109e-11,5.191778384983081e-08,1.5171108813660794e-08,2.2713549790998044e-11,9.951088841830824e-09,1.3977654589325539e-06,4.838494188641462e-12,1.1468148208848561e-08,6.389438422793603e-10,2.5242666290559157e-10,2.4281994193131595e-09,1.255241599551482e-08,4.022497890332488e-09,3.3189934356414597e-07,5.403292746564148e-08,2.202601656620118e-08,0.0022698568645864725,1.279818917510056e-07,1,1
3.9649261452723294e-05,0.08334745466709137,0.00025305565213784575,0.0023717712610960007,2.0962190319551155e-05,2.2612268367083743e-05,0.0009462967864237726,0.00021763818222098053,1.4819379430264235e-05,0.0037281846161931753,0.05245733633637428,1.947185864992207e-06,0.06382395327091217,3.2339726203645114e-06,0.0006911986856721342,0.007849549874663353,0.1436176598072052,0.0006316088838502765,0.003209930844604969,0.28162407875061035,0.0007895028684288263,0.002891642041504383,0.3514459431171417,22,22
6.81873643770814e-05,0.0004090270376764238,6.568699609488249e-05,2.0083252820768394e-05,8.256397450168151e-06,1.3838597396897967e-06,1.692561227173428e-06,1.7637685232330114e-05,1.458374470075796e-07,4.417752847984957e-07,6.698581273667514e-05,1.0558728114062887e-08,0.0008461354882456362,8.757405339565594e-06,1.915261918838951e-06,4.838360837311484e-06,9.64278842729982e-06,0.00031251649488694966,2.5267020191677148e-06,0.9977927207946777,9.210795610670175e-07,0.0003587426617741585,1.6965788063316722e-06,19,19
4.3623550993743265e-08,0.9999879598617554,6.163946153492361e-08,1.1254792653403456e-08,2.1845925068930683e-10,1.6209551478851836e-09,7.957222436516531e-09,7.264025470021807e-08,4.28402563423802e-10,1.9132709638824963e-08,4.395974073645448e-08,1.5670725828087484e-10,2.4458321590259402e-08,3.694472061610554e-09,1.5593183411155564e-09,1.955309514301007e-08,6.794460993830853e-09,7.033018789570633e-08,2.4349960270342308e-08,7.329758489049709e-08,8.611920065959566e-09,1.1541284948179964e-05,1.788191106300019e-08,1,1
7.533151347161038e-08,1.2072355559666903e-08,0.9999979734420776,1.4735316300473755e-09,2.79915313150525e-09,2.7493812781997917e-10,3.238629919799507e-10,7.683952141235295e-09,2.9806079826499854e-10,3.2392617477228214e-09,1.4016684701800841e-08,2.934637255425088e-11,1.8869750206818026e-08,1.4206267273664253e-09,8.681848018277094e-10,2.707537083423972e-09,2.1400303751306637e-08,2.7261199875283637e-07,6.241896444159067e-10,1.6852021644808701e-06,2.4985282731648795e-09,3.0295748132402878e-09,2.719936255390909e-11,2,2
2.8096556548007356e-07,1.1589685300350538e-07,3.026224604241179e-09,1.859103093693193e-07,2.4073074200714473e-08,8.466465078527108e-05,5.330597119268532e-08,5.1939011314061645e-08,8.61836380039449e-09,5.7735509471967816e-05,9.256892212761159e-07,1.7022539822164617e-08,0.9997021555900574,1.4874590448243907e-08,3.476202792285221e-08,3.134395498705089e-08,4.450696167168644e-08,7.627870672877179e-07,3.695438863360323e-05,1.1103150427516084e-05,1.0755354651337257e-07,3.7744911196568864e-08,0.00010464524530107155,12,12
2.3611027799574913e-08,0.00015422712021972984,3.515888238325715e-07,9.534966011415236e-06,5.451052456639793e-11,8.675779206157586e-09,5.139376479945668e-09,8.028144293348305e-06,3.81478457711637e-08,4.766530636857169e-08,0.0005724841612391174,1.3416840971558486e-09,3.387865206150309e-07,2.58419774468166e-08,3.5676981724463985e-07,5.85255074838642e-05,4.169371266016242e-07,2.3053975439779606e-07,1.2992179563298123e-06,1.51729145727586e-05,2.517486791475676e-05,0.9991536140441895,1.6803872426862654e-07,21,21
0.020853746682405472,1.4934373211872298e-05,0.0362168624997139,9.379912808071822e-05,2.0923966076225042e-05,0.015682300552725792,4.7704750613775104e-05,0.0011442656395956874,0.0006858565611764789,0.19015322625637054,0.7029989361763,0.0004870642733294517,0.002762389136478305,0.0009388867183588445,0.00013346631021704525,0.014270090498030186,6.49395224172622e-06,0.012278140522539616,0.0003669018333312124,0.000765899196267128,9.538247468299232e-06,3.2381565688410774e-05,3.626657053246163e-05,5,10
6.195331661729142e-05,0.0007276437245309353,0.006290338467806578,1.3019081052334514e-05,8.266604112350251e-08,2.7235889774601674e-06,0.0006296970532275736,0.0001601845578989014,3.983836450061062e-06,0.00016487546963617206,0.31252607703208923,2.414920572846313e-06,2.6585316845739726e-06,1.916877408802975e-05,0.00020186886831652373,0.6748271584510803,1.7366753581882222e-06,0.00014445200213231146,3.055249180761166e-05,0.00017367120017297566,1.115075633606466e-06,0.004014360718429089,2.1332716926281137e-07,18,15
0.00023834292369429022,0.001090116216801107,0.0005739391781389713,0.005166659131646156,6.857922585368215e-07,2.512573882995639e-05,5.744957525166683e-05,0.015661345794796944,0.0007386122597381473,4.0433238609693944e-05,0.7910822629928589,8.999965643852192e-07,0.0013712812215089798,9.158060493064113e-06,4.666223321692087e-05,0.00044966352288611233,0.0007409001118503511,0.03802699223160744,5.600172880804166e-05,0.009260227903723717,0.0019478361355140805,0.12219585478305817,0.011219454929232597,17,10
2.3060534658725373e-05,6.370231130858883e-05,1.7672866306384094e-05,3.2114360237756046e-07,8.147757171172998e-07,0.0023395000025629997,4.3778548786121974e-08,1.2431592040229589e-05,8.705051186552737e-06,1.966231138794683e-05,0.000124656711705029,5.840748258378881e-07,0.02983972243964672,6.209015282365726e-06,5.828457005918608e-07,1.0953571290883701e-05,6.724837021465646e-06,0.9484242796897888,9.484716429142281e-06,0.01902874745428562,1.5419207556988113e-05,4.2553827370284125e-05,4.250469373801025e-06,17,17
5.297029474604642e-06,3.745184162795567e-09,5.922527535062727e-08,9.327325578567525e-09,6.041847466775607e-09,6.760727501387009e-06,1.1539164916030131e-05,1.0886423496003772e-07,1.400714921828694e-07,0.0006447398336604238,0.9993295669555664,2.377353354177103e-07,5.8815736281303543e-08,3.9727044054416183e-07,1.9866002176627262e-08,3.563167467746098e-07,9.493831276685682e-10,3.108951318608888e-08,6.741312859048776e-07,7.877755336949122e-09,1.3959141620389914e-09,1.708227159724629e-08,2.658983433434514e-08,10,10
4.395528230816126e-05,0.00055795005755499,4.6411949483626813e-07,0.003185991896316409,3.0981306409216813e-09,2.3500363965922588e-07,0.0004152694018557668,0.9880380630493164,3.105615178355947e-05,2.272519668622408e-05,0.0067309108562767506,2.9394469081012176e-08,9.153660585070611e-07,7.406670192722231e-05,5.139361292094691e-06,8.369633178517688e-06,3.429079526995338e-07,2.3784206860000268e-05,4.922549123875797e-06,0.000776895962189883,2.323791022718069e-06,4.2564421164570376e-05,3.408363409107551e-05,7,7
2.5127487646159352e-08,0.9949396848678589,5.5873059068289876e-08,2.4462534042868356e-07,5.0693345354790864e-11,1.620225020815269e-08,1.2660991144386458e-09,8.735217988942168e-07,1.8840404791831133e-09,3.4359799450101036e-09,1.849423547639617e-08,6.278801697318093e-12,2.4255342623291654e-07,7.608306762385553e-10,4.259001484818725e-10,2.7670026270243397e-09,1.5629780136805493e-07,2.1151851115064346e-07,9.588189868736663e-07,3.0917983622202883e-06,1.2725992064588354e-06,0.005052684340626001,3.883226042944443e-07,1,1
3.19769583256857e-07,1.5401192285935394e-05,2.213201355516503e-07,5.923079626768413e-08,3.538011217329995e-09,9.865771971817594e-06,1.0913712600313374e-08,1.5748605619592126e-06,8.045225818875679e-09,3.874795947922394e-05,1.2770728062605485e-05,4.5844188889532234e-08,0.9993064403533936,1.4338501941324466e-08,5.065205854748456e-08,3.0504700134770246e-06,2.840733657194505e-07,0.00018481544975657016,1.4837222806818318e-05,0.0003645281249191612,4.30628551839618e-06,1.022612468659645e-05,3.228402420063503e-05,12,12
6.274042334553087e-06,5.0681510543881814e-08,6.280977800088294e-07,4.169535714027006e-06,2.4036447832109786e-10,9.688491445558611e-06,0.0002522700815461576,0.00030323059763759375,1.7940861596343893e-07,0.991990864276886,0.007127071730792522,3.486132413854648e-07,6.920187161085778e-07,1.5371917925222078e-06,3.0242205184549675e-07,3.649086295354209e-07,2.7973856564500466e-10,2.8691540254754955e-09,0.000301843392662704,3.099766843206453e-07,2.4732866421572908e-08,1.1185546711089955e-08,1.388654169431902e-07,9,9
4.459094498088234e-07,4.201278045457002e-07,1.6062416952067338e-09,1.4487554267361702e-07,2.300963330981176e-08,9.44851417443715e-05,5.222818622030445e-09,3.772520074107888e-08,1.3395315079378634e-08,4.1459593376202974e-06,3.81050782038983e-08,1.070855848439578e-08,0.9973978996276855,4.9191584139407496e-08,8.601549694731148e-09,4.956179822102058e-08,1.4831759926892119e-06,0.0022566323168575764,4.546116997516947e-06,3.1641404348192737e-05,1.992190874489097e-07,1.8480115215879778e-07,0.00020743077038787305,12,12
0.9987459182739258,4.409418124851072e-06,5.101716737954121e-07,6.20079987356803e-08,3.4124246894862154e-07,0.000291464471956715,2.781291073006287e-07,1.2292886822251603e-05,0.00012108369992347434,1.0388635928393342e-05,0.0006990556139498949,1.1167221600771882e-05,3.1902643513603834e-06,1.5145866200327873e-05,1.1162877200376897e-07,6.156211020424962e-05,1.0768949465500555e-07,3.0931867058825446e-06,8.415750016865786e-06,3.561650316896703e-07,5.513573455573351e-07,1.0564407602942083e-05,9.703842351882486e-08,0,0
2.5248627366636356e-07,0.999336302280426,3.010141517734155e-05,3.7612917935803125e-07,7.921417477518844e-08,5.161571721146174e-07,1.5688820553805272e-07,2.6298935154045466e-06,8.252224148463938e-08,1.4006950550538022e-05,0.0001275795657420531,6.050422385328602e-09,9.324956408818252e-06,3.0326233968480665e-08,2.4954601940407883e-06,4.734081812785007e-05,5.9428571148600895e-06,2.331304676772561e-05,1.5715460904175416e-05,0.00015727763820905238,1.0760179975477513e-05,0.00020416243933141232,1.1468011507531628e-05,1,1
4.3109339458169416e-05,6.858822598587722e-05,1.0013384780904744e-05,1.3983805047246278e-06,2.8627064239117317e-06,2.6364277800894342e-05,2.0168179162283195e-06,2.3176680770120583e-05,3.713000069183181e-06,5.837000003339199e-07,0.000576375110540539,8.895054293134308e-08,0.00295244506560266,2.3931859232106945e-06,5.570176995206566e-07,5.937350579188205e-05,0.00012470781803131104,0.8899531960487366,2.088254689169844e-07,0.10605210810899734,2.2485279259853996e-05,5.929756662226282e-05,1.5003657608758658e-05,17,17
5.29950630152598e-05,0.0003079482994507998,0.0015276966150850058,2.8973793178010965e-06,7.666115379834082e-06,0.0003235915210098028,8.768025168137683e-07,1.3215803846833296e-05,5.260311013444152e-07,0.0006763694109395146,0.08219006657600403,2.3100683392840438e-05,0.00026502381660975516,3.2616757380310446e-05,0.0035747610963881016,0.8781893849372864,0.00021469572675414383,0.0025275321677327156,0.027216961607336998,0.001332497107796371,2.424271406198386e-05,0.0014938979875296354,1.4442815654547303e-06,10,15
0.000300927204079926,9.726285497890785e-05,0.002375422976911068,4.566654752125032e-05,2.3700284145888872e-05,0.07205728441476822,2.664991916390136e-05,0.003991183824837208,0.8767522573471069,0.00941877719014883,0.02612057514488697,0.00039665287476964295,0.00010118338104803115,0.0012942261528223753,0.0010330945951864123,0.003939696121960878,3.653785597634851e-06,0.0012015445390716195,9.362061064166483e-06,0.0003871181688737124,0.0003448853094596416,1.3703348486160394e-05,6.520770693896338e-05,8,8
0.35986024141311646,1.2130147297284566e-05,0.10903825610876083,6.906676617290941e-07,0.003118649125099182,0.19667761027812958,0.0033178178127855062,9.305551066063344e-05,0.0004067106929142028,0.2727475166320801,0.016830850392580032,0.009599601849913597,0.0005412710597738624,0.016973283141851425,0.0007191059994511306,0.008372306823730469,1.198857444251189e-05,0.0003642083902377635,0.0010250989580526948,0.00021444106823764741,1.695982791716233e-05,1.147787429545133e-06,5.715067163691856e-05,5,0
0.0011195566039532423,2.9128063943062443e-06,1.4204910257831216e-05,0.031091278418898582,6.243291750251956e-07,0.00015763589181005955,0.0038648650515824556,0.004668261855840683,5.664448053721571e-06,0.9468709230422974,0.004693917464464903,4.039875875605503e-06,0.0005035110516473651,0.00016907234385143965,1.7363270671921782e-05,1.3964938716526376e-06,1.9967922071373323e-06,1.6123713066917844e-05,0.003639687318354845,0.0002970658824779093,3.2578216746514954e-07,1.0758648016917505e-07,0.0028594781178981066,9,9
3.0135777207007663e-10,3.0944352147344034e-07,1.3114932251312439e-08,5.30405372956011e-07,4.30791295968902e-08,1.0267300787347722e-08,3.679332880035524e-11,1.7072557811914635e-09,6.853368133413751e-12,3.71819419697772e-09,2.3082875610924702e-09,1.467775553876116e-11,0.044871579855680466,5.446934903119427e-09,2.3583497821277888e-08,1.5283485765849036e-07,1.5218456894672272e-07,0.00023969626636244357,2.9688447966691456e-07,0.9548864960670471,7.404479873684977e-08,5.755102279181301e-07,1.0761866064967762e-08,19,19
0.07830163836479187,4.17867386204307e-06,0.00046030888915993273,1.0091678177559515e-06,0.036721643060445786,0.04747911915183067,4.648411777452566e-05,6.313988706097007e-05,7.059607742121443e-05,0.15536390244960785,0.0016538739437237382,0.6629131436347961,0.0003288442094344646,0.0047198133543133736,0.008416151627898216,0.00302628125064075,1.9333374439156614e-06,0.0001285096659557894,0.0002680787583813071,1.898464688565582e-05,9.167680218524765e-06,1.5808631133040763e-06,1.638500521039532e-06,9,11
5.8797495512408204e-06,1.1194025546501507e-06,4.985976147509064e-07,0.004397277254611254,1.5133308295389725e-07,0.00037749120383523405,6.602731446037069e-05,0.0015237878542393446,6.9536549744952936e-06,0.766243040561676,0.001315001747570932,1.1303479823254747e-06,1.1353537956892978e-05,1.632500789128244e-05,4.5262604544404894e-05,3.302042614450329e-06,9.122723554355616e-07,1.8806711921115493e-07,0.20020313560962677,7.846499102015514e-06,2.6588169930619188e-05,3.656146674302363e-08,0.025746827945113182,9,9
3.612962245824747e-05,0.34554141759872437,0.0001990219607250765,0.009106777608394623,1.156352823272755e-06,1.7352167560602538e-05,0.003208286128938198,0.09962085634469986,3.9648435631534085e-05,0.36169305443763733,0.01746559701859951,5.991306807118235e-06,0.002031551208347082,1.88283793249866e-05,0.0014431726885959506,0.003158974228426814,0.000335866556270048,0.00010295119864167646,0.0009905806509777904,0.02864314615726471,0.005357541609555483,0.0009863709565252066,0.11999573558568954,9,9
0.0006640042993240058,2.552177136294631e-07,3.635988718997396e-07,1.5706453382335894e-07,0.00014391673903446645,0.9672661423683167,2.1525249849219108e-07,1.3346106015887926e-06,0.008602050133049488,0.00028182234382256866,0.02283831313252449,1.3036017662670929e-05,1.5779871318954974e-05,7.529508820880437e-06,3.5323230349604273e-06,1.487523149990011e-06,1.5698045672252192e-06,4.688383705797605e-05,9.569383837515488e-05,5.147423962625908e-07,5.165947186469566e-06,1.3585363944912388e-07,1.0149430636374746e-05,5,5
0.35385048389434814,0.00011699129390763119,0.1973763406276703,7.538902195847186e-07,0.022396612912416458,0.0315394327044487,9.836840035859495e-05,0.00013864206266589463,0.010475322604179382,0.011761960573494434,0.018238378688693047,0.03413927182555199,0.00013239774852991104,0.002762717427685857,0.00309287803247571,0.31321951746940613,2.034400313277729e-05,0.0003762266715057194,4.370453461888246e-05,0.00019394056289456785,1.7642405509832315e-05,6.800189567002235e-06,1.3364648339120322e-06,2,0
2.682119156816043e-05,5.3840754844713956e-05,3.2422476579085924e-06,1.5616757082170807e-05,1.2135201288288044e-08,5.806286935694516e-07,0.16289006173610687,0.00011793538578785956,7.887014362495393e-05,0.0006189136765897274,0.8357849717140198,5.300926204654388e-07,2.067982762810061e-07,9.128253623202909e-06,5.154724476597039e-06,0.00032997995731420815,6.663130136530526e-08,8.838555913825985e-07,1.3174415869343648e-07,3.203809683327563e-05,6.145391751033458e-08,3.057318099308759e-05,3.161767665460502e-07,6,10
0.48802444338798523,1.4187908163876273e-06,0.0004489569691941142,2.563883469974826e-07,0.0012213252484798431,0.0011558473343029618,8.072909986367449e-05,1.9896700905519538e-05,6.91853929311037e-05,0.17124073207378387,0.0031501082703471184,0.2846374213695526,0.00022611203894484788,0.00041515278280712664,0.0007286848849616945,0.04594886302947998,3.213722720829537e-06,9.592972492100671e-05,0.0025010735262185335,6.342348115140339e-06,2.678812506928807e-06,4.6679343768118997e-07,2.1203250071266666e-05,11,0
0.0003356087545398623,0.003854007227346301,0.0010491254506632686,6.744317943230271e-05,4.1797798076004256e-06,1.6639396562823094e-05,5.312714620231418e-06,0.0004019789630547166,2.021135514951311e-05,1.6552410670556128e-05,7.516056939493865e-05,1.0724325250066613e-07,0.03482535853981972,4.805729531653924e-06,2.043283348029945e-05,0.00016765417240094393,0.0010147083085030317,0.003787582740187645,7.700728929194156e-06,0.9337707757949829,0.01847473718225956,0.0020659659057855606,1.409118794981623e-05,17,19
0.5828004479408264,2.5031592940649716e-06,0.000177843525307253,1.901939140225295e-05,0.00286337872967124,0.008386964909732342,6.646414112765342e-05,9.43110280786641e-05,0.0059895082376897335,0.07484536617994308,0.12201496213674545,0.0053390138782560825,0.00014637774438597262,0.001659857458434999,0.020000331103801727,0.17458662390708923,1.372706174151972e-05,0.0005892326589673758,0.00037757953396067023,4.106263531866716e-06,4.964940671925433e-06,3.650345377081976e-07,1.6901523849810474e-05,9,0
0.035782307386398315,1.679565343692957e-06,1.5705269106547348e-05,3.324881845401251e-07,3.107254087808542e-05,0.22595368325710297,8.79315393831348e-06,0.004622511565685272,0.02549305371940136,0.12586896121501923,0.07690473645925522,0.4793015420436859,0.00010425427899463102,0.023095184937119484,0.0004020092892460525,0.0012634453596547246,5.797285780317907e-07,0.000369109446182847,0.0002666936197783798,1.652277660468826e-06,7.043797086225823e-05,3.388985021501867e-07,0.0004418763273861259,11,11
0.0028796312399208546,4.254859049979132e-06,0.0013798680156469345,2.9515540518332273e-05,0.002338655525818467,0.5972217321395874,0.0005745681701228023,1.4757932149223052e-05,3.478470534901135e-05,0.15105301141738892,0.19567137956619263,0.0008476352668367326,6.0610494983848184e-05,0.014432945288717747,0.0006296021165326238,2.9071774406475015e-05,3.626839770731749e-07,3.610675048548728e-05,0.032727498561143875,8.227621037804056e-06,1.5081094488778035e-06,2.478822409557324e-07,2.3979127945494838e-05,10,5
2.235726803689886e-08,8.043532773172046e-08,1.1866491123058154e-09,3.4870392795482985e-08,7.38763583640889e-09,5.687917564500822e-06,5.883873388512484e-09,4.7623004206798214e-08,1.197467125457763e-09,1.6838421288412064e-06,6.587191592188901e-08,6.153334730640836e-09,0.9999191761016846,6.441644551102854e-09,7.212387131971809e-09,6.28731356755452e-07,1.3604902093788951e-08,3.306868165964261e-05,1.7082811609725468e-07,3.8425918319262564e-05,3.711693352670409e-08,1.3072437354821886e-07,7.305809504032368e-07,12,12
0.2624455690383911,0.00014067659503780305,0.0032183832954615355,0.0010738810524344444,0.0031612401362508535,0.011065333150327206,1.9720017007784918e-05,0.003125070594251156,0.0005315934540703893,0.004272783175110817,0.00011314498988213018,0.0010099416831508279,0.02492270991206169,0.446878582239151,0.006484615616500378,0.06213434040546417,4.4585642172023654e-05,0.06990230083465576,0.0020775562152266502,0.09730516374111176,1.4339461813506205e-05,5.118750414112583e-05,7.329568688874133e-06,4,13
0.0007655883091501892,0.1566271185874939,0.0011522939894348383,0.003403801005333662,4.2140353428976596e-08,1.1626818377408199e-05,0.0005029666353948414,0.4642241895198822,6.775841029593721e-05,6.25249813310802e-05,0.32745370268821716,1.2297049352127942e-06,6.812497758801328e-06,0.00011719276517396793,0.0001961792731890455,0.0020465825218707323,1.9478145986795425e-05,8.66026894073002e-05,0.0028658737428486347,0.0002342740335734561,0.0003499335434753448,0.03852016478776932,0.0012840628623962402,7,7
1.0582264621916693e-05,0.00020020848023705184,2.7563921776163625e-06,0.00535836024209857,1.734274974296568e-06,2.1583453417406417e-05,2.900877734646201e-05,0.0005394117324613035,1.2371289130896912e-06,0.0002233719133073464,0.00042971130460500717,5.654047754433122e-07,0.010428247042000294,4.768856524606235e-05,6.740922981407493e-05,0.00016757439880166203,2.992501867993269e-05,0.0022510720882564783,0.0004650598275475204,0.9777848720550537,2.419995507807471e-05,0.00010387333168182522,0.0018117377767339349,12,19
4.8281805220540264e-08,2.483107408579599e-08,7.528361045672227e-09,1.3503915763379837e-09,1.4311464902050375e-08,3.743626439245418e-05,9.371600023788673e-11,1.2086064771210658e-07,6.509480243721555e-08,2.6711646228250174e-08,2.3948207399371313e-06,1.3700106826775027e-08,0.0007828153320588171,7.072689101050855e-08,1.1856409187771533e-08,5.5353886807552044e-08,1.7676657648735272e-07,0.9991262555122375,1.5696528521402797e-08,4.9395279347663745e-05,1.6138061198489595e-07,1.1185759518639316e-07,9.260528486265684e-07,17,17
0.12807942926883698,0.0006670703296549618,0.2084515392780304,2.436968316033017e-05,0.002735588001087308,0.004093325696885586,0.003891482250764966,0.0001689635682851076,0.012985953129827976,0.356734037399292,0.187335804104805,0.0023450921289622784,0.00034427238279022276,0.0017011282034218311,0.0010479112388566136,0.08403327316045761,0.000404974416596815,0.0005055437795817852,0.0017209498910233378,0.0023579082917422056,0.0001335595006821677,0.00021656861645169556,2.1183977878536098e-05,2,9
1.3945611954113701e-07,0.991353452205658,2.4697179412669357e-08,0.00015029167116153985,3.0446016818785893e-09,2.3000465532163616e-08,8.966137556853937e-07,0.00025869274395518005,7.916279400888016e-07,8.51456934469752e-06,9.966713696485385e-05,9.810372514351684e-10,3.702246203829418e-06,6.271965702353555e-08,5.55803410406952e-07,0.00012567821249831468,2.0358463643788127e-06,9.207902621710673e-06,5.070590418654319e-07,0.00033994190744124353,4.2587807911331765e-06,0.0074333143420517445,0.00020831971778534353,21,1
5.57987846150354e-07,0.003142713801935315,2.2486837281121552e-07,0.00010152953473152593,3.554803673644358e-10,5.431652283505173e-08,3.6709593587147538e-06,0.00011436903150752187,4.7772065414619647e-08,7.469544698324171e-07,8.00375419203192e-05,5.004363590188632e-10,0.7075403928756714,9.235164810661445e-08,2.9041062887813496e-08,1.7876969650387764e-05,1.9474104192340747e-05,0.006871663499623537,1.7583497537998483e-06,0.21520254015922546,1.7031998140737414e-06,0.0664263665676117,0.00047413099673576653,12,12
5.927255187998526e-05,0.0007526046829298139,1.76761523107416e-06,2.4918919734773226e-05,8.738004453334725e-07,0.0005652782856486738,2.8789942007279024e-05,0.0027534111868590117,4.9634902097750455e-05,0.08696849644184113,0.0015894041862338781,2.742234391917009e-05,0.0005388069548644125,0.0005984129384160042,0.0025981480721384287,0.9017452597618103,2.4885764560167445e-07,8.991543290903792e-05,0.0009754691272974014,0.0005861031240783632,2.3307366063818336e-06,3.884042598656379e-05,4.616575552063296e-06,9,15
0.9968082308769226,2.232722673412013e-09,8.409405154452543e-07,5.742185837931402e-09,3.3172622352140024e-05,0.00046709433081559837,1.6523638635135285e-07,1.491797263497574e-07,9.707667777547613e-05,0.000303167529636994,2.590875737951137e-05,0.001934872823767364,4.2931955590574944e-07,0.0003241708327550441,8.182435067283222e-07,2.831483470799867e-06,2.576070690096799e-09,4.078302140442247e-07,5.82978771035414e-07,3.4914318103318465e-09,4.531779118632784e-10,8.700862252908337e-10,7.172237914687685e-09,0,0
0.1564476042985916,0.00035541385295800865,0.0009171512210741639,0.00013633562775794417,0.2658962309360504,0.022312572225928307,1.4815464965067804e-05,8.285789954243228e-05,0.0004785075434483588,0.0013245316222310066,0.0002083915751427412,0.007032656576484442,0.0017211319645866752,0.0030012738425284624,0.23228703439235687,0.2794747054576874,0.00041632153443060815,0.024075651541352272,0.002202716888859868,0.0015217324253171682,4.410494875628501e-05,2.1789976017316803e-05,2.6410161808598787e-05,15,15
1.0878699185923324e-07,4.4239882868168934e-08,2.0059763627955363e-08,1.1304238256570898e-07,6.391413194251072e-07,0.0001838792668422684,4.1183478849404764e-10,1.313130439939414e-07,4.9909683497162405e-08,4.533440005616285e-07,1.5068954084540565e-08,1.4901038625225738e-08,0.0007119795773178339,6.26677604032011e-07,2.504919223156321e-07,5.588809059986488e-08,1.422378545612446e-06,0.9990472197532654,1.5105055126696243e-06,3.712772377184592e-05,1.766924242474488e-07,2.0525940946924948e-09,1.4127645044936799e-05,17,17
0.9575852751731873,0.00013257087266538292,0.00019657911616377532,1.3749861693668208e-07,4.3776308302767575e-05,0.00010476382885826752,1.6866979422047734e-06,4.453596557141282e-05,0.00011570085916901007,8.804071694612503e-05,0.00026203138986602426,6.903096800670028e-05,2.2856427676742896e-05,0.00010343098256271333,1.658006112847943e-05,0.04103747755289078,2.335953467991203e-06,7.555252523161471e-05,2.145823964383453e-05,2.1902989828959107e-05,4.025625003123423e-06,5.0232931243954226e-05,6.920474504568119e-08,0,0
0.0004175202629994601,0.010639878921210766,0.0004574150370899588,0.0009058057330548763,1.1996623072718648e-07,0.00016673120262566954,0.00018168521637562662,0.004589964635670185,0.0003503322077449411,0.0011750609846785665,0.8346532583236694,2.155659473146443e-07,0.00039013969944790006,3.907296559191309e-06,1.9015484213014133e-05,1.776770659489557e-05,0.006709345616400242,6.514440610771999e-05,0.0036515742540359497,0.004134304355829954,0.10028450191020966,0.014971910044550896,0.016214365139603615,16,10
2.7333044272381812e-06,0.8919286131858826,1.187211296382884e-06,0.01119743101298809,1.9953286312102136e-07,6.962335987736878e-07,5.89329756621737e-05,0.00012333804625086486,1.0858417454073788e-06,3.0656929084216245e-06,0.00015393046487588435,3.3746507810406e-09,0.0008080684929154813,7.335998475355154e-07,1.7910256246977951e-06,7.246867426147219e-07,0.004269465338438749,5.56451705051586e-05,0.0006318872328847647,0.0025078398175537586,0.005074544344097376,0.04171928018331528,0.041458893567323685,16,1
0.9996757507324219,5.944390295553603e-07,3.2250494541585795e-07,9.052713023649517e-10,1.7298949387622997e-05,1.0619426575431135e-05,8.964440212366753e-08,2.501234916962858e-07,1.3555756595451385e-05,1.0541187293711118e-05,1.2940113265358377e-05,0.00023442729434464127,5.765260198131728e-07,4.4533512664202135e-06,8.99829865375068e-06,7.086709956638515e-06,2.624287844810169e-07,8.751006248530757e-07,1.1203675285287318e-06,1.0046644405292682e-08,5.57253123645296e-08,5.266586100560744e-08,1.0602252586977556e-07,0,0
2.6035979772132123e-07,1.0067925359180663e-05,8.460436220047995e-06,0.005716726183891296,4.43777526015765e-06,1.408049683959689e-05,8.749463518142875e-07,1.993778278119862e-05,1.5242885638144799e-06,1.4321408343676012e-05,5.549201159738004e-05,3.8761708509582604e-08,2.3648844944546e-06,7.076297151797917e-06,0.9906646013259888,0.00023758754832670093,2.207094439654611e-05,5.891363980481401e-05,6.73196427669609e-06,0.0030836572404950857,4.464382527658017e-06,1.606016212463146e-06,6.4756692154333e-05,14,14
0.00200816267170012,0.007695270236581564,0.0001291600347030908,0.0008833611500449479,8.057984814513475e-05,0.0027801149990409613,0.004667472559958696,0.1739373356103897,0.012007965706288815,0.008211086504161358,0.4736611843109131,0.00033009203616529703,0.0025684754364192486,0.05044267326593399,0.0032218340784311295,0.014564315788447857,0.0022335348185151815,0.047913357615470886,4.452648136066273e-05,0.17247679829597473,0.006046530324965715,0.0030658224131911993,0.01103037130087614,19,10
3.296733120805584e-05,8.499580872012302e-06,2.1897869828535477e-06,2.796662954551721e-07,1.246150986844441e-06,0.00045712958672083914,7.750962254249316e-07,1.4267693586589303e-06,1.7170239061670145e-06,4.053646989632398e-05,4.367807196103968e-05,2.1432997527881525e-06,0.9094372987747192,1.1313487675579381e-06,9.282138080379809e-07,5.504554064827971e-05,4.1125149436993524e-05,0.08762482553720474,1.0864972864510491e-05,0.0021384733263403177,3.854927399515873e-06,6.870146080473205e-06,8.696218719705939e-05,17,12
7.521499810536625e-06,0.0035676683764904737,1.7236295661859913e-06,0.00024746713461354375,1.5507954032045745e-08,1.1869265108543914e-06,0.00017755321459844708,0.003680106019601226,1.416429654454987e-06,2.152878550987225e-05,0.018595896661281586,2.3464350462631955e-08,0.056094661355018616,1.0015358384407591e-05,1.1307126897008857e-06,0.0005746374954469502,3.478005965007469e-05,0.07616976648569107,9.38475182010734e-07,0.8053959012031555,2.669305649760645e-05,0.035120390355587006,0.0002690093533601612,17,19
1.532635529599702e-08,2.7075728212366812e-05,1.3774561011814512e-06,8.270985745184589e-07,2.874216642467786e-09,1.3055628578229062e-08,4.6725475044695486e-08,9.153487212643086e-07,3.071662035836198e-09,1.3049297820089123e-07,2.0243943765763106e-07,6.13414111172439e-11,0.000628225679975003,1.317170905679177e-08,9.975128278938428e-08,1.7836217693911749e-06,9.375592924243392e-08,0.000304198736557737,1.5349758797356117e-08,0.9990339279174805,2.4883502192096785e-07,5.729750682803569e-07,2.0863939198534354e-07,19,19
1.848754571653899e-08,2.8239074367775174e-07,4.1177079523890825e-09,7.729661888333794e-07,1.0384145765485187e-09,4.095323049568833e-07,7.794124456950158e-08,1.6964989413281728e-07,1.3578682622750193e-09,1.3323345910976059e-06,3.991962330474053e-06,1.68444536097212e-10,0.9992039799690247,4.1020222774079684e-09,8.085623282028109e-10,8.383190142069452e-09,6.910020999839617e-08,2.9825552701367997e-05,2.3469391763342173e-08,0.0007373976404778659,1.916094163334492e-07,1.6118320900204708e-07,2.1235258827800862e-05,12,12
1.509287812950788e-06,8.458718170345492e-09,4.2725914681795985e-06,2.3267733695320203e-07,3.0504970709444024e-06,3.4846463677240536e-05,1.6440628769487375e-07,1.7744216620485531e-06,1.215688143929583e-06,0.00015944175538606942,1.926402183016762e-05,7.00017626513727e-05,3.042309870693316e-08,3.8115093047963455e-05,0.984978973865509,0.014682848006486893,4.494157046508462e-09,8.893132985576813e-08,3.891919732268434e-06,2.768189233393059e-07,1.1323809445684674e-08,2.637990492715403e-09,1.149312023329685e-08,14,14
0.16470575332641602,2.0116029190830886e-05,0.4031089246273041,1.7044295645973762e-06,0.024227533489465714,0.06833595782518387,4.999443262931891e-05,7.879898475948721e-05,0.00015669316053390503,0.015019604004919529,0.005784095264971256,0.013236206956207752,0.0005537827964872122,0.29838231205940247,0.0006961743347346783,0.0024940581060945988,1.3795705626762356e-06,0.002273859456181526,4.0699567762203515e-05,0.0008058503735810518,2.521715396142099e-05,9.492208050687623e-07,2.9815794277965324e-07,2,2
2.9554350078342395e-09,1.4384860946847766e-07,2.4536083387260987e-08,3.791229108429661e-09,1.1563416890680855e-08,2.8261240458959946e-07,1.3180426368386566e-11,7.652404043767547e-09,7.803375168258242e-10,7.742988472614343e-10,5.58539259287727e-09,3.7518493867239044e-10,0.0011741354828700423,1.219089629245218e-08,4.77350214911354e-10,1.4870707332192978e-08,3.351235733362046e-08,0.9987531900405884,2.6315327694703683e-09,7.200117397587746e-05,4.005160647579942e-09,2.3378034086363186e-07,2.153444000896343e-08,17,17
0.08258957415819168,5.353758325554736e-08,1.9057256395171862e-06,6.298503496537933e-09,7.73570136516355e-05,0.9164305925369263,2.0986103521636323e-08,9.271366252505686e-07,0.0003484051558189094,0.00018858275143429637,3.7345314922276884e-05,0.00019197165966033936,2.2938450001674937e-06,8.88017239049077e-05,1.91968083527172e-05,6.004125680192374e-06,1.571378938081125e-08,1.1908899978152476e-05,4.8820083975442685e-06,2.6888367088417908e-08,1.1489247953022641e-07,2.4870805859222855e-08,4.5060044584488423e-08,0,5
0.014811785891652107,0.0004628439201042056,0.000221942929783836,4.6775367081863806e-05,0.00021458409901242703,0.6345357298851013,6.774401845177636e-05,0.0004035279853269458,0.0019553492311388254,0.05737534910440445,0.03615019470453262,0.0006339873652905226,0.015706203877925873,0.0005438909283839166,0.0009583519422449172,0.20621292293071747,0.00011782933142967522,0.016952436417341232,0.008088030852377415,0.004002258647233248,3.6950030334992334e-05,0.00045651395339518785,4.475399327930063e-05,17,5
0.00047889986308291554,0.0018916063709184527,0.00014904816634953022,0.00032782062771730125,1.782036406439147e-06,0.00010379737796029076,0.00013472379941958934,0.0024782028049230576,6.5009739955712575e-06,0.07764185220003128,0.000240342749748379,3.856319835904287e-06,0.09729979932308197,1.1889678717125207e-05,8.203557808883488e-05,0.01375372614711523,2.4401086193392985e-05,0.0001807760272640735,0.000380768469767645,0.8028103113174438,0.0001907764672068879,0.0017323900246992707,7.467529940186068e-05,9,19
4.296064304298852e-08,0.020673008635640144,6.668502123829967e-07,0.0002583054010756314,1.907715541094035e-09,1.1198198279771532e-07,4.061106295694117e-08,1.0317794476577546e-06,1.8078992525261128e-08,5.549265225113231e-08,4.748322226078017e-06,2.090699696699616e-10,0.0007498153136111796,4.3467611732239675e-09,1.5088495786130807e-07,1.3693504570255755e-06,0.008463985286653042,4.748551145894453e-05,0.003077833214774728,0.0019047436071559787,0.0004781782045029104,0.9634208083152771,0.0009175739251077175,21,21
3.173665845679352e-07,2.0971508263301075e-07,9.107462339841277e-09,2.926759989918537e-08,3.921348579183359e-08,0.00011431000893935561,2.7183051365398114e-09,1.71001644844182e-07,2.0341330753126385e-07,8.294171038869536e-07,1.7045691720340983e-06,1.6289437354544134e-08,0.984017550945282,1.8719664751642995e-07,3.51351907568187e-08,6.163610350995441e-07,9.443701856071129e-07,0.01548757590353489,5.19302041368519e-08,0.0003110594698227942,9.865930223895703e-07,2.8706315902127244e-07,6.279210356296971e-05,12,12
6.428694518945122e-07,1.6064273950178176e-05,4.458134128526581e-07,0.0017460538074374199,8.384914508496877e-06,0.011413232423365116,7.492653821827844e-07,7.347746577579528e-05,1.3953503241737053e-07,0.0011575769167393446,0.0016883951611816883,2.9677332236133225e-07,0.00011157252447446808,2.589264795460622e-06,9.094220877159387e-05,4.320183052186621e-06,4.529797479335684e-06,9.307930304203182e-05,0.9802684187889099,0.0003905685734935105,1.838472053350415e-05,2.175112513214117e-06,0.0029078854713588953,18,18
2.93848961518961e-06,1.8719030094871414e-06,8.971198894869303e-07,9.460811156714044e-07,3.807397730426487e-10,1.1036719982371324e-08,0.9777117967605591,1.722614797472488e-05,3.183726846600621e-07,0.000173537788214162,0.02208646759390831,1.1582256043141115e-08,1.3997853898217727e-07,2.004645125452953e-07,2.8374838478839592e-08,3.1950600032359944e-07,5.912794698303969e-09,2.8786022454596605e-08,2.7554605708246527e-08,1.2711525414488278e-06,9.560798375218837e-09,1.8352490087636397e-06,1.1941514799218567e-07,6,6
0.000804310548119247,9.931326530931983e-06,0.993847668170929,2.6312045520171523e-07,0.0013271630741655827,0.0008226888603530824,1.0384655979578383e-06,2.8649938030866906e-06,1.748015893099364e-05,0.00012662983499467373,2.3237311324919574e-05,7.386373181361705e-05,3.8722817407688126e-05,1.6220772522501647e-05,0.00014489400200545788,7.637358066858724e-05,0.00015943068137858063,0.0022491232957690954,0.00017644827312324196,7.676607492612675e-05,2.9454481591528747e-06,3.6930435953763663e-07,1.6188821518881014e-06,2,2
3.334617576911114e-05,0.0019710566848516464,1.9303352871702373e-07,4.952859308104962e-05,1.643247315996632e-09,1.9971187725786876e-07,0.9936057329177856,0.00021712444140575826,8.498280408275605e-07,0.00023959293321240693,0.0037449055816978216,1.5458011759506007e-08,4.566404925299139e-07,6.281160835897026e-07,1.2512332148162386e-07,1.3926961401011795e-05,5.65163531973667e-07,3.0558203434338793e-07,5.816588782181498e-06,1.9604178305598907e-05,5.315542352946068e-07,6.896815466461703e-05,2.635968485265039e-05,6,6
0.001141681452281773,2.5829203877947293e-06,1.1778963653341634e-06,1.9721367650049615e-08,0.0012750894529744983,0.969838559627533,3.923764779756311e-06,2.404779252174194e-06,0.0006958021549507976,0.0025800783187150955,0.02239718846976757,0.0017421044176444411,1.1625365004874766e-05,5.300640259520151e-05,7.740625733276829e-06,7.59901013225317e-05,1.5808300304342993e-06,3.165208181599155e-05,0.00012989822425879538,4.3661503923431155e-07,2.493841975592659e-06,7.336439011851326e-08,4.828766577702481e-06,17,5
0.005399009212851524,9.418668923899531e-06,1.59033606905723e-06,4.873891612078296e-06,2.541658545851533e-07,0.00018634699517861009,0.0004860225017182529,8.005280687939376e-05,5.372162377170753e-06,0.993150532245636,4.298555722925812e-05,1.2313219485804439e-05,0.00020618589769583195,2.7183192287338898e-05,1.7590040215509362e-06,2.136834336852189e-05,4.072975912094989e-08,4.2334178829150915e-07,0.0003158302861265838,4.5363536628428847e-05,1.0312371756526773e-07,5.743693805015937e-07,2.3390921342070214e-06,6,9
0.00026026315754279494,3.6834571801591665e-05,0.00011111256753792986,3.1276765639631776e-06,0.00046559557085856795,0.002721043536439538,2.3928710106702056e-06,5.474067165778251e-06,1.2365777365630493e-05,7.42340853321366e-05,0.00011054562492063269,1.1178630074937246e-06,0.06604038178920746,3.676017513498664e-05,1.3415578905551229e-05,7.737940563856682e-07,0.000511872407514602,0.03974325209856033,8.89739312697202e-05,0.87184739112854,0.00010594581544864923,1.7486827346147038e-06,0.017805440351366997,12,19
9.272326906284434e-09,1.4925937152909796e-09,2.171650237414724e-08,3.6696536920288736e-09,1.5430130784199747e-10,1.3768008066961102e-08,2.107188423750017e-09,1.3009506361072454e-08,1.378104741434072e-07,2.171063187006439e-07,0.9999996423721313,5.724640761428645e-10,1.7658243756102365e-09,1.6418469916956724e-09,1.027684604082424e-09,5.843657113757672e-09,2.9522932709635796e-11,4.161333055918703e-09,5.607719844036296e-10,4.237439288345968e-09,8.300155007745502e-10,5.682987858079969e-09,7.821075453939841e-10,10,10
1.1161692725636385e-07,2.8802558560414582e-08,1.2549422834240431e-08,3.076658927625431e-09,1.4687770999444183e-07,3.3109740797954146e-06,2.093959207416507e-11,1.2514141722874683e-08,4.719696633515014e-09,1.1092817331359583e-08,8.951902330522898e-09,9.277680845798386e-09,0.00051069853361696,7.867594575827752e-08,5.1406057188785326e-09,9.1079620290202e-08,4.6587626911787083e-07,0.999453604221344,9.449274784856243e-08,3.0355649869306944e-05,1.3069112014818529e-08,1.4910968459957985e-08,8.657165153636015e-07,17,17
0.8532848954200745,1.1836605295911795e-07,3.36543598677963e-05,4.2374930231403596e-09,0.00033810161403380334,7.552967872470617e-05,1.9809876903309487e-06,4.656104920286452e-06,0.0002081596467178315,0.0006148829124867916,0.0002061664272332564,0.1449449509382248,1.1247494740018738e-06,0.00025909097166731954,2.3007763957139105e-05,1.5857259541007807e-06,1.0894341073708347e-07,1.5052029311846127e-06,1.8605281582040334e-07,4.598459568683211e-08,2.350181347310354e-07,3.2481946021789554e-08,1.72656413610639e-07,0,0
0.579345703125,3.979433813583455e-07,1.215912135421604e-07,9.274192969144224e-09,2.8709160687867552e-05,0.39266976714134216,9.126815143645217e-07,9.331591172667686e-06,0.023962093517184258,0.0014674257254227996,0.001060242298990488,0.0013018655590713024,1.354644041384745e-06,0.00010930683492915705,7.292571808648063e-07,1.0655019650585018e-05,1.3022273037677223e-07,1.1444452866271604e-05,4.782122687174706e-06,1.380607184131577e-08,1.7732438664097572e-06,6.140788855191204e-08,1.316350608249195e-05,5,0
1.1400774155845284e-06,0.048676278442144394,2.036759561008239e-08,9.369348958898627e-07,1.3988407654430546e-10,2.759857125056442e-06,5.422454041337232e-09,9.860334102995694e-06,3.654616165249536e-08,1.62528088765157e-08,4.739078121929197e-06,7.469415086447384e-10,2.0589768610079773e-06,2.1152102291921437e-08,6.025977494772405e-10,8.884343039028408e-09,3.685003684950061e-05,2.139929620170733e-06,0.0010101022198796272,6.114348138908099e-07,0.00011589004861889407,0.9499803781509399,0.00015599500329699367,21,21
6.05476984105735e-08,0.9999814033508301,2.8254129702531827e-08,8.542042628789659e-09,6.111683381604394e-11,3.656924207895429e-10,1.7264477625289487e-09,2.0569496328448622e-08,1.8072314478256857e-10,3.3668947629905688e-09,3.3769984586484725e-09,7.546010691306115e-12,5.193420093974055e-08,3.226658107369218e-10,2.2461692228414876e-10,1.1737587568561025e-09,2.6604842773281234e-08,3.835659967421634e-08,1.8343202157211635e-07,2.007941191095597e-07,2.2152907064310057e-08,1.7819293134380132e-05,1.154423614480038e-07,1,1
5.309790140017867e-06,0.0007393906707875431,1.4280398090704693e-06,4.305120000935858e-06,1.2978806296359835e-07,6.014881819282891e-06,1.8472623196430504e-05,8.749973858357407e-06,5.2399574457240305e-08,0.00038800662150606513,0.00047395858564414084,1.5625843730049382e-08,0.911099910736084,3.170094586835148e-08,9.46238560572965e-06,0.0004011699929833412,0.002370235975831747,0.03434761241078377,0.00025762905715964735,0.03676522523164749,0.00017460821254644543,6.740142998751253e-05,0.01286088116466999,19,12
0.00794911291450262,6.56651973258704e-05,2.491573650331702e-05,5.028676696383627e-06,5.678704155798187e-07,0.008870222605764866,0.00023102985869627446,0.1564151793718338,0.0054597328417003155,0.11272240430116653,0.6454939246177673,0.002049058210104704,3.906942220055498e-05,0.0048098438419401646,6.583644426427782e-05,0.05542256310582161,6.964349097415834e-08,0.00018700155487749726,0.00014064233982935548,5.790770046587568e-06,2.8644283247558633e-06,3.629552884376608e-05,3.188453774782829e-06,9,10
7.26082143955864e-05,1.4911541939000017e-06,2.1141065786878244e-08,2.454946752550313e-07,1.0620111652315245e-06,0.012891788966953754,2.347840677430213e-07,1.179007313112379e-06,1.8320251911063679e-06,3.418542110011913e-05,3.855981503875228e-06,7.156443757594388e-07,0.9545763731002808,4.913919724458538e-07,9.40271593918851e-09,8.025319431226308e-08,8.226081990869716e-05,0.0005268122768029571,0.0003482765459921211,1.5570803952869028e-05,3.8143251003930345e-05,4.336825156769919e-07,0.03140239417552948,12,12
4.958982344760443e-07,1.1945290623316396e-07,1.0460568411474469e-08,1.387361862725811e-06,5.231199029509526e-09,2.9475128030753694e-05,4.7055189611455717e-07,1.2401576441334328e-06,1.652381001804315e-06,1.7306956578977406e-05,0.9989602565765381,1.2563717177727085e-07,9.757594732207053e-09,2.42184256649125e-07,3.0985941634753544e-07,7.427737358511877e-08,4.155588317900083e-09,6.195651280904713e-08,0.000981031102128327,1.1526152476903917e-08,1.550960071483587e-08,3.407956228329567e-07,5.428893018688541e-06,10,10
0.9999618530273438,3.353186684762477e-06,4.506024140482623e-07,1.6690115955952933e-08,3.1587483135808725e-06,9.451731557419407e-07,3.957867633630485e-08,1.1704552349556252e-07,1.6233921087405179e-06,4.732714558031148e-07,1.8768449194794812e-07,3.3829071526270127e-06,2.4121931119225337e-07,1.0855335858650506e-05,6.707000466121826e-07,2.5245103643101174e-06,3.556692490747082e-06,4.761166962907737e-07,3.499828608255484e-06,6.992174661490935e-08,7.78074920049221e-08,2.364502961427206e-06,4.6576854373370224e-08,0,0
1.2016998724231898e-12,3.204502418627242e-12,4.241522758019478e-11,0.9999988079071045,1.6981273158467314e-12,2.7056678078563046e-11,4.637839591536963e-12,2.7536479763057287e-08,3.9007625254883216e-12,2.3683985328482038e-11,4.278878640295858e-10,1.5262114759929252e-13,4.834841901835141e-11,5.716417270096308e-11,9.58654156058003e-10,5.99172274295956e-12,2.340771187991919e-10,9.285145430304453e-10,2.4258542907773517e-07,8.548450836087795e-09,6.740816238526293e-11,3.9999462075890335e-11,9.285992632612761e-07,3,3
1.4221568562788889e-06,0.002075367607176304,4.114409875910496e-06,1.776873261860601e-07,2.8530328322062815e-08,3.2396334859186027e-07,2.9542256925196853e-06,7.672696483496111e-06,5.604015314020216e-07,4.451672430150211e-05,0.997539758682251,3.283269478515649e-08,1.051783146976959e-05,2.4483192362367845e-08,1.0465636250955868e-06,8.405911648878828e-05,6.362818112393143e-06,4.27071472586249e-06,6.473652319982648e-06,8.950717892730609e-05,9.433834748051595e-06,7.996681233635172e-05,3.157876926707104e-05,1,10
2.869646964498429e-09,0.03364526852965355,4.6524763774868916e-07,0.0006495898705907166,3.511779061993181e-11,5.877750508531676e-10,5.659714830130724e-08,1.7633028619457036e-05,1.1258943999337134e-08,1.1156661372524468e-07,9.323869016952813e-05,3.7698677513020584e-11,4.938134679832729e-06,7.394164724949803e-10,9.594758410003124e-08,1.981514742510626e-06,4.971596717950888e-05,1.1453471415734384e-06,1.5363617421826348e-05,0.0005690272082574666,2.0708439478767104e-05,0.964756965637207,0.00017357493925374,21,21
0.9023774266242981,6.100569589762017e-05,0.00021651283896062523,2.4247418650702457e-07,3.796135206357576e-05,0.09259600937366486,2.8434978958102874e-06,7.282051956281066e-05,0.000497007102239877,5.3446598030859604e-05,0.0013811890967190266,1.3044094657743699e-06,5.2682760724565014e-05,0.0004761191376019269,7.591991106892237e-07,1.310923744313186e-05,0.00017040751117747277,3.0305402106023394e-05,0.0013825669884681702,2.8001009923173115e-05,0.00012967530346941203,0.00041823647916316986,2.618600092318957e-07,0,0
6.649497663602233e-06,8.719577635929454e-06,1.0897626907535596e-06,1.4774913381643273e-07,4.075612736187395e-08,0.0008715899311937392,1.9915749049914666e-09,4.756949419970624e-05,7.975821063155308e-06,5.269150165077008e-07,0.00016304358723573387,8.012239760546436e-08,7.286810432560742e-05,9.931547992891865e-07,1.3290619449435326e-07,2.7311705252941465e-07,6.4531063799222466e-06,0.00024303850659634918,9.886391126201488e-06,2.995807517436333e-05,0.9983150959014893,0.00021305856353137642,8.536646305401518e-07,20,20
0.15703602135181427,2.256478865092504e-06,5.203832529332431e-07,4.1744402778931544e-07,0.040256060659885406,0.7369236350059509,6.92843570959667e-07,7.610167358507169e-07,2.3869095457484946e-05,0.014475316740572453,0.001255345530807972,0.004172416869550943,0.04273241385817528,0.0013404680648818612,5.162962042959407e-05,8.308083488373086e-05,1.7688230400381144e-06,0.0015187443932518363,9.413142834091559e-05,1.2581764167407528e-05,2.9883908609917853e-06,6.679483135485498e-07,1.4231399291020352e-05,4,5
0.5132735967636108,2.047245106950868e-05,0.06724736839532852,1.5918914186840993e-06,0.22992360591888428,0.04828125238418579,0.00011090906627941877,6.073830263630953e-06,0.001298863789997995,0.020116271451115608,0.0009026647312566638,0.03429773449897766,0.0007401257171295583,0.073030486702919,0.000527780270203948,0.0032425241079181433,2.030581163126044e-05,0.006145693827420473,0.0001316608104389161,0.0006722200778312981,5.237037385086296e-06,7.808481541360379e-07,2.727585979300784e-06,0,0
0.7297482490539551,0.0004840850015170872,0.013437720015645027,0.0002883067063521594,0.00026015209732577205,0.0124929528683424,0.004898769315332174,0.0019673421047627926,9.917677380144596e-05,0.01687067374587059,0.00027748470893129706,0.00016036808665376157,5.3713814850198105e-05,0.19211100041866302,0.000991983339190483,0.020141957327723503,9.279065125156194e-05,8.44057576614432e-05,0.0047670085914433,0.0004945973050780594,4.501597140915692e-05,0.00022461882326751947,7.593547707074322e-06,0,0
1.9066227423536475e-06,0.009244452230632305,0.00045849327580071986,0.0007625499274581671,1.888238676528431e-09,6.374903591677139e-07,9.996497851716413e-08,6.722663329128409e-06,2.1086854484764217e-09,4.930367140332237e-06,1.9705844067630096e-07,1.2889293798945545e-10,0.0005161223234608769,1.540886529483032e-08,1.8978006721681595e-08,6.42073985090974e-08,0.00886467657983303,2.8835020202677697e-05,0.004941148683428764,0.010303543880581856,0.9633193612098694,0.001503683510236442,4.258622357156128e-05,16,20
0.900650680065155,2.1466265025082976e-05,0.011761292815208435,8.478655217913911e-07,0.0027207022067159414,0.0005329686100594699,4.9966616643359885e-05,0.00012857902038376778,0.00012441666331142187,0.01508305873721838,0.0002522518625482917,0.059753790497779846,0.00016608588339295238,0.0034847245551645756,0.000477248162496835,0.0034342308063060045,1.4064976312511135e-06,0.0012734605697914958,3.0077537758188555e-06,7.644990546396002e-05,1.1176115322086844e-06,1.6940572322710068e-06,6.088006330173812e-07,0,0
0.9744817614555359,8.34632274404612e-08,0.0005638334550894797,4.1018464003172994e-07,3.2142670534085482e-06,0.01282459869980812,7.533230473200092e-06,3.5601399304141523e-06,0.00023417007469106466,0.00964716263115406,4.1514289478072897e-05,3.754140834644204e-06,3.4814540413208306e-05,0.00021821640257257968,1.3318066294232267e-07,2.3644359714580787e-07,3.6001824810227845e-06,2.53890611929819e-05,0.001903462572954595,8.205730637200759e-07,1.3445901458908338e-07,1.3956559996586293e-07,1.2276697134439019e-06,0,0
1.1142379889861331e-06,7.1673712227493525e-06,1.404950733530086e-08,5.354811219149269e-05,2.2223455076186838e-08,0.00021219324844423681,5.741351856158872e-07,2.560317852839944e-06,3.062210396365117e-08,0.001748979208059609,2.757423544608173e-06,4.113029916652522e-08,0.9967821836471558,2.7582638040257734e-07,4.737403571652976e-07,2.7021260393667035e-06,2.488361872110545e-07,7.71076975070173e-06,0.00037891173269599676,0.0007364450138993561,9.480090170654876e-07,2.537676436986658e-06,5.85744965064805e-05,12,12
0.00027176798903383315,3.836144969682209e-06,2.0197815047140466e-06,2.9580411364804604e-07,6.7058581407763995e-06,9.227289410773665e-05,4.579624999223597e-07,3.357668276748882e-07,1.7287280797972926e-06,1.50099765505729e-07,3.2804429395127954e-08,3.8587136259593535e-06,3.4749376709442004e-08,0.9996147155761719,3.7157772680984635e-07,2.6670116781701836e-08,7.140693369933615e-09,1.159715793619398e-06,1.4299220474356389e-08,2.7626470000541303e-08,3.371193812995443e-08,1.501385611391015e-07,5.972520811248216e-10,13,13
0.0007316912524402142,2.7065967515227385e-05,1.4270301107899286e-05,3.383958926406194e-07,1.876514801324447e-07,1.5184267795120832e-05,6.531485269078985e-05,6.409353227354586e-05,7.026757884887047e-06,0.0032787672244012356,0.9933242201805115,3.0585171771235764e-05,5.936618435953278e-06,8.588907076045871e-05,1.187863858831406e-06,0.002334249671548605,2.9668980161545733e-08,4.809348411072278e-06,2.3429015527653974e-06,1.2166909755251254e-06,1.114564724957745e-07,5.099264399177628e-06,2.6166347311118443e-07,10,10
0.01833527907729149,0.0001526807900518179,0.000904219108633697,9.05152137420373e-06,0.003974953666329384,0.5302537083625793,2.3067890651873313e-05,0.0013499268097802997,0.0035457208286970854,0.08803985267877579,0.0004371654649730772,0.0103590227663517,7.572200411232188e-05,0.33832231163978577,0.0010411260882392526,0.0024898797273635864,2.213935658801347e-06,0.0005838188226334751,4.632043783203699e-05,3.705804192577489e-05,1.5046593034639955e-05,3.3819370059973153e-07,1.5528479480053647e-06,0,5
6.961141139072424e-07,1.1871235983562656e-05,2.2582540623261593e-05,7.195299076556694e-06,5.318345301930094e-07,1.491208422521595e-06,2.8621343517443165e-07,1.8132470358978026e-05,4.838503286919149e-07,1.4969027688493952e-05,0.003923273645341396,7.302320454982691e-07,9.377519018016756e-05,2.050885814242065e-05,2.274958933412563e-05,0.050989482551813126,2.640601906023221e-07,0.9417886734008789,2.0152749868884712e-07,0.0030777568463236094,8.931214523499875e-08,3.991742687503574e-06,2.1872578770398832e-07,17,17
0.003377165412530303,7.1583590397494845e-06,0.0037360910791903734,0.00018971362442243844,9.589682122168597e-06,0.016526080667972565,7.319862197618932e-05,0.00014937731612008065,4.101272497791797e-05,0.2670602798461914,0.6830427646636963,1.425754999218043e-05,0.0017415827605873346,0.00017207855125889182,0.00014755551819689572,6.188308907439932e-05,4.786646968568675e-06,0.0005184916662983596,0.02274155057966709,0.00035605637822300196,3.4117267659894424e-06,7.88715169619536e-06,1.7980122720473446e-05,10,10
9.94180822999624e-07,8.777707307672244e-07,4.830695288227105e-10,9.785154588826117e-07,1.335824340031877e-09,3.247131189709762e-06,2.4046936886179537e-08,2.5681029569568636e-07,3.1530538535662345e-07,6.570999033783664e-08,3.218018491679686e-07,2.1678225881061053e-09,0.00028551381547003984,6.752670644871728e-10,1.9476580348509742e-09,1.9683483287735726e-08,0.00039121328154578805,3.9903848119138274e-06,3.3972312394325854e-06,5.024322035751538e-06,2.2497904410556657e-06,8.696849249645311e-07,0.9993007183074951,22,22
1.6838355065829091e-07,0.9999176263809204,1.1224295803913265e-07,3.818721339143849e-08,1.3861746472887404e-10,2.3603168308738987e-09,1.0418578000326306e-08,1.1480761941129458e-06,8.094145909076644e-10,4.670937414630316e-09,1.1048186365769652e-08,1.1527194997140722e-11,1.813627932278905e-07,2.762022832669686e-09,2.7563851201506395e-10,1.7649094630201034e-08,3.304342399701454e-08,5.526378004105936e-07,8.1586946976131e-08,2.679056024135207e-06,9.888322693996088e-08,7.684457523282617e-05,2.2933949139769538e-07,1,1
0.1087680533528328,0.0004471385618671775,0.0019327690824866295,3.790079426835291e-05,0.010987821966409683,0.018142346292734146,0.002456072485074401,0.0008719856268726289,0.0046439399011433125,0.05499597266316414,0.11478421837091446,0.006947548594325781,0.06869679689407349,0.0022522404324263334,0.011002988554537296,0.508669376373291,0.00028669246239587665,0.015050648711621761,0.00020498610683716834,0.06832674145698547,0.0002712734858505428,9.452189260628074e-05,0.0001279560528928414,9,15
0.013802172616124153,0.008427460677921772,0.0009820538107305765,5.3142153774388134e-05,5.085521479486488e-06,0.0031118851620703936,0.0004689926281571388,0.04577410966157913,0.023798419162631035,0.0003606088866945356,0.4768950641155243,1.389912449667463e-05,0.008281564339995384,5.252974005998112e-05,3.4687836887314916e-05,0.008119904436171055,0.00483567314222455,0.03468414396047592,0.0002381918311584741,0.125153049826622,0.017143916338682175,0.22745206952095032,0.00031145912362262607,12,10
4.401367093009867e-08,2.0540317109407624e-06,2.5770036700123455e-06,8.675869480612164e-07,1.5123634966585087e-07,1.9723790956049925e-07,2.078363703361674e-09,7.313033165701199e-06,5.395064661684046e-08,2.1892500967624073e-07,1.501607016507478e-06,5.413113157715088e-08,9.368425526190549e-05,5.409405616774166e-07,1.2444302228686865e-05,0.00024055551330093294,9.575671356287785e-06,0.004416011739522219,1.966592151347868e-07,0.9951926469802856,1.7557824776304187e-06,1.7367781765642576e-05,9.931165578791479e-08,19,19
1.1378946283002733e-06,0.00027042385772801936,4.8196675095368846e-08,2.6406755750940647e-06,8.457122930849437e-07,3.392426879145205e-05,6.326232551145949e-07,1.7844128308297513e-07,2.187428016497961e-09,2.4840786863933317e-05,8.795464054855984e-06,2.6940499608940627e-08,0.9917798638343811,1.6810352221341418e-08,7.522408509430534e-07,2.6694979169405997e-06,3.7394747778307647e-05,0.00011552144133020192,0.0024227916728705168,0.004360465332865715,7.640851436008234e-06,1.55900270328857e-05,0.0009137809975072742,12,12
0.00040514126885682344,0.9537152051925659,0.0011433279141783714,0.00042789202416315675,1.1282911600574153e-06,5.479595984070329e-06,8.908952440833673e-05,0.0004991525202058256,5.170205895410618e-06,0.00046668932191096246,0.009835089556872845,9.711578030646706e-08,0.0017413588939234614,1.232535214512609e-05,1.2565763427119236e-05,0.00030052749207243323,5.0033540901495144e-05,0.0022065616212785244,7.621000986546278e-05,0.020694922655820847,0.00014450166781898588,0.008094708435237408,7.295913383131847e-05,6,1
7.242069841595367e-06,3.898224804288475e-06,1.2914522812934592e-05,3.2016482691687997e-06,2.701992229958705e-07,0.00010794218542287126,1.3720652532356326e-05,2.3316455553867854e-05,1.8267458017362515e-06,0.004850172903388739,0.9738150238990784,8.022652764339e-07,7.426299816870596e-06,5.748917146775057e-07,0.00024196137383114547,0.0011119581758975983,2.3505222657149716e-07,2.06689105652913e-06,0.019752729684114456,1.9155418158334214e-06,7.965832082845736e-07,1.8511057930936659e-07,3.9989532524487004e-05,10,10
4.1275366458037865e-10,2.0024499463033862e-06,8.989463395892017e-09,6.544272764585912e-05,7.235629317925429e-10,1.1793347631794404e-08,4.878682458020478e-10,6.317751655160464e-09,2.2887796102821767e-09,4.3112155512226025e-10,1.8757542363800894e-07,3.0606010347628e-12,4.062875632371288e-06,1.8011446500931783e-11,2.5779078871579486e-09,8.716600358171789e-11,0.9442412257194519,2.600535253804992e-06,5.077751666249242e-06,1.2109567251172848e-05,0.04565584287047386,4.0429504224448465e-06,0.01000736840069294,16,16
7.017501246764368e-08,1.144332983926688e-08,2.8842150001651135e-08,5.1442196280504504e-08,2.8404758722899714e-07,5.738192498938588e-07,2.636642548736745e-08,1.1460624449455281e-07,6.517829120866736e-08,3.997552084911149e-06,1.2331789548625238e-05,5.3482958719541784e-06,2.6282775067443254e-08,3.080910573771689e-06,0.9995607733726501,0.0004130305605940521,4.224775640437883e-09,1.3325053060952996e-08,4.1845268583529105e-08,9.519013133285625e-08,3.5642486295728304e-08,6.075489888957009e-09,2.223890938068962e-08,14,14
0.006923495791852474,0.001265406608581543,0.1340726912021637,4.465529741537466e-07,0.004741547629237175,0.0007204192806966603,2.1776249923277646e-05,6.794880755478516e-05,6.420142017304897e-05,0.0004249349294696003,0.00053903937805444,0.030357886105775833,8.66081754793413e-05,0.00031807131017558277,0.010344498790800571,0.8044734001159668,0.0002214928827015683,0.002528740791603923,1.1144220479764044e-05,0.002511665690690279,7.93154540588148e-05,0.00022371322847902775,1.468986738473177e-06,2,15
3.0166907860618153e-10,1.0777725378829928e-09,8.370280024649901e-10,1.7946979369298788e-07,5.437943498276532e-11,2.467068216382984e-10,9.427832863354024e-13,1.0592438384748881e-12,8.119185011812302e-12,3.974750650143077e-12,3.8833476365129904e-13,2.5760646328761017e-13,8.217783120656463e-10,1.6822515602754606e-12,1.0434490944899455e-11,1.958455966843964e-12,0.9993607401847839,6.147995446070809e-10,0.0005475837970152497,2.4150353938878766e-10,9.124778443947434e-05,6.238541239156348e-09,2.481132241882733e-07,16,16
5.895269350730814e-05,0.00015439532580785453,0.9983420372009277,7.172653937459472e-08,1.7044517619524413e-07,2.0621969269996043e-06,1.8237985841551563e-06,1.4704802197229583e-05,8.050383826230245e-08,1.7003230823320337e-05,0.0013325006002560258,1.3415132116278983e-08,4.118158813071204e-06,1.1258241272571468e-07,1.0170080599891662e-07,4.0531892864237307e-07,2.6274874471710064e-06,4.827703014598228e-05,2.9627210551552707e-06,1.6286188838421367e-05,2.975909580982261e-07,8.67875826315867e-07,3.7266069341512775e-08,2,2
0.3827436864376068,0.0029713509138673544,0.0015158159658312798,4.979617074241105e-07,0.00021013343939557672,0.06275813281536102,0.00019414520647842437,0.0002740380878094584,0.002553679049015045,0.0003374474763404578,0.5355368256568909,4.6503086196025833e-05,0.00016179737576749176,0.00017453690816182643,1.376247837470146e-06,0.0010044145165011287,0.00015438991249538958,0.005870037712156773,5.0026697863359004e-05,0.00032322280458174646,0.00011846203415188938,0.002998183248564601,1.1779746955653536e-06,0,10
0.016719389706850052,1.1694147161733781e-07,6.803467840654776e-05,6.962041254610085e-08,0.00022423897462431341,0.1917192041873932,2.966456804642803e-06,7.4290823249612e-05,0.7721900939941406,0.003360714763402939,0.0033281140495091677,0.009795639663934708,3.971145997638814e-05,0.0013448328245431185,0.0002201569441240281,0.00033036756212823093,9.943286158886622e-07,0.0005623904871754348,9.934225317920209e-07,3.4677786970860325e-06,7.287964763236232e-06,2.0626764296594047e-07,6.5961003201664425e-06,8,8
1.0272508461639518e-06,0.00012322296970523894,5.756290875069681e-07,8.705719096724351e-07,2.2156518397764557e-08,0.00010632022167555988,1.800707671861801e-08,2.4848783141351305e-05,5.364225899029407e-07,1.319133161814534e-06,3.2768253731774166e-05,3.462675834953188e-08,0.0003596327733248472,1.4729732811247231e-07,7.607534939779725e-07,1.7564923382451525e-07,2.2187447029864416e-05,3.768295209738426e-05,2.00635058718035e-05,0.00010000602924264967,0.998985230922699,0.00015254467143677175,3.0113231332506984e-05,20,20
4.5897297241026536e-05,0.0016853928100317717,0.0007024778169579804,0.013297414407134056,7.875470146245789e-06,0.0011088910978287458,6.405502972484101e-06,3.0217095627449453e-05,1.3764790310233366e-05,2.7416461307439022e-05,0.025459427386522293,2.8140179892943706e-06,0.0037214593030512333,2.6552223062026314e-05,3.954387648263946e-05,0.00016484316438436508,0.05058583244681358,0.007016927935183048,0.246271550655365,0.011487940326333046,0.00012609935947693884,0.6363537311553955,0.0018174967262893915,12,21
0.0008552728686481714,0.014368478208780289,0.016570761799812317,0.0011767878895625472,0.0008551517385058105,0.0006946983048692346,0.0007255776436068118,0.007820659317076206,0.0007607948500663042,0.007508962415158749,0.004034440498799086,0.00015245760732796043,0.01417818758636713,0.0003544613718986511,0.03200879320502281,0.403425395488739,0.01240609586238861,0.04850105568766594,0.0011296937009319663,0.42608508467674255,0.0031732029747217894,0.002530567580834031,0.0006834500236436725,12,19
5.3419764299178496e-05,0.27892908453941345,9.506047717877664e-06,0.00020241571473889053,3.479617660673284e-08,8.996914289127744e-07,1.1233746590733062e-05,0.001148104202002287,1.538541982881725e-05,2.6025068109447602e-06,0.14094968140125275,7.78327713391036e-09,0.0005145769682712853,1.0068337985558173e-07,8.056963451963384e-07,3.933100174435822e-07,0.02239859662950039,2.4097171262837946e-05,0.0016012951964512467,0.001352527062408626,0.010448585264384747,0.41182437539100647,0.1305123120546341,20,21
0.9961342811584473,5.557245913223596e-06,0.00016840964963193983,2.0599099315177227e-08,0.0033522876910865307,5.060887633590028e-05,5.902298880755552e-07,8.394663808530822e-08,8.899155545805115e-06,2.3829143174225464e-05,1.4385058193511213e-06,2.233086524938699e-05,9.498648978478741e-06,1.7301055777352303e-05,1.4863836440781597e-05,0.0001011325148283504,5.2628142839239445e-06,7.74534055381082e-05,4.679246103478363e-06,9.815558996706386e-07,7.185447259416833e-08,3.365425129686628e-07,1.043846467041476e-07,0,0
1.3231128548341076e-07,5.12233988558819e-09,3.964134975831257e-07,3.791654705764813e-07,5.769922495346691e-07,2.1100045159982983e-06,2.4678591614701872e-08,2.1303482355961023e-07,6.636558680384042e-08,9.595210940460674e-06,2.574213340267306e-07,1.8109686834577587e-06,1.5264943087345273e-08,4.079251993971411e-06,0.9999279975891113,5.159395368536934e-05,3.530676861984716e-09,1.527146764601639e-08,4.315335786486685e-07,2.5368839828843193e-07,6.185831846750034e-09,2.3475725807742265e-09,4.609985282399975e-09,14,14
4.2658444954213337e-07,7.178875421232078e-06,2.7646507305689738e-08,2.2996951884124428e-05,3.2032714258889428e-09,1.5582189689666848e-06,8.141926628013607e-06,4.5720898356194084e-07,1.2970286888958071e-07,0.00013088026025798172,7.544855907326564e-05,3.1912367148834164e-07,0.00012472625530790538,6.635528571052873e-09,1.8357354747422505e-07,7.610640022903681e-05,4.7715271648485214e-05,8.486589990752691e-07,0.00045738060725852847,8.893200060811068e-07,3.087940513069043e-06,2.2245959030442464e-07,0.9990412592887878,22,22
8.313527359860018e-07,2.385127663728781e-05,2.6742200134322047e-06,1.692911064310465e-05,1.683887660419714e-07,1.93090249922534e-06,2.0040597519255243e-06,8.21619869384449e-06,5.2799840943862364e-08,3.0703755328431726e-05,0.00023044602130539715,1.4667859815631346e-08,0.0977318212389946,1.005969579637167e-06,2.661997484665335e-07,1.385903146911005e-06,2.2929037868379964e-07,0.0004723890742752701,3.060711605940014e-06,0.9014608263969421,6.551289857270604e-07,7.623616511409637e-06,2.91618471237598e-06,19,19
6.316648182291829e-08,0.9989417195320129,1.4473644682766462e-07,1.2708616168310982e-06,5.035054664870309e-11,6.961433030028275e-08,1.2701266882686468e-07,8.670864190207794e-05,5.3217185325138416e-08,1.0264051297781407e-06,0.0007407118682749569,2.790505049254932e-10,8.739390722212192e-08,1.5895832206069826e-08,5.9820650655240115e-09,5.6269477965997794e-08,3.020246808205229e-08,7.148487384256441e-07,7.747443305561319e-06,2.435771602904424e-05,1.914716278861306e-07,0.00019089685520157218,4.030186573800165e-06,1,1
0.40476468205451965,3.3753829029592453e-06,0.0003137372841592878,2.906853637796303e-07,0.00014283604105003178,0.0007686861208640039,0.0009595509618520737,0.0003457206184975803,0.010054802522063255,0.057184766978025436,0.2474220246076584,0.060276784002780914,8.288317985716276e-06,0.00038840010529384017,0.0045003644190728664,0.21280348300933838,2.3510253868153086e-06,2.3322058041230775e-05,2.0664641851908527e-05,2.5267602268286282e-06,7.325646947720088e-06,1.10333144220931e-06,4.874695605394663e-06,9,0
0.043709076941013336,1.2155420847648202e-07,0.00037455171695910394,8.020508146522332e-10,0.0012674789177253842,0.18333934247493744,3.8097723518148996e-06,2.0964112081856e-06,0.0007489381241612136,0.027333104982972145,0.0001976502826437354,0.7423424124717712,0.00022275972878560424,5.3669071348849684e-05,6.906002090545371e-05,0.00011469302262412384,1.1039254559364053e-06,0.00017168173508252949,1.2242091543157585e-05,1.5519577800660045e-06,3.062243922613561e-05,2.071493199196084e-08,3.9361807466775645e-06,0,11
2.96058146886935e-06,0.006037326529622078,1.9834187980904971e-07,0.0002307991380803287,1.6082223552871255e-08,1.1274224561930168e-05,5.130970635036647e-07,2.610886986076366e-05,1.2710772807622561e-06,1.545448503748048e-05,4.244347655912861e-05,1.59617496997555e-09,0.7383372187614441,4.5405673176901473e-07,8.748249911150197e-07,1.807225817174185e-05,7.652185013284907e-05,0.0024705808609724045,1.0582542017800733e-05,0.2510971128940582,1.8034777895081788e-05,0.0010041571222245693,0.000598006066866219,12,12
0.18636856973171234,1.497585435572546e-05,0.00020977051462978125,2.1467330952873453e-05,0.034823209047317505,0.02142302319407463,1.7032336472766474e-05,2.2378295398084447e-05,0.00040897689177654684,0.01477872859686613,0.0002234620915260166,0.0013075184542685747,0.0007081913063302636,0.007203954737633467,0.052722152322530746,0.6778075695037842,4.881414497504011e-06,0.0011065916623920202,0.0006885024486109614,0.00013281829888001084,8.978461778497149e-07,3.0047292511881096e-06,2.3021475499263033e-06,15,15
3.1374997888633516e-07,5.3448829362423567e-08,3.6655368518268006e-08,1.1251135845213867e-07,1.3017652733537943e-08,0.00028427637880668044,6.324000434432264e-09,3.2251833204099967e-08,3.081501498414241e-09,1.2536726899270434e-05,1.4641703671713913e-07,1.8586774785944726e-08,0.9994508624076843,2.5780682477716255e-08,1.4277263460371614e-07,2.7785642231492602e-08,3.943678805740092e-08,1.916196742968168e-05,0.00012791900371666998,9.822062565945089e-05,2.1365751479152095e-07,1.2035934560117312e-07,5.6870976550271735e-06,12,12
0.999394416809082,9.625068742025178e-07,3.098832894465886e-05,7.0868838575322e-10,3.5546811432141112e-06,5.693394268746488e-05,7.809018143234425e-08,1.493924969508953e-06,2.7722629965865053e-05,6.297113486652961e-06,7.989852747414261e-06,0.00010201908298768103,4.2948866507686034e-07,9.868051165540237e-06,1.6011395587156585e-07,0.00034914337447844446,1.2094140799945308e-07,6.882837624289095e-06,5.260343414192903e-07,4.1534420347488776e-08,8.399245388091003e-08,1.4706887441207073e-07,2.527881459712944e-09,0,0
2.27913326232565e-12,2.977596641473568e-11,9.259842025099996e-12,0.9999793767929077,1.1044327952181021e-10,1.1696377200109964e-09,4.659762020686742e-10,1.5349376880635646e-08,1.1658278509241171e-11,1.601360999359258e-08,9.185855276427901e-08,2.2219096354469947e-11,7.653087191750174e-11,1.2545843253164435e-09,2.3398934345664202e-08,5.333137820251466e-10,5.535205627182904e-11,6.83349266061839e-10,1.4242216366255889e-06,6.596033497174858e-09,1.6265887942124024e-11,2.2446175126922263e-11,1.9022483684238978e-05,3,3
5.563909155625879e-08,1.7414963693340724e-08,1.0107812897786062e-07,1.9378832760708065e-08,9.279210178014807e-10,4.647703022442329e-08,2.000844112615141e-08,3.230441691925989e-08,3.9652908867537917e-07,8.660744015287491e-07,0.9999983310699463,1.4183773044962322e-09,8.405984353032636e-09,1.6851270601137003e-08,3.4392315662046258e-09,3.655748770370337e-08,4.1776443415741937e-10,1.540474947603343e-08,3.8995837670086075e-09,3.4660157410826287e-08,5.678224113125907e-09,6.070274594094371e-08,4.161708311301027e-09,10,10
0.009079057723283768,0.11096753925085068,0.01915537752211094,0.0007272578659467399,0.0004979780642315745,0.0001402828493155539,0.00022866917424835265,0.02485363744199276,0.00044451782014220953,0.003001165110617876,0.004123205319046974,0.00021485598699655384,0.021679606288671494,0.0011603597085922956,0.010059489868581295,0.5308125615119934,0.0002600993902888149,0.10750865936279297,2.4160754037438892e-05,0.1514824479818344,0.000896668410860002,0.002547540469095111,0.00013495386519934982,2,15
0.012777388095855713,3.321695112390444e-05,0.0007810057722963393,2.5508521162009856e-07,2.716992275964003e-05,0.53889399766922,1.9547405827324837e-06,0.00048335426254197955,0.0002693133719731122,0.0025694656651467085,0.008063348941504955,0.00015452393563464284,0.03025619499385357,0.00022052085842005908,5.642133328365162e-05,0.002077460754662752,3.598575494834222e-05,0.40198078751564026,6.24114036327228e-05,0.0008256230503320694,0.0003569881955627352,5.435967614175752e-05,1.8219343473901972e-05,17,5
0.07485577464103699,0.0012468782952055335,5.4545325838262215e-05,5.4676543186360504e-06,3.278614258306334e-06,0.002240812638774514,0.43710318207740784,0.0011684230994433165,0.00015872405492700636,0.05205198749899864,0.32038065791130066,0.0003478529688436538,2.1340159946703352e-05,0.0002931788330897689,0.0002505099109839648,0.10641637444496155,1.8758988517220132e-05,4.720000288216397e-05,0.0031498647294938564,5.473541750689037e-05,1.4412372365768533e-05,0.00010279769048793241,1.3199679415265564e-05,9,6
7.69869438954629e-06,2.122025762218982e-05,0.03594087436795235,4.556112344289431e-06,8.770131535129622e-05,3.135305860269e-06,8.247434379882179e-08,1.0257904250465799e-05,2.3402283488849207e-07,2.8838442744927306e-07,1.7623057146920473e-07,5.903299538090323e-08,0.00010232427302980796,8.569606507080607e-06,1.8167793314205483e-05,5.1755741878878325e-06,2.7115613193018362e-05,0.16998450458049774,2.614174263726454e-07,0.79377281665802,2.2212705061974702e-06,2.4095020307868253e-06,8.900728687422088e-08,2,19
5.68528228939158e-08,0.06248220428824425,3.1498211683356203e-06,1.1824019566120114e-05,1.9973192544320284e-10,8.261721085034424e-09,2.47928921837115e-09,8.636797247163486e-06,1.842466268442422e-08,8.448290955698212e-09,1.268594360226416e-06,1.3281206689974567e-10,8.535808774468023e-06,1.3883441063455848e-08,7.09684400135302e-08,5.602648798230803e-07,4.606567927112337e-06,5.66831022297265e-06,2.089305780827999e-06,0.0010388098889961839,0.0006073553813621402,0.9358241558074951,1.0035865898316843e-06,21,21
0.0001417396415490657,4.4463199344590976e-08,9.811783820623532e-05,1.5543585050181719e-06,1.182418691314524e-05,1.4585612007067539e-05,1.432255612598965e-05,1.395884100929834e-05,1.4508082131214906e-06,0.001737978309392929,4.0716116927796975e-05,0.009396102279424667,2.0260449673514813e-07,0.0022410263773053885,0.2760732173919678,0.7102108001708984,1.1444954317596512e-08,6.3495224367216e-07,7.002147981438611e-07,8.850902872836741e-07,2.531953668949427e-08,4.381595886115974e-08,1.2094231394144117e-08,14,15
6.305025976871548e-07,0.9727585911750793,1.0601055464576348e-06,1.0393738193670288e-05,3.0399509576284345e-09,2.2686838008212362e-07,4.895504162050202e-07,6.145660336187575e-06,8.163562625895793e-08,2.131596147592063e-06,0.00011737646127585322,4.3180442554913157e-10,0.000289553077891469,1.8919189415100846e-07,8.252064844782581e-07,3.914177796104923e-05,6.45450854790397e-05,6.426163599826396e-05,7.106530392775312e-05,0.00230656866915524,5.6243829021696e-05,0.0241769440472126,3.3578828151803464e-05,18,1
2.0542540113410723e-08,5.208625952946022e-05,3.0189428734672674e-09,9.514476317917797e-08,2.1316598486365024e-10,4.014197307888878e-10,0.9999423027038574,2.866530053324823e-07,3.2334536825828764e-08,9.218990726367338e-07,4.04802040065988e-06,1.4410780346807428e-09,6.390221685137476e-10,5.6891934718805715e-08,1.1776760011628085e-08,1.7021269727024446e-08,1.219181644529499e-09,5.561567650858024e-09,6.562769216955644e-10,7.002577184778147e-09,6.64988841769798e-10,2.5338120934748076e-08,2.5714813389754454e-08,6,6
0.00023284250346478075,2.1452714804581774e-07,8.537163012078963e-07,3.096953378189937e-06,9.870257855482123e-08,0.0003671154554467648,0.00021016316895838827,0.00010370299423811957,3.422845475142822e-05,0.006233245134353638,0.9926630258560181,6.830903203081107e-07,1.4730630937265232e-05,4.226083547109738e-06,1.9186793451808626e-06,1.1150696082040668e-05,1.9643648485612175e-08,5.080284608993679e-06,7.815418939571828e-05,6.5212611843890045e-06,8.912070370570291e-08,2.0657630273035466e-07,2.8576749173225835e-05,9,10
3.645314166078606e-07,2.2886579245096073e-05,1.4642800749697926e-07,0.0007665510638616979,1.6079555464898476e-08,7.359763003478292e-07,4.1145053728541825e-06,8.070832677731232e-07,3.819893734657853e-08,4.813072519027628e-05,6.756958464393392e-05,1.008779015876371e-08,2.7458396289148368e-05,5.773626909899576e-09,3.678872815271461e-07,0.00011070166510762647,0.9851816296577454,1.9103724753222195e-06,0.012101552449166775,0.0004271030193194747,0.0010310214711353183,1.6110539945657365e-05,0.0001908438716782257,16,16
0.000556672050151974,0.004924147855490446,0.013046978041529655,3.936433495255187e-05,5.2452280215220526e-05,0.000462800613604486,1.668635923124384e-05,3.6841790915786987e-06,1.399327857143362e-06,2.9609522243845277e-05,0.0010675664525479078,1.72091617400838e-07,0.07254724949598312,6.2371877902478445e-06,9.406203389517032e-06,6.66245396132581e-05,0.2260810285806656,0.027245938777923584,0.0801500454545021,0.568531334400177,0.001908459234982729,0.002526773139834404,0.0007253901567310095,18,19
0.024651268497109413,2.8025922347296728e-06,0.0001233492948813364,8.881965527507418e-07,0.0640791580080986,0.7667731642723083,6.633371413045097e-06,2.3662652893108316e-05,0.003004451049491763,0.008931546472012997,0.002443120814859867,0.05559106916189194,6.39961872366257e-05,0.023775700479745865,0.023200951516628265,0.026987889781594276,2.6627212719176896e-06,0.00026326547958888113,5.692546255886555e-05,1.2399697880027816e-05,3.849145741696702e-06,3.898961153936398e-07,9.223617780662607e-07,11,5
8.5900148105722e-11,7.62229775824741e-12,3.8728883988703444e-10,4.1522518062775404e-11,7.375837718370803e-10,1.678064631693843e-11,3.0021107128019864e-11,1.8699580772718605e-10,9.197012726044895e-13,3.2622089474187987e-09,7.363145093641776e-10,4.4048369396421094e-09,4.373670696444787e-12,2.7687276915600023e-09,5.414253578805983e-08,0.9999998807907104,5.999925491335933e-13,1.0598819044638219e-10,1.1969272144599086e-12,3.5391276020924067e-10,7.482795849958479e-13,1.7392415632699887e-12,2.9570231896772214e-14,15,15
0.5007084012031555,5.866383162356215e-06,0.0007523335516452789,2.724264618336747e-07,0.0010245972080156207,0.0026344743091613054,0.0018945463234558702,2.6345094738644548e-05,0.0010948199778795242,0.22325065732002258,0.19240234792232513,0.00447446946054697,7.64568176236935e-05,0.0007708635530434549,2.6515612262301147e-05,0.07080070674419403,2.078980543274156e-07,3.5630841011879966e-05,9.401645002071746e-06,8.981478458736092e-06,1.03399315776187e-06,8.217886602324143e-07,1.900251334063796e-07,0,0
0.999406099319458,2.8777347324648872e-05,1.879750743682962e-05,3.15326897926127e-09,1.2737407814711332e-05,0.00020584245794452727,1.1512634046084713e-07,3.725126873632689e-07,1.587054975971114e-05,5.2634591156675015e-06,3.842580190394074e-05,3.9608795532330987e-07,1.8008307733907714e-06,2.0189843326079426e-06,1.7108462202486407e-08,1.7279429812333547e-05,0.0001534570037620142,3.0680030249641277e-06,7.459265907527879e-05,4.31162362701798e-07,1.734602506076044e-06,1.304736542806495e-05,1.551238071328953e-08,0,0
7.504556420734332e-10,9.815488005715522e-11,6.080774994643434e-09,5.401186164988303e-10,7.001405705198138e-11,1.6197332364242811e-10,1.7406078356430044e-08,8.212253987949225e-09,1.0341586614837084e-10,6.246075940907758e-07,6.246784778340952e-07,9.52918014718307e-07,1.3958332753527536e-11,1.873585908640507e-08,5.425717404250463e-07,0.9999972581863403,1.5633537216522275e-12,1.930773319003265e-10,3.4111196506314556e-11,3.118915403721445e-10,1.2111352719335056e-11,9.210462253994578e-11,4.316294717476854e-12,15,15
1.1069090533055714e-08,9.335036338598002e-06,2.333472934878955e-07,1.0407412446511444e-05,1.2636331803150824e-06,2.719239411419494e-08,1.4417242955033771e-09,4.2067975414283865e-07,3.549221583298845e-09,3.577708440616334e-08,1.5404594932988402e-06,1.5401500075284957e-09,2.216524262621533e-05,4.3887391143471177e-07,1.788631720955891e-06,7.649007784493733e-06,3.868543444696115e-06,0.005529626738280058,4.159222299904286e-09,0.9944058656692505,5.6623683519774204e-08,5.148805939825252e-06,7.164009474536215e-08,19,19
5.100141424918547e-05,6.1017188272671774e-05,1.001217242446728e-05,0.0004929007845930755,4.476334822811623e-07,0.0017456812784075737,3.452476903476054e-06,1.4478691809927113e-05,1.5308239653677447e-06,0.005238269921392202,0.019544905051589012,2.4482380922563607e-06,0.006667373701930046,6.607268460356863e-06,8.813636668492109e-06,3.188169102941174e-06,6.982926606724504e-06,0.000391689914977178,0.12870386242866516,9.7400821687188e-05,1.9212382539990358e-05,3.594199370127171e-05,0.8368927836418152,9,22
0.00031475754803977907,1.1097986316599417e-06,8.223181066568941e-05,4.358903424872551e-06,3.860677225020481e-06,0.009328404441475868,0.00017876132915262133,0.0010405147913843393,0.0002644503547344357,0.5539500713348389,0.3118252456188202,0.005729258991777897,2.845323979272507e-05,0.0022775817196816206,0.00030054745730012655,0.11446089297533035,6.333493729471229e-08,5.005313505535014e-05,0.00014951288176234812,6.696083801216446e-06,1.7513748389319517e-06,4.7511034040326194e-07,8.906093853511265e-07,5,9
1.799776216948601e-09,1.1855159755214117e-05,3.618030319785248e-08,4.219155300688726e-07,6.442065630940519e-12,6.902076687964609e-09,9.669818765156712e-12,3.054333888030669e-07,2.4169857226752356e-09,8.442248983220324e-11,8.457582225673832e-06,5.4725265118127364e-12,2.5629217859091113e-08,2.3449775454764676e-10,1.5644840978268348e-09,2.1602750699400985e-09,2.256534088473927e-07,4.646555495924076e-08,6.044400890914403e-08,7.164940711845702e-07,8.871511454344727e-06,0.9999688863754272,3.4379823432573176e-09,21,21
5.1600443839561194e-05,0.022768380120396614,4.128716318518855e-05,0.001399169210344553,3.735936786597449e-07,3.0473454899038188e-05,2.6418276775075356e-06,0.0005263124476186931,2.0953968487447128e-05,7.185623871919233e-06,0.0015541729517281055,3.9119640860008076e-08,0.00527506647631526,6.324841524474323e-05,1.2204241102153901e-05,0.00013704747834708542,0.0003350386396050453,0.015659568831324577,9.855529242486227e-06,0.5462827086448669,0.00020615577523130924,0.40558862686157227,2.794210013234988e-05,22,19
0.9795238375663757,0.00022520463971886784,0.004647413734346628,6.274603379097243e-07,0.00032389533589594066,0.0031783864833414555,7.39784591132775e-05,4.279357017367147e-05,0.0003844152088277042,0.003145164344459772,0.0003577219904400408,0.00012783196871168911,0.0004585909773595631,0.00400895019993186,9.373603097628802e-05,0.0030566155910491943,8.969138434622437e-06,0.00015653058653697371,8.172777597792447e-05,8.83039174368605e-05,2.8044064492860343e-06,1.083684492186876e-05,1.753274887050793e-06,10,0
0.00011616780102485791,4.550953747184394e-07,2.457747143580491e-07,1.1204690508748172e-07,5.511245717571001e-07,0.0006243312964215875,2.4401572318311082e-06,1.3809793017571792e-05,0.0003072827239520848,0.0009332142653875053,0.9979788661003113,2.7388057333155302e-06,5.766852950728207e-07,2.5694494070194196e-06,9.384605732520868e-07,7.191050599431037e-07,1.2930231996222119e-08,6.731482358190988e-07,6.399950507329777e-06,3.6336292197347575e-08,2.5371187462042144e-07,2.011006472457666e-08,7.592818747070851e-06,10,10
1.0406024841813633e-07,2.532158305257326e-08,5.577300044024014e-08,1.0420334595195868e-09,1.6227155583692365e-06,0.00018955263658426702,2.9485391905836877e-10,4.620632054752605e-08,4.8160901933158584e-09,2.846902020792186e-07,1.8273411228619807e-08,1.4937975834072859e-07,0.014403500594198704,4.4480557903625595e-07,1.43861447199356e-08,9.293785296904389e-08,3.0425931640820636e-07,0.984303891658783,7.738131557744055e-08,0.0010992154711857438,4.159068964781909e-07,3.0496956071601744e-09,2.58184854828869e-07,17,17
0.40092653036117554,3.10196151076525e-06,6.519351882161573e-05,3.353877673362149e-07,0.0003501015598885715,0.06583759188652039,8.681035978952423e-06,8.506896847393364e-06,4.220101982355118e-05,0.0002974507224280387,4.6288964767882135e-06,0.00701111601665616,7.147079031710746e-06,0.5252037644386292,4.4856501517642755e-06,1.2206618521304335e-05,8.357783372048289e-06,3.0812272598268464e-05,2.5604393158573657e-05,6.462629471570835e-07,0.00015016681572888047,1.1740596619347343e-06,1.7667626650563761e-07,0,13
0.028695235028862953,2.558865162427537e-06,1.754958793753758e-05,2.085293635900598e-05,0.04302744194865227,0.740898847579956,1.6216920357692288e-06,0.0001776210410753265,0.06312157958745956,0.0011653933906927705,0.0001101624293369241,0.0013658719835802913,1.6723461158107966e-05,0.10805175453424454,0.011535432189702988,0.0016605351120233536,1.1010160960722715e-06,8.927957969717681e-05,1.5120078387553804e-05,1.5631359929102473e-05,8.463051926810294e-06,1.0172387874263222e-06,2.1401608307769493e-07,5,5
1.1115852430521045e-05,0.16856351494789124,4.025908492621966e-05,0.0006859730347059667,1.786284968829932e-07,1.997334067027623e-07,0.017551274970173836,0.008823458105325699,3.179884879500605e-05,0.000128951869555749,0.7432265877723694,3.702429864915757e-07,1.6813643014756963e-05,2.424927515676245e-06,2.735997986746952e-05,0.013181527145206928,0.0003787370806094259,0.00011137229012092575,2.6820953280548565e-06,0.024445410817861557,9.44922212511301e-05,0.02150385081768036,0.0011716822627931833,16,10
1.0901718269451521e-05,1.7629802187002497e-06,8.150852863764158e-07,1.0775720511446707e-06,2.1118107724760193e-06,0.0007955842302180827,5.0546681507057656e-08,5.347331466509786e-07,1.7287632658735674e-07,1.0070962161989883e-06,2.246585836473969e-06,1.694200157942305e-08,0.9946516156196594,6.128214522505004e-07,4.095431105355374e-09,3.672579396152287e-08,0.0005801725783385336,0.0013539340579882264,8.025825809454545e-05,0.001762244151905179,6.970339018153027e-05,1.5949877933962853e-06,0.0006834685918875039,12,12
3.403137088753283e-05,6.437689421545656e-07,2.319704435649328e-05,2.394310104136821e-05,1.4277021364250686e-05,0.04921671003103256,1.1409150829422288e-05,6.064323656573833e-07,1.6568695571095304e-07,0.016583407297730446,0.19463293254375458,9.302376611231011e-07,0.00059457280440256,1.3793664948025253e-05,9.240232429874595e-06,3.8128916912683053e-07,7.247427902257186e-07,0.00010949082934530452,0.737987756729126,3.414967795833945e-05,4.831134674532223e-07,6.462460646616819e-07,0.0007065576501190662,12,18
0.003553156042471528,1.716064048196131e-06,4.8030274228949565e-06,0.0004913967568427324,3.1677825518272584e-07,0.0020328620448708534,6.379923888744088e-06,0.8450701236724854,0.030132649466395378,0.0005992057849653065,0.015398980118334293,2.1125722923898138e-05,7.765584086882882e-06,4.392300979816355e-05,9.430827776668593e-05,1.473634983994998e-05,3.772721174755134e-05,1.0035601917479653e-05,0.04134926572442055,2.1339936211006716e-05,4.766701749758795e-05,8.443348633591086e-06,0.06105208769440651,7,7
5.4447755246656016e-05,3.0516653737322486e-07,1.61603304604796e-06,8.951778909249697e-06,5.20377179782372e-05,0.35410916805267334,1.4781693607801571e-05,3.450848089414649e-05,0.0001276270195376128,0.07225456088781357,0.5629593133926392,0.001157231628894806,0.00016108783893287182,0.0007810017559677362,0.00026953144697472453,0.0006538433372043073,4.6047406954130565e-07,4.152470137341879e-05,0.007265356369316578,3.061950337723829e-05,3.3150877243315335e-06,2.0994541216623475e-07,1.8686187104322016e-05,12,10
0.00010091848525917158,4.883748943029786e-07,1.0055110806206358e-06,6.468719220720232e-05,5.181321103009395e-05,0.53388911485672,1.5737692592665553e-05,0.00035642433795146644,0.0002250297402497381,0.1826438009738922,0.049489933997392654,0.037069372832775116,3.580027851057821e-06,0.14721980690956116,0.0021217206958681345,0.04608740657567978,1.4147412130682824e-08,1.3873692296328954e-05,0.0006423158920370042,6.596656021429226e-07,1.67764611092025e-07,1.4119059699169156e-07,1.95512848222279e-06,9,5
5.462658918986563e-06,2.1061309780634474e-06,2.4005587420106167e-06,4.184044155408628e-05,1.9062081264564767e-05,0.036100346595048904,1.1324729030093295e-06,1.4607315961256973e-06,1.4988954717409797e-06,0.0014488064916804433,0.012640205211937428,6.416394171537831e-07,0.005600189324468374,7.61684168537613e-06,3.0580078600905836e-05,1.18141883831413e-06,1.647644785407465e-05,0.0015206083189696074,0.9176846742630005,0.0017524325521662831,3.3430118492105976e-05,5.578068567047012e-07,0.023087359964847565,19,18
1.5054448567752843e-06,0.0007419357425533235,2.447141469019698e-06,7.75052685639821e-05,1.0388151450158034e-09,5.531143543180406e-09,1.333433488071023e-06,2.5610983357182704e-05,1.6212654330161058e-08,2.9625991260218143e-07,1.193445405078819e-05,4.1418823926164805e-10,0.00028402855969034135,4.325955771378176e-08,1.1632421319518471e-06,6.272985956456978e-06,3.0361281460500322e-05,1.3384054000198375e-05,0.00025017766165547073,0.017697392031550407,5.7290078984806314e-05,0.9807699918746948,2.7266962206340395e-05,21,21
5.315718532017399e-09,9.08648144104518e-05,7.720975503389127e-08,1.1254347498379502e-07,1.0650261055011878e-11,4.495844141416683e-09,1.6843078320949445e-10,8.051269873021738e-08,7.364827081524083e-10,5.343783193723084e-10,4.1282987695012707e-07,1.8543075061550063e-11,4.810808604815975e-07,1.234174096254037e-09,7.506948951352399e-10,3.2004165984034216e-09,1.819729362750877e-07,1.4445508611515834e-07,1.9792649652572436e-07,1.8200678823632188e-05,2.347708004890592e-06,0.9998868703842163,1.0797688965169527e-08,21,21
1.7547486095281783e-06,7.2262168941961136e-06,0.9999469518661499,3.4976654905705118e-09,4.283045385022888e-08,6.32827436675143e-07,1.5892748450596628e-08,1.1998719351424825e-08,9.362934427770142e-09,3.328521103185267e-08,1.116259318223456e-05,1.6249097622988984e-09,2.450299803058442e-07,4.1892185720371344e-08,1.5666273611714132e-08,9.295872871462052e-08,8.785067393546342e-07,2.3177013645181432e-05,3.272275250765233e-07,3.4119586871383945e-06,9.793423849657756e-09,3.8681623664160725e-06,2.222967365739237e-09,2,2
5.2962011977797374e-05,0.004094012081623077,0.0025204045232385397,3.449246651143767e-05,1.2129873539379332e-05,4.818202796741389e-06,0.00011597549018915743,0.00010781903984025121,2.579920874268282e-06,8.749130938667804e-05,0.00041465513641014695,8.707834808774351e-07,0.015185880474746227,4.9373579713574145e-06,0.002721282886341214,0.012969063594937325,0.0023086366709321737,0.00914616510272026,5.5980235629249364e-05,0.9493923783302307,0.00014982717402745038,0.00052526785293594,9.237337508238852e-05,18,19
5.563595186686143e-05,0.00025426672073081136,1.8303921024198644e-05,1.3997519090480637e-05,3.674978543699581e-08,4.1473474993836135e-05,2.20004790207895e-06,0.00013064821541775018,2.6066386453749146e-06,4.959547004546039e-05,0.0024820577818900347,1.7028739307534124e-08,0.9611143469810486,1.8779659285428352e-06,3.3545362043696514e-07,1.4397017366718501e-05,0.00011497701052576303,0.028540113940835,0.0001667803298914805,0.003940242808312178,1.1804956557170954e-05,0.001967677613720298,0.001076612970791757,12,12
0.028242746368050575,0.001297902432270348,0.026528948917984962,0.0020482393447309732,2.7491349101183005e-05,0.000412086199503392,0.003053384367376566,0.018793998286128044,0.003688554046675563,0.011936265043914318,0.046109192073345184,9.087381477002054e-05,0.06589201092720032,0.0008544950396753848,0.013045843690633774,0.1794222891330719,0.005979482084512711,0.006970385555177927,0.00010923457739409059,0.5551044344902039,0.024049054831266403,0.0024640962947160006,0.0038789876271039248,20,19
0.8667768239974976,6.616284736082889e-06,0.018862666562199593,9.16033168323338e-05,0.0006274031475186348,0.019529564306139946,0.00028577580815181136,0.0003339429968036711,0.021244844421744347,0.024511702358722687,0.011340788565576077,0.00024292389571201056,0.00046037722495384514,0.001165845082141459,0.00038706487976014614,0.00019095867173746228,6.526813376694918e-05,4.10024804295972e-05,0.032755814492702484,0.0009521759347990155,5.880390017409809e-05,7.2504935815231875e-06,6.0686448705382645e-05,2,0
1.4284973985922989e-05,0.9808940887451172,0.00298483669757843,5.3135613597987685e-06,4.544160390196339e-07,1.605765078238619e-06,8.705032087164e-06,2.8986185498069972e-05,3.623781026362849e-07,0.0009432414663024247,0.010073930025100708,3.260475978095201e-08,6.317503721220419e-05,2.0761849839345814e-07,1.7813237718655728e-05,0.003280875738710165,2.638346268213354e-05,5.921115371165797e-05,0.000259393360465765,0.0010175599018111825,1.3572134776040912e-05,0.00025053476565517485,5.54846556042321e-05,1,1
1.4946104798241322e-08,0.9998444318771362,4.1686483598368795e-08,8.427264219790231e-08,6.219150628511416e-12,1.0127467614529095e-10,1.3962770495368204e-08,2.4165791501218337e-07,3.8525649337373125e-10,1.264201099360207e-08,1.5146612895478029e-05,6.239669805147008e-12,9.649101961883844e-09,1.0294946006794703e-09,4.003406217645278e-10,3.3206200011903775e-09,1.2422654904753472e-08,1.4729072184138658e-08,1.0256248828000025e-07,2.41031614223175e-07,1.3467006176881569e-08,0.00013954905443824828,4.879792214751433e-08,1,1
1.3772439189096986e-08,3.531077652496606e-08,3.151366172460257e-07,9.069510269910097e-05,4.195008340701634e-09,1.8181276484341424e-09,5.564311233996477e-10,8.936800188763527e-10,5.043577361307783e-11,1.4061606101734014e-08,1.87963733466745e-09,7.899427639790346e-12,1.7608165308047319e-06,1.1955834933186082e-10,3.6311418316614663e-09,2.7574103000915784e-09,0.9997950196266174,1.7158241405468289e-07,8.274650463135913e-05,5.710995083063608e-06,1.725367474136874e-05,8.27309989404057e-08,6.098166068113642e-06,16,16
0.04674215242266655,0.0005087789031676948,0.002012586919590831,3.584894147934392e-05,0.0005278730532154441,0.0035109124146401882,0.5392394065856934,0.001606101170182228,0.0038612913340330124,0.0067529999651014805,0.3042733669281006,6.52993840049021e-05,0.00023144979786593467,0.07236739248037338,0.0006676320917904377,0.008017122745513916,2.0281268007238396e-05,0.008426138199865818,1.1959685252804775e-05,0.0010651163756847382,2.0263540136511438e-05,3.173696677549742e-05,4.298815838410519e-06,10,6
0.003637120593339205,7.570507477794308e-06,1.9439316929492634e-06,9.601195642972016e-07,0.00018085840565618128,0.8998672366142273,7.993750728019222e-07,2.5070892206713324e-06,1.0028135875472799e-05,0.006934251170605421,3.9155580452643335e-05,0.0002534499508328736,0.00013120211951900274,0.00032856714096851647,2.191347084590234e-05,0.00015111328684724867,1.4491885167444707e-06,8.93071191967465e-05,0.08830258250236511,3.3646122119534994e-06,2.91416682784984e-07,1.4473094722688984e-07,3.424345777602866e-05,5,5
0.0028367177583277225,0.0030315250623971224,7.371989340754226e-05,0.06263254582881927,2.2453416477219434e-06,2.2624524717684835e-05,0.0005737337050959468,0.0037411442026495934,0.00035870776628144085,0.00045995626715011895,0.8105137944221497,5.141199039826461e-07,0.0015555467689409852,5.2180697821313515e-05,0.00028590657166205347,0.0011772398138418794,0.00019558423082344234,0.028541363775730133,0.0022025983780622482,0.07443560659885406,7.124505646061152e-05,0.0038638380356132984,0.003371673170477152,17,10
2.1183941498748027e-05,1.9955659524839575e-07,1.4332568753161468e-05,7.264632273518146e-08,0.010033834725618362,0.9572317004203796,2.405843133601593e-07,2.150976285975048e-07,2.7638989195111208e-06,0.00039670965634286404,6.422150181606412e-05,0.03185858577489853,4.741277280118084e-06,0.0001715962280286476,8.161749065038748e-06,3.2343589282390894e-06,4.437124800915626e-07,1.921039802255109e-05,0.00016179995145648718,3.133540360522602e-07,5.3615049182553776e-06,1.5023932320445965e-08,1.0794452691698098e-06,4,5
0.9948157668113708,0.0002491206396371126,0.00017907758592627943,1.5795221131043036e-08,3.084004447373445e-06,0.001587060745805502,3.1095490271582094e-07,4.211462874081917e-05,0.00021971426031086594,9.529645467409864e-06,0.0018636408494785428,5.917723228776595e-06,1.7517206288175657e-05,1.0209990250586998e-05,6.58513783946546e-07,2.3283628252102062e-05,9.878761920845136e-05,8.219005394494161e-05,0.0004083776439074427,4.441080818651244e-06,0.0002789960417430848,8.650348172523081e-05,1.3903064427722711e-05,9,0
8.242267313107732e-08,2.0656028937082738e-05,1.9181216259767098e-07,6.756764378224034e-06,4.213077886561223e-09,2.5706128337077416e-09,5.146040393810836e-07,1.7071592992579099e-06,2.961827449965426e-10,2.274658800160978e-05,3.5341415127732034e-07,6.44748421319008e-10,0.00011444778647273779,1.0710831332971793e-07,1.2786441061507503e-07,2.104253144352697e-05,2.1804206440378948e-08,1.076436205948994e-06,1.0290452223671309e-07,0.999809205532074,7.081517150453465e-09,7.161357871154905e-07,1.5914674023065345e-08,19,19
7.840795660740696e-06,1.2850622624682728e-05,1.5636104535587947e-06,6.993686110945418e-05,1.9912690731871407e-06,2.1930263756075874e-05,9.929897970550883e-08,7.6227879617363214e-06,2.295316932077185e-07,1.4554555491486099e-05,3.493376198093756e-06,5.467267527592412e-08,0.960703432559967,9.294341793975036e-07,8.105651431833394e-06,8.886971954780165e-06,5.714659710065462e-05,0.005261206533759832,3.844299499178305e-05,0.030101723968982697,2.3260110538103618e-05,7.8968159868964e-06,0.003646867349743843,12,12
6.644263976340881e-06,0.00014143920270726085,1.9900664483429864e-05,1.5201823089228128e-07,7.917888567021691e-09,9.441449037694838e-06,7.567629300986312e-10,9.978112757380586e-06,4.10285281304823e-07,3.062919162744038e-08,2.671515630936483e-06,2.146302469085981e-09,9.376704110763967e-05,1.87427673381535e-07,5.14392475281511e-08,1.3347745664304966e-07,7.612207264173776e-05,4.250336132827215e-05,5.626360234600725e-06,0.0006706815911456943,0.9974504113197327,0.0014683741610497236,1.4148168929750682e-06,20,20
1.394627417994343e-07,7.476209162859959e-08,2.36802821795834e-09,2.1436385111428535e-07,4.685732246656471e-09,3.212668525520712e-05,1.6405801162022726e-08,5.7679841347635374e-08,3.895634481665411e-09,7.5010702857980505e-06,6.519969986129581e-08,8.451670474585171e-09,0.9999368190765381,1.010425609848653e-08,3.710788831767786e-08,3.4194079034932656e-07,2.3597513276740756e-08,3.576167046048795e-06,5.3452436077350285e-06,8.63433706399519e-06,5.758376886433325e-08,2.505861402823939e-07,4.703684226115001e-06,12,12
6.673557351177806e-08,4.033096274724812e-07,7.68316610333386e-08,3.4209924706374295e-06,6.09900894232851e-08,1.2971274372830521e-05,4.6671937148357046e-11,2.7256676915499156e-09,1.951479644546339e-09,2.13181348129865e-08,1.3424750022750231e-07,6.365420968101887e-10,1.9597250400238408e-07,7.242471511403892e-09,2.485971073440396e-08,1.970195384615181e-08,0.007641373202204704,6.186679115671723e-07,0.9922084808349609,5.476114779412455e-07,0.00012545488425530493,4.08844925914309e-06,1.995178763536387e-06,18,18
5.928783139097504e-05,0.01466385368257761,0.00047207725583575666,0.0003344943979755044,1.3488770491676405e-06,7.890225242590532e-05,5.440030690806452e-06,0.00021315496996976435,4.589807304000715e-06,6.581900379387662e-05,0.14549484848976135,5.018357995822953e-08,0.6568307280540466,1.3023261999478564e-05,1.322812750004232e-06,3.77780816052109e-05,0.00018109750817529857,0.03623221814632416,9.695928747532889e-05,0.08139927685260773,4.189715764368884e-05,0.06340452283620834,0.00036726915277540684,12,12
1.3345315892365761e-06,5.209694063523784e-05,3.1390650292451028e-06,5.804151442134753e-05,3.5031730476475786e-06,0.0002451535838190466,1.5448412682417256e-07,4.869654367212206e-05,3.2101442570819927e-07,0.00022494989389088005,0.00015235292084980756,5.160022737982217e-06,0.45823198556900024,7.445758819812909e-05,0.00013930926797911525,0.0024976921267807484,7.421770988003118e-06,0.477667897939682,0.0001273340021725744,0.06040562689304352,2.0982658952561906e-06,1.100079680327326e-05,4.037485632579774e-05,17,17
6.501819882487325e-08,2.4219383703893982e-05,5.519720502888958e-07,0.012287801131606102,4.799985742209856e-09,6.682249022560427e-06,3.341992851346731e-06,6.256387337089109e-07,1.454421152402574e-07,2.5157771233352832e-05,0.010860733687877655,2.1503048230897548e-09,1.580156322233961e-06,1.2922985348495786e-08,5.9523223683299875e-08,3.7326344681787305e-08,0.0007963622338138521,6.856483310002659e-07,0.7710901498794556,3.0030998914298834e-06,4.909873041469837e-06,1.1697798072418664e-05,0.20488224923610687,22,18
0.00024290684086736292,2.6470092961972114e-07,0.9977580904960632,3.1921292276138047e-09,8.162497397279367e-05,0.00017010400188155472,2.1669941929758352e-07,4.799005637323717e-07,1.2150781003583688e-06,1.3313313502294477e-05,1.4116326383373234e-06,0.0009348131716251373,7.990402650648321e-07,1.640928167034872e-05,8.769562555244192e-06,0.0002469272003509104,1.44362093124073e-06,0.0005195013945922256,1.6647689449200698e-07,1.5949433418427361e-06,6.174389710622563e-08,8.942495632879854e-09,3.6144804926863117e-09,2,2
0.015542929992079735,5.080657956568757e-06,0.00012814273941330612,4.1941300878534093e-05,0.0022507142275571823,0.8759928941726685,7.641474439878948e-06,0.0005669635138474405,0.00385801843367517,0.06832540035247803,0.002988139633089304,0.002006207127124071,3.269539593020454e-05,0.004424083977937698,0.011538666673004627,0.00997855793684721,2.547893984683469e-07,0.00011855347838718444,0.0021387473680078983,4.168978921370581e-05,7.420460860885214e-06,6.368584308802383e-07,4.6032700993237086e-06,5,5
1.1981382996850698e-08,2.6119917606592935e-07,8.637281467827052e-08,7.095760338415857e-06,1.202663071353527e-07,2.1237814507912844e-05,1.989921116773985e-08,6.759418056390132e-07,3.500464913486212e-07,6.474647761933738e-06,0.0004500453360378742,1.5975686551428225e-08,2.441774540784536e-06,5.3919642084565567e-08,0.9983993172645569,3.2007997106120456e-06,1.047249611474399e-06,1.0764288305153968e-07,0.0007347926730290055,1.0660636689863168e-05,1.4648201613454148e-05,4.30624112368605e-07,0.0003468414943199605,14,14
5.130476438353071e-06,2.474763959980919e-06,1.640770932453961e-07,5.510453320312081e-06,1.469948074372951e-08,0.0008726843516342342,1.929360848862416e-07,5.684631105395965e-06,1.8548129787632206e-07,0.0011654276167973876,6.144998224044684e-06,1.1279666978225578e-06,0.9782074093818665,1.8493305731226428e-07,6.036401600795216e-07,3.387823142020352e-07,1.483809342062159e-07,2.846377583409776e-06,0.013892261311411858,1.7488868252257816e-05,8.065535439527594e-07,8.28623251436511e-06,0.005804868880659342,12,12
0.000562425993848592,1.077540105143271e-06,7.474249287042767e-06,1.5681016520829871e-06,8.557292312616482e-05,0.0573287308216095,3.661840537461103e-07,0.0001896764588309452,0.89592045545578,0.0002009344898397103,0.0003804267616942525,0.00015971796528901905,3.8282532841549255e-06,0.037772323936223984,0.007161541376262903,0.00016654813953209668,4.747943194161053e-07,3.5421817301539704e-05,1.714200152491685e-06,1.3168296391086187e-06,1.2614136721822433e-05,5.275741159493919e-07,5.436838364403229e-06,8,8
1.92230236280011e-05,4.79179980175104e-05,0.9991828799247742,6.800367373216432e-06,1.2454017372931503e-08,1.2317173059273046e-07,1.016246824292466e-05,3.5131772619934054e-06,1.0976622633052102e-07,5.964893261989346e-06,0.00010259512055199593,3.182846430860309e-09,1.875042357823986e-06,5.229995849731495e-07,2.5565552164152905e-07,8.729293040232733e-05,0.00038747841608710587,3.23173007927835e-05,3.819327048404375e-06,7.582079706480727e-05,1.014855570247164e-06,3.0328708817251027e-05,1.2063988918953328e-08,2,2
8.32264413475059e-06,0.00010995088814524934,1.2998447118661716e-06,2.3852247977629304e-05,8.589179145701564e-09,5.52227220396162e-06,0.6882513761520386,0.0002053620119113475,3.609063787735067e-05,0.015613074414432049,0.2952272295951843,1.4302629551821155e-06,2.8727350809276686e-07,4.323586381360656e-06,5.816684279125184e-06,0.0004686484462581575,4.5767059475565475e-08,2.690687495032762e-07,1.3056971511105075e-05,1.3140856026438996e-05,1.980642281296241e-07,4.832347258343361e-06,5.806242370454129e-06,6,6
7.12007240508683e-05,4.59866932942532e-05,4.727183295472059e-06,0.922202467918396,1.7746044250088744e-05,0.0015628670807927847,1.7096193914767355e-05,0.0021977557335048914,7.69347752793692e-06,0.0023208465427160263,0.0021258406341075897,2.1029027266195044e-06,0.00035976635990664363,0.0008920280961319804,0.0015947598731145263,0.000453542685136199,3.7451704884006176e-06,0.020598970353603363,0.015095817856490612,0.02628161385655403,1.821773935262172e-06,5.452444838738302e-06,0.004136099945753813,7,3
4.7191761041176505e-06,0.00015427778998855501,4.827578777621966e-06,0.00016884304932318628,3.2739383186708437e-06,0.0016673479694873095,1.3858311831427272e-06,2.8342872155917576e-06,8.152616715051408e-07,5.511478229891509e-05,0.00011252586409682408,3.250079316785559e-07,0.14918696880340576,3.65975296290344e-07,1.224452830683731e-06,8.305781307171856e-07,0.0017133348155766726,0.0013778236461803317,0.0013616981450468302,0.004666452296078205,0.00011630015796981752,5.4080346671980806e-06,0.8393933176994324,22,22
2.469445689712302e-06,4.426827615588991e-08,1.6287611970255966e-06,5.070558108855039e-05,4.916742182103917e-05,0.291970431804657,3.056399577872071e-07,3.4685820082813734e-06,4.451034328667447e-06,0.00398874981328845,0.03597944974899292,1.847257954068482e-05,3.008104977197945e-05,0.0008998765260912478,0.00013151788152754307,1.503732619312359e-06,1.831631237791953e-07,2.5394447220605798e-05,0.6667799949645996,2.1121693862369284e-05,3.230585150504339e-07,2.7596485097092227e-08,4.0521350456401706e-05,12,18
0.46002012491226196,2.5513700165902264e-06,0.00031979187042452395,1.381503443553811e-05,0.035402070730924606,0.04278572276234627,8.911846816772595e-05,1.1429398909967858e-05,8.077346865320578e-05,0.4488200545310974,0.0007843831554055214,0.000525784445926547,0.0017827757401391864,0.005562248174101114,6.223322998266667e-05,0.0008582311565987766,0.00010881599882850423,0.00024215775192715228,0.0024071650113910437,0.00011452383478172123,2.0011327706015436e-06,1.0621431556501193e-06,3.166778924423852e-06,0,0
2.452933131280588e-06,0.0012895852560177445,1.2841208096858736e-08,1.941366463142913e-06,2.3032955098756247e-08,2.396846866759006e-06,3.1730269256513566e-06,2.5585975890862755e-05,1.598755261511542e-07,2.6633080778992735e-05,4.79680147691397e-06,1.0288133012181788e-08,0.9926061630249023,1.9896224046078714e-07,1.2876084198865101e-08,9.456913176109083e-06,9.403152944287285e-06,0.002601836109533906,4.117037519790756e-07,0.0028705482836812735,3.927609941456467e-05,3.559009201126173e-05,0.0004704175516963005,12,12
0.000763813906814903,1.061584862327436e-05,5.736457296734443e-06,5.899673396925209e-06,3.6119740798312705e-06,0.07193493843078613,2.205181999670458e-06,2.1590771211776882e-05,3.2590598948445404e-06,0.05327390879392624,0.0012625653762370348,4.369365706224926e-05,0.821487545967102,9.828458132687956e-05,9.818232683755923e-06,0.000552964978851378,1.3025322687099106e-06,0.0014166537439450622,0.048146869987249374,0.0005706548108719289,1.879938849924656e-06,9.083039913093671e-06,0.00037310688639990985,12,12
6.796259640395874e-06,0.00026843033265322447,9.03360269148834e-05,0.0002828305878210813,4.6626405492133927e-07,0.00020918338850606233,9.43545614973118e-08,4.5341574150370434e-05,9.155606939259542e-09,0.0001312253443757072,0.0004850497643928975,4.850855361837603e-08,0.8986302018165588,2.3001725821814034e-06,9.767220035428181e-06,3.231819391658064e-06,1.9104787497781217e-05,0.004176085814833641,0.026902761310338974,0.065983846783638,0.0005871955072507262,0.0020633437670767307,0.00010256269160890952,12,12
0.0059158471412956715,0.00262369099073112,0.025205831974744797,0.0005430105375126004,7.251496299431892e-06,0.0006678299396298826,0.018794702365994453,0.0010660539846867323,6.487188329629134e-06,0.3451572060585022,0.3872028589248657,6.534708063554717e-06,0.02401413582265377,0.0002463099954184145,4.5096021494828165e-05,0.0021511923987418413,0.0003405947354622185,0.0060883150435984135,0.012940198183059692,0.16452182829380035,8.724468352738768e-05,0.002034345641732216,0.0003334357461426407,9,10
0.0037629962898790836,3.460229891061317e-06,0.00044525970588438213,0.0013313449453562498,0.005203618202358484,0.08064734190702438,7.92058290244313e-06,0.00031284999568015337,0.0009381973650306463,0.0034294999204576015,0.0008965607266873121,0.013756994158029556,2.7957292331848294e-05,0.012326993979513645,0.21157987415790558,0.6487929224967957,3.479744464129908e-06,0.006823377683758736,0.009383250027894974,0.00029742607148364186,1.9645431166281924e-06,8.374291837753844e-07,2.5858536901068874e-05,2,15
6.283962648012675e-07,0.008591453544795513,0.00015481880109291524,0.0007757657440379262,5.942816017068253e-09,1.6074521269615616e-08,1.1045392511732643e-06,0.00025682628620415926,1.7414291164641327e-07,4.4296550072431273e-07,0.0017359848134219646,2.550874178552931e-09,0.002403874881565571,1.9630968850492536e-08,6.94076697982382e-06,0.0007906326209194958,0.05539185181260109,0.00134527706541121,0.0008187118801288307,0.1808948814868927,0.011711635626852512,0.731799304485321,0.003319692565128207,16,21
3.941509341132132e-10,9.129883515868187e-09,4.232997952158257e-09,0.9997884631156921,1.1687537049276386e-10,2.9172417370659787e-08,2.120425390828018e-09,1.1855072443722747e-06,1.2828331286129924e-08,7.580902128268008e-09,1.1891313079104293e-05,1.883743508401814e-11,1.7175668887148277e-08,1.423523965371487e-09,3.579450691404418e-08,8.968199516345976e-09,1.406525598213193e-06,8.695548814330323e-08,0.00011760449706343934,9.713161261970527e-07,3.0162759685481433e-06,4.619318190179911e-07,7.498415652662516e-05,3,3
0.0041969516314566135,0.0024522438179701567,0.0006758578820154071,0.009334118105471134,1.720395448501222e-05,8.217513823183253e-06,0.0010587609140202403,0.005562160164117813,7.116499909898266e-05,0.00024649579427205026,0.021085744723677635,1.6825382544993772e-06,0.017492493614554405,5.6450171541655436e-05,0.00032249235664494336,0.017382537946105003,0.00088399404194206,0.01174183376133442,9.772337216418236e-05,0.9048275351524353,0.0002578112471383065,0.0013140839291736484,0.0009124234202317894,12,19
0.0005229184753261507,0.0003954880521632731,0.00039207650115713477,7.979692782100756e-07,0.1651807725429535,0.005857657641172409,1.6840282341945567e-06,3.593657675082795e-05,7.21767864888534e-05,0.00029871801962144673,0.006710844114422798,0.019248539581894875,1.7116273738793097e-05,0.00020536738156806678,0.002667894121259451,0.7972277998924255,3.717862637131475e-05,0.0009090224048122764,6.754897185601294e-06,7.69917678553611e-05,0.00012811350461561233,5.2314762797323056e-06,9.012002237795969e-07,2,15
0.47209250926971436,6.987651431700215e-06,0.0036417876835912466,1.256654513781541e-06,0.03880230337381363,0.08829493820667267,0.00016511560534127057,6.991661211941391e-05,0.004175704438239336,0.20755121111869812,0.0010747755877673626,0.13387419283390045,0.0002958732657134533,0.02651132643222809,0.0022755160462111235,0.020033858716487885,1.682267065916676e-05,0.0004138779768254608,0.0005089305341243744,0.00016540488286409527,2.0714986021630466e-05,3.065915734623559e-06,3.856317562167533e-06,0,0
5.389846774050966e-05,1.8046185346065613e-07,4.959408173021984e-08,1.6927522494825098e-07,4.1673385453577794e-07,0.0005019689560867846,0.00012704326945822686,6.331150075311598e-07,8.494039605011494e-08,0.9617518186569214,0.009367619641125202,1.628078621251916e-06,5.1516008170438e-06,1.738870082590438e-06,3.3631267797318287e-06,3.097004992014263e-06,2.326166281818587e-08,6.597372959049608e-08,0.028157250955700874,1.7050869871582108e-07,4.6219362559440924e-08,1.4344078147487949e-09,2.361242877668701e-05,9,9
0.09016326814889908,1.0119460966961924e-06,0.0003259794902987778,1.030915541377908e-06,3.0675346351927146e-05,0.4224209189414978,1.0083947017847095e-05,0.007621242664754391,0.421006441116333,0.020678136497735977,0.012512012384831905,0.003938368521630764,2.336891157028731e-05,0.015196417458355427,0.0009455293184146285,0.005007254891097546,1.5569736433462822e-07,8.23003938421607e-05,1.5602781786583364e-05,4.476150024856906e-06,1.3633461094286758e-05,4.2264124999746855e-07,1.692839759925846e-06,0,5
0.00010752286470960826,2.818570088436445e-08,7.04914127709344e-05,3.894470168575026e-08,2.662514816620387e-05,0.00038627933827228844,1.1483184607641306e-06,4.061056642967742e-06,1.1884166269737761e-05,0.0007810628740116954,0.00010264052980346605,0.982862114906311,8.290406867672573e-07,0.0015133495908230543,0.01369740441441536,0.00042827907600440085,3.6122951740935605e-08,3.936354914912954e-06,1.6768433397373883e-06,1.4283580185292521e-07,2.9771439358228236e-07,2.761851192190079e-08,2.321580154784897e-07,11,11
0.0010965013643726707,0.18522360920906067,0.00030315355979837477,0.05048784241080284,4.998517397325486e-05,0.01118027325719595,0.0009267753921449184,0.09045987576246262,0.0015032959636300802,0.0369863286614418,0.1438523828983307,4.736243863590062e-05,0.05772528052330017,0.0011521955020725727,0.05406126752495766,0.09461954236030579,0.0005081546260043979,0.02432112768292427,0.0019669686444103718,0.19797490537166595,0.0022601508535444736,0.034886352717876434,0.008406601846218109,12,19
1.216867531184107e-07,3.166737224091776e-05,1.9575511032599024e-05,0.0003851813671644777,2.05675377173975e-07,2.0283862056658108e-07,2.1445686115839635e-08,1.972065365407616e-05,6.364972904293609e-08,1.4845235227767262e-06,2.313327513547847e-06,9.594159244841194e-09,0.003777894889935851,1.1138567401758337e-07,2.5313491278211586e-05,2.3835633328417316e-05,0.0003318188537377864,0.004529869649559259,3.0238954423111863e-05,0.9895504117012024,2.1222425857558846e-05,1.9898956452379934e-05,0.00122880470007658,19,19
0.8982237577438354,2.9280658054631203e-05,0.0007904560770839453,1.2189236713311402e-06,0.001099216053262353,0.01321018673479557,2.1752939574071206e-05,2.6891488232649863e-05,0.00043083002674393356,0.036699358373880386,0.0022936342284083366,0.010713066905736923,3.404385643079877e-05,0.02302238717675209,0.007986468262970448,0.00510003324598074,1.5962815496095573e-06,4.665418964577839e-05,0.0002632290415931493,2.744077619354357e-06,1.7715693729769555e-06,7.478703309971024e-07,7.231725476231077e-07,5,0
4.194903269194583e-08,1.3795960285278852e-06,2.3716873798207416e-08,6.110805372827599e-08,2.958131961605659e-09,1.2295964779696078e-06,1.3191015391100791e-08,5.860317386918723e-08,8.385450667169891e-10,1.9894146134902257e-06,1.2209949318275903e-06,7.084055564376968e-10,0.9998514652252197,4.40305791826745e-09,9.132149259016842e-09,4.091613092782609e-08,4.1291581709401726e-08,3.959022433264181e-05,1.1829668267182569e-07,9.910982771543786e-05,1.9049277000249276e-07,4.1193433730768447e-07,2.817439735736116e-06,12,12
0.000347212451742962,8.484339275582897e-08,2.104634859279031e-06,1.2306103691628323e-08,9.96418166323565e-05,0.9381959438323975,1.0019213902978663e-07,1.1235867987124948e-06,0.0022412664256989956,0.0005007436848245561,0.05845522880554199,6.551486148964614e-05,9.648975719755981e-06,2.0563546058838256e-05,6.015649432811188e-06,4.664173502533231e-06,2.091671547077567e-07,3.087580989813432e-05,1.6418345694546588e-05,1.6518198719950306e-07,1.6185590538952965e-06,6.492822279824395e-08,7.150368332986545e-07,5,5
1.5777659427840263e-06,4.970758163835853e-05,4.6406341880356194e-08,6.7443411353451665e-06,1.7323649181832934e-09,3.3508200431242585e-05,6.464917134962889e-08,1.4744276995770633e-05,5.89920929883192e-08,4.8313213483197615e-06,4.7639841795898974e-05,1.4830376038332815e-08,0.9880784153938293,1.4890977340087375e-08,1.3121699282692134e-07,4.450263304534019e-07,8.972619980340824e-06,1.206906290462939e-05,0.004206427372992039,0.00030023313593119383,5.050962863606401e-05,0.0033700009807944298,0.0038138343952596188,12,12
5.744252848671749e-05,0.0003937666187994182,0.0004134915361646563,1.5920317309792154e-05,7.950231520226225e-06,3.5898858186556026e-05,0.00014118326362222433,0.0006464205216616392,8.917131344787776e-05,0.0005975143285468221,0.3691083788871765,5.1396658818703145e-05,0.0008921329863369465,0.00017092547204811126,0.0008556487155146897,0.04254884645342827,2.730770211201161e-05,0.001050718012265861,3.621051655500196e-05,0.5825327038764954,1.643751238589175e-05,0.00029246738995425403,1.8117443687515333e-05,19,19
4.422112397151068e-06,4.9227146519115195e-06,4.368263944343198e-06,1.4162638706238795e-07,2.723412762861699e-06,2.5896822990034707e-05,2.0600405825632606e-09,2.486218306785304e-07,3.6061194919057016e-08,1.2803521087789704e-07,4.642982730729273e-06,2.7635051580432446e-08,0.022252222523093224,7.06524906490813e-06,3.309861895672839e-08,4.0114716171046894e-07,2.9277703106345143e-06,0.9688447713851929,4.326866758219694e-07,0.008831482380628586,4.3475731104081206e-07,9.55990981310606e-06,2.989723498103558e-06,17,17
