prob_0,prob_1,prob_2,prob_3,prob_4,prob_5,prob_6,prob_7,prob_8,prob_9,prob_10,prob_11,prob_12,prob_13,prob_14,prob_15,prob_16,prob_17,prob_18,prob_19,prob_20,prob_21,prob_22,true,pred
0.01874532178044319,1.2742142985189275e-07,0.0013761698501184583,1.1052089803342824e-06,0.4263291656970978,0.004461667966097593,6.292536272667348e-05,1.480838909628801e-05,0.005145261064171791,0.00413530133664608,0.0007513721939176321,0.5258554220199585,0.001511190552264452,0.000618030724581331,0.008001798763871193,0.0016088004922494292,1.979109219973907e-05,0.0011341136414557695,3.011689113918692e-05,0.0001503767998656258,1.0294172170688398e-05,6.050913157196192e-07,3.6192108382238075e-05,11,11
3.3795565741456812e-06,7.50291295759098e-09,3.6735698813572526e-05,1.9428881614658167e-08,1.7325935459666653e-06,2.13354142033495e-05,0.9998235106468201,3.855123850371456e-06,6.488046892627608e-06,7.405035285046324e-05,1.083786287381372e-07,6.435312798203086e-07,2.1119610948971967e-07,2.4447179384878837e-05,5.354542622626468e-07,8.899306180865096e-07,3.8076489516924994e-08,1.6126638513469516e-07,8.897605141555687e-08,1.1395696475346995e-07,7.244139510476089e-08,2.5907027634275437e-09,1.6896647139219567e-06,6,6
0.0036746030673384666,1.9042674466618337e-05,0.12953585386276245,0.0003410702629480511,0.1362658441066742,0.015377339906990528,3.123169517493807e-05,2.5818235371843912e-05,0.00012115832942072302,0.0009334463393315673,0.0005473743076436222,0.0003789908078033477,0.32474806904792786,0.005743763409554958,9.516879799775779e-05,5.860526925971499e-06,0.0013016148004680872,0.20597639679908752,0.0006717634969390929,0.16712813079357147,3.1710605981061235e-05,0.007004848215728998,4.1000432247528806e-05,12,12
2.4136450065270765e-06,2.3706681062662938e-08,0.9999041557312012,3.7377528627757783e-08,2.4170035430870485e-06,3.6159767091703543e-07,2.1841275099632185e-07,1.323845481238095e-06,3.2084270173982077e-07,7.639153523086861e-07,8.772895512265677e-07,4.115235697099706e-06,1.4391608601727057e-05,1.8392775302800146e-07,3.4567457873890817e-07,5.886658982490189e-07,3.0313240131363273e-06,4.795578934135847e-05,6.246924044717161e-07,1.071686710929498e-05,4.206466201139847e-06,8.287518653560255e-07,1.3248020991341036e-07,2,2
1.7257714262086665e-06,1.4069553344597807e-07,3.686089712573448e-06,8.364132554561365e-06,6.917290738783777e-05,1.5508356909776921e-06,1.0579669407206893e-07,4.5111323743185494e-07,8.167775433776114e-08,1.4832179658696987e-05,6.806214059906779e-06,0.0009143402567133307,5.056456211605109e-05,6.486957772722235e-06,9.169069699055399e-07,1.7545957007314428e-06,2.611871786939446e-05,0.9908430576324463,2.2871534383739345e-05,0.00802389532327652,3.7456638324329106e-07,4.3446937070257263e-07,2.24360587708361e-06,17,17
8.047669689403847e-05,0.0005957889370620251,3.4458458685548976e-05,4.79376976727508e-05,3.4423836041241884e-05,3.014004869328346e-05,0.00011885543790413067,2.614714867377188e-05,3.170933996443637e-05,3.4894048440037295e-05,1.0280054993927479e-05,1.273960242542671e-05,0.9858219027519226,5.597500148724066e-06,1.4813022062298842e-05,3.7318341128411703e-06,8.606645133113489e-05,0.0002073820651276037,0.000977352843619883,0.0010007777018472552,0.0005244782660156488,0.010257565416395664,4.246570460963994e-05,12,12
2.6049207235701033e-07,4.848061507800594e-09,6.968321031308733e-08,1.0930142479992355e-06,1.468015125283273e-05,1.0197923216992422e-07,1.3658014275108599e-08,4.308833112531829e-08,1.8956606595565972e-07,4.024788324841211e-07,6.887466241778384e-08,1.1533015253917256e-07,0.00016921237693168223,1.2417827747412957e-05,1.7973729882214684e-06,6.128994556320322e-08,5.442225869956019e-07,0.00036857902887277305,6.493551154562738e-07,0.9994286894798279,4.6003640363778686e-07,4.973399470031836e-08,4.4336346149975725e-07,19,19
0.019844859838485718,1.2594913556540632e-08,1.1419224392739125e-06,6.659968494204804e-05,0.0012418234255164862,0.013141756877303123,1.042383610183606e-05,1.7372936781612225e-05,0.00024116678105201572,0.0012012531515210867,4.036240352434106e-05,0.0008776126778684556,2.1783719148515956e-06,0.9564598202705383,0.0004524750402197242,0.006383130326867104,9.5189570004095e-08,1.1189309589099139e-05,2.1692294467356987e-06,9.768926929609734e-07,5.921549472986953e-07,2.438235924273613e-07,2.8280214792175684e-06,13,13
0.08987145125865936,0.08738382160663605,0.0028047068044543266,0.0175041314214468,0.09324534237384796,0.0006080747116357088,0.0009388003963977098,0.002014882629737258,0.0015024717431515455,0.005725804716348648,0.002598721068352461,0.0008265573414973915,0.03309927508234978,0.0021938288118690252,0.0002750723797362298,0.0006426004110835493,0.05548958107829094,0.08359634131193161,0.0041427286341786385,0.05078566446900368,0.030542511492967606,0.42660459876060486,0.007603046949952841,21,21
0.019915850833058357,1.7779259451344842e-06,0.000580312276724726,1.1361657925590407e-06,0.27089908719062805,0.31756699085235596,0.00036225319490768015,0.0005672067636623979,0.27650967240333557,0.0057764919474720955,0.006583651062101126,0.07466713339090347,0.0010068780975416303,0.01647978462278843,0.0020162707660347223,0.005242009647190571,5.707620221073739e-05,0.0003586611128412187,7.372240361291915e-05,4.523662937572226e-05,0.0007145331474021077,1.815813811845146e-05,0.0005560683785006404,8,5
1.570412678120192e-05,3.999073214799864e-06,2.170128936995752e-05,0.0005231073009781539,0.0005175763508304954,5.397060886025429e-05,3.1963402307155775e-06,2.8446520445868373e-06,1.6823028090584558e-06,3.3528089261380956e-05,0.00010966034460579976,5.6223916544695385e-06,0.003366726217791438,2.071668131975457e-05,9.425239113625139e-06,2.5908436782628996e-06,2.0240291632944718e-05,0.956969141960144,3.0151793907862157e-05,0.03822296857833862,4.0846857700671535e-06,2.8771742108801845e-06,5.8290399465477094e-05,17,17
0.022919943556189537,0.005928314756602049,0.06983552128076553,0.00040731907938607037,0.00585467554628849,0.0009567677625454962,0.0006399594130925834,0.00019569120195228606,0.00028912295238114893,0.0010066727409139276,0.0024458193220198154,0.0005150744109414518,0.01481510978192091,0.016638174653053284,0.00022053916472941637,0.0001500447979196906,0.005179636646062136,0.6192100048065186,0.023065492510795593,0.20800302922725677,0.00018492505478207022,0.0014963774010539055,4.1847004467854276e-05,17,17
1.0118329555552918e-05,0.9994847774505615,1.305873070123198e-06,6.805883003835334e-07,1.6938413409661734e-06,3.396650208742358e-05,7.740367436781526e-06,9.8359964795236e-07,2.255339495604858e-06,4.905075456917984e-06,4.687826276494889e-06,2.555962055339478e-07,7.548273515567416e-06,6.898331321281148e-06,8.226983482018113e-06,8.525503147893687e-08,5.388281351770274e-06,1.1742763490474317e-05,0.00018990995886269957,2.0443992980290204e-05,2.0295461581554264e-05,0.0001674045342952013,8.652718861412723e-06,1,1
0.0001324598561041057,5.0518039643066004e-05,0.00010699187987484038,3.9726779505144805e-05,0.025387385860085487,0.0002553777303546667,2.5752307919901796e-05,3.310070951556554e-06,5.546223292185459e-06,0.0023701933678239584,3.881643351633102e-05,8.679898746777326e-05,0.45864415168762207,0.00010877671593334526,0.0003831890062429011,4.2691965063568205e-05,0.0001229946647072211,0.00039260301855392754,0.0013778363354504108,0.5103433728218079,3.7287961731635733e-06,6.279005901888013e-05,1.4923992239346262e-05,12,19
0.9634952545166016,0.00010870848200283945,2.6290173991583288e-05,2.7891661375178955e-05,0.005755627527832985,0.011856370605528355,0.000760952359996736,0.00013059057528153062,6.231405677681323e-06,0.003495978657156229,2.9999793696333654e-05,0.00032247218769043684,0.00015201074711512774,0.011068787425756454,6.05799796176143e-05,0.0011180582223460078,0.00010238663526251912,0.00020985305309295654,0.0001410174445481971,3.044680124730803e-05,8.483949932269752e-05,0.00011397854541428387,0.0009017068659886718,0,0
8.50203946356487e-07,4.5180290726420935e-06,8.710435395187233e-07,6.8648332671727985e-06,7.440447120643512e-07,1.0927631592494436e-05,6.822355499025434e-05,4.667618611620128e-07,1.158262762146478e-06,7.78719549998641e-06,4.105740117665846e-06,8.057556897256291e-07,0.9986746311187744,1.457538587601448e-06,1.8413174984743819e-06,3.1471384431824845e-07,1.3872767340217251e-05,0.00021255861793179065,7.735638064332306e-05,6.694496551062912e-05,8.035974133235868e-06,4.185315629001707e-05,0.0007936389883980155,12,12
0.0746743306517601,1.3627759472001344e-06,0.0007988288416527212,2.7610511097009294e-05,0.8095477819442749,3.198074045940302e-05,3.4439389651197416e-07,0.0008168021449819207,5.228687223279849e-05,1.0129623660759535e-05,0.00020436708291526884,5.0098173232981935e-05,0.03742292523384094,7.635187103005592e-06,0.00965988077223301,0.04443657398223877,0.0009848822373896837,0.014834880828857422,3.053496811844525e-06,0.0062356567941606045,0.00012136847362853587,6.292167381616309e-05,1.4044397175894119e-05,14,4
0.006514115259051323,2.069509008606474e-09,4.499340775510063e-06,3.1844791692492436e-08,0.9914329051971436,0.0015074699185788631,2.8342864766273124e-07,5.5676128596360286e-08,5.494484867085703e-06,0.0001326204219367355,4.032429387734737e-06,1.1444642950664274e-05,2.145128746633418e-06,0.0002872674085665494,4.4625496229855344e-05,5.223297557677142e-05,1.0473618061723755e-07,2.1730774335537717e-07,3.590061581348891e-08,2.5835532824203256e-07,3.989199015563827e-08,5.8866763907872155e-08,7.036028648599313e-08,4,4
0.04286080598831177,3.2901969007070875e-06,0.01395635399967432,1.3988864338898566e-05,0.07057687640190125,0.0053679803386330605,3.9937880501383916e-05,0.00010554681648500264,0.011815584264695644,0.0011577638797461987,0.005031280219554901,0.22903472185134888,0.006117871962487698,0.003200056031346321,0.01453813724219799,0.5907753109931946,1.9741859432542697e-05,0.00418547447770834,0.0004089342546649277,0.0006921874010004103,7.076728252286557e-06,3.210905197192915e-05,5.885808786842972e-05,5,15
0.008616561070084572,7.462947905878536e-06,0.01338738203048706,0.0004330954106990248,0.1430208683013916,4.187267040833831e-05,4.1726548261067364e-06,0.0002531207865104079,0.011285918764770031,0.00013993715401738882,0.00044846173841506243,0.00030579723534174263,0.05126829072833061,0.00043461681343615055,0.01791791431605816,0.0014374005841091275,0.0010985559783875942,0.0269880760461092,0.0006068398943170905,0.7208908200263977,0.0007658528629690409,0.00046191131696105003,0.00018494532559998333,19,19
0.5886565446853638,2.337734940738301e-06,0.02381066605448723,3.3340566005790606e-06,0.1969241499900818,0.021773241460323334,0.00028214743360877037,0.00011650520173134282,0.013755456544458866,0.032433636486530304,0.005549749359488487,0.1018589660525322,0.0011437928769737482,0.004419043660163879,0.004507772158831358,0.0037425884511321783,4.3466196075314656e-05,0.0006723697297275066,0.00016543544188607484,3.908923827111721e-05,5.2089195378357545e-05,2.2466421796707436e-05,2.5296971216448583e-05,10,0
3.5618595575215295e-06,3.6872681903332705e-06,1.1436669410613831e-05,1.912823790917173e-06,1.9237553715356626e-05,4.832245394936763e-05,7.520262442994863e-06,7.913514110668984e-08,3.2060833632385766e-07,5.856897587364074e-06,1.7018329572238144e-06,3.195253270860121e-07,0.9966403245925903,6.115863016020739e-07,3.8012808545317966e-07,2.8518647354758286e-07,1.0475878298166208e-05,0.00293350568972528,9.25867698242655e-06,9.217045590048656e-05,5.797646281280322e-06,6.789265898987651e-05,0.00013541114458348602,12,12
1.1421698218327947e-05,3.40236101692426e-06,1.9573121790017467e-06,1.6843455341586377e-06,0.00034507125383242965,5.536723620025441e-05,1.3262536413094494e-05,3.317947800951515e-07,4.5085073452355573e-07,5.967142715235241e-05,1.2134830285503995e-05,9.720413072500378e-05,0.9563080668449402,1.0759925999082043e-06,1.3476562799041858e-06,6.013889105815906e-06,7.70156693761237e-05,0.03972133621573448,9.481291272095405e-06,0.0020588587503880262,3.966972144553438e-05,1.0704948181228247e-05,0.0011643774341791868,12,12
0.04867072030901909,0.01396824512630701,0.06008797138929367,0.0009230473660863936,0.026203976944088936,0.0035623423755168915,0.02149740606546402,0.0019558074418455362,0.00017416576156392694,0.01800329051911831,0.0195704847574234,0.0028300967533141375,0.2923133969306946,0.0015113791450858116,0.0019204223062843084,0.2731715738773346,0.018756460398435593,0.06251110136508942,0.0021851228084415197,0.09784846007823944,0.0008888622396625578,0.030560676008462906,0.0008849283331073821,19,12
0.05197844281792641,1.7237516658497043e-07,0.001979934051632881,4.368134796095546e-06,0.4059118330478668,0.059259913861751556,6.063412729417905e-05,5.282805432216264e-05,0.08706250041723251,0.0376204214990139,0.0041074082255363464,0.26924169063568115,0.002168819075450301,0.02132108435034752,0.05296995863318443,0.005639920011162758,1.5588215092066093e-06,0.00020831466827075928,0.00025300506968051195,0.00013737646804656833,7.779337465763092e-06,1.7364025097776903e-06,1.0298990673618391e-05,5,4
0.0004989682347513735,1.2216277989196556e-09,0.0005334505694918334,9.165546793754586e-11,0.9745025038719177,0.01640639826655388,2.1528289835259784e-06,1.0462861688154135e-08,7.924083433863416e-07,0.0024930851068347692,3.417773041292094e-05,0.005477129481732845,3.350062979734503e-05,1.38789991979138e-05,1.2442512797861127e-07,8.863649441082089e-07,9.553425428521223e-08,2.145425924027222e-06,1.6051112439186e-08,4.713634496056329e-07,7.447267691418347e-09,2.543511357089301e-07,1.867941179511945e-08,5,4
0.00019006642105523497,2.6057902502429897e-08,8.805280913293245e-07,4.7803016656189357e-08,0.20551905035972595,0.7723181247711182,6.139729862297827e-07,6.865490718155343e-07,0.0005972261424176395,2.5049761461559683e-05,0.0004307705967221409,2.7113810574519448e-05,2.4935745841503376e-06,0.020852230489253998,1.3622851838590577e-05,9.388439139002003e-06,6.232171472220216e-07,3.343429170854506e-06,4.307933352265536e-07,3.337511316203745e-07,3.3566238926141523e-06,9.823374966799747e-07,3.5645034586195834e-06,5,5
0.09939143061637878,0.09672465175390244,0.10570330172777176,0.0004174244240857661,0.15004296600818634,0.01408405788242817,0.012495634146034718,0.010650623589754105,0.004327340517193079,0.026717878878116608,0.03120516985654831,0.00036998389987275004,0.12273114919662476,0.000647776119876653,0.0014198399148881435,0.0034926943480968475,0.18432539701461792,0.06549424678087234,0.00515391631051898,0.021561887115240097,0.0206413883715868,0.015327949076890945,0.007073276676237583,1,16
0.0006898675346747041,8.603160495113116e-08,0.32149747014045715,8.323235670104623e-05,0.0004349155933596194,0.002407513791695237,0.006831864360719919,0.00045070142368786037,0.005183647386729717,0.6400547623634338,0.014867748133838177,0.0015471534570679069,0.0005667923833243549,0.0011952135246247053,5.0027621909976006e-05,0.00032066830317489803,0.0003298650844953954,0.00019977947522420436,0.0004579666128847748,0.0002656345604918897,0.0017247814685106277,2.245466566819232e-05,0.000817825784906745,9,9
0.5640135407447815,1.7114892614245036e-07,0.003922853618860245,2.912282980105374e-05,0.21930111944675446,0.0029802771750837564,0.00019562951638363302,2.5233168344129808e-05,0.024271804839372635,0.041852355003356934,0.000514524697791785,0.00355759565718472,0.0002593581157270819,0.004021618980914354,0.11990635097026825,0.014988004229962826,9.157133717963006e-06,5.18321648996789e-05,5.186321141081862e-05,1.0287829354638234e-05,1.913394771690946e-05,1.1277380735918996e-06,1.7133395886048675e-05,0,0
3.424031831400498e-07,8.489601555083937e-08,1.1960918300246703e-06,7.414329417088084e-08,2.7275118554825895e-06,9.440233839086432e-07,3.464588189672213e-07,5.497558674960601e-08,7.987237893303245e-08,3.0850219445710536e-06,8.962839359583086e-08,5.240774498815881e-07,0.9994114637374878,4.6958398058905004e-08,1.603280885831282e-08,4.351007110159344e-09,7.323887984966859e-07,0.00010929621203104034,1.1501327207952272e-05,0.00045443669660016894,5.46377577848034e-07,1.95031930161349e-06,4.358537069037993e-07,12,12
0.03375421464443207,0.0004987856955267489,0.014899840578436852,8.931568800107925e-07,0.3562779128551483,0.3714093267917633,0.0021449485793709755,0.0006853713421151042,0.0018972454126924276,0.010931729339063168,0.0012283327523618937,0.13591355085372925,0.007466880138963461,0.031093286350369453,0.0015102375764399767,0.011465797200798988,0.00012053002137690783,0.015536676160991192,7.586075662402436e-05,0.0016215825453400612,0.00016713434888515621,4.8145866458071396e-05,0.0012517503928393126,5,5
3.781715577133582e-06,3.56136814483321e-10,3.0239803550102806e-07,5.466342378745992e-10,2.90481443698809e-06,3.999252271569276e-07,1.5254199015046765e-09,1.2493009293734758e-08,8.308914800636558e-08,1.1619278694752211e-07,4.2480546653678175e-06,3.1577158665641036e-07,4.656018504078929e-08,1.3362839723640718e-08,0.0001657799002714455,0.9998099207878113,1.0668268402014291e-07,1.1773736332543194e-05,1.3292424938526892e-08,9.739522255358679e-08,1.0070868228240215e-07,1.5933326880102072e-09,2.4348224769710214e-08,15,15
6.0626654885709286e-05,0.0007928322302177548,0.0006989037501625717,8.322836220031604e-05,0.0005549385095946491,8.306627569254488e-05,4.2517200199654326e-05,8.670853276271373e-05,0.000229006283916533,8.712115231901407e-05,0.00013556868361774832,5.1983832236146554e-05,0.16487939655780792,7.70442929933779e-05,0.001519195968285203,2.6031717425212264e-05,0.0009345647995360196,0.0013206879375502467,0.006715788040310144,0.8203881978988647,0.0002473865752108395,0.00031239117379300296,0.0006728125154040754,19,19
0.9645271301269531,3.556549188488134e-07,2.4041726192081114e-06,2.6180829948430073e-08,0.03465753793716431,1.6028347090468742e-05,1.0626489199694333e-07,1.3867826282876194e-06,3.2491268939338624e-05,2.999348180310335e-05,3.228025889256969e-05,0.00018107144569512457,4.391607490106253e-06,0.0002590327349025756,1.9468126311039669e-07,6.492610282293754e-06,3.508533336571418e-05,3.238086719647981e-05,5.5515595676070006e-08,7.944726121422718e-07,0.00017825874965637922,2.0413135644048452e-06,4.163189544215129e-07,0,0
0.029860513284802437,0.00028016092255711555,0.004291057121008635,0.00032195314997807145,0.03801868110895157,0.0024456854443997145,0.0007824935601092875,0.0005988810444250703,0.005065140314400196,0.0051822783425450325,0.0006280231173150241,0.0012850681087002158,0.6768957376480103,0.0003512711846269667,0.0014332786668092012,0.0027766989078372717,0.007037407252937555,0.042453546077013016,0.0012060004519298673,0.1485593020915985,0.021188663318753242,0.00022914486180525273,0.009108991362154484,19,12
0.001164507819339633,5.420524757937528e-07,0.013129424303770065,5.684081043000333e-05,0.14283020794391632,9.49114328250289e-05,2.7902286092285067e-05,1.2151605915278196e-05,1.286848055315204e-05,0.0003559603064786643,0.00016015548317227513,1.917237023008056e-05,0.016044175252318382,0.0001555562630528584,1.4150874449114781e-05,1.4602856936107855e-05,0.00016925713862292469,0.07570045441389084,2.6201860237051733e-06,0.7500011920928955,7.938359885883983e-06,2.360721555305645e-05,1.8671878478926374e-06,19,19
0.0001003782672341913,7.314783327661001e-12,1.2033800089739088e-07,2.4318252300759013e-08,0.9662771821022034,2.79374694400758e-06,1.441442243343971e-10,1.0869382061073907e-09,4.210711267660372e-06,1.9294106095912866e-05,1.5956569768604822e-05,0.03354383632540703,2.4608158355476917e-07,2.0595477963070152e-06,1.431991950084921e-05,1.7163527445518412e-05,4.242742157600787e-09,1.7265764427065733e-06,4.0180012206292304e-07,2.5432831307625747e-07,3.347864874214679e-09,6.802144958406586e-10,1.3611162330562365e-07,11,4
0.0016754672396928072,8.945218871181382e-11,0.00022169887961354107,9.56217220959843e-08,0.23426681756973267,0.7208837866783142,9.818066246225499e-06,1.311847910301367e-07,7.849094981793314e-05,0.0008411105955019593,1.6045683878473938e-05,4.2626794311217964e-05,5.543656516238116e-05,0.0418970100581646,3.18865431836457e-06,5.782902690043557e-07,2.0550952939402123e-08,4.983123290003277e-06,5.233633260104398e-07,2.137187266271212e-06,5.414575898754492e-09,2.3420957617759086e-08,1.6057714447015314e-07,5,5
3.2653778703206626e-07,5.963553262322563e-11,6.667430341167346e-08,3.5177220070181647e-07,1.1579297733987914e-06,5.864382615072827e-07,2.1693052687510317e-08,1.3089325534565432e-07,1.6489251493112533e-06,1.6597433614151669e-06,8.782223517300736e-07,6.2791473283141386e-06,6.416287590127467e-08,0.00011429812730057165,0.99986732006073,4.9498503358336166e-06,5.35392441491922e-09,2.6973969724508606e-08,8.427167585978168e-08,1.2563727125325386e-07,1.3770906637233793e-09,4.2517067644354256e-10,1.8048192274022767e-08,14,14
1.5686262486269698e-05,0.8803852200508118,4.986016210750677e-05,0.0020917532965540886,1.5653580476282514e-07,3.988137905253097e-06,0.003291080007329583,0.031411927193403244,2.3496756966778776e-06,7.736675615888089e-05,2.0437079001567326e-05,4.4784425767829816e-07,0.003169797593727708,6.08866957918508e-06,1.3489495358953718e-05,3.947994628106244e-06,0.00014422234380617738,0.0014314291765913367,4.5029912143945694e-05,0.007995563559234142,0.00047057445044629276,0.067242830991745,0.002126765437424183,1,1
0.0005336126778274775,6.277890918227058e-08,0.002979833632707596,4.510373855737271e-06,0.9642382860183716,0.0058423858135938644,2.8817514703405323e-06,1.1698512025759555e-06,1.313725169893587e-05,0.0011582236038520932,4.669470217777416e-05,0.01697365939617157,0.00028870688402093947,0.00047054432798177004,0.0002851551107596606,0.0005978201515972614,0.002519508358091116,0.0038103933911770582,8.005105337360874e-05,0.0001444778754375875,1.369328629152733e-06,2.6916754904959816e-06,4.827305019716732e-06,4,4
0.0005120292771607637,2.99866513842062e-07,2.2784073735238053e-05,1.0495902103002663e-07,0.004025525413453579,0.01224487368017435,0.00010849531827261671,0.0004212803905829787,0.6026586890220642,0.001149858464486897,6.405626481864601e-05,0.36685386300086975,7.343806646531448e-05,0.010607156902551651,0.00010254618973704055,0.0006394655210897326,9.485351256444119e-06,9.791158663574606e-05,7.86133750807494e-06,2.2052778149372898e-05,6.275958003243431e-05,5.370451390263042e-07,0.0003149909316562116,8,8
0.01782986894249916,0.08964845538139343,0.0014710720861330628,0.004498193506151438,0.30369338393211365,0.012148299254477024,0.0019360469887033105,0.0004651358467526734,0.0016097989864647388,0.15807269513607025,0.024297194555401802,0.000991408247500658,0.04702461510896683,0.001379121677018702,0.004853570368140936,0.0023130271583795547,0.022455379366874695,0.0027830435428768396,0.06510699540376663,0.09414199739694595,0.011793648824095726,0.059234876185655594,0.07225217670202255,18,4
0.0008670748211443424,6.609734981566362e-08,0.9840549826622009,4.862533486971188e-08,0.014643273316323757,6.219426722964272e-05,7.429083552779048e-07,1.5982728029939608e-07,2.8439356469789345e-07,2.68578551185783e-05,2.747981397988042e-06,5.781405434390763e-06,4.92235594720114e-05,5.879782111151144e-05,2.437911632569012e-07,1.7506072254036553e-06,3.5567629765864694e-06,0.00014046832802705467,1.8685737757095922e-07,8.018159860512242e-05,1.435858649756483e-07,1.1901080370080308e-06,3.23149400571765e-08,2,2
0.0020744334906339645,5.9197219570705784e-08,0.0001424094953108579,5.618230147774739e-08,0.891451358795166,0.0707307755947113,1.4213398571882863e-05,1.3032323522566003e-06,7.652202475583181e-05,0.0008801320800557733,0.03161643445491791,0.002787478268146515,0.00010796183778438717,5.2572257118299603e-05,1.4622293747379445e-05,1.6696287275408395e-05,1.6677213352522813e-06,1.4523010577249806e-05,8.775041919761861e-07,5.8762325352290645e-06,1.2234307860126137e-06,1.2768973647325765e-06,7.488078153983224e-06,5,4
0.07298608124256134,1.930532789629069e-06,0.0012436134275048971,7.333551366173197e-07,0.27016815543174744,0.6208806037902832,0.0021401073317974806,1.0473712791281287e-05,1.1169504432473332e-05,0.003494952106848359,1.8128874216927215e-05,9.4557115517091e-05,0.0009237820631824434,0.02781328745186329,8.114398224279284e-05,3.362623829161748e-05,1.0792336979648098e-06,6.586989184143022e-05,4.667354460252682e-06,2.181169475079514e-05,1.591241414189426e-07,1.1593900808293256e-06,2.8774707061529625e-06,0,5
3.254819239373319e-05,2.6758157218864653e-06,0.00017095066141337156,0.0007244988228194416,9.120978211285546e-05,6.753203342668712e-05,4.962701041222317e-06,3.0550047085853294e-05,1.370729114569258e-05,0.0001779515587259084,0.000565020483918488,0.00011287667439319193,5.571045039687306e-05,7.846043445169926e-06,1.6370846424251795e-05,0.00010242157441098243,0.5063601732254028,0.004542503505945206,0.4857350289821625,0.00011743553477572277,0.0006168105755932629,0.0002965252788271755,0.00015474668180104345,18,16
0.0018608300015330315,3.868529802275589e-06,0.007533868309110403,4.23185556428507e-05,0.0026881105732172728,5.1703278586501256e-05,1.3921349818701856e-05,8.00427224021405e-05,0.00046563666546717286,0.00033962191082537174,8.011145109776407e-05,0.012019447050988674,0.0043822540901601315,0.0001246817409992218,5.017503281123936e-05,0.0019312247168272734,0.7236459851264954,0.08525338023900986,0.00012970254465471953,0.0016039505135267973,0.15729689598083496,0.00018064415780827403,0.00022154441103339195,20,16
0.2178507000207901,0.001327749341726303,0.0218229740858078,4.968200300936587e-05,0.002805023454129696,0.0025092768482863903,0.0007525688270106912,0.00012231641449034214,0.00039662732160650194,0.0037039751186966896,0.7139480113983154,0.0009731128229759634,0.02064381167292595,0.0005398685461841524,0.003163921879604459,0.000213061532122083,0.0009294996270909905,0.0012817593524232507,0.003271664259955287,0.0010371998650953174,0.000530705030541867,0.0010411173570901155,0.0010853445855900645,10,10
3.1698905331722926e-06,5.481701350618096e-07,0.00014358518819790334,1.6747431800467893e-05,0.0001557990035507828,2.268856405862607e-06,8.649864184917533e-07,1.2728089586744318e-06,6.850258387203212e-07,7.842786544642877e-06,2.651261866049026e-06,1.1566130524442997e-05,0.00034010910894721746,1.9646226064651273e-05,1.4600524309571483e-06,4.606545644492144e-06,2.2672202248941176e-05,0.025902099907398224,3.6526751046039863e-06,0.9733461737632751,7.801579158694949e-06,1.496510776632931e-06,3.193192696926417e-06,19,19
0.32571518421173096,8.112064824672416e-05,0.0002676966250874102,4.335628909757361e-05,0.4613330364227295,0.05861455947160721,0.00012148513633292168,0.00044806450023315847,0.004654370713979006,0.00770290894433856,0.04744098708033562,0.05526941269636154,0.0052828374318778515,0.010447715409100056,0.003567197360098362,0.001298493123613298,0.0005090275080874562,0.008816403336822987,2.2271467969403602e-05,0.0005390947335399687,0.005189941730350256,0.00013297665282152593,0.0025018074084073305,0,4
4.7505567636108026e-05,2.5464285045018187e-06,0.0006352356867864728,4.902066211798228e-05,6.852005753898993e-05,4.0657446334080305e-06,1.4638508218922652e-06,4.4707692723022774e-05,3.338140231790021e-05,3.135485530947335e-05,1.2013006198685616e-05,4.031304797535995e-06,9.138809400610626e-05,6.77650223224191e-06,3.82044272555504e-05,4.1512616007821634e-05,0.17324379086494446,0.00018032549996860325,0.0005227461806498468,0.0002534460218157619,0.824550986289978,0.00010265969467582181,3.431304867262952e-05,20,20
0.09387005120515823,5.551247795665404e-06,3.3875573990371777e-06,6.243974670638863e-09,0.12170551717281342,0.777855396270752,3.784265118156327e-06,5.109517928758578e-07,1.2813961802748963e-05,0.0005950834020040929,1.420947319275001e-05,0.00022504532535094768,2.684986839085468e-06,0.005606508813798428,2.3011391022009775e-05,5.0965147238457575e-05,1.6770016486589157e-07,2.779002443276113e-06,1.0725116226240061e-05,1.0812425443873508e-06,7.856475576772937e-07,3.071802439080784e-07,9.722806680656504e-06,9,5
0.004319780506193638,5.126804535393603e-05,0.0021492294035851955,0.0005384758696891367,0.007983848452568054,0.02031441405415535,0.01203462015837431,0.000915546843316406,0.0005439440719783306,0.9018768072128296,0.001826406572945416,0.0005046926089562476,0.022283760830760002,6.371825293172151e-05,0.00011743500363081694,0.0002013024059124291,0.004300084430724382,0.00023351040726993233,0.007106315810233355,0.0017260676249861717,0.002452374901622534,0.0006209444836713374,0.007835513912141323,9,9
0.0014947012532502413,4.451911195246794e-08,0.0007312813540920615,3.5002287859242642e-06,0.9617639183998108,0.007886244915425777,1.6860840332810767e-05,6.974571988394018e-06,0.0003756666264962405,0.005085908807814121,0.0021452046930789948,0.015331021510064602,0.001729518175125122,0.0002227853547083214,0.0008758771582506597,0.0017888821894302964,6.36862387182191e-05,0.00019388941291254014,1.5132623047975358e-05,0.00011177379201399162,6.189839041326195e-06,6.667802949777979e-07,0.00015007953334134072,5,4
0.012983488850295544,2.3093802425933063e-09,0.3583846986293793,2.1550590478813803e-10,0.6177830696105957,0.010355553589761257,7.573545417471905e-07,1.1920649711782971e-07,2.7155593329553085e-07,0.0003316958900541067,3.249437440899783e-06,7.865957013564184e-05,1.5252024240908213e-05,5.053664790466428e-05,3.417079597056727e-06,1.6708177099644672e-06,3.034765086340485e-06,3.3823105241026497e-06,4.953947154717753e-07,5.680920480699569e-07,3.4199779008758924e-08,8.754499702945395e-08,9.068315875992994e-09,2,4
0.0003865755570586771,2.1489540813490748e-07,0.00019808774231933057,6.461761472564831e-07,0.005080870818346739,0.0002578716666903347,2.5016670406330377e-06,0.00010216150258202106,0.002517841523513198,0.000478863570606336,0.000101797966635786,0.9777854084968567,0.0027016226667910814,3.413839658605866e-05,0.005402694456279278,0.00015549539239145815,0.0001756540877977386,0.0035466437693685293,0.0008344041998498142,8.395629265578464e-05,8.403656829614192e-05,9.839130825639586e-07,6.753673369530588e-05,0,11
0.16152773797512054,6.560156180057675e-06,0.014828016981482506,3.251499583711848e-05,0.03172677382826805,0.01936964876949787,0.0002928629401139915,0.0001247333420906216,0.28919151425361633,0.02973446063697338,0.005059470422565937,0.02830238826572895,0.0007399645983241498,0.0077964626252651215,0.3255111575126648,0.08430561423301697,8.883364353096113e-05,0.0004644595319405198,0.00039216066943481565,6.014076279825531e-05,0.0002212288381997496,1.82051990123e-05,0.00020515715004876256,5,14
0.0003431554650887847,0.0013043818762525916,0.02251908741891384,0.023561153560876846,0.0001528955326648429,0.008462564088404179,0.04729599505662918,0.0005294147413223982,0.00020641949959099293,0.061513595283031464,0.2509629726409912,8.58825515024364e-05,0.3379526734352112,0.0002083411527564749,4.540651207207702e-05,0.0004970313748344779,0.0025600080844014883,0.04584838077425957,0.007691606879234314,0.16840264201164246,0.001301465556025505,0.0061278571374714375,0.012427073903381824,10,12
0.04452178254723549,1.380069625156466e-05,0.006070873700082302,4.096476004633587e-06,0.9298922419548035,0.0041769989766180515,3.0491719371639192e-05,1.313379925704794e-05,0.0017081076512113214,0.001748542534187436,0.0006151198758743703,0.0011915407376363873,0.0003016268601641059,0.00033540380536578596,0.005312497727572918,0.00344171398319304,3.0021736165508628e-05,0.00034093117574229836,0.00010794552508741617,6.479873263742775e-05,4.289585194783285e-05,4.38299821325927e-06,3.112322519882582e-05,4,4
3.930500497517642e-06,9.693756055639824e-07,2.8805110559915192e-05,0.0004101881349924952,6.166024104459211e-05,2.2551603251486085e-06,3.2326559562534385e-07,9.932722605299205e-06,5.142794907442294e-05,3.0518078801833326e-06,6.594020669581369e-05,1.1070632353948895e-05,0.0016118456842377782,4.315028036216972e-06,6.263862360356143e-06,7.320997156057274e-06,0.00020468051661737263,0.984558641910553,6.8850004026899114e-06,0.011577940545976162,0.00034127917024306953,9.30976511881454e-06,0.0010219815885648131,17,17
0.9172756671905518,3.658371738879396e-08,1.644073381612543e-05,2.512719987635137e-08,0.0021846408490091562,0.0010624121641740203,0.00035127103910781443,1.0582569302641787e-05,5.610359221464023e-05,0.07875469326972961,3.748976041606511e-06,8.147097105393186e-05,3.7587960832752287e-06,0.0001550457818666473,2.286738663315191e-06,1.7058272305803257e-06,1.627017240934947e-07,6.797183687012875e-07,1.655713640502654e-05,1.7599397494905133e-07,9.841863175097387e-06,3.4566658424495245e-09,1.2763725862896536e-05,0,0
0.9881669878959656,3.883093668832771e-08,2.0224428226356395e-05,3.0952418228480383e-07,0.008751226589083672,0.00016366913041565567,2.987997731906944e-06,4.166070539213251e-06,0.0002802762028295547,0.0002174550900235772,2.084506195387803e-05,6.659657810814679e-05,2.7991823117190506e-06,0.002270734403282404,2.5828403522609733e-06,1.602096381247975e-05,8.114938054859522e-07,8.721070116735063e-06,1.0440430742164608e-07,7.140880029510299e-07,2.0949416921212105e-06,4.745125750105217e-07,1.724908571532069e-07,0,0
0.02640049159526825,0.0002507200406398624,0.002302573760971427,3.155757804051973e-05,0.07292794436216354,0.7618564367294312,0.004159168340265751,0.00016827121726237237,0.005351928994059563,0.024410473182797432,0.0007783617475070059,0.010568234138190746,0.06491794437170029,0.009101390838623047,0.0008355095633305609,0.0005464519490487874,0.00021009065676480532,0.004542127717286348,0.000377885764464736,0.003960295580327511,0.0016930521233007312,0.00019315475947223604,0.004415861796587706,5,5
0.000417388480855152,1.0935442332993262e-05,0.32415932416915894,0.026974879205226898,0.0003040973679162562,2.473186441420694e-06,1.1666902537399437e-05,7.1611168095842e-05,1.2753226656059269e-05,5.804594184155576e-05,0.0032280979212373495,3.4061458791256882e-06,0.001817272393964231,6.484450295829447e-06,1.4632261809310876e-05,1.0352461686125025e-05,0.016459349542856216,0.0016806765925139189,3.7238572986098006e-05,0.001156384008936584,0.00043604179518297315,0.6231211423873901,5.789410352008417e-06,21,21
1.5986366634024307e-05,2.633437361510005e-05,2.345044049434364e-05,8.71258362167282e-06,9.071198974197614e-07,2.3251009224622976e-06,4.920136234431993e-06,5.4937886488914955e-06,6.720015335304197e-06,1.3093338566250168e-05,1.8140866586691118e-06,1.1310702348055202e-06,7.49956161598675e-05,2.1230900983937318e-06,6.755255981261143e-07,8.717232731214608e-07,0.0006603215588256717,3.089883830398321e-05,0.0004218706744723022,2.5642359105404466e-05,0.9985013008117676,0.00016557979688514024,4.907071797788376e-06,20,20
0.001797192613594234,6.467304025647991e-09,6.209456387296086e-06,4.324596503124667e-08,0.9978716373443604,0.00023506238358095288,1.8196678297499602e-07,1.45311602750553e-08,6.569381412191433e-07,4.9978938477579504e-05,1.1955983154621208e-06,5.276731826597825e-06,6.5172234826604836e-06,1.060495287674712e-05,2.579371312094736e-06,7.3159485509677324e-06,2.6745010472950526e-07,1.7630914044275414e-06,1.096501947017714e-07,2.9624548005813267e-06,6.743599101355358e-08,2.999414050464111e-08,1.736219843451181e-07,4,4
0.03214676305651665,0.0002952870854642242,0.054272353649139404,0.008176774717867374,0.005081783048808575,0.0035584489814937115,0.0002600703155621886,0.6187695264816284,0.003294258378446102,0.0008365585817955434,0.0011045774444937706,0.0010277886176481843,0.203073188662529,5.5304346460616216e-05,0.0015599234029650688,0.0014677048893645406,0.0012530769454315305,0.03649862855672836,0.0004762695461977273,0.007885369472205639,0.0009104060591198504,0.015645859763026237,0.002350072842091322,7,7
0.0004574786580633372,1.6145928611877025e-06,5.556704491027631e-05,8.515855824953178e-07,0.00239921105094254,0.0007833026465959847,4.194668508716859e-05,1.5407904356834479e-06,1.9964798411820084e-05,0.0048820860683918,0.9902421832084656,0.0009364959551021457,6.700262019876391e-05,3.583606940082973e-06,1.0126674169441685e-05,1.7137282384283026e-06,2.455383878441353e-07,9.917461284203455e-06,2.478534406691324e-05,3.1534657409793e-06,1.0067160474136472e-06,5.653631660607061e-07,5.5563759815413505e-05,10,10
0.062084831297397614,0.003991588018834591,0.1829129308462143,0.0026632787194103003,0.0017922046827152371,0.0006932279211468995,0.003871270688250661,0.0014097533421590924,0.0013954861788079143,0.0031122721266001463,0.0030357365030795336,0.0012443374143913388,0.48113295435905457,0.0035041188821196556,0.0005163040477782488,0.0006192813161760569,0.002047751797363162,0.028208905830979347,0.005532498005777597,0.14089621603488922,0.002995125949382782,0.0660954937338829,0.00024442299036309123,12,12
0.060770709067583084,0.0003374403459019959,0.3130216896533966,0.0008518150425516069,0.3250018358230591,0.06446950137615204,0.005066887009888887,0.0003348326135892421,0.0042555020190775394,0.021650327369570732,0.003359682857990265,0.004329944960772991,0.037743862718343735,0.006219400092959404,0.010616311803460121,0.016011085361242294,0.01748446188867092,0.06782983988523483,0.0025963003281503916,0.03573104739189148,0.0015511232195422053,0.0003487553622107953,0.0004176041984464973,4,4
0.018406465649604797,4.204675497021526e-05,0.0026257166173309088,5.905501893721521e-05,0.13278615474700928,0.13230112195014954,0.002060676459223032,0.00012879111454822123,0.4290522336959839,0.14194774627685547,0.0655565857887268,0.04402931034564972,0.017336426302790642,0.0061236219480633736,0.0007708517368882895,0.0002624780172482133,5.8464498579269275e-05,0.005060465540736914,0.00013292855874169618,0.0007587350555695593,0.00012186849198769778,8.215406705858186e-05,0.000296117301331833,8,8
0.0021537470165640116,0.006806423421949148,0.00486390944570303,0.0010913681471720338,0.0008841923554427922,0.004052405711263418,0.0025882702320814133,0.0004927078261971474,0.0005974067025817931,0.0005500658880919218,0.00029481961973942816,0.00010855400614673272,0.8285040855407715,0.0002741241769399494,0.0003744259593077004,3.8326059438986704e-05,0.005340528208762407,0.01292816549539566,0.04423742741346359,0.018394216895103455,0.007967956364154816,0.05573032423853874,0.0017264370108023286,18,12
6.841941740276525e-06,0.9992963075637817,5.259440740701393e-07,2.289295025548199e-06,2.725396939240454e-07,3.70984457731538e-06,1.2030975085508544e-05,2.664034809640725e-06,2.290196789545007e-06,4.2402521103213076e-06,1.2241922377143055e-05,6.111039283496211e-07,6.710655725328252e-06,1.0537768503127154e-05,3.4547579161881004e-06,7.24833384424528e-08,5.042915745434584e-06,7.501814707211452e-06,0.00010604017734294757,1.297154540225165e-05,5.7647597714094445e-05,0.0004377345903776586,8.1926064012805e-06,1,1
0.04099449887871742,0.0014127541799098253,0.0014876353088766336,0.0002807013806886971,0.011193234473466873,0.002205856377258897,0.02758735604584217,0.0004370675014797598,0.0011582262814044952,0.8318681120872498,0.0064511988312006,0.00013773671525996178,0.05614922195672989,0.00014344441296998411,9.428529301658273e-05,5.451882680063136e-05,0.00010883087088586763,8.331573917530477e-05,0.009941356256604195,0.0061204759404063225,0.0007997086504474282,9.775400394573808e-05,0.0011927647283300757,9,9
3.7782481285830727e-06,2.3866639367042808e-06,1.3743263480137102e-05,0.000146072605275549,0.0026039849035441875,2.8574911993928254e-05,2.296271122759208e-05,1.7319440530627617e-06,5.251942525319464e-07,0.00041361746843904257,8.431204150838312e-06,1.393494130752515e-06,0.005915230140089989,2.929931360995397e-05,3.900926913047442e-06,6.964162821532227e-06,3.1567030873702606e-06,9.42556289373897e-05,4.223092219035607e-06,0.9906859993934631,6.635215754613455e-07,2.410126626273268e-06,6.684862910333322e-06,19,19
0.00024525774642825127,0.0009566900553181767,0.0007669134065508842,0.00116250931750983,0.0005658657755702734,0.06929510086774826,0.00432400219142437,0.6477473378181458,0.03745921701192856,0.027188507840037346,0.0011843778192996979,0.003793104086071253,0.043154601007699966,0.02014874294400215,0.005810897797346115,8.777578477747738e-05,0.00039995534461922944,0.0007305927574634552,0.11027287691831589,0.0016652167541906238,0.006546259392052889,0.0021058334968984127,0.014388332143425941,7,7
3.472298340057023e-05,7.464749387509073e-07,4.186987553111976e-06,3.378516703378409e-05,0.0072079007513821125,5.331909051164985e-06,8.733386493986472e-07,3.041036279682885e-06,3.259004188294057e-06,2.1901058062212542e-05,2.2189671653904952e-05,0.001619962276890874,0.002897649770602584,9.872375812847167e-05,1.2637266991077922e-05,1.1043505764973816e-05,5.608713036053814e-05,0.18865859508514404,2.2089602680352982e-06,0.7992363572120667,3.0929419153835624e-05,8.409772931372572e-07,3.706005372805521e-05,19,19
0.006405250634998083,6.439183408701865e-08,7.526090485043824e-05,1.7168585486615484e-07,0.34613895416259766,0.4933425486087799,0.0006132256821729243,3.698069974689133e-07,1.1291833288851194e-05,0.11251145601272583,0.016444971784949303,0.014682700857520103,0.00010605860006762668,0.009193233214318752,0.00010651646152837202,6.770142590539763e-06,3.14421214397953e-07,0.00015598780009895563,0.0001350420352537185,6.107040917413542e-06,5.781640766144847e-07,3.0647757398583053e-07,6.276026397245005e-05,9,5
0.12214849144220352,3.469659077381948e-06,0.0009123941417783499,1.3145498769517872e-06,0.003922642674297094,0.027031270787119865,0.8273963332176208,4.9737864173948765e-05,7.472207653336227e-05,0.00025701065897010267,1.723106106510386e-05,3.142969035252463e-06,0.0001332547835772857,0.017857614904642105,1.6791436792118475e-05,3.022870805580169e-05,4.037823146063602e-06,0.00010867250966839492,4.740824351756601e-06,2.3549271190859145e-06,3.915560228051618e-06,4.169548901700182e-07,2.0248138753231615e-05,0,6
0.21035368740558624,0.0010563743999227881,0.3745589256286621,2.6412510123918764e-05,0.3048401176929474,0.00839907955378294,0.0008612858364358544,0.0001760968443704769,0.0009258104837499559,0.006867918651551008,0.002026292262598872,0.03492296114563942,0.011099226772785187,0.0027406869921833277,0.000875140365678817,0.0014839734649285674,0.00382717396132648,0.025370024144649506,0.000227543234359473,0.004529829602688551,0.0037052505649626255,0.00047755803097970784,0.0006486039492301643,2,2
0.0023824432864785194,1.2532598248071736e-06,0.0038523708935827017,2.349480382690672e-05,0.007971351034939289,0.011367670260369778,0.00013720385322812945,1.5066646483319346e-05,0.9253201484680176,0.008409470319747925,0.029175465926527977,0.0101117342710495,0.00048242061166092753,0.00015721455565653741,6.292299076449126e-05,2.6116729713976383e-05,3.0729318041267106e-06,0.0003387224569451064,7.234908116515726e-05,2.9141821869416162e-05,1.0138214747712482e-05,3.387623291928321e-05,1.6523377780686133e-05,8,8
0.42625924944877625,1.4971390100981807e-06,0.009625171311199665,1.123148831538856e-05,0.0066428654827177525,0.025190185755491257,0.000612179865129292,0.00020920811221003532,0.0011698029702529311,0.023123724386096,0.00018109960365109146,0.33862897753715515,0.021007440984249115,0.1301582157611847,1.7743455828167498e-05,0.006715640425682068,5.944053191342391e-05,0.00871350895613432,0.0002145604375982657,0.00048247698578052223,0.0005256340373307467,0.00044157603406347334,8.646331480122171e-06,5,0
0.024436505511403084,4.794002234120853e-05,0.039875876158475876,0.00022070937848184258,0.020448369905352592,0.01678386516869068,0.00019123814126942307,0.00010992308671120554,0.0002981645811814815,0.00129986391402781,0.0008423527469858527,0.001654632855206728,0.5738168358802795,0.00019681781122926623,3.442944944254123e-05,3.4130775020457804e-05,0.00017592600488569587,0.2794976234436035,0.0008529322221875191,0.038496144115924835,5.888176383450627e-05,0.0004985511186532676,0.00012832267384510487,12,12
0.005085382144898176,4.762578555528307e-06,2.4828586902003735e-06,2.7864833995749905e-08,0.6969259977340698,0.03236406296491623,3.597608520067297e-05,3.9570240915054455e-06,0.00012886652257293463,0.010664548724889755,0.00115243811160326,0.22327546775341034,4.7203338908730075e-05,0.02945125102996826,0.0004834889550693333,0.00027114705881103873,2.5074775749089895e-06,2.0449584553716704e-05,8.273639650724363e-06,1.137643903348362e-05,6.282228696363745e-06,1.2909284805573407e-06,5.279499964672141e-05,11,4
0.00328040705062449,2.473119842250071e-08,9.751728066476062e-05,5.823569608764956e-06,0.016503727063536644,0.004581427201628685,8.97652716957964e-05,1.2834801964345388e-05,0.007335909176617861,0.005067755002528429,0.001883813412860036,0.07003668695688248,0.0002209393569501117,0.8503071069717407,0.03998483344912529,0.0002990860666614026,7.124517509282668e-08,0.00011979729606537148,5.311821951181628e-05,9.997426968766376e-05,6.087141741772939e-07,1.5355152527263272e-07,1.8560682292445563e-05,13,13
0.6239084601402283,1.0939197636616882e-05,0.002706770319491625,1.901270252346876e-06,6.236704211914912e-05,0.008014306426048279,0.015270667150616646,0.013170485384762287,1.6384145737902145e-06,0.042447298765182495,5.101993792777648e-06,0.001447523245587945,1.884387711470481e-05,0.2916345000267029,9.212193617713638e-06,0.0009892043890431523,6.6492111727711745e-06,5.715016959584318e-05,0.00018045847536996007,4.21352669945918e-05,1.2741727005050052e-05,4.203921832868218e-07,1.2518877383627114e-06,0,0
2.4675432541698683e-06,6.504261307327397e-08,5.479414539877325e-06,1.2099637558549148e-07,3.921342340618139e-06,2.841124569386011e-06,1.8307493121483276e-07,6.722731882291555e-08,9.831851599528818e-08,1.1264284012213466e-06,9.723319180920953e-07,2.057714254988241e-06,0.0004066049586981535,7.34306127014861e-07,1.9293857178581675e-08,3.923517795101361e-07,9.005941137729678e-06,0.9981841444969177,1.943240022228565e-07,0.0013750283978879452,1.3068219004708226e-06,1.2931393200688035e-07,3.0626217721874127e-06,17,17
0.00022001155593898147,1.1766639884669416e-09,0.9997183680534363,5.3804728034068106e-11,9.939852134266403e-06,3.950176323996857e-05,1.3590099570137681e-06,6.082932912931938e-08,6.863623980279954e-08,3.0689002414874267e-06,1.4954491689422866e-07,4.864414222538471e-07,1.1211014907530625e-06,3.817709512077272e-06,6.851499279036943e-08,1.0524829718860929e-07,6.014137738930003e-07,1.0102734222527943e-06,2.7606802177615464e-07,1.5766941530159784e-08,8.69667626801629e-09,1.3285733402312871e-08,3.631971834394676e-09,2,2
0.9652944803237915,7.364411303001361e-10,8.679951406520559e-07,2.5810056314412577e-08,0.003440799890086055,5.837207936565392e-06,4.027302580311698e-08,4.2276812450836587e-07,3.2519831165700452e-06,0.0007759520667605102,0.0004885391099378467,0.029960503801703453,7.006703981460305e-07,7.576635198347503e-06,2.6320032020521467e-07,6.260316922634956e-07,1.3528449471778003e-08,1.953576793312095e-05,3.0633765391030465e-07,5.039253636596186e-08,6.053381440551675e-08,1.7456697420925593e-08,4.397394448574232e-08,0,0
0.9998760223388672,2.03493186745618e-08,3.9636452697777713e-07,3.338451293188882e-08,9.607687388779595e-06,2.0573852452798747e-05,6.680450610474509e-07,1.207525474455906e-05,1.542387167319248e-06,2.249590943392832e-05,1.2687299033586896e-07,9.417028650204884e-07,2.402227607944951e-07,2.057512574538123e-05,3.015763283542583e-08,2.055828008451499e-05,3.2527051274655605e-08,6.201041742315283e-06,8.489255520771621e-08,2.9160952763618297e-08,7.5554780778475106e-06,6.325559809283732e-08,9.881953388912734e-08,0,0
0.005905794911086559,5.448695219456567e-07,1.448729835828999e-05,3.216447657905519e-05,0.8052803874015808,0.05769743770360947,4.3799449485959485e-05,1.0471155292179901e-05,0.0005186787457205355,0.07169242948293686,0.022188223898410797,0.009919079020619392,0.0007286804611794651,0.0003354438813403249,0.013506005518138409,0.011707901954650879,3.889625077135861e-06,3.967239535995759e-05,0.00010475266026332974,4.2717732867458835e-05,3.1833842513151467e-06,8.288336175610311e-06,0.00021591890254057944,10,4
2.0747631424455903e-05,6.460423946919036e-07,2.1810440102854045e-06,9.675620731286472e-07,5.0737235142150894e-05,7.295321120182052e-05,7.063385965011548e-07,2.0551019019876549e-07,2.1175280835450394e-06,4.3753496470344544e-07,1.5492231852931582e-07,4.240334021687886e-07,0.9986540079116821,1.8664979961613426e-06,5.625705625789124e-07,6.258607072595623e-07,6.497664435300976e-05,0.00014997618563938886,1.0006586990130018e-06,5.672311090165749e-05,8.268684177892283e-05,0.000819212116766721,1.5954554328345694e-05,12,12
7.383601041510701e-05,2.3560310182801913e-06,0.0027003027498722076,3.187066613463685e-05,0.0002788109995890409,0.004119520541280508,0.048341054469347,3.671857848530635e-05,2.7414402211434208e-05,0.9309175610542297,0.00845932774245739,0.0023464395198971033,0.0001244501181645319,0.0018876750255003572,5.231788236415014e-05,0.0001399283646605909,1.8555563656263985e-05,6.0699558162014e-06,6.70558147248812e-05,5.1880455430364236e-05,7.493851171602728e-06,3.225840555387549e-05,0.00027709329151548445,9,9
0.17588528990745544,0.002845951821655035,0.054507460445165634,0.008873585611581802,0.04525657370686531,0.0006497101276181638,0.001818550517782569,0.007315829861909151,0.007296316791325808,0.02386518381536007,0.03855368122458458,0.0007110701990313828,0.3089696764945984,0.00038233445957303047,0.13802050054073334,0.011057156138122082,0.0037968032993376255,0.010454253293573856,0.007382668554782867,0.11318376660346985,0.0015968295047059655,0.034881871193647385,0.0026949839666485786,19,12
0.0017695230199024081,5.860849796590628e-06,0.0003469476359896362,0.00035297818249091506,0.0026354454457759857,0.0015331415925174952,1.359010366286384e-05,1.3190195204515476e-05,5.9790130762849e-05,0.0005457401275634766,0.0004045141686219722,0.0001929149148054421,0.08048021048307419,9.078279981622472e-05,9.87400344456546e-05,8.369766146643087e-05,5.129199053044431e-05,0.8824687004089355,0.000488867110107094,0.02807539701461792,2.583675268397201e-05,6.76007111906074e-05,0.00019539865024853498,12,17
0.001800212194211781,5.266685434435203e-07,0.9976750016212463,2.296410883673161e-08,6.876375118736178e-05,7.918939081719145e-05,8.023238478926942e-06,3.371799039086909e-06,3.7311150663299486e-05,4.7491732402704656e-05,2.2294352675089613e-06,7.953611202538013e-05,6.747664156137034e-05,5.097948087495752e-05,2.7024975679523777e-07,1.795578327801195e-06,5.8085429373022635e-06,4.610767064150423e-05,2.500242089809035e-06,1.0943378583760932e-05,7.256110620801337e-06,4.651844847103348e-06,4.724120685750677e-07,2,2
0.00010133408795809373,2.798450987029355e-05,0.0006747348816134036,0.00029706984059885144,0.11034256219863892,0.0012998898746445775,6.704577117488952e-06,2.2498134057968855e-05,0.000139215771923773,0.00036420085234567523,9.832668001763523e-05,0.0018369326135143638,0.0065428707748651505,0.00017005779955070466,0.0006777867092750967,0.0028474880382418633,0.2840474247932434,0.014650515280663967,0.0004996832576580346,0.0032962511759251356,0.00582320848479867,0.00015753174375277013,0.5660758018493652,22,22
0.00023100875841919333,3.9305091377173085e-06,4.691670255851932e-05,0.0010844229254871607,0.00834747962653637,0.0002876549551729113,3.198818740202114e-05,0.0004325268091633916,0.00010052919969893992,0.00013936971663497388,0.0005019576638005674,9.063790639629588e-05,0.00699259527027607,1.2378416613501031e-05,9.330909233540297e-05,0.00019487313693389297,0.02178075909614563,0.0030684364028275013,0.0004669897607527673,0.00039325549732893705,0.00019099390192423016,0.00018903608724940568,0.9553189277648926,22,22
0.00011499435640871525,4.081354290974559e-06,5.4269676184048876e-05,0.00014436115452554077,0.01109488494694233,0.03726060688495636,5.0120790547225624e-05,7.187547907960834e-07,3.020455733349081e-05,0.00041562196565791965,0.00017552898498252034,1.0691603165469132e-05,0.9252640604972839,3.45689186360687e-05,1.3216766092227772e-05,4.354866177891381e-06,2.3599934138474055e-05,0.013476725667715073,0.0004231295606587082,0.011035958305001259,7.268622539413627e-06,5.622702155960724e-05,0.000304792367387563,12,12
0.023208580911159515,3.818507320829667e-05,0.0010116888443008065,4.8622048780089244e-05,0.04001816734671593,0.0010102821979671717,1.8199651094619185e-05,0.0006127413944341242,0.05463871732354164,8.02416107035242e-05,0.01141060795634985,0.0039204140193760395,0.18000857532024384,4.0026807255344465e-05,0.0010362355969846249,0.001355172717012465,0.015714453533291817,0.36795109510421753,0.0001467858237447217,0.002337635261937976,0.28603893518447876,0.00020172700169496238,0.009152925573289394,12,17
3.468914201221196e-06,3.01590489470982e-07,1.6374970073229633e-05,1.548532054584939e-05,0.04371137171983719,3.758196953640436e-07,2.3392471959482464e-08,2.905566702793294e-07,3.5880245832231594e-06,4.1586991983422195e-07,1.383157609780028e-06,1.4762384807909257e-06,0.00035674331593327224,6.474095243902411e-06,3.462655877228826e-05,3.798644684138708e-05,0.0007169407326728106,0.016678785905241966,7.339186254284868e-07,0.9383392333984375,3.655368709587492e-05,3.351098257553531e-06,3.399061461095698e-05,19,19
0.8282367587089539,9.315418196820247e-07,0.001867576502263546,0.00012142612104071304,0.09596743434667587,0.024490034207701683,0.0003660871007014066,3.136229497613385e-05,0.010027104057371616,0.008030807599425316,6.567280797753483e-05,0.0017177172703668475,0.0002482759300619364,0.02249450981616974,0.001154628349468112,0.004874550737440586,3.828045737463981e-05,0.00014005856064613909,1.982049252546858e-05,1.6696338207111694e-05,3.6234399885870516e-05,1.815489486034494e-05,3.5985111026093364e-05,0,0
0.000623726227786392,0.0005866240244358778,0.011501632630825043,0.000577653176151216,0.0020920592360198498,0.00016061094356700778,0.00014110705524217337,0.00036554690450429916,0.0002795177570078522,0.0009547589579597116,0.0014202198944985867,0.05490846186876297,0.12648864090442657,0.0003470276715233922,0.00018354051280766726,0.0011358980555087328,0.01636340282857418,0.6616034507751465,0.002368397079408169,0.10927953571081161,0.0007089623250067234,0.007569530513137579,0.0003396720567252487,12,17
1.3179376765037887e-05,1.0258916383065753e-08,3.4109347325284034e-05,5.41330264240969e-05,0.008610752411186695,5.825445896334713e-06,7.74971411487968e-08,3.2960572298179613e-06,6.97166397003457e-05,3.4137378861487377e-06,1.2219494237797335e-05,6.536411819979548e-05,0.5032413005828857,5.728308678953908e-06,0.00012599912588484585,2.4810415197862312e-05,0.001017996110022068,0.4334205985069275,8.825573445392365e-07,0.052911605685949326,0.0003092863771598786,4.439942586031975e-06,6.511904211947694e-05,12,12
0.05536060780286789,3.382733027024187e-08,0.00020097423112019897,1.176137232050678e-07,0.1514795422554016,0.000553271675016731,1.6578705981373787e-06,1.723611717352469e-06,0.0026874353643506765,0.0005921840784139931,1.502740997239016e-05,0.6878604292869568,0.00010001067130360752,0.005623457953333855,0.018569255247712135,0.07675931602716446,1.361559498036513e-06,0.00016088444681372494,4.585322130878922e-06,2.2987322154222056e-05,3.2110383472172543e-06,2.3322279218973563e-07,1.6543501715204911e-06,11,11
4.255169105960022e-09,5.647193650204496e-12,1.0124533211808284e-08,3.308901375120854e-09,5.3554131795863213e-08,2.3262797910206245e-08,4.468849468253211e-08,3.2507387004443444e-08,0.999933123588562,3.6408214327821042e-06,1.343464930414484e-07,6.215064058778808e-05,1.970627394598523e-08,2.6695678911892173e-07,1.6362187693630403e-07,2.3615517363850813e-07,3.0704108699985966e-10,2.1627014845648773e-08,7.780121435985166e-09,7.43597405872265e-09,1.0700499331051105e-07,2.468961701751482e-10,1.2330484189249091e-08,8,8
0.15845796465873718,0.0012462931917980313,0.004092416726052761,2.6374653316452168e-05,0.5480707883834839,0.0012488155625760555,0.0025214715860784054,0.0014811817090958357,0.0023851420264691114,0.05644429475069046,0.026944007724523544,0.02928864024579525,0.08237776160240173,0.00013067232794128358,0.022931577637791634,0.030421078205108643,0.0022622724063694477,0.005569177679717541,0.0011579962447285652,0.016886042430996895,0.0021012595389038324,0.0007010285626165569,0.0032537044025957584,9,4
6.476304861280369e-06,1.5861462143718086e-09,2.2365398422152794e-08,2.0654118693119727e-10,9.913447485132565e-08,0.0002921138075180352,0.00022131731384433806,1.3190434344778623e-07,5.020988069759369e-08,0.9992378950119019,0.00021899709827266634,8.753437214181758e-06,1.6541150671400828e-07,1.4703399529025774e-06,8.098944590528845e-07,4.39395535067888e-06,3.810034232554216e-10,7.693676806752592e-10,5.9213125496171415e-06,7.179059124950982e-09,1.758420324904364e-07,6.361467463911197e-10,1.1469446690171026e-06,9,9
8.386360605072696e-06,5.369499511687081e-09,2.4000235043786233e-06,6.895126247741246e-09,9.997546612794395e-07,2.033688360825181e-06,1.691109901003074e-07,8.976698495644087e-08,1.071294075671858e-08,9.402737305208575e-06,0.999752938747406,4.945004405954023e-08,9.934353784046834e-07,6.786787243306946e-10,8.1189617048949e-05,0.00014075922081246972,3.319475538887673e-08,1.1731069093912083e-07,2.7557277348932985e-07,5.140029912809041e-08,3.03464560147404e-08,3.529595815621178e-08,8.650146554600724e-08,10,10
0.006728124339133501,2.237308338592925e-09,1.1465084753581323e-05,2.61143009083753e-06,0.8825821280479431,0.07726934552192688,0.001598465139977634,8.850591939335573e-07,5.679794981006125e-07,0.026245977729558945,2.9363885914790444e-05,1.142399287346052e-05,0.00032079691300168633,0.003985715564340353,7.197587547125295e-05,0.001125948503613472,2.682505169104843e-07,2.0098786990274675e-06,1.4307512685718393e-07,1.2366377632133663e-05,1.915549141529027e-08,2.0560185021167854e-07,2.5773741185730614e-07,9,4
2.64530683580233e-07,1.8891763708950293e-09,5.721439720218768e-06,2.2740969143342227e-05,0.0002722912759054452,6.298132007032109e-07,3.363188127991634e-08,4.093967618246097e-07,3.281675844846177e-06,2.5734743758221157e-06,4.00409817302716e-06,0.00018815521616488695,4.502205774770118e-05,1.6997928469209e-05,4.854947519561392e-07,9.651173513702815e-07,4.77945741295116e-06,0.992232084274292,5.94531456954428e-07,0.007191373035311699,1.3037407597948913e-06,6.362628823808336e-08,6.066274181648623e-06,17,17
0.24459663033485413,5.285189104142773e-07,0.06244020164012909,1.9132735360471997e-06,0.26009148359298706,0.08321750909090042,0.00036574737168848515,0.00012368436728138477,0.12063059210777283,0.014948597177863121,0.0011791936121881008,0.1918676197528839,0.0009681437513791025,0.007472176104784012,0.009060293436050415,0.0017432031454518437,7.683150215598289e-06,0.001100632012821734,7.3281153163407e-05,4.588914816849865e-05,1.5409049183290335e-06,3.172403637563548e-07,6.31965885986574e-05,0,4
0.003951266407966614,0.30135786533355713,0.004530695732682943,0.004501282703131437,0.0074430243112146854,0.00044053923920728266,0.175711527466774,0.0005392860621213913,0.0012630921555683017,0.017289824783802032,0.007211863528937101,0.0010287764016538858,0.05100323632359505,0.004950043745338917,0.0008428478613495827,0.0018962343456223607,0.057859547436237335,0.21149183809757233,0.005009182263165712,0.08484382927417755,0.023722559213638306,0.00889185257256031,0.024219872429966927,1,1
0.7866913080215454,3.0182001864886843e-05,0.0037412564270198345,0.0001385661744279787,0.025065666064620018,0.01893836073577404,0.001649264246225357,0.0002835351333487779,0.0002413529873592779,0.020212912932038307,0.12326160073280334,0.0035233711823821068,0.009269719012081623,0.00040916024590842426,0.0017894066404551268,0.00020766083616763353,1.2051409612467978e-05,0.002234074519947171,0.00044085990521125495,0.0007866136147640646,7.035873568383977e-05,1.809089553717058e-05,0.000984499929472804,0,0
0.006202594377100468,5.531493911803409e-07,0.000952994276303798,0.0034568726550787687,0.6332734227180481,0.14012053608894348,0.0002624875050969422,0.00010967933485517278,0.00019539854838512838,0.07118432968854904,0.0032829532865434885,0.0730213075876236,0.005332971457391977,0.048358529806137085,4.6414672397077084e-05,9.749743185238913e-05,1.1236808859393932e-05,0.009149005636572838,3.215397009626031e-05,0.004867376759648323,1.7594649079910596e-06,1.2089576557627879e-05,2.7775824491982348e-05,4,4
0.21720680594444275,3.449768337304704e-05,0.059503279626369476,0.0005997112020850182,0.3663598895072937,0.0012363914866000414,0.0007747418130747974,0.0005314824520610273,0.00048364553367719054,0.00392858637496829,0.0018354874337092042,0.006372281350195408,0.09580977261066437,0.00547557370737195,8.760019227338489e-06,0.0007940966752357781,0.007387673016637564,0.2078051120042801,0.00012979433813598007,0.0019110316643491387,0.008669259026646614,0.012922563590109348,0.00021963150356896222,12,4
0.5375217199325562,9.394421067554504e-05,0.006887613795697689,4.2166662751697004e-05,0.39591535925865173,0.008639411069452763,0.0021021717693656683,0.0002371090231463313,0.0010268099140375853,0.0022138666827231646,5.751442222390324e-05,0.002147094113752246,0.0006325793219730258,0.03693191334605217,0.00011943136632908136,0.0033124324399977922,0.0005235501448623836,0.000706315680872649,1.2601462003658526e-05,0.00045339445932768285,0.00025412830291315913,0.00012722790415864438,4.1685863834572956e-05,0,0
6.0771086282329634e-05,1.4301833743957104e-06,0.00205419072881341,0.0014852506574243307,0.04674629867076874,0.00023139439872466028,1.5034097486932296e-05,0.00010633341298671439,0.0008372524753212929,0.000715973787009716,0.00016826162755023688,0.06433171033859253,0.030773833394050598,0.00034091671113856137,0.0004816826549358666,0.0009994307765737176,0.0027900845743715763,0.7728672623634338,4.577977233566344e-05,0.07273564487695694,9.887384658213705e-05,1.0894159458985087e-05,0.0021017405670136213,12,17
0.00033391191391274333,0.9940853118896484,2.9556320441770367e-05,3.822062353719957e-06,9.676252375356853e-06,4.788601290783845e-05,0.002334148623049259,1.048655235535989e-06,1.1001824532286264e-05,0.0006223404780030251,3.447023345870548e-06,1.1716771268766024e-06,0.00010810624371515587,0.0002659107558429241,3.5876422543879016e-07,3.8254592027442413e-07,1.3575532648246735e-05,1.7308284441241995e-05,0.0006179047632031143,5.819776561111212e-05,7.910405838629231e-05,0.0013512235600501299,4.6270779421320185e-06,1,1
1.0204070349573158e-05,1.912448851726367e-06,4.520702077570604e-06,3.3034762054739986e-06,0.00018753317999653518,0.00010805120109580457,2.2100073238107143e-06,2.8082693006581394e-06,9.533547427054145e-07,0.00010627046867739409,6.275132182054222e-05,0.0002667331718839705,0.0007658090908080339,1.4051031939743552e-05,3.0540916213794844e-06,2.7058938485424733e-06,0.0001025103047140874,0.9911961555480957,1.5237523257383145e-05,0.007090297993272543,2.237087392131798e-05,1.5587129382765852e-06,2.8877018849016167e-05,17,17
3.564071221262566e-06,4.2862138798227534e-05,2.881170075852424e-05,8.259926431719578e-08,4.783374606631696e-06,1.0707127330533694e-05,0.9998570680618286,2.3025422706268728e-06,5.947714498688583e-07,1.0521172043809202e-05,8.746051776142849e-07,3.4706545193330385e-07,3.5092673442704836e-06,8.169669854396489e-06,2.7892758680536645e-07,7.92510661540291e-08,6.118014539424621e-07,5.215080136622419e-07,1.634417117202247e-06,9.116667456510186e-07,7.557146659564751e-07,2.4237070306298847e-07,2.0685700292233378e-05,6,6
0.0033257848117500544,1.995087404793594e-05,0.0024409659672528505,0.0004600540269166231,0.043323248624801636,0.004427890758961439,0.00017617427511140704,2.6151003112317994e-05,0.00019148555293213576,0.0014376408653333783,7.956480112625286e-05,0.0005729277618229389,0.3661644756793976,0.0009538534213788807,9.277022763853893e-05,8.248251833720133e-05,0.001503651961684227,0.4525902271270752,0.00022011138207744807,0.1214151605963707,0.0002467470767442137,0.0001313618413405493,0.00011725052900146693,17,17
0.0004306022310629487,0.00030646720551885664,6.865528121124953e-05,0.0013101728400215507,0.007847116328775883,0.00031205217237584293,6.399705307558179e-05,9.569380381435622e-06,5.738483196182642e-06,0.000557592895347625,0.0002553542726673186,8.512823114870116e-06,0.026379039511084557,0.00031327622127719223,5.293407593853772e-05,1.1806222573795822e-05,0.0001397240412188694,0.015004769898951054,0.00012813670036848634,0.9460480213165283,4.30160180258099e-05,0.0005970232305116951,0.00010630942415446043,19,19
0.0020181091967970133,1.0766228086822593e-07,0.9976388216018677,4.30531654771471e-09,6.78770593367517e-05,7.82446441007778e-05,8.66958998813061e-06,8.7151124716911e-07,3.215025117242476e-06,4.462056313059293e-05,2.934900294349063e-06,2.2686259399051778e-05,1.7537806343170814e-05,6.976613076403737e-05,2.000693257286912e-06,7.391363965325581e-07,1.7041107639670372e-05,1.442464395040588e-06,3.875930815411266e-06,4.65891929479767e-07,5.104267302158405e-07,3.5093796668661525e-07,7.75549580112056e-08,2,2
4.412631824379787e-07,2.634021257108543e-05,7.061143492137489e-07,7.825680768291932e-06,8.359274517033555e-08,2.97595704523701e-07,1.7503713024780154e-05,7.894294071775221e-07,1.8296217874080867e-08,1.8103275579051115e-05,1.9646374767035013e-06,1.9531623252078134e-07,0.010341743007302284,6.517412316497939e-07,9.87407020147657e-07,2.670170715646236e-07,1.992271108974819e-06,0.0001781894825398922,3.6789191653952e-05,0.9893556237220764,6.485796575361746e-07,3.7192778563621687e-06,5.101026090414962e-06,19,19
0.024512751027941704,0.0024229572154581547,0.008808459155261517,0.00023201134172268212,0.027068039402365685,0.0105032529681921,0.00781091395765543,0.36503487825393677,0.024172253906726837,0.022418566048145294,0.12750865519046783,0.03952908515930176,0.05387446656823158,5.17548069183249e-05,0.005336357746273279,0.005641208030283451,0.0014177795965224504,0.08824646472930908,0.007983853109180927,0.004094583913683891,0.00941381137818098,0.004659472499042749,0.15925844013690948,19,7
2.141159001212145e-07,1.280798471725575e-07,2.1367661702242913e-06,3.1366014354716754e-06,1.0369651135988533e-05,1.4649926924903411e-06,9.816707233767374e-07,8.581777422023151e-08,7.901802945298186e-08,4.75255092169391e-06,3.442536069542257e-07,1.476374336562003e-06,0.9985650181770325,1.442009818219958e-07,8.431588298662973e-07,2.0956362334345613e-07,3.4205168049084023e-06,0.00013401325850281864,1.0516844213270815e-06,0.00126325199380517,1.2385372656353866e-06,4.265444204065716e-06,1.5654773051210213e-06,12,12
4.8163918108912185e-05,3.0077255814831005e-06,0.00010900971392402425,1.5708577848272398e-05,0.0003004672471433878,4.3742096750065684e-05,4.633946275589551e-07,2.0682205104094464e-06,3.4455897548468783e-06,5.293503818393219e-06,2.1084395029902225e-06,1.4035373169463128e-05,0.0008844304247759283,5.310518190526636e-06,6.753379238944035e-06,1.803530722099822e-05,0.9691948294639587,0.024853087961673737,0.002236297121271491,0.0018466130131855607,0.0002811822632793337,9.817739919526502e-05,2.794010470097419e-05,16,16
0.0017342658247798681,7.867891690693796e-05,0.9875176548957825,4.3553409341257066e-06,0.003807938424870372,0.0007799188606441021,0.00011460813402663916,1.779686499503441e-05,3.7659276586055057e-06,0.00012034895189572126,6.70052322675474e-05,0.00032750354148447514,0.0017094232607632875,0.00013813810073770583,3.216436743969098e-05,7.346225902438164e-05,9.410457278136164e-05,0.0013843707274645567,1.944598443515133e-05,0.0016904482617974281,1.4924050447007176e-05,0.0002624071785248816,7.181455202953657e-06,2,2
2.3912607503007166e-05,2.748641092509274e-09,1.6929940329646342e-06,1.3407551978372734e-11,0.9974160194396973,0.0024295062758028507,1.4413391369316741e-08,4.5705541573681785e-09,9.912407676893054e-07,6.185602615005337e-06,1.5132500266190618e-06,0.00011572135554160923,4.848816388403066e-07,2.6029906621261034e-06,5.394944082581787e-07,4.3947423478130077e-07,2.7103936872663326e-08,1.1288256729358181e-07,5.476991749020499e-09,3.6950432047433424e-08,2.5016319682436006e-08,3.0228826108924522e-09,1.451857798429046e-07,11,4
3.264324504925753e-06,3.000950599130192e-08,0.9995375871658325,1.4258961300583906e-07,7.953833119245246e-06,7.212730110950361e-07,1.4987878671490762e-07,5.326147856976604e-06,2.5262144845328294e-05,8.201420769182732e-07,6.252640105230967e-06,5.9828718804055825e-05,2.815501284203492e-05,4.592133393543918e-07,3.0662945391668472e-06,9.380490155308507e-06,9.260212209483143e-06,0.00025122452643699944,8.808949587546522e-07,2.9449274734361097e-05,1.6585689081694e-05,3.930912043870194e-06,5.174539978725079e-07,2,2
0.0020167045295238495,4.3108102545375004e-06,0.026740100234746933,0.0018947009230032563,0.5660455822944641,0.00021776679204776883,3.906468191416934e-05,0.00028414593543857336,0.0002152294182451442,0.0001136282880906947,0.0007643618737347424,0.00013007970119360834,0.10271140187978745,0.00010139238293049857,0.0011451583122834563,0.00048775679897516966,0.0012678661150857806,0.007100902032107115,3.5446759284241125e-05,0.28791898488998413,0.0001442291832063347,0.00016585881530772895,0.00045528236660175025,19,4
0.594062089920044,1.2017726476187818e-05,0.009256584569811821,1.1741923117369879e-05,0.0968988910317421,0.01107938401401043,0.00011817782069556415,0.00018695584731176496,0.07521481812000275,0.009613499976694584,0.0022186243440955877,0.036342035979032516,0.0018610360566526651,0.006148090586066246,0.12333498895168304,0.03220190480351448,0.0001498865312896669,0.0007445862283930182,0.0001291937514906749,9.093939297599718e-05,0.0002477671077940613,2.3438080461346544e-05,5.336942558642477e-05,0,0
0.0002285453665535897,0.00012172195420134813,0.00024443669826723635,0.05183104798197746,0.010924299247562885,0.013887191191315651,0.0005135429673828185,0.0001089058569050394,0.00039511872455477715,0.010500647127628326,0.0009386884048581123,0.006556633394211531,0.7029097676277161,0.0010253536747768521,0.01842634566128254,0.0002274989674333483,0.006623685359954834,0.006220691837370396,0.08333737403154373,0.05691751837730408,6.110125104896724e-05,0.0021981834433972836,0.025801725685596466,5,12
0.000962129095569253,0.00018875418754760176,0.31233692169189453,0.001676574582234025,0.00039636294241063297,0.0006460747681558132,0.0010339212603867054,0.003102426417171955,0.0006526178913190961,0.0038553655613213778,0.00988517515361309,0.016704723238945007,0.12939365208148956,0.00017026421846821904,0.0008239200687967241,0.001079730223864317,0.003923605661839247,0.17598466575145721,0.1573324203491211,0.163450688123703,0.0013212249614298344,0.0006591794663108885,0.01441956963390112,22,2
0.014006993733346462,0.02478274703025818,0.008790990337729454,0.02043886110186577,0.03883322328329086,0.00025407373323105276,0.0003301042888779193,0.005679910536855459,0.00024313278845511377,0.011254559271037579,0.0815713182091713,0.002376396441832185,0.019295213744044304,5.261298065306619e-05,8.150738722179085e-05,4.239822010276839e-05,0.011310817673802376,0.04416201263666153,0.0005408479482866824,0.0077168322168290615,0.002596686827018857,0.6773859858512878,0.02825278788805008,21,21
0.0006159874610602856,5.495319754800221e-08,7.869164983276278e-05,6.502970109067974e-07,3.450547228567302e-05,0.019094983115792274,0.008419309742748737,2.3824675281503005e-06,9.2726455477532e-05,0.28482896089553833,0.11914705485105515,0.24099375307559967,9.80991535470821e-05,0.3260093927383423,2.433589770589606e-06,0.0005031898617744446,2.6432642741269774e-08,3.624760574894026e-05,2.6806492314790376e-05,3.180768771926523e-06,5.220319465593093e-08,3.427599040151108e-07,1.116116709454218e-05,9,13
0.9975661039352417,1.502856505908312e-09,8.808224833956046e-07,7.826042924818921e-09,0.001967314165085554,6.407120963558555e-06,7.333655105412618e-08,9.312397253324889e-08,4.038840415887535e-06,0.00022645926219411194,3.7549049011431634e-05,0.00017537089297547936,4.2134149680350674e-07,1.2948284165759105e-05,1.3505886045095394e-06,3.320908206205786e-07,4.508954543069876e-09,1.8008567792549002e-07,3.0571266051993007e-07,8.9389855517652e-09,2.72498485998085e-08,8.726136258019324e-09,5.975243055900137e-08,0,0
0.0042758784256875515,1.454418807611546e-08,0.0008029399905353785,2.1169119008845882e-06,0.0004559388034977019,0.0002762814692687243,1.0302428563591093e-05,3.2368741813115776e-05,0.07581590116024017,0.002343596890568733,0.0010773797985166311,0.004176441114395857,1.8234648450743407e-05,0.0032321210019290447,0.13120275735855103,0.7762141227722168,9.92071591099375e-07,1.5891215298324823e-05,3.535154974088073e-05,1.7481078202763456e-06,5.689460067515029e-06,5.982919901725836e-07,3.2829361771291588e-06,15,15
0.0009421760914847255,5.4942262067925185e-05,0.0023531995248049498,0.0008240105235017836,0.06668994575738907,0.020733896642923355,0.0005609230138361454,8.696415898157284e-05,0.0002876260259654373,0.0023401756770908833,0.0006027593044564128,0.00013133400352671742,0.13276107609272003,0.003998543601483107,1.3183891496737488e-05,2.10626567422878e-05,0.0007574725314043462,0.5968393087387085,6.821229180786759e-05,0.169389009475708,0.0002456525689922273,0.00010688177280826494,0.00019166877609677613,17,17
0.0002161743032047525,0.00021778045629616827,0.00253086956217885,3.357530295033939e-05,0.00010490477870916948,0.0011783951194956899,4.011277997051366e-05,4.314331363275414e-06,1.584706114954315e-05,6.45878171781078e-05,0.0001576003123773262,1.6013185813790187e-05,0.03886852040886879,4.7277928388211876e-05,1.7074914921977324e-06,1.375865508634888e-06,0.0003255187766626477,0.9511439204216003,6.800734263379127e-05,0.003504905616864562,6.92206813255325e-05,0.0005089382757432759,0.0008805388351902366,17,17
0.006791184190660715,1.711038567009382e-05,0.018848158419132233,0.00010222053242614493,0.6972231864929199,0.14214274287223816,0.00018286217527929693,7.026734238024801e-05,0.0044210683554410934,0.0025876278523355722,0.002860190812498331,0.006380192935466766,0.06132204458117485,0.00031948977266438305,0.00040589080890640616,0.0005082778516225517,0.0008955156663432717,0.042351312935352325,2.8710686819977127e-05,0.011315414682030678,0.0004549781733658165,9.930123633239418e-05,0.0006723128608427942,4,4
0.7496686577796936,1.2945650951223797e-06,0.00021305843256413937,9.859122656052932e-07,0.012032976374030113,0.0005396970082074404,2.6677844289224595e-05,3.81670834030956e-05,0.0032025722321122885,0.0016464422224089503,0.0001552885805722326,0.042661670595407486,5.806308035971597e-05,0.047316621989011765,0.13125284016132355,0.01105270441621542,1.2631614936253754e-06,9.420838614460081e-05,2.0393919839989394e-05,6.505420969915576e-06,1.1310570471323445e-06,2.219209278564449e-07,8.648144103062805e-06,0,0
0.007918464951217175,3.551587326455774e-07,2.549016789998859e-05,1.0017272870754823e-05,0.04150530695915222,0.7309693694114685,0.00015982441254891455,3.600288982852362e-05,0.00042372141615487635,0.022926796227693558,0.1853376030921936,0.0034081002231687307,0.0002518022956792265,0.006573810242116451,4.2345702240709215e-05,1.8839489712263457e-05,8.217285198952595e-07,5.124104063725099e-05,1.5315696145989932e-05,5.206273272051476e-06,1.5594790966133587e-05,0.00010581717651803046,0.00019823244656436145,10,5
0.24319422245025635,3.985360308433883e-07,6.39056961517781e-05,2.735642965490115e-06,0.004533676430583,0.0038637148682028055,1.2042386515531689e-05,4.499784699873999e-05,0.01397885661572218,0.002955836243927479,6.61597732687369e-05,0.045057691633701324,2.0939398382324725e-05,0.44830289483070374,0.03579001501202583,0.20177358388900757,6.4965165620378684e-06,4.666397944674827e-05,0.0002275055885547772,8.721210178919137e-06,4.0355280361836776e-05,5.605778596873279e-07,7.987590834090952e-06,13,13
5.921760475757765e-06,5.248696984851142e-13,7.355112963125521e-09,9.858338451129711e-11,0.9999932050704956,4.88065609260957e-07,1.1368558004709595e-11,2.147520009043724e-11,2.054263426032321e-09,6.64519959059362e-08,3.847661744771358e-09,2.120031794561328e-08,8.081078028965294e-09,9.834239733663708e-08,1.0921740312141992e-07,1.337554067504243e-08,2.9742122098497248e-09,1.5143209353141174e-08,1.4727821739946023e-10,8.509879911855478e-09,1.032339422279982e-10,1.1587100202936629e-11,9.638942977119314e-10,4,4
0.00022413562692236155,5.5168118962001245e-09,7.027668971204548e-07,2.598488713090319e-08,1.3624773600895423e-05,5.040755422669463e-05,0.0006147125968709588,3.417332266053563e-07,9.747540161697543e-07,0.998988687992096,1.470220013288781e-06,7.483805529773235e-05,2.0233442228345666e-06,1.9230195903219283e-05,3.688556375891494e-07,2.5262108920287574e-06,5.3282352752148654e-08,8.22111161369321e-08,4.128276032133726e-06,3.9768559645381174e-07,1.0368368066338007e-06,2.317768865722769e-09,1.1837622082566668e-07,9,9
0.05498414859175682,3.709476368385367e-05,0.003236563177779317,0.0002493766078259796,0.07750000804662704,0.6037957668304443,0.001370748272165656,0.0009582479833625257,0.04412050545215607,0.008898690342903137,0.0020998625550419092,0.013067878782749176,0.03742341697216034,0.016865743324160576,0.005771621596068144,0.0038280237931758165,0.0015378351090475917,0.0551719143986702,0.0034879506565630436,0.0005212306859903038,0.06321336328983307,0.000646853179205209,0.0012130533577874303,0,5
0.000137329610879533,2.049589511443628e-06,0.0018379054963588715,0.001871325890533626,0.026198895648121834,0.002177851041778922,2.0575282178469934e-05,6.466808372351807e-06,1.4897870642016642e-05,0.0005026991129852831,8.31292345537804e-05,0.0003982827765867114,0.017284637317061424,0.0004674675583373755,1.4112029930402059e-05,9.353052155347541e-05,0.0005667594377882779,0.876985490322113,0.000108227992313914,0.07112893462181091,1.030824932968244e-05,4.156598515692167e-05,4.7608169552404433e-05,17,17
1.4706471063163917e-07,8.432677134351252e-08,3.6559783893608255e-06,4.1692280206007126e-07,1.706895886854909e-06,7.514228741456463e-07,1.8444312743781666e-08,4.492097502861725e-07,1.4623311983541498e-07,1.374446014779096e-07,9.214561202952609e-08,2.3079888933352777e-07,8.50890842230001e-07,2.9973972459629294e-07,3.697236479638377e-06,2.175713234464638e-05,0.9998704195022583,1.3672635759576224e-05,3.8059602957218885e-05,1.4633462797064567e-06,2.136985131073743e-05,5.476323963193863e-07,2.0031342501170002e-05,16,16
2.309412775503006e-05,1.9670454776132829e-07,1.4160708815325052e-05,3.987691243878544e-08,9.430656064068899e-06,0.00015583653294015676,0.9953224062919617,4.6014827148610493e-07,4.0680271240489674e-07,0.0025587480049580336,0.001872386084869504,1.5455317452506279e-06,5.1227639232820366e-06,3.1471634429180995e-05,1.030791850098467e-06,7.730898232694017e-07,1.4710195728184772e-07,7.809411783910036e-08,2.9894513886574714e-07,1.7958214471036626e-07,1.0107884662602373e-07,1.1489048290513892e-07,2.0496811430348316e-06,9,6
0.6648421287536621,4.245973832439631e-05,0.0010414945427328348,2.8543522034851776e-07,0.07527302950620651,0.004276803229004145,0.016921238973736763,2.050371767836623e-05,1.1876150892931037e-05,0.0006429720669984818,6.655668130406411e-06,0.0005366853438317776,2.8809976356569678e-05,0.23541955649852753,3.5679302527569234e-05,0.0006878150161355734,8.794816676527262e-05,8.669024828122929e-05,1.0983659421981429e-06,2.3608323317603208e-05,9.356299415230751e-06,2.1781584109703545e-06,1.1216005759706604e-06,0,0
3.092689553341188e-07,2.5322733493426952e-11,0.9999619722366333,7.939691926139858e-08,1.3265014331409475e-06,8.015326180554894e-09,4.39245484429307e-09,4.927617851535615e-07,1.8352163806412136e-06,7.960785097793632e-08,5.0776044702161016e-08,5.77802872214761e-08,2.544477865740191e-06,1.0128803573650202e-08,3.77503095450038e-09,1.2762851220315952e-08,1.97467852558475e-06,2.5616591301513836e-05,4.615361604010104e-08,1.3695271263713948e-06,2.2318899937090464e-06,8.667795015071533e-08,1.3932646147907235e-08,2,2
0.021375346928834915,1.6129420998822752e-07,1.1589472705964e-06,9.294169878160119e-09,0.6560354828834534,0.3203316926956177,1.3691584399566636e-06,1.5326338598242728e-07,4.137466930842493e-06,0.00037245600833557546,4.5511420466937125e-05,3.5391331039136276e-05,2.625699926284142e-05,0.0016265022568404675,0.00012432350195012987,1.0160114470636472e-05,4.060386160631424e-08,3.0637570489489008e-06,5.446109980766778e-07,1.694265051810362e-06,3.9669311036050203e-07,5.750403886395361e-08,4.149950200371677e-06,4,4
0.02958725206553936,3.535320658443197e-08,0.41603225469589233,1.899680057704245e-08,0.5438960790634155,0.00040517159504815936,6.103184659878025e-07,3.2288526199408807e-06,0.00025169868604280055,0.0003006876213476062,0.00022189230367075652,0.0002993748348671943,0.00025435566203668714,9.468808457313571e-06,0.003268912900239229,0.004942510277032852,0.00038777393638156354,9.680324728833511e-05,1.5934158000163734e-05,3.779338385356823e-06,9.366654012410436e-06,1.1224035006307531e-05,1.600954760760942e-06,2,4
0.0009538895101286471,1.9942870039812988e-06,0.0002115637471433729,5.0580434617586434e-05,0.05096478387713432,0.003484059125185013,2.0513627532636747e-05,9.846038665273227e-06,2.383342507528141e-05,0.003108725883066654,0.0003537947777658701,0.015396704897284508,0.007179364562034607,0.008779956959187984,0.00041558046359568834,9.14491611183621e-05,0.00021918107813689858,0.7629345059394836,0.0006295578205026686,0.14509837329387665,1.9696160961757414e-05,6.477215720224194e-06,4.569155862554908e-05,12,17
0.9998631477355957,1.1204384975371795e-08,1.4832085071248002e-07,2.6767301708474633e-09,1.6011086700018495e-05,3.324381850688951e-06,1.3386932096182136e-06,2.9647712835867424e-06,1.0182682785853103e-07,2.3792217689333484e-05,6.05036234446743e-07,2.125565970345633e-06,2.804270415879273e-08,7.204800203908235e-05,7.752947084327388e-08,1.3964291611046065e-05,4.358390537362311e-09,2.8441478505669693e-08,3.120493730079943e-08,4.193278613229268e-09,8.241894278171458e-08,1.1376396713558279e-07,1.1039933411893799e-09,0,0
4.5738400444861327e-07,1.7037917743323305e-08,2.145368256378788e-07,1.414504993135779e-07,2.0181374566163868e-05,5.534624051506398e-06,1.8910981225417345e-08,4.179602086651357e-08,6.864225099434407e-08,5.157530722499359e-07,7.083987156875082e-07,4.8147871893888805e-06,2.9783303034491837e-05,2.4442670110147446e-07,4.324444660142035e-07,1.4909946344232594e-07,2.817940412569442e-06,0.9997754693031311,1.384313350172306e-06,0.00015032829833216965,2.0195849970150448e-07,2.988229397260511e-08,6.469076197390677e-06,17,17
0.126393660902977,1.5784657080075704e-05,0.00047850434202700853,4.504143362282775e-06,0.8408900499343872,0.019847625866532326,2.980586577905342e-05,2.183561446145177e-05,0.0013067895779386163,0.0018177267629653215,0.0004990208544768393,0.005693127866834402,0.0006291110767051578,0.0004123946710024029,0.00032471364829689264,0.0007666367455385625,5.0339273002464324e-05,0.00047204599832184613,3.744673449546099e-05,6.989822577452287e-05,0.00010323255992261693,5.1878207159461454e-05,8.383292151847854e-05,4,4
0.015472354367375374,1.4536655434937984e-08,0.00018561769684311002,2.4039789536800527e-07,0.9684924483299255,0.004738024901598692,9.430193131265696e-06,3.702033382069203e-07,9.611286805011332e-05,0.009409976191818714,0.00016717059770599008,0.0005197096616029739,6.433875569200609e-06,0.0008764648227952421,1.055362281476846e-05,8.901190085452981e-06,9.6363146440126e-07,1.1608403838181403e-06,1.5432997315656394e-06,1.0725764241215074e-06,6.266350851547031e-07,3.9269207263714634e-07,5.516518513104529e-07,5,4
4.223008076564838e-08,9.951989319439969e-13,1.874696405057552e-11,3.230865661812965e-12,1.0,2.104804153191253e-08,7.920487860415062e-14,1.987905147568178e-13,7.550715261372964e-12,1.539991190124823e-10,8.797659649395495e-12,2.32125048349463e-11,8.599396750241795e-10,4.948165210905131e-10,1.23030571841376e-10,3.4777108276484725e-11,4.3483058820292797e-10,6.630539450824813e-10,4.36478717752431e-12,2.620379024875774e-09,1.4128404175750564e-11,1.508989114218373e-11,7.243321220595789e-11,4,4
0.052815280854701996,1.1858487880544999e-07,0.0008601134759373963,6.837002786141966e-08,0.23149064183235168,0.013062636367976665,1.0447040949657094e-05,1.11810813905322e-05,0.4038310945034027,0.0020370876882225275,0.0033058514818549156,0.09375160932540894,0.0004857231688220054,0.000285995687590912,0.19498778879642487,0.0029613275546580553,2.2438298401539214e-06,2.007311923080124e-05,3.243846367695369e-05,4.586930117511656e-06,1.5865505702095106e-05,3.1876763273430697e-07,2.757231231953483e-05,8,8
2.4819997634040192e-05,9.633554398646993e-09,1.528729285382724e-07,7.086929690558463e-05,9.80562690529041e-05,0.0014950470067560673,1.3985535360916401e-06,4.857503768107563e-07,4.6459936697829107e-07,1.711914228508249e-05,5.581256345976726e-07,1.8727997712630895e-06,8.624763836451166e-07,0.9982619881629944,9.581718586559873e-06,1.1858106518047862e-05,7.488716278203356e-07,9.61731643656094e-07,2.804286509672238e-07,1.0232486147288e-06,4.47719372687061e-08,8.609186608055097e-08,1.6102994777611457e-06,13,13
0.0009588324464857578,1.223423140572777e-07,8.854250154399779e-06,1.7842017863145543e-09,0.056462258100509644,0.9294254183769226,3.3630476536927745e-06,1.8644696808678418e-07,2.6948830509354593e-06,0.0006827167235314846,4.336092752055265e-05,0.004294329788535833,2.0507015506154858e-05,0.008032566867768764,1.97200597540359e-06,6.677396868326468e-06,1.6464961163364933e-06,2.7196701921639033e-05,3.829514298558934e-06,7.611121418449329e-06,6.308237630037183e-07,7.849560574868519e-07,1.443542441847967e-05,5,5
0.09041869640350342,5.408708148024743e-07,0.00032805430237203836,7.827718917496895e-08,0.8935374021530151,0.001874564215540886,3.590513415474561e-06,5.620317438115308e-07,0.0011462796246632934,0.0013224775902926922,0.0003628715348895639,0.008565344847738743,3.456991180428304e-05,0.002219396410509944,0.000110499509901274,5.125132520333864e-05,4.019527750642737e-06,1.1853378964588046e-05,4.29822250680445e-07,3.158064146191464e-06,2.331085624973639e-06,8.863917173584923e-07,1.0327511290597613e-06,0,4
0.02435152232646942,1.7334395252532886e-08,3.513487536110915e-05,1.9940847195698552e-08,0.7432218790054321,0.015741728246212006,1.336458353762282e-05,8.937656161833729e-07,0.0004025386006105691,0.011407816782593727,0.002181677147746086,0.2018173336982727,0.0002578640996944159,0.00014779940829612315,0.00015013606753200293,0.0002224129857495427,2.743482241385209e-07,2.9940227250335738e-05,1.8951321862914483e-06,1.1099076800746843e-05,2.5777396217563364e-07,4.604299519428423e-08,4.414313934830716e-06,5,4
2.1631374693242833e-05,3.7394751184471886e-10,4.256047304806998e-06,3.885907062795013e-08,0.0005617985734716058,0.02702128142118454,5.7186070989700966e-06,1.669580342422705e-05,0.9310894012451172,0.0016592692118138075,0.00012868248450104147,0.0067830635234713554,2.272257006552536e-06,0.03239928558468819,0.0001310751831624657,0.00016971482546068728,2.333576354374145e-08,2.203262965849717e-06,1.5481074342460488e-06,1.1041731795558007e-06,3.40553754085704e-07,2.511993724141348e-09,6.018964313625474e-07,8,8
0.0025388929061591625,0.09898032993078232,0.0071981786750257015,0.0012434658128768206,0.0004047311667818576,0.001789411879144609,0.002135760150849819,0.5908172130584717,0.0012840104755014181,0.0005722782225348055,0.000234002189245075,0.0009155547013506293,0.012869926169514656,0.0007788239745423198,0.0003696301719173789,0.0019864398054778576,0.008272393606603146,0.021098243072628975,0.000417221657698974,0.005388925317674875,0.01035776361823082,0.20113688707351685,0.029209954664111137,7,7
0.005650362931191921,2.9899876352601495e-08,1.3607896107714623e-05,6.61942181068298e-08,0.9897356033325195,0.0020280841272324324,2.3200674093004636e-07,2.203002651413044e-07,5.970955317025073e-05,9.290347225032747e-05,4.810992686543614e-05,0.0021033193916082382,0.000118739262688905,2.725437661865726e-05,7.719054337940179e-06,4.219074980937876e-05,1.521825538475241e-06,5.672228508046828e-05,1.3154453881725203e-07,8.409654583374504e-06,3.206256678822683e-06,4.807012032870261e-07,1.5104203612281708e-06,5,4
0.8263634443283081,2.8599234269677254e-07,0.0864531546831131,1.070945927494904e-06,0.030816348269581795,0.005629915744066238,0.00016549639985896647,1.5523708498221822e-05,0.0006869959179311991,0.044605616480112076,0.0007707840413786471,0.002375919371843338,0.0008817241177894175,0.0006116214790381491,8.471289766021073e-05,0.00018862394790630788,8.563098526792601e-05,8.366625843336806e-05,8.479938696837053e-05,3.6941750295227394e-05,3.8952159229665995e-05,1.0568465768301394e-05,8.301670277433004e-06,9,0
0.0008766194223426282,2.679881039302501e-10,8.859774970915169e-05,1.1466170235507889e-09,0.9988701939582825,9.948487422661856e-05,8.10743401302716e-08,1.9342392576504608e-08,2.069685979222413e-05,7.930713763926178e-06,2.534189661673736e-06,9.620336641091853e-06,2.830243602147675e-06,5.124508334120037e-06,1.4409491996048018e-05,8.718707249499857e-07,4.010050602687443e-08,4.83763699321571e-07,1.4118582214450726e-07,8.140438723103216e-08,4.5285727168220546e-08,3.425804750989414e-09,1.1282065770501504e-07,4,4
0.0011608018539845943,0.00032479269430041313,7.928552804514766e-05,1.139682694883959e-06,0.28796494007110596,0.6980342268943787,0.00011685870413202792,3.117673486485728e-06,0.00030480825807899237,0.0018738958751782775,0.0012410400668159127,0.0004962567472830415,0.0030657623428851366,0.00035833046422339976,0.0002642697363626212,0.00208907388150692,5.456151484395377e-05,0.0003504268534015864,2.591191150713712e-05,0.00029504174017347395,4.4725380575982854e-05,2.8877288059447892e-05,0.0018219036282971501,10,5
0.0010453789727762341,0.0015991773689165711,0.00033379290835000575,8.930023614084348e-05,0.0006676581688225269,1.1089576219092123e-05,5.15763349540066e-06,9.010586836666334e-06,1.2518285075202584e-06,3.1640531233279034e-05,6.819971895311028e-05,1.495007654739311e-05,0.00022375522530637681,5.201325984671712e-05,2.890424912038725e-05,7.474311860278249e-05,0.0003601319622248411,7.760640437481925e-05,0.000356333504896611,0.00039319676579907537,1.9069775589741766e-05,0.9945151805877686,2.263011447212193e-05,21,21
0.11987399309873581,2.361191582167521e-05,0.038793087005615234,1.1829569075416657e-06,0.007313720881938934,0.014261094853281975,0.000817888299934566,0.0004649448674172163,5.504689852386946e-06,0.013335594907402992,0.7335067391395569,0.03213159739971161,0.00032560696126893163,0.004462477285414934,0.00011288694076938555,0.000726949074305594,0.0017550350166857243,1.0972343261528295e-05,0.00928354263305664,1.959364271897357e-05,6.483657489297912e-05,0.022695574909448624,1.3651290828420315e-05,10,10
0.9999459981918335,9.733883388207687e-08,1.3701856538261836e-08,2.0966788027987349e-10,1.5977253497112542e-05,7.603505764564034e-06,5.854748508227203e-08,2.3560234296837734e-07,2.7802270707866228e-08,1.0026865311374422e-06,1.1012681397915003e-06,6.535784109473752e-07,7.311685923383493e-09,1.7691481843939982e-05,3.2813780581619767e-09,9.246218724001665e-06,3.4969066531331805e-10,9.498447184341785e-08,5.134940805895383e-10,2.235252427595924e-09,8.402711415556041e-08,3.009555626931615e-08,4.02417016376333e-10,0,0
0.05533929541707039,0.0008250568062067032,0.00040775747038424015,9.812912139750551e-06,0.02129240147769451,0.10890901833772659,0.09669229388237,0.003135859966278076,0.00033215482835657895,0.609595537185669,0.002584518864750862,0.03169117122888565,0.0005951151251792908,0.05135820806026459,0.0029337170999497175,0.012902227230370045,4.324726432969328e-06,0.000339699094183743,7.910659769549966e-05,0.0005486811860464513,0.00019595789490267634,7.227043170132674e-06,0.00022082295618019998,9,9
0.009501157328486443,0.01121040340512991,0.215315043926239,0.00021613016724586487,0.11225707828998566,0.0008070108015090227,0.00019642557890620083,0.00033164952765218914,0.00022261202684603631,0.001517652883194387,0.0088487658649683,0.002832189667969942,0.059898119419813156,0.0001184061766252853,5.317911927704699e-05,0.0010249180486425757,0.004239590838551521,0.5217407941818237,0.00011295735748717561,0.03505733609199524,0.0025866262149065733,0.010913291946053505,0.0009985954966396093,21,17
0.017755933105945587,2.9418025793148672e-09,0.00011090671614510939,1.0954233431448301e-07,0.8519699573516846,0.007960542105138302,2.0530867914203554e-05,2.3033446439058025e-07,3.7001689634053037e-05,0.11903349310159683,4.4706466724164784e-05,0.0008551159407943487,7.135381110856542e-06,0.0020321800839155912,5.357199188438244e-05,0.00011486635776236653,6.687308200525877e-07,5.284973667585291e-07,5.584967652794148e-07,6.644221457463573e-07,1.5490330440570688e-07,3.8064403184989715e-08,1.040285496856086e-06,11,4
1.2546869584184606e-05,8.378088750760071e-06,4.3141221794940066e-06,3.73250077245757e-06,5.500859515450429e-06,3.934694905183278e-05,6.452225352404639e-05,9.59752696871874e-07,7.537050805694889e-07,0.0004308033676352352,6.918395683896961e-06,8.072111086221412e-06,0.9626908302307129,1.6609818658253062e-06,8.469977728964295e-06,1.0209540732830646e-06,3.853436737699667e-06,0.0006939733284525573,6.227815174497664e-05,0.03592348471283913,6.563530860148603e-06,1.3524676433007699e-05,8.467546649626456e-06,12,12
1.8972194766320172e-06,0.9999352693557739,3.934905237201747e-07,1.2860720062235487e-06,8.16618737076169e-08,1.100137410503521e-06,1.2589889593073167e-05,4.192507276457036e-06,1.1422290668861024e-07,8.342310025000188e-07,4.0400705074716825e-06,8.495111281092704e-10,2.1952539555059047e-06,6.500214340121602e-07,2.062048594098087e-07,1.5956965171426418e-07,1.133618638959888e-06,1.2618389519047923e-05,8.869297971614287e-07,9.944758858182468e-06,2.2496160454466008e-06,5.752939614467323e-06,2.3713457721896702e-06,1,1
3.807683606282808e-05,9.686397243058309e-05,0.0021219789050519466,0.012033305130898952,0.006123985629528761,0.0006145219667814672,0.0010746760526672006,0.007857776246964931,0.00017142723663710058,0.003795140190050006,0.0010000435868278146,0.020979806780815125,0.08987196534872055,0.0018440221901983023,0.010364888235926628,0.0020359158515930176,0.09662081301212311,0.14097590744495392,0.0010772397508844733,0.5169641971588135,0.056181930005550385,0.0009295616182498634,0.027226001024246216,20,19
0.0611313171684742,0.001645782496780157,0.020809700712561607,0.0010979764629155397,0.04834280163049698,0.0005177792627364397,0.00017347080574836582,0.016769586130976677,0.000276470702374354,0.0013793627731502056,0.006693642120808363,0.029059043154120445,0.012106330133974552,0.0006436668918468058,0.00023865832190494984,0.007179165259003639,0.015184865333139896,0.0862138643860817,0.0008114801021292806,0.006620420608669519,0.014185038395226002,0.667962908744812,0.0009566816734150052,21,21
0.41537973284721375,1.4345377316593577e-11,7.487297807529103e-06,2.3445416275080788e-07,0.5620012283325195,0.0001563862169859931,7.07557248347257e-08,3.77820833818987e-06,2.8803971872548573e-05,0.003006133483722806,0.0001532465248601511,0.01388969924300909,4.732004867946671e-07,0.0024451687932014465,0.0020561490673571825,0.000870066462084651,2.18636397875116e-09,9.688114914752077e-07,2.3334197862823203e-07,9.457062333240174e-08,1.2233317692178503e-09,1.997035203871178e-09,6.285598885824584e-08,0,4
0.00039191232644952834,4.8936037444491376e-08,0.00018065579934045672,3.074880805797875e-05,0.8945381045341492,0.00010970294533763081,2.472524727181735e-07,3.064540578634478e-05,0.09795256704092026,0.0001721168664516881,0.00012127674563089386,0.0013680774718523026,0.00032881094375625253,2.72209490503883e-05,0.0030816064681857824,0.00019932915165554732,1.4072379599383567e-05,0.0011422564275562763,3.6265223570808303e-06,8.659120067022741e-05,7.763790927128866e-05,9.5111704467854e-07,0.00014178133278619498,8,4
5.780934225185774e-05,8.484199156555405e-07,5.5506043281638995e-06,1.1746902117693026e-08,0.0013898179167881608,0.001387086813338101,1.3090996617393102e-05,1.6574068695263122e-06,2.431088432786055e-07,0.004822462797164917,0.006437134929001331,0.00017572814249433577,6.304344424279407e-05,5.570530265686102e-05,0.000897454097867012,0.984652042388916,2.0794280430891376e-07,1.0515054782445077e-06,1.1602886615946773e-06,3.67187058145646e-05,5.6712533336167326e-08,4.6807258513581473e-07,6.335359330478241e-07,15,15
8.067566881209132e-08,1.524929849061607e-09,1.0284112761382858e-07,7.483185981982388e-06,7.111165132300812e-07,8.739632903598249e-06,1.9794742911471985e-06,1.11846325978604e-07,1.0755032917586504e-06,5.1792194426525384e-05,0.00012071572564309463,1.2771266483468935e-05,1.3436377230391372e-05,1.8271945236847387e-06,0.9954439401626587,0.004327965434640646,1.7359100468183897e-07,1.524716935819015e-06,1.1203491112610209e-06,3.8846960705996025e-06,3.260113956571331e-08,4.441215395445397e-08,4.5489019839806133e-07,14,14
1.043982933879306e-06,1.968964653542571e-07,5.8889265346806496e-05,0.0003070457896683365,4.923768756270874e-06,0.00010422073683002964,3.3728058497217717e-06,3.025195155714755e-06,7.97070697444724e-06,1.5058070857776329e-05,4.626573627319885e-06,1.9677878299262375e-05,1.9106988474959508e-05,1.1448662007751409e-05,4.397902557684574e-06,1.50645200847066e-05,0.27049216628074646,6.55740950605832e-05,0.728361189365387,1.0362563443777617e-05,9.654519089963287e-05,2.2650328901363537e-05,0.00037142803194001317,18,18
0.9657233357429504,1.5465259366465034e-06,5.9727633924921975e-05,9.942603355739266e-06,0.023355131968855858,0.007200475782155991,1.130098826251924e-05,0.00010900622874032706,4.9258669605478644e-06,0.00019738421542569995,1.5250960132107139e-05,2.2177669052325655e-06,7.149273005779833e-05,0.00013465568190440536,7.208459282992408e-05,0.002762379590421915,4.492972493608249e-06,0.0001718590792734176,1.6508205590071157e-05,1.1849219845316838e-05,1.8933980072688428e-06,1.2291125131014269e-05,5.010316090192646e-05,0,0
0.6948780417442322,1.4006737956151483e-06,0.003850542474538088,5.1687969971681014e-05,0.22952857613563538,0.00253184512257576,0.0001124167611123994,2.1189851395320147e-05,0.007157668936997652,0.01770656369626522,0.008591492660343647,0.0007022263598628342,0.0011587607441470027,0.0019105237443000078,0.026385951787233353,0.004957437980920076,8.495017937093507e-06,0.00014940828259568661,0.0001813365815905854,2.9316239306353964e-05,3.5628203477244824e-05,1.1515834557940252e-05,3.798948091571219e-05,0,0
0.23169906437397003,2.054391552519519e-05,0.0314360111951828,1.281320055568358e-05,0.23994456231594086,0.03176182135939598,0.00022158838692121208,0.00012033915845677257,0.03997683897614479,0.0086951470002532,0.0013699711998924613,0.2480183094739914,0.0043004173785448074,0.02127225138247013,0.040123101323843,0.09389299899339676,0.00019051835988648236,0.00575981056317687,0.00017009071598295122,0.0003742932458408177,0.0003207863192074001,3.7931109545752406e-05,0.0002808226563502103,0,11
0.00022399440058507025,2.4285031940962654e-07,0.005007604602724314,0.004948254209011793,0.6728842854499817,0.0003998615429736674,1.4526010545523604e-06,2.3058935312292306e-06,9.593410504749045e-05,6.129783287178725e-05,7.058938354020938e-05,1.6160560335265473e-05,0.05362391471862793,0.0005729454569518566,3.8146703445818275e-05,4.443558646016754e-05,0.002624942222610116,0.17310760915279388,4.2913120523735415e-06,0.08585932105779648,3.47688292094972e-05,0.00033004552824422717,4.7670149797340855e-05,12,4
0.00012373633217066526,1.1347419004437143e-08,1.2131654330005404e-06,1.4360456361828255e-06,0.9995135068893433,0.00022164432448334992,3.096567979810061e-08,3.5422711874844026e-08,1.0217694779157682e-07,2.1855199520359747e-05,5.952771516604116e-06,1.0895409104705323e-05,1.9247218006057665e-05,2.8566109904204495e-05,3.7348818295868114e-06,1.0721239505073754e-06,5.69287749385694e-07,1.2163392057118472e-05,2.1076670009279042e-07,3.082444527535699e-05,5.1184130711590115e-08,1.1917589404220053e-07,2.983645572385285e-06,5,4
9.125631549977697e-06,3.475339326541871e-06,0.00012609901023097336,3.2770383313618368e-06,3.19089224376512e-07,5.8563664424582385e-06,4.558870614346233e-07,2.464798171786242e-06,5.187035299059062e-07,1.5612263268849347e-06,1.951687409018632e-06,1.1007045941369142e-05,5.290496119414456e-05,7.344422556343488e-06,3.75899560367543e-08,2.0234998032719886e-07,5.891790715395473e-05,0.00025142033700831234,3.2949399610515684e-05,4.272776095604058e-06,0.0003263789403717965,0.9990983009338379,1.1862309747812105e-06,21,21
2.814311119436752e-05,1.1594384886848275e-05,7.616004495503148e-06,0.04056096822023392,6.480663614638615e-07,0.00018696405459195375,0.007310252636671066,0.0011853942414745688,9.598982614988927e-06,0.7130206823348999,0.00023232154489960521,0.000349493115209043,0.00014132424257695675,0.00757979741320014,0.0015007798792794347,9.129766112891957e-05,5.329183750291122e-06,5.743143628933467e-05,0.22623656690120697,0.0012896435800939798,5.629397855955176e-05,1.6040079572121613e-05,0.00012173910363344476,9,9
5.645877649840259e-07,1.0302584314558771e-06,3.378473593329545e-06,0.9922168254852295,1.9766154935041413e-07,6.717112910337164e-07,2.922240673797205e-05,0.0025865742936730385,4.776549303642241e-06,4.402773356559919e-06,0.0008792171138338745,2.1877094980027323e-07,1.171679195977049e-05,9.853541996562853e-06,2.458974086039234e-05,0.00035293554537929595,0.0007896139868535101,1.0808063962031156e-05,3.931639184884261e-06,0.00011838111822726205,7.21393953426741e-05,0.0014059138484299183,0.0014729712856933475,7,3
0.5754027366638184,1.466110120418307e-06,0.0034466376528143883,1.8288777425823355e-07,0.3779580891132355,0.002863645786419511,1.1106858437415212e-05,2.858684820239432e-05,0.00011720784823410213,0.0015727663412690163,0.00017550756456330419,0.022151533514261246,4.406828520586714e-05,0.014414159581065178,7.563968665635912e-06,0.0007166778668761253,4.5559965656138957e-05,0.0009952003601938486,4.789843615071732e-07,1.7148746337625198e-05,2.2920088667888194e-05,3.757012564165052e-06,2.950589532701997e-06,0,0
0.7343558669090271,1.0451373100295314e-06,0.00010826300422195345,3.554125896698679e-06,0.25926724076271057,0.0007222426356747746,1.5868376976868603e-06,2.5894512873492204e-05,0.000274681398877874,0.0006535180727951229,0.0005138609558343887,0.0008462389232590795,2.4783905246295035e-05,0.0026563082356005907,0.00010511319123907015,0.0002480158000253141,2.2455100406659767e-05,9.012337977765128e-05,6.145150564407231e-06,7.107509645720711e-06,1.7390490029356442e-05,4.434511356521398e-05,4.158932824793737e-06,0,0
2.6987923007482095e-08,2.4397094122718954e-08,1.0646034098726886e-07,3.5395726349918277e-09,1.758121825901071e-08,1.0410990114451124e-07,0.9999991655349731,1.4293864758485597e-08,1.3688818967239058e-08,2.1414997775082156e-07,8.372233395448347e-08,6.436727817415999e-10,1.8056116601883332e-08,2.081411665244559e-08,6.6317606961519e-10,1.2885399414130916e-09,4.747297666085615e-09,4.028203104411432e-09,2.2155615120311722e-09,4.094987460234734e-09,2.6389397334014575e-09,1.8901715748143033e-09,1.94491036609179e-07,6,6
2.7021945925298496e-07,1.1848905856481906e-08,9.851495406110189e-07,2.886553218672816e-09,1.313885491072142e-06,5.681444008587277e-07,1.0273225825585541e-08,5.553864923513174e-08,6.231338289808264e-08,3.307512770334142e-07,3.0980768315203022e-06,5.605496426142054e-06,3.962334631069098e-06,2.691546683308843e-07,0.9999634027481079,1.4084289432503283e-05,7.192258522081829e-07,2.0519673853414133e-06,9.788478791961097e-07,1.9657918528537266e-06,2.4968761280774743e-08,2.3979268348739424e-08,7.212448593918452e-08,14,14
0.0021561174653470516,3.1879666494205594e-05,1.4902535440342035e-05,0.00014768897381145507,0.9922105073928833,0.00033126931521110237,8.283423085231334e-07,1.8699704014579765e-05,7.993197505129501e-05,7.907512917881832e-05,1.535338014946319e-05,4.981188612873666e-05,0.0008785296813584864,0.00022136747429613024,0.00027310504810884595,0.0001426588132744655,0.0007815537392161787,0.0005846641142852604,2.5199969968525693e-05,0.0010068886913359165,0.0003145656955894083,4.415597868501209e-05,0.0005913077620789409,22,4
1.8744934777714661e-06,1.2697920510618133e-06,0.0004856426385231316,5.599991709459573e-05,3.8202870200620964e-05,1.1264178283454385e-05,6.007410047459416e-05,6.200919528964732e-07,1.1201648675296383e-07,5.8130270190304145e-05,3.1527467854175484e-06,3.989913693658309e-06,0.9854807257652283,1.245177372766193e-06,3.45860655670549e-07,1.0202807970927097e-05,0.0006725193234160542,0.00629349984228611,1.520022578915814e-05,0.006665291730314493,8.852070095599629e-06,0.00011956268281210214,1.231945316249039e-05,12,12
0.17170874774456024,0.0002316070458618924,0.2735147476196289,4.5947523176437244e-05,6.138474418548867e-05,0.001174706732854247,0.0011471385369077325,0.007510988507419825,0.003270646557211876,0.00013552063319366425,0.0002528617042116821,5.294421498547308e-05,0.05341256782412529,0.0001966484123840928,2.338335207241471e-06,1.1610929504968226e-05,0.0008051434997469187,0.029366053640842438,0.0030546311754733324,0.0019248026655986905,0.44342613220214844,0.00836426392197609,0.00032852953881956637,12,20
0.0004216443339828402,0.001347724930383265,0.000998856732621789,5.990831141389208e-06,0.0007279245764948428,0.0008845363627187908,0.00013472887803800404,1.2437451914593112e-05,8.461089601041749e-05,0.00035907491110265255,0.0016206095460802317,0.00025698612444102764,0.00887799821794033,0.0016124427784234285,2.088984547299333e-05,6.786125140934018e-06,0.00016591654275543988,0.9349260330200195,7.18745868653059e-05,0.04714978113770485,0.00016014227003324777,0.00013100817159283906,2.204045631515328e-05,17,17
0.024617552757263184,4.508766141952947e-05,0.013853281736373901,2.4880971977836452e-05,0.00461718812584877,0.010435487143695354,0.0007033103029243648,0.0006617582403123379,0.8775895237922668,0.009869460016489029,0.003068447345867753,0.013680667616426945,0.001164945075288415,0.005068356636911631,0.030123364180326462,0.0028778656851500273,2.0103907445445657e-05,0.0006988553795963526,0.00027285609394311905,8.013880142243579e-05,0.0003150435513816774,4.869297845289111e-05,0.00016310781938955188,8,8
8.842598617775366e-06,8.530903067294204e-11,1.6983980799523124e-07,9.706836029410582e-11,0.999924898147583,5.85633133596275e-05,1.7846530919740644e-09,3.57269797079951e-10,1.5622163118678145e-07,2.0417712676135125e-06,1.1713678560454355e-07,3.771586079892586e-06,4.417185550664726e-07,6.638450145146635e-08,3.661085088424443e-07,3.9440652699340717e-07,1.0758505197827617e-08,8.832761722032956e-08,1.1302047076000576e-09,4.765844607845793e-08,3.915940460785805e-09,3.8998235196707753e-10,1.9914571325330144e-08,4,4
0.0007477309554815292,0.0002679763420019299,0.010999332182109356,0.0021297491621226072,0.009946734644472599,0.0022537095937877893,0.0006581322522833943,0.0003899770963471383,0.00021552256657741964,0.009628655388951302,0.0032980928663164377,0.003997911233454943,0.29292070865631104,0.0003238303470425308,0.00016359146684408188,0.0006111864931881428,0.0734025314450264,0.09435300529003143,0.0003201188228558749,0.06722273677587509,0.40789663791656494,0.009528822265565395,0.008723264560103416,20,20
0.00013615498028229922,1.2380203529005485e-08,1.7829968783189543e-05,8.501744730438077e-08,0.011744768358767033,0.0307157002389431,9.18169735086849e-06,8.72238706506323e-06,0.9317910075187683,0.0007141672540456057,0.0014485795982182026,0.02189547009766102,0.000116477080155164,0.0006832042126916349,0.0004135753260925412,0.00018795911455526948,2.29156484010673e-07,3.971085970988497e-05,1.062810952134896e-06,5.605806563835358e-06,4.441757027962012e-06,3.1617091167390754e-08,6.597174069611356e-05,8,8
4.817616627406096e-06,6.719315570080653e-05,0.0006856882246211171,8.378839311262709e-07,1.0809427521962789e-06,2.8064232537872158e-05,0.9989263415336609,1.0592486432869919e-05,3.320392806926975e-06,6.165061495266855e-05,1.0967140042339452e-05,3.464490191618097e-06,1.0590638339635916e-05,0.00011626566993072629,8.554142141292687e-07,4.1764687352952024e-07,9.546594128551078e-07,9.022312951856293e-06,1.3665914593730122e-05,4.460788204596611e-06,1.2822307553506107e-06,2.178198201363557e-06,3.628755439422093e-05,6,6
0.0016214613569900393,2.8244234272278845e-05,0.0008580864523537457,0.0005046316073276103,0.2729363441467285,0.040379539132118225,0.13516606390476227,0.00015360086399596184,0.0010216827504336834,0.044442374259233475,0.0005945276352576911,0.0002763176162261516,0.15292803943157196,0.06300219893455505,5.587518171523698e-05,0.00033719741622917354,0.00012123915803385898,0.001024883589707315,1.937073830049485e-05,0.2839301824569702,0.0003261266101617366,0.00013747136108577251,0.00013449818652588874,9,19
0.00017662090249359608,4.254290253413728e-09,6.026285177540558e-07,1.2705859475659054e-08,0.9835104942321777,0.00024502052110619843,2.8296218701484577e-08,4.1214988755200466e-08,1.5177636669250205e-05,5.314715235726908e-05,2.7061629225499928e-05,0.015921302139759064,4.308133156882832e-06,3.9874244066595566e-06,1.720929503790103e-05,7.045895017654402e-06,5.344576265997603e-07,1.0327600648452062e-05,1.1208354777636487e-07,4.4906806806466193e-07,3.513375190777879e-07,2.939300891569019e-08,6.08640220889356e-06,11,4
0.5195387005805969,8.261416439836466e-09,8.081409532678663e-07,4.6236952044864665e-08,0.4690931439399719,0.0012779522221535444,1.3840113979313173e-06,3.979004304710543e-06,4.253355655237101e-05,0.0013897953322157264,6.186748942127451e-05,0.008056793361902237,5.705555849999655e-06,0.0005051782354712486,2.9329489734664094e-06,1.3259268598631024e-06,2.43438869063084e-08,2.425034608677379e-06,1.0304739817001973e-07,6.067768936190987e-07,9.023626716953004e-07,1.1743967576194336e-08,1.3707332982448861e-05,0,0
5.651966785080731e-05,3.766147301575984e-06,7.571047899546102e-05,2.6648398488759995e-05,0.0027825874276459217,6.64141625748016e-05,1.3767607924819458e-06,1.1813500350399408e-05,3.0316914489958435e-05,1.938225977937691e-05,4.355326746008359e-05,0.0001468560949433595,0.9780282378196716,3.6526291751215467e-06,0.002258880529552698,2.911528827098664e-05,0.00018552668916527182,0.0013071727007627487,5.231384056969546e-05,0.014682670123875141,2.009162744798232e-05,0.0001610921899555251,6.4103619479283225e-06,12,12
0.003058413276448846,0.0001354013365926221,0.028329413384199142,0.0005288726533763111,0.0019868514500558376,0.0005098957335576415,0.00018697067571338266,0.0002981933066621423,0.03891873359680176,0.0004078965284861624,0.0008368423441424966,0.0013731276849284768,0.3419872224330902,0.0007467353134416044,0.00269861682318151,0.0015210035489872098,0.09564744681119919,0.42260900139808655,0.0004867382813245058,0.026146607473492622,0.023921500891447067,0.0005718378815799952,0.00709278741851449,12,17
0.001137765939347446,1.8841653854906326e-06,0.0052346643060445786,0.00019508264085743576,0.0002464864810463041,0.0002997318224515766,0.00015120806347113103,9.112414772971533e-06,4.994372375222156e-06,0.0011084050638601184,1.2519430129032116e-05,0.001975709106773138,0.02998015098273754,0.00026306649670004845,1.0583154107735027e-05,0.0013335490366443992,0.05461945757269859,0.011564726009964943,0.8880176544189453,0.003061936004087329,0.0002583412278909236,0.00045148568460717797,6.152995774755254e-05,18,18
0.023684298619627953,2.3827838901979703e-07,9.453420352656394e-05,4.2541305447230116e-06,0.10363306850194931,0.0010047362884506583,4.730448381451424e-06,1.8277647541253828e-05,0.002975431038066745,0.0007145819836296141,0.0006336563383229077,0.015581069514155388,0.0003723143017850816,0.0002703520003706217,0.8274433016777039,0.023134790360927582,4.0505565266357735e-06,0.00033639962202869356,1.4341228052217048e-05,3.818299592239782e-05,2.8917216695845127e-05,1.0058209909402649e-06,7.47563581171562e-06,14,14
0.12712985277175903,0.09144169837236404,0.016040919348597527,0.0007798693259246647,0.07113328576087952,0.014000148512423038,0.017979973927140236,0.0007326872437261045,0.00010822989861480892,0.1494443267583847,0.10068660974502563,0.0006603395449928939,0.04300903156399727,0.005971510894596577,0.015025360509753227,0.06641178578138351,0.025365566834807396,0.005561173427850008,0.13554203510284424,0.03489179536700249,0.001443037879653275,0.06997156888246536,0.00666924100369215,13,9
0.0003673431638162583,2.4227741590721052e-08,0.0004652347706723958,1.7839738575275987e-07,0.9303715825080872,0.036565765738487244,0.0001261622819583863,7.686886078772659e-07,9.449820481677307e-07,0.01914895698428154,0.0001638771645957604,0.004960429389029741,0.0004990993184037507,0.006932612508535385,3.107794691459276e-05,0.00022651416657026857,7.333161192946136e-06,1.9472932763164863e-05,5.35873198259651e-07,0.00011093834473285824,3.942253101740789e-08,7.054071033962828e-07,5.13928796408436e-07,9,4
0.14485430717468262,6.065288289391901e-06,0.0001472359144827351,6.711690048177843e-08,0.09024084359407425,0.6826034784317017,0.0010634491918608546,1.2011315675408696e-06,0.00015074304246809334,0.06648343056440353,0.0004158643423579633,0.003225786844268441,0.0002473271742928773,0.008503664284944534,0.00028802387532778084,1.3235041478765197e-05,5.690051693818532e-06,9.139866961049847e-06,0.0002611969248391688,2.8669350285781547e-05,5.820320075144991e-05,7.690416623518104e-07,0.0013916047755628824,0,5
8.636223356006667e-06,5.7210186241718475e-06,0.0002478457463439554,0.0019139773212373257,7.99907695636648e-08,5.407970820670016e-05,0.05056137219071388,0.003200482577085495,0.0017337893368676305,0.7744559645652771,0.16396471858024597,6.946630946913501e-06,1.4822164303041063e-05,0.00031188700813800097,1.3572376701631583e-05,0.00035631388891488314,1.8874898159992881e-06,2.975098595925374e-06,0.00010653136268956587,3.908786675310694e-05,0.002785654505714774,0.00016948467236943543,4.409208122524433e-05,9,9
9.033492460730486e-06,5.134702405484859e-07,1.9317523765494116e-05,0.00021109274530317634,2.690870314836502e-05,9.078544280782808e-07,1.5525012031503138e-07,3.5778614915216167e-07,6.321540695353178e-07,1.2209383385197725e-05,1.1444217307143845e-05,5.745685029978631e-06,2.0312956621637568e-05,8.962102810983197e-07,9.350333129987121e-07,1.9991730368928984e-06,0.0028089897241443396,0.00025096064200624824,0.9963759779930115,5.2127084927633405e-05,0.00011957513197558001,6.854465755168349e-05,1.3502863112080377e-06,18,18
5.729772283302736e-07,6.388049769157078e-07,2.028764174610842e-05,4.026641545351595e-05,4.17796618421562e-05,3.232743256376125e-05,1.9939099729526788e-05,4.758815066452371e-06,2.0440167645574547e-05,1.8943354007205926e-05,8.23639493319206e-06,0.00029613098013214767,0.977895200252533,3.3286769394180737e-06,8.17967429611599e-06,5.475874331750674e-06,0.00017720299365464598,0.01911977306008339,1.718787279969547e-05,0.0011074189096689224,0.00025866669602692127,1.967285425052978e-05,0.0008834507898427546,12,12
0.013312412425875664,9.71029194829498e-08,1.4320245099952444e-05,2.3246123248554795e-08,0.028602682054042816,0.737500011920929,0.000195085012819618,3.181630381732248e-05,0.002868183422833681,0.0762319415807724,0.005297180265188217,0.07871326804161072,3.3157823054352775e-05,0.05033295229077339,0.004863507114350796,0.0016918086912482977,2.7942462565988535e-07,3.974025730713038e-06,0.00010812988330144435,1.985625203815289e-06,4.539198016573209e-06,3.257758862673654e-08,0.00019275482918601483,13,5
0.130630761384964,2.02868113774457e-06,8.877374057192355e-06,4.705323135567596e-06,0.8080989122390747,0.019240761175751686,2.478539499861654e-05,1.847707835622714e-06,0.0005018283845856786,0.02107875421643257,0.0018452611984685063,0.006075837183743715,8.737565076444298e-05,0.011076715774834156,0.0005742223584093153,7.023174111964181e-05,9.017964657687116e-06,4.4150790927233174e-05,6.532112456625327e-05,2.8075033696950413e-05,6.543746712850407e-05,3.4061122278217226e-06,0.0004617430968210101,11,4
0.00195699417963624,2.6500118110561743e-05,0.008644133806228638,0.0001623068965272978,0.00024241443315986544,0.001108410768210888,0.028330696746706963,0.0006116111180745065,3.38370336976368e-05,0.0020544331055134535,0.0003773332864511758,0.0006534558488056064,0.004085174761712551,0.604463517665863,0.003630945924669504,0.0012142020277678967,0.00025438281591050327,0.0008069541654549539,0.012882784008979797,0.3283975124359131,5.911222160648322e-06,3.49258552887477e-05,2.1597270460915752e-05,13,13
0.2396722286939621,1.582909359143514e-09,1.2458243645596667e-06,5.20728438146989e-09,0.759568452835083,0.00035918259527534246,5.045552597948699e-07,5.266126734682075e-08,7.49352125239966e-07,0.00021455023670569062,9.64398896030616e-06,3.546349034877494e-05,7.757936373309349e-07,0.00013619563833344728,1.4698709094318474e-07,4.1417170137947323e-08,1.2533031501504865e-08,5.653807306771341e-07,1.2244859703969269e-07,3.287892624825872e-08,3.100216261486821e-08,2.737836624078227e-08,1.3476997295924775e-08,0,4
0.0005320315831340849,0.0011519346153363585,0.00028235538047738373,0.01170114055275917,0.0050771962851285934,0.06318122148513794,0.3158057928085327,0.0028784924652427435,0.0004393942654132843,0.1379408985376358,0.035816553980112076,0.0008187632774934173,0.014624550007283688,0.0004863389185629785,0.0828598141670227,0.2273915857076645,0.0016544087557122111,0.0028227337170392275,0.001286655431613326,0.004122815560549498,0.0037554313894361258,0.001772349700331688,0.08359761536121368,9,6
0.6736743450164795,5.083094265501131e-07,7.900092168711126e-05,1.6896875365546293e-07,0.3126096725463867,0.0027409656904637814,3.217911580577493e-05,3.018012193933828e-06,0.0002769189595710486,0.0025359184946864843,0.0002588733041193336,0.006335873622447252,5.2021383453393355e-05,0.0011432213941588998,5.1712035201489925e-05,0.00015071258530952036,2.462587360696489e-07,4.116309355595149e-05,8.796723136583751e-07,6.278864020714536e-06,4.368030658952193e-06,7.635578072040516e-07,1.2724065072688973e-06,0,0
0.012526202946901321,0.1010315790772438,0.33659860491752625,8.380763028981164e-05,0.0012000041315332055,0.00822056271135807,0.05116039887070656,6.971339462324977e-05,0.00024680636124685407,0.4300041198730469,0.00023644226894248277,0.00025727637694217265,0.0005919586401432753,0.03715324029326439,0.0009831164497882128,0.0006813041400164366,0.008748573251068592,0.0005394043400883675,0.005290871020406485,0.0011259480379521847,0.0024356315843760967,0.0005922881537117064,0.00022212869953364134,9,9
0.3098434805870056,0.0041213491931557655,0.009698665700852871,0.0003303202392999083,0.13757659494876862,0.005181577987968922,0.0001275371469091624,0.00032089935848489404,0.0011578308185562491,0.0012914442922919989,0.0011394835310056806,0.0009900429286062717,0.1942296177148819,0.002377218334004283,0.0002079320838674903,0.0009734392515383661,0.0205705463886261,0.17760919034481049,0.0007090595318004489,0.07971051335334778,0.008732669055461884,0.042627815157175064,0.0004728030471596867,19,0
6.629698327742517e-05,1.942732706083916e-05,2.1659856429323554e-05,2.4434473289147718e-06,0.0030045476742088795,0.0005625170888379216,4.403027560329065e-06,1.1414530490583275e-05,6.0904239944648e-05,0.00012425222666934133,2.882872286136262e-05,0.0007382722105830908,0.9669596552848816,2.865082706193789e-06,5.8258287026546896e-05,4.122938207729021e-06,0.00048579624854028225,0.018298037350177765,7.626713340869173e-05,0.008780370466411114,0.0003816103271674365,0.0001053141022566706,0.00020263460464775562,12,12
0.0007716388208791614,0.001252196030691266,0.037965379655361176,0.27162307500839233,0.0008953728247433901,0.015079316683113575,0.023195374757051468,0.0003936953144147992,2.5035931685124524e-05,0.060778118669986725,0.019053608179092407,0.00029312947299331427,0.09973642975091934,0.067576564848423,0.00012698263162747025,0.0009358993265777826,0.0012371945194900036,0.004360418766736984,0.0027619602624326944,0.37780967354774475,2.333146949240472e-05,0.013985369354486465,0.00012026624608552083,9,19
0.11846310645341873,0.003912040032446384,0.36633917689323425,0.0021963000763207674,0.21693599224090576,0.03471433371305466,0.005624535959213972,0.021856926381587982,0.04170733690261841,0.03828997164964676,0.002662121783941984,0.003572004847228527,0.016274087131023407,0.004924374166876078,0.008147936314344406,0.01502527017146349,0.014693861827254295,0.020451843738555908,0.005956402514129877,0.004904970061033964,0.0316082201898098,0.006849673110991716,0.014889522455632687,2,2
6.848863267805427e-05,0.0001381885085720569,0.00029507611179724336,0.00029252024251036346,0.0015736958011984825,1.712690936983563e-05,9.68914264376508e-06,1.2243143828527536e-05,3.2805264709168114e-06,0.0001133826735895127,0.0004502901865635067,1.5387605571959284e-06,0.09692404419183731,2.0980555746064056e-06,0.00039741533691994846,2.0808145563933067e-05,0.0003151936107315123,0.0008396914345212281,0.00022334838286042213,0.89776611328125,2.7489471904118545e-05,0.00022991948935668916,0.000278239487670362,19,19
1.4403913155547343e-05,1.261170581301485e-07,1.7603701053303666e-05,1.5554401215922553e-06,0.002507605357095599,4.1379844333278015e-05,1.0753826273912637e-07,5.496250992109708e-07,3.936755547329085e-06,3.3897881621669512e-06,2.662487531779334e-06,1.6585303455940448e-05,0.00013148243306204677,1.292631282012735e-06,2.1642414139932953e-05,9.074178524315357e-05,0.9953252077102661,0.0013167375000193715,1.0061883585876785e-05,0.00014220803859643638,0.00022790128423366696,2.5957958769140532e-06,0.00012017069821013138,16,16
0.00024291480076499283,0.9974663257598877,0.0001349167723674327,7.770633914105929e-08,8.995566167868674e-05,4.180949690635316e-05,4.719163825939177e-06,1.4188335626386106e-06,9.9475585102482e-07,4.230493232171284e-06,3.1368323107017204e-05,2.450645752105629e-06,3.635675966506824e-06,0.0010530536528676748,0.00047437334433197975,0.00016837051953189075,8.871393947629258e-05,5.2151641284581274e-05,3.588170511648059e-05,6.61666490486823e-05,7.121485396055505e-06,2.7919793865294196e-05,1.2428390618879348e-06,1,1
0.8148666620254517,6.053549896023469e-06,0.032933227717876434,1.6163587588380324e-06,0.06811290979385376,0.05674721300601959,0.00020998346735723317,1.824264290917199e-05,0.0026761761400848627,0.0026893625035881996,0.002611688105389476,0.004730112385004759,0.002186296507716179,0.005358442664146423,0.002759331837296486,0.0034259087406098843,1.5942592654027976e-05,0.0003491454990580678,0.00017762069182936102,1.958374741661828e-05,2.5765115424292162e-05,7.116705091902986e-05,7.542333605670137e-06,4,0
0.003923081327229738,8.751534608109068e-09,1.2078333384124562e-05,1.1094984930792862e-09,0.9955242872238159,8.159266144502908e-05,2.0192381100514467e-07,2.148849631566918e-08,6.382382707670331e-06,6.30451031611301e-05,3.125303237538901e-06,5.688523378921673e-05,7.58704459258297e-07,4.59532457171008e-05,7.430554978782311e-05,0.0002061031700577587,6.056272923160577e-07,6.85235022501729e-07,8.453130107000106e-08,4.717836077361426e-07,2.4828787559272314e-07,4.837437117544141e-09,1.8015896330325631e-07,4,4
0.006829349789768457,0.0002914739307016134,0.0297402236610651,0.0003343443386256695,0.4394150972366333,0.00404373649507761,0.0003080393362324685,3.109969838988036e-05,2.5657731384853832e-05,0.0009453275124542415,0.00017612031660974026,0.0004607854934874922,0.286481112241745,0.004137225449085236,0.00042443981510587037,0.0009892304660752416,0.00677642272785306,0.032857026904821396,0.0011998959816992283,0.17181828618049622,0.00018030402134172618,0.01243677269667387,9.804502042243257e-05,12,4
0.0064682611264288425,1.3048517644165258e-07,8.71389147505397e-06,7.588125754409702e-07,0.9914411306381226,0.0007450131815858185,4.87799354687013e-07,3.7748137060589215e-07,0.0001923522650031373,0.0001768616639310494,1.4889886188029777e-05,0.0006873949314467609,1.3631359252030961e-05,1.3937939002062194e-05,0.00013880111509934068,6.968717207200825e-05,1.2859158005085192e-06,6.992112503212411e-06,7.551571798103396e-06,1.641071662561444e-06,1.3674240335603827e-06,4.157113266956003e-07,8.310937118949369e-06,4,4
3.351275836394052e-06,2.0983752619940788e-06,6.516042776638642e-05,2.8585952804860426e-06,4.108423127036076e-06,5.47489753444097e-06,3.3466576496721245e-06,5.126723294779367e-07,4.7114022549976653e-07,5.7578035921324044e-06,7.853849638195243e-06,7.73964166000951e-06,0.0021385352592915297,6.855739229649771e-06,9.38306527586974e-07,8.598576073381992e-07,5.527858229470439e-05,0.9783848524093628,2.70734653895488e-06,0.019283948466181755,2.4003743419598322e-06,9.80344111667364e-07,1.4060008652450051e-05,17,17
0.001849004183895886,8.977006693555722e-09,0.00017878333164844662,2.637686520756688e-06,0.03733236715197563,0.04547103866934776,0.00011196791456313804,1.761074145179009e-06,0.00012833194341510534,0.3549783527851105,0.11210548877716064,0.35388505458831787,0.00021315219055395573,0.09133666008710861,0.0014555617235600948,0.0007521110237576067,3.1323227744906035e-07,7.499340426875278e-05,3.2000203646020964e-05,8.683415217092261e-05,6.17490130139231e-08,4.5996347353138844e-07,3.0891164897184353e-06,10,9
0.012945141643285751,0.0022758389823138714,0.006146986503154039,0.0023785303346812725,0.0019952498842030764,0.006014104932546616,0.020783646032214165,0.002345787361264229,0.0008826148696243763,0.01430016104131937,0.0008745610830374062,0.0014303700299933553,0.8061212301254272,0.0008155624382197857,0.0008327948162332177,0.001404145616106689,0.0037022826727479696,0.05434143543243408,0.004456475377082825,0.040162283927202225,0.007133543491363525,0.005900825373828411,0.0027564254123717546,22,12
0.22928716242313385,0.00016410199168603867,0.01415124349296093,8.118944242596626e-05,0.027370940893888474,0.02954774722456932,0.003436982398852706,0.00044114934280514717,0.09859690815210342,0.018344178795814514,0.0027008922770619392,0.011230356991291046,0.0022395625710487366,0.0606980063021183,0.4106762111186981,0.08756574243307114,0.0001893090520752594,0.0019935076124966145,0.0005107626784592867,0.00025282776914536953,0.0002781636139843613,3.8618582038907334e-05,0.00020444100664462894,8,14
0.06243862211704254,0.0006787596503272653,0.009074270725250244,0.00014407419075723737,0.04562454670667648,0.2107243686914444,0.004132507834583521,0.0027673905715346336,0.0028683317359536886,0.04067975655198097,0.4815730154514313,0.04558204859495163,0.0030649288091808558,0.040315017104148865,0.0016712348442524672,0.03842327371239662,0.00035872941953130066,0.0061745005659759045,0.0001166412330348976,0.0015053476672619581,0.0005059505929239094,0.0007488472620025277,0.0008278208551928401,0,10
2.234816633972514e-07,0.9998224377632141,1.429169227407101e-08,1.8221907316373631e-09,1.7752102010604176e-08,3.690786627430498e-07,4.301547846807807e-07,3.253894043098171e-09,2.9056014483330728e-08,1.466694072860264e-07,2.2232557128631925e-08,1.5709510137185134e-07,1.7009655906008447e-08,0.00017158081755042076,3.566482291716966e-07,5.245237022499794e-10,9.583050797346004e-08,4.28909913807729e-07,2.777702547973604e-06,5.340889401850291e-07,1.0625289093013635e-07,1.6604295183242357e-07,3.4452984465360714e-08,1,1
0.0032205963507294655,0.015910722315311432,0.002943409839645028,0.0007025475497357547,0.017905218526721,0.15902605652809143,0.00419346708804369,0.0011659822193905711,0.0009413784136995673,0.009191001765429974,0.008544902317225933,0.005718545522540808,0.29433077573776245,0.001469202572479844,0.0043098460882902145,0.019341088831424713,0.08262809365987778,0.2488372027873993,0.00042926479363813996,0.023648573085665703,0.022306786850094795,0.021444212645292282,0.051791075617074966,1,12
0.01568600721657276,0.002427796134725213,0.04405602067708969,0.029535572975873947,0.45854678750038147,0.006332817021757364,0.020212186500430107,0.0010633992496877909,0.003958448767662048,0.06914381682872772,0.0151144340634346,0.009740760549902916,0.11273472011089325,0.0051760198548436165,0.007014216389507055,0.01887558214366436,0.004430238623172045,0.016860758885741234,0.0007921579526737332,0.14534775912761688,0.0008983882726170123,0.009586301632225513,0.002465867204591632,12,4
0.06538776308298111,0.00011844889377243817,0.02508821338415146,2.840068918885663e-05,0.055225957185029984,0.043323758989572525,0.0006866337498649955,0.0005852084141224623,0.09834904968738556,0.010022765956819057,0.010330665856599808,0.5367289781570435,0.005784128792583942,0.05980971083045006,0.021887198090553284,0.05195687711238861,5.8604811783879995e-05,0.011549573391675949,0.00033414014615118504,0.0011236650170758367,0.0005934113869443536,6.161472265375778e-05,0.0009652229491621256,4,11
3.8177864780664095e-07,2.504678686676698e-10,3.669765078484488e-07,4.092436944880262e-10,6.8735164404643e-07,1.406951923854649e-07,3.114913660340335e-09,1.860497711447806e-08,5.272309522297292e-07,4.43893839019438e-07,8.740621524339076e-06,7.959079084685072e-06,1.0980637910051882e-07,1.8637154042266957e-08,8.442855323664844e-05,0.999895453453064,1.4365183176323626e-07,4.5093187850397953e-07,3.481108379332909e-08,1.1356763707226492e-07,3.032948470149677e-08,8.3127876804312e-10,5.952907500272886e-09,15,15
0.0077318367548286915,5.954004154773429e-05,0.02361789532005787,0.01488492637872696,0.0018198761390522122,3.568815373000689e-05,0.00018438797269482166,0.005456776358187199,0.006622955668717623,0.0005575795075856149,0.010772629640996456,0.00023833692830521613,0.01944378763437271,4.642819840228185e-05,0.018873903900384903,0.7838911414146423,0.023946506902575493,0.03772887587547302,0.007241062819957733,0.013593168929219246,0.011560541577637196,0.00834321603178978,0.00334894098341465,19,15
6.035100523149595e-05,5.8798253377290166e-08,0.9992802739143372,2.2725578219251474e-07,0.0001409071119269356,7.516848199884407e-06,5.407012508840126e-07,1.7606846085982397e-05,5.754248195444234e-05,7.895406270108651e-06,4.381326652946882e-05,5.341354335541837e-05,9.652077278587967e-05,4.455656039681344e-07,4.930863724439405e-06,1.14758458948927e-05,8.579763743910007e-06,0.00016028872050810605,3.4027614219667157e-06,1.803500890673604e-05,1.3961423064756673e-05,7.690024403927964e-07,1.1416834240662865e-05,2,2
0.022655174136161804,0.0004026553069707006,0.5268025994300842,0.000188266669283621,0.015334426425397396,0.003958886954933405,0.0001655535161262378,0.0006987926899455488,0.004089942667633295,0.0008911608601920307,0.0015302388928830624,0.02515755407512188,0.02147115021944046,0.0017272556433454156,0.0052937837317585945,0.038452256470918655,0.0036130896769464016,0.3062913119792938,0.0009623921941965818,0.005979933775961399,0.005605282261967659,0.008575472049415112,0.000152696535224095,17,2
0.016468124464154243,5.7475037465337664e-05,0.0008568592020310462,1.301114843954565e-05,0.0016132215969264507,0.005073388107120991,0.0011141577269881964,0.0015100720338523388,0.1672724187374115,0.010451512411236763,0.0008136836695484817,0.7555543184280396,0.003122564172372222,0.00270633352920413,0.02607966959476471,0.0005236559081822634,2.2127072952571325e-05,0.004792072344571352,0.0009891848312690854,0.00018671492580324411,0.00011213556717848405,1.9014703866560012e-05,0.0006483948673121631,8,11
0.0017796229803934693,9.92234781733714e-05,0.003995316103100777,0.0004592812620103359,0.025084013119339943,0.001242704107426107,0.00030200977926142514,0.0016887837555259466,0.002702477853745222,0.006227922160178423,0.0035545022692531347,0.04543251171708107,0.00436854874715209,0.0016880817711353302,0.0007266267784871161,0.002203255193307996,0.3943568468093872,0.0034079786855727434,0.0030033416114747524,0.001843116944655776,0.4658452570438385,0.0067871022038161755,0.0232014749199152,16,20
9.843007865129039e-05,0.972753643989563,0.00012284613330848515,0.00021982259931974113,2.9185026505729184e-05,0.00011328886466799304,0.002667696913704276,2.9851042199879885e-05,9.84981597866863e-05,0.0013794823316857219,0.00021947863569948822,2.4191500415327027e-05,0.00020238438446540385,8.693169365869835e-05,0.0002769388956949115,5.207685717323329e-06,0.00034280342515558004,2.194802073063329e-05,0.00746855977922678,0.00029861589428037405,0.000350201444234699,0.012111552990972996,0.001078602741472423,1,1
1.1482979971333407e-05,0.9709731340408325,9.508442599326372e-05,1.4886377357470337e-05,1.1285831647001032e-07,3.1749789286550367e-07,7.04578633303754e-05,2.043103268078994e-05,2.8368290259095374e-06,3.694624683703296e-05,6.167119863675907e-05,5.750613922828052e-07,2.254264472867362e-06,1.9385006453376263e-05,1.5261701946656103e-06,2.494177579137613e-06,7.213525532279164e-05,6.794246019126149e-06,0.0002426788123557344,2.8066884624422528e-05,2.1175732399569824e-05,0.028297660872340202,1.7783542716642842e-05,1,1
7.959075446706265e-05,5.559152427281333e-08,0.9978768825531006,6.777667636015394e-07,0.00022471720876637846,0.00013237103121355176,4.962008461006917e-06,1.7700425814837217e-05,0.0005146517069078982,0.0003674273903016001,4.0220358641818166e-05,0.0003806698077823967,4.946901026414707e-05,3.377607208676636e-05,2.3108814275474288e-05,3.9523645682493225e-05,7.959318463690579e-05,4.176974107394926e-05,2.8213997211423703e-05,6.9234470174706075e-06,5.088321631774306e-05,4.256269221514231e-06,2.6135633106605383e-06,2,2
0.0005081521230749786,9.734191230847955e-09,5.60001979010849e-07,1.5120593843676033e-07,9.278913785237819e-05,9.601953934179619e-06,1.0104669854626991e-05,1.179889068225748e-06,2.51143546847743e-06,0.012694879435002804,3.296687646070495e-05,0.9862754344940186,5.6151595344999805e-05,2.1776999346911907e-05,2.9708071451750584e-06,0.00016422354383394122,3.5637805240185116e-07,6.195577589096501e-05,4.7077672206796706e-05,1.6160711311385967e-05,1.698653733228639e-07,5.4618997324951124e-08,9.129918225880829e-07,9,11
0.014892810955643654,2.0799881895072758e-05,0.010019865818321705,0.006161344237625599,0.4997929036617279,0.0007645674631930888,6.862478767288849e-05,0.00016735894314479083,0.001671551843173802,0.014714385382831097,0.31586605310440063,0.00230464362539351,0.034555334597826004,0.00017236080020666122,0.004809833597391844,0.013942431658506393,0.010498336516320705,0.031588491052389145,0.001257613766938448,0.02218608558177948,0.008519481867551804,0.002948942594230175,0.003076159628108144,20,4
0.0004068426205776632,2.8969113827770343e-06,5.547337423195131e-05,4.007528787042247e-06,0.28004005551338196,0.00028988017584197223,8.007817996258382e-06,1.0428895620862022e-05,1.0090368050441612e-05,0.0001096771375159733,4.584423004416749e-05,2.5712801289046183e-05,0.7127428650856018,1.6324625903507695e-05,6.24263338977471e-05,7.112530147423968e-05,5.396544293034822e-05,0.0001800258905859664,7.955100045364816e-06,0.005683481227606535,2.8653861591010354e-05,0.00013816550199408084,6.078278602217324e-06,12,12
1.5131735381146427e-05,2.2542499777955527e-07,0.000911945360712707,5.490345574798994e-05,0.00010154777555726469,1.0260951057716738e-05,8.024115913940477e-07,1.3322100130608305e-05,3.735801510629244e-05,9.257654710381757e-06,4.71964767712052e-06,0.00021591417316813022,7.189794996520504e-05,1.0269742233504076e-05,0.00015644985251128674,0.0003540811303537339,0.9939192533493042,0.003354651853442192,0.00029575530788861215,6.179099000291899e-05,0.00034788556513376534,1.973083635675721e-05,3.2775347790447995e-05,20,16
0.00016073086590040475,0.0001361800532322377,0.00024127525102812797,0.0008281858754344285,0.004270331934094429,0.0004053486918564886,0.00047250933130271733,5.539268386201002e-05,5.889776366529986e-05,0.0020615195389837027,0.0006650023278780282,0.00018733777687884867,0.3865211606025696,6.115590804256499e-05,4.341602107160725e-05,0.00012458112905733287,0.007192917168140411,0.2949711084365845,0.00013709859922528267,0.2880249321460724,0.007689467631280422,7.271772483363748e-05,0.005618692375719547,19,12
2.2372014996108192e-07,5.735242893933901e-07,8.30809085528017e-07,4.994359414922656e-07,4.765626272273948e-06,1.7477714209235273e-05,2.3153313577495283e-06,9.46062339579612e-09,5.531856572815741e-08,7.548402436441393e-07,8.212438018517787e-08,1.1459584925432864e-07,0.9993270635604858,6.885714753934735e-08,4.0414786894871213e-07,6.692525289508922e-08,1.3014731848670635e-05,0.0003348582540638745,5.98155747866258e-06,1.7770156773622148e-05,5.545947487917147e-07,2.0280458556953818e-05,0.00025207147700712085,12,12
0.0032365014776587486,0.00027781090466305614,0.0002961563295684755,0.0017986601451411843,0.00019356227130629122,0.0013500478817149997,0.03566404804587364,0.0006527812802232802,6.0550599300768226e-05,0.912159264087677,0.002550801495090127,0.0008043695124797523,0.002258256310597062,0.0005749857518821955,0.000623371743131429,0.0003525365609675646,7.645313417015132e-06,9.069883526535705e-05,0.03323102369904518,0.0035819546319544315,2.5979059500969015e-05,2.046981535386294e-05,0.00018853084475267678,9,9
0.019929148256778717,8.054521316580576e-08,0.0008698282763361931,6.105202919570729e-05,0.14743715524673462,0.0057047209702432156,1.2684140529017895e-05,4.157879084232263e-05,0.14892275631427765,0.01574278064072132,0.004586688242852688,0.4243353009223938,0.0009599131299182773,0.0003275884664617479,0.18765011429786682,0.040585730224847794,7.003989594522864e-05,0.001540147583000362,0.0005464055575430393,6.730482709826902e-05,0.00011278749298071489,1.4607147704737145e-06,0.0004946410190314054,10,11
0.0007679351838305593,0.002263793256133795,0.0009212032309733331,0.0026089719031006098,0.0005007964791730046,4.0658374928170815e-05,0.000628097215667367,0.0004873260040767491,0.0005274524446576834,0.002399631543084979,0.001415848731994629,0.00414880970492959,0.34829652309417725,7.76674278313294e-05,0.00087919388897717,0.00033057783730328083,0.021087095141410828,0.035643912851810455,0.009778696112334728,0.5488062500953674,0.008547061122953892,0.008913680911064148,0.0009288578294217587,19,19
0.00010702240979298949,6.649251105272924e-08,1.3325779946171679e-05,6.58758835925255e-07,0.003632278647273779,0.13918735086917877,4.883612928097136e-05,0.0003579585172701627,0.136018767952919,0.019005967304110527,0.000399054610170424,0.5439104437828064,2.476717418176122e-05,0.15610195696353912,0.00018169134273193777,0.0003080617170780897,3.2735397326177917e-06,0.0002955331583507359,9.396924724569544e-05,1.585189784236718e-05,5.3915573516860604e-06,1.2172363028639666e-07,0.00028765504248440266,8,11
6.143071459518978e-06,0.9994195699691772,4.391048094021244e-07,5.461653245220077e-07,2.573547419615352e-07,1.9975038867414696e-06,3.337537054903805e-05,7.726737862867594e-07,7.604842267028289e-07,5.2013447202625684e-06,1.0123851552634733e-06,3.119063194390037e-07,4.723541678686161e-06,0.00018440114217810333,4.29364536103094e-06,3.409004634136181e-08,1.1800316315202508e-05,3.819255198322935e-06,2.475969449733384e-05,2.8799862775485963e-05,3.097637090831995e-05,0.00018492400704417378,5.0938753702212125e-05,1,1
0.08813774585723877,0.0005867055151611567,0.05083087086677551,0.00012836040696129203,0.26058244705200195,0.026684364303946495,0.0009532597032375634,0.00024583155754953623,0.0008227151702158153,0.05434601381421089,0.0016143567627295852,0.0035594399087131023,0.3876539170742035,0.003993303049355745,0.0007144292467273772,0.003798068268224597,0.03484997898340225,0.017810184508562088,0.017113102599978447,0.039128437638282776,0.00227536098100245,0.0038311949465423822,0.0003398184198886156,12,12
0.1583815962076187,0.0033671087585389614,0.006401426158845425,0.00028555779135785997,0.31469351053237915,0.00022102706134319305,0.00011484807328088209,0.0007869123364798725,0.0008682488114573061,0.0013066036626696587,0.003546471009030938,0.002459030831232667,0.056882552802562714,5.095786400488578e-05,0.0019477204186841846,0.00259114196524024,0.27580052614212036,0.12161631882190704,0.0014423796674236655,0.011550437659025192,0.015287768095731735,0.018369778990745544,0.0020281828474253416,12,4
0.00022901513148099184,4.102587436438654e-10,1.0464317483638297e-06,1.444983438458891e-10,0.9988619089126587,0.0008819162612780929,1.1128514998404171e-08,6.98997970616233e-10,2.4028702227951726e-06,3.0079363568802364e-06,2.2921820175270113e-07,5.936504408055043e-07,3.6382894563757873e-07,9.170429621008225e-06,8.919576430344023e-06,1.3022283837926807e-06,6.434035526581283e-09,1.2444888675133825e-08,6.407008701359018e-09,1.1202135219434695e-08,2.6531896679671263e-09,1.4990049201912825e-09,4.219149030149083e-09,4,4
2.877274027923704e-06,5.529575901164208e-06,0.0002011839533224702,1.0920587101281853e-06,9.504521585768089e-06,2.153490095224697e-05,9.255251143258647e-07,5.891650289413519e-06,4.746763693219691e-08,8.050259566516615e-06,1.7085841363950749e-06,5.977246837574057e-05,4.990084562450647e-06,6.8012091105629224e-06,1.5974332256973867e-07,3.880998349359288e-07,3.1100307751330547e-06,2.5326796730951173e-06,2.192698275393923e-06,1.3124015367793618e-06,1.8464828599462635e-06,0.9996535778045654,4.814636213268386e-06,21,21
0.9986090064048767,1.326867365980533e-10,2.7255846362095326e-06,4.827184056921396e-07,8.283891656901687e-05,5.58397459826665e-07,1.208463658031178e-07,1.9206650904379785e-05,5.3111943998374045e-05,0.00014578099944628775,0.0008319515036419034,0.00023354664153885096,1.2315060757828178e-06,8.085153240244836e-07,1.1361883025529096e-06,2.8851798106188653e-07,9.061481343053401e-09,1.187189445772674e-05,5.119080469739856e-06,1.899564416874e-08,9.721665605866292e-08,2.065554394192759e-09,1.7521426798339235e-07,0,0
5.7967493916066815e-08,1.9223804770263087e-08,8.586147259848076e-08,7.14485736352799e-07,1.789811562957766e-06,1.251798835255613e-06,9.494409596300102e-07,5.759913435099406e-09,3.442251284013764e-08,1.3382306178755243e-06,1.1307565728202462e-07,2.1166949863982154e-06,0.998185932636261,1.1040024361363976e-07,4.704641298758361e-08,6.113812389685336e-08,1.0063361060019815e-06,0.0016593586187809706,6.779675914003747e-07,0.0001383551280014217,7.72753992350772e-07,1.1859062851726776e-06,4.052445547131356e-06,12,12
0.00666823098435998,0.00045347382547333837,0.02074516750872135,0.00045347510604187846,0.00011554558295756578,1.823606544348877e-05,0.03840433806180954,0.03717196360230446,2.5351806471007876e-05,0.05136774107813835,0.8140401244163513,3.6981164157623425e-05,0.01036063116043806,2.1486671357706655e-06,9.168441465590149e-05,0.00023007929848972708,0.0008359492640011013,0.000289333111140877,0.0005060597904957831,0.0019050183473154902,0.0028889181558042765,0.012129485607147217,0.0012599510373547673,9,10
1.9828657968901098e-05,1.9403316287025518e-08,4.263569280738011e-06,2.2746645456095393e-08,0.9998495578765869,3.493352051009424e-05,3.897256739548993e-09,6.741257330133976e-09,1.3864287495835015e-07,7.940317345855874e-07,7.102933886926621e-05,5.116714874020545e-07,8.81095456861658e-06,2.008924226970521e-08,7.659614311705809e-07,2.9931328526799916e-07,1.598032781657821e-07,5.482540473167319e-06,3.769679679521687e-08,2.8134768399468157e-06,2.44817250916185e-08,2.1446892262133588e-08,3.656848832633841e-07,4,4
6.239980848476989e-06,2.170776625121107e-08,0.9999121427536011,1.8415905245205977e-08,1.3804819900542498e-05,1.151944729826937e-06,1.375967002559264e-07,3.7622245940838184e-07,1.455129616800832e-08,1.0965370620397152e-06,4.3062519239356334e-07,1.4084217809795518e-06,8.042855370149482e-06,2.7948135539190844e-07,1.7615577974083863e-07,9.699930387796485e-07,8.594912287662737e-06,3.926320277969353e-05,3.3112755204456334e-07,3.541143769325572e-06,5.03410547025851e-07,1.219424802911817e-06,1.2786658487584646e-07,2,2
7.0401579250756186e-06,6.57023532801837e-11,7.438430884576519e-07,2.460567305462291e-09,0.0006332113407552242,2.8003973966406193e-06,1.3840474544224435e-08,1.6994260221281365e-08,4.5430036266225216e-07,1.8363422213951708e-06,6.825090622442076e-06,1.5668080095565529e-06,7.01348326401785e-05,7.439157911903749e-08,0.9984278678894043,0.0008417420904152095,3.111476942763147e-08,1.509801563770452e-07,1.8235899901242192e-08,5.584391601587413e-06,1.0461435273612096e-08,2.0101573738884326e-09,2.0595557259639463e-08,14,14
0.0059357089921832085,4.469552195018878e-08,0.0003560194163583219,1.0941630534944125e-05,0.9611815214157104,0.0010633106576278806,2.6091040581377456e-06,1.0632612656991114e-06,9.371568739879876e-05,0.0005990233039483428,0.0002284736547153443,0.02548282966017723,0.0007291659712791443,0.00020874047186225653,0.00013193035556469113,0.000490139180328697,7.1383683462045155e-06,0.0027670119889080524,2.3519747628597543e-05,0.0006788826431147754,5.032281364947266e-07,3.1206806738737214e-07,7.467267096217256e-06,9,4
0.19460788369178772,4.990544084648718e-07,0.001994076417759061,4.793449625140056e-05,0.14866755902767181,0.011997444555163383,4.3541713239392266e-05,5.610264997812919e-05,0.03076287917792797,0.037826813757419586,0.005413512699306011,0.42718809843063354,0.0002785230753943324,0.019670113921165466,0.10064098238945007,0.016929393634200096,1.900729512271937e-05,0.00196808367036283,0.0009559255558997393,5.7628411013865843e-05,2.0060087990714237e-05,2.7735254661820363e-06,0.0008512359927408397,11,11
0.000176198678673245,6.305378337856382e-05,0.0007367984508164227,0.0001226099266204983,0.13667865097522736,0.0002877740189433098,9.050501830643043e-06,7.007228123256937e-05,4.166861253906973e-05,0.000438231771113351,0.001424562418833375,0.0007683435687795281,0.06754402071237564,0.00025945063680410385,0.0012835381785407662,0.0003022070450242609,0.00014379736967384815,0.002865445800125599,0.00026824770611710846,0.7850210070610046,4.812783663510345e-05,0.000571448530536145,0.0008757219766266644,19,19
0.03086037002503872,0.0012991102412343025,0.4322870373725891,0.010412910021841526,0.017342420294880867,0.0007904715603217483,0.03150564059615135,0.014513195492327213,0.009939548559486866,0.011449404060840607,0.03495827689766884,0.00434860959649086,0.03901094198226929,0.000738304341211915,0.04803428426384926,0.2213703989982605,0.006398677825927734,0.03043174557387829,0.0054644872434437275,0.029821312054991722,0.003917434718459845,0.005808129906654358,0.00929725356400013,19,2
0.15627464652061462,0.0002316776808584109,0.01838747225701809,0.001018067356199026,0.08193330466747284,0.03887566551566124,0.0059260716661810875,0.002564815804362297,0.009214473888278008,0.1330137997865677,0.45850512385368347,0.013255835510790348,0.01161634735763073,0.0008880570530891418,0.0001631466584512964,0.0005000059027224779,0.0006441152072511613,0.026762627065181732,0.0246015302836895,0.000829349213745445,0.006478148512542248,0.0050757285207509995,0.003240033518522978,10,10
0.6668959259986877,1.7014968761941418e-05,0.00014991211355663836,5.346113994164625e-06,0.003183794906362891,0.052888043224811554,0.0008771260618232191,0.0002386622509220615,0.006362381391227245,0.07568813860416412,0.0011247366201132536,0.16431529819965363,0.00037822709418833256,0.016590166836977005,0.00027026754105463624,0.009987843222916126,7.746801884422894e-07,0.0007777060382068157,0.00015094573609530926,3.324450153741054e-05,3.681982707348652e-05,7.026865205261856e-06,2.0577335817506537e-05,0,0
5.373638600758568e-07,7.478174666175619e-07,0.001176262740045786,5.9002060879720375e-05,7.384333002846688e-06,1.4458049690802e-06,6.108597290221951e-07,1.0152820323128253e-05,3.720491349668009e-06,5.549542834160093e-07,4.7503218070232833e-07,1.5382663605123525e-06,0.00011133270163554698,6.71875227453711e-07,2.7841233531944454e-06,1.1038084267056547e-05,0.9964061379432678,0.001219105557538569,3.434749669395387e-05,0.0005182221066206694,0.00039816502248868346,2.802874405460898e-05,7.658248250663746e-06,16,16
0.0004649308102671057,6.359812687151134e-05,0.0029202608857303858,0.001014051609672606,0.0003367486933711916,0.002452384913340211,0.6186498403549194,0.0008539479458704591,8.487416198477149e-05,0.3507913053035736,0.0013931752182543278,0.002211536280810833,0.0075957393273711205,0.0012533359695225954,0.000676381925586611,0.0038737214636057615,0.00011298907338641584,0.001129419426433742,0.00051755306776613,0.002788257785141468,3.990320328739472e-05,3.6157583963358775e-05,0.0007399295573122799,6,6
0.9580532312393188,3.1985482706886614e-08,7.563714916614117e-06,9.498633630755648e-07,0.03607909753918648,2.3172506189439446e-05,6.411932531591447e-07,1.8707941080720047e-06,1.2022901501040906e-06,0.0009851378854364157,0.0003869140928145498,0.004093790892511606,6.206724719959311e-06,0.00016809834050945938,8.571878424845636e-07,1.4449534319282975e-05,2.893735882025794e-07,0.00017234482220374048,2.703377504076343e-07,2.4354840206797235e-06,6.158127234812127e-07,6.987947926972993e-07,1.4036764639513422e-07,0,0
3.422000372665934e-05,2.054122887784615e-06,3.213960735592991e-05,0.00017704893252812326,0.001520562800578773,0.005802706815302372,8.208584767999128e-05,2.262684574816376e-05,6.542763003380969e-05,0.011284076608717442,0.001208975096233189,0.0009510267991572618,0.013931304216384888,8.633058314444497e-06,0.00012841250281780958,3.052808460779488e-05,0.0006791495252400637,0.020340552553534508,0.00017752437270246446,0.00044489302672445774,0.0002702687634155154,6.026898063282715e-06,0.9427997469902039,22,22
0.00034887201036326587,2.682931835806812e-06,0.0009239407954737544,4.247138804203132e-06,0.0817270427942276,0.45924869179725647,9.475359547650442e-06,1.713959591143066e-06,4.8286445235135034e-05,0.0002035908546531573,9.454639803152531e-05,3.128266325802542e-05,0.4182059168815613,0.00011480860848678276,3.419007953198161e-06,4.0107022414304083e-07,4.176436777925119e-05,0.016816366463899612,1.9156166672473773e-05,0.021992044523358345,7.8637285696459e-06,2.008100454986561e-05,0.00013387661601882428,12,5
0.01583177037537098,5.778657623523031e-07,0.0013787529896944761,3.4162412703153677e-06,0.01396071445196867,0.0015282975509762764,1.7023345208144747e-05,2.8500910048023798e-05,0.001665947725996375,0.0015803584828972816,0.00027154642157256603,0.9471076130867004,0.0006782315904274583,0.0021976621355861425,0.0023389586713165045,0.008886067196726799,3.6511930829874473e-06,0.00224810978397727,2.657560253283009e-05,0.00022071535931900144,2.8272411327634472e-06,1.847661224019248e-06,2.103556653310079e-05,0,11
0.17224951088428497,2.4684775326022645e-06,0.011452789418399334,5.720521221519448e-05,0.20491762459278107,0.06263912469148636,0.00028719648253172636,0.00017874558398034424,0.04269789531826973,0.03105238266289234,0.003427766030654311,0.13299892842769623,0.003049328923225403,0.029456568881869316,0.2309299260377884,0.07274123281240463,0.0001315414410782978,0.0011977264657616615,0.00011944772268179804,0.0002948441542685032,5.464106288854964e-05,1.1031910617020912e-05,5.197315476834774e-05,5,14
2.3224637857310881e-07,4.4335291704555857e-07,2.5323699446744286e-05,0.9897851347923279,1.1252576541664894e-06,4.075656306667952e-06,5.5706688726786524e-05,9.192068682750687e-05,3.256393756601028e-05,2.3439404685632326e-05,3.805369487963617e-06,4.413363058120012e-06,0.0001373682462144643,0.00012342873378656805,6.628124083363218e-06,3.833152732113376e-06,2.2259111574385315e-05,0.007335990201681852,5.104042065795511e-05,0.0019129985012114048,1.3277459402161185e-05,3.3767023523978423e-06,0.00036169044324196875,3,3
2.7496591428644024e-05,9.90680928225629e-06,0.0001182663909276016,0.0012968642404302955,7.407057273667306e-05,6.576130999746965e-06,5.768382834503427e-06,4.7324060687969904e-06,6.691348062304314e-07,6.471791857620701e-05,0.00015156783047132194,1.9627805158961564e-06,0.0074461111798882484,2.533684528316371e-05,8.139953934005462e-06,3.194462351530092e-06,1.502715349488426e-05,0.08174674957990646,1.0101105544890743e-05,0.9089462161064148,3.470996944088256e-06,2.807460623444058e-05,5.009139385947492e-06,19,19
0.4415285885334015,1.1831394886030466e-06,0.001172842807136476,5.008057996747084e-06,0.4938814043998718,0.019682107493281364,0.0001563501136843115,5.130146746523678e-06,0.02159571833908558,0.00710559356957674,0.0015411562053486705,0.0033666249364614487,0.00016638518718536943,0.0017964212456718087,0.006513815373182297,0.0011552654905244708,1.1761964742618147e-05,8.012136822799221e-05,0.00010263298463542014,2.189976476074662e-05,8.104439621092752e-05,1.749200464473688e-06,2.7169679015059955e-05,0,4
0.0027303555980324745,0.001199501333758235,0.6442362070083618,0.0021808126475661993,0.004734386689960957,0.0014206046471372247,0.0018730406882241368,0.001303257653489709,0.0006489540683105588,0.0015360023826360703,0.0036892560310661793,0.002033662050962448,0.06618594378232956,0.0001983308611670509,0.0018616566667333245,0.002279781736433506,0.005070372484624386,0.14974425733089447,0.0011925498256459832,0.10029134899377823,0.0027301213704049587,0.0021346728317439556,0.0007249032496474683,12,2
0.1909841150045395,1.529111837150765e-10,0.0059608714655041695,4.326752502947784e-07,0.5510077476501465,0.0020374010782688856,3.434109885347425e-06,2.9196544346632436e-06,0.1409488469362259,0.007595248986035585,0.0004259898269083351,0.04677730053663254,2.0479126760619693e-05,0.0009435575339011848,0.02289019525051117,0.03037247806787491,6.233596536731056e-07,2.394645161984954e-05,1.8600268276713905e-06,1.9665519630507333e-06,1.8498559484214638e-07,1.831848273070591e-08,3.7176775435909803e-07,8,4
0.004420493263751268,0.005425738170742989,3.24728898704052e-05,0.00033390280441381037,0.00048710801638662815,7.442581409122795e-05,6.0874597693327814e-05,0.00037806533509865403,5.485154815687565e-06,9.917969146044925e-05,6.816734094172716e-05,1.2253978638909757e-05,0.0007339654257521033,0.0032029489520937204,0.00019357145356480032,3.688370270538144e-05,0.00029985507717356086,0.0002110828791046515,0.00014646963973063976,0.0026011336594820023,0.0002164668549085036,0.9809285998344421,3.0911680369172245e-05,21,21
0.8766975998878479,4.1088183934334666e-05,0.07359065860509872,4.422129222803051e-06,0.004838190972805023,0.007976490072906017,0.007849610410630703,2.7863950890605338e-05,5.448207230074331e-05,0.01732400618493557,0.0002047574962489307,0.0018352200277149677,0.005367899313569069,0.0014253422850742936,1.32151390062063e-05,0.00014619088324252516,1.4922651644155849e-05,0.000741259369533509,0.00013822501932736486,0.0015714641194790602,0.00010040675260825083,1.7329177353531122e-05,1.943631832546089e-05,9,0
1.588096694149499e-07,2.014098754443694e-07,0.00032583752181380987,1.743099687701033e-06,2.2162451429608154e-08,3.0742137369088596e-07,2.4733634518270264e-07,7.311493391171098e-06,7.462037387995224e-08,2.3285832639885484e-07,1.1246265785302967e-07,4.987493866792647e-06,3.1750337257108185e-06,1.9620936200226424e-06,1.9050835931011534e-07,1.3602532078493823e-07,4.636303401639452e-06,1.3672250815943698e-06,8.237315114456578e-07,9.290540106121625e-07,0.00011034168710466474,0.9995348453521729,2.6340924819123757e-07,21,21
0.4098449945449829,1.3500211082373426e-07,0.004179656971246004,7.232089274111786e-07,0.004930253140628338,0.01550532877445221,3.530704270815477e-05,3.488619040581398e-05,6.925132765900344e-06,0.0005879332893528044,3.332446431159042e-05,0.001058271387591958,1.2409976989147253e-05,0.5632824897766113,1.0103354725288227e-05,0.0004093433963134885,6.7330784077057615e-06,1.555004928377457e-05,1.574421548866667e-05,1.2447620974853635e-05,2.0501872768363683e-06,1.5149671526160091e-05,9.105476550530511e-08,10,13
0.011465572752058506,0.005393133498728275,0.0016237396048381925,0.00017027171270456165,0.07688453048467636,0.05067334324121475,0.00010190209286520258,0.0005780008505098522,0.0006322775734588504,0.001910884166136384,0.00027288796263746917,0.0033310584258288145,0.09780316799879074,0.002620786428451538,0.018560541793704033,0.003372367238625884,0.020484203472733498,0.03315587341785431,0.6091181635856628,0.052520669996738434,0.0005155811086297035,0.005674509331583977,0.003136437153443694,18,18
6.134025056780956e-07,2.677072119539048e-09,6.92961776849188e-08,3.1486710128092454e-08,8.85281451701303e-07,2.0542745460261358e-07,4.1256780214382616e-09,2.6434094024807564e-07,1.5564356772301835e-06,1.5151707088989497e-07,5.133705940352229e-07,1.668765071372036e-05,6.81729233065198e-08,0.0001975332706933841,0.9997392296791077,4.008006726508029e-05,3.3431234669478727e-08,9.306584729529277e-07,3.254045850553666e-07,7.428969297507138e-07,1.7628654092050056e-08,2.3848552022087688e-09,2.6304221023565333e-08,14,14
0.07592812180519104,0.006805674638599157,0.008104939013719559,0.00040722140693105757,0.006426382809877396,0.013000642880797386,0.008327647112309933,0.48147478699684143,0.008060912601649761,0.013289447873830795,0.025387179106473923,0.006225275807082653,0.00907247792929411,0.08063884824514389,0.0021257170010358095,0.006486357655376196,0.012036521919071674,0.02040240727365017,0.0012666825205087662,0.0019516174215823412,0.20786814391613007,0.0025037680752575397,0.002209312515333295,7,7
0.2925789952278137,0.11187385022640228,0.0016089098062366247,0.09268215298652649,0.0013979229843243957,0.03671370819211006,0.00966312363743782,0.11079204082489014,0.0008145844331011176,0.006862971466034651,0.0003069827798753977,2.4218757971539162e-05,0.017065798863768578,0.004324082285165787,4.670162161346525e-05,0.0038757422007620335,0.002141397912055254,0.09679120779037476,0.0016692578792572021,0.005975725594907999,0.05047004669904709,0.145423024892807,0.006897461600601673,7,0
0.9959681034088135,6.996491492827772e-07,0.0003295188653282821,2.235365315073068e-08,6.099614984123036e-05,0.0008956376113928854,0.00038973463233560324,0.0001482152147218585,2.0590971416822867e-06,0.0008852225728332996,1.5918224107736023e-06,0.00033143983455374837,4.37208154835389e-06,0.0004884214722551405,2.395983074165997e-07,0.0004729442298412323,1.385538439535594e-07,1.1459340385044925e-05,1.0403388159829774e-06,1.1717968391167233e-06,5.9487929320312105e-06,7.797226544425939e-07,1.914555554094477e-07,0,0
0.0004541813104879111,7.758977460525784e-08,0.00017149312770925462,1.9755432845158793e-07,0.008547881618142128,0.0006086254143156111,5.902848442929098e-06,1.1000179256370757e-05,0.006913649383932352,0.0001209457332151942,0.0006610347772948444,0.03789699822664261,4.138238000450656e-05,0.0001394771970808506,0.8588714003562927,0.08538801223039627,5.137030257174047e-06,2.1920346625847742e-05,1.0019198271038476e-05,1.739911203912925e-05,5.7594097597757354e-06,1.6521526902124606e-07,0.00010735471732914448,14,14
0.0005859864759258926,0.9975589513778687,1.596106267243158e-05,1.2245884136063978e-05,3.142456625937484e-05,4.1712333768373355e-05,0.0002842067915480584,6.7374562604527455e-06,2.0190848317724885e-06,0.0002183626202167943,0.0002337671903660521,1.9752785362925351e-07,0.0001342221221420914,3.313594106657547e-06,9.053830581251532e-06,6.2848230300005525e-06,3.440908403717913e-05,9.280003723688424e-05,0.00011499693937366828,0.00018556388386059552,0.00014424206165131181,0.0002443941484671086,3.9072343497537076e-05,1,1
3.034631117770914e-05,2.4141927497112192e-06,0.00017155897512566298,0.00014293160347733647,0.9691910147666931,0.0005648916121572256,1.2182500768176396e-06,1.727979542920366e-05,0.0002468949242029339,0.00011220959277125075,0.0001395749277435243,0.00030946655897423625,0.0009162634960375726,6.171312998048961e-05,0.00012192763824714348,4.440687189344317e-05,0.013267435133457184,0.0023522956762462854,2.656920514709782e-05,0.004188717808574438,0.0023975048679858446,0.0005079979309812188,0.00518528139218688,20,4
4.0950646507553756e-05,0.000600090716034174,0.001704184920527041,0.0014682488981634378,3.673814353533089e-05,0.0015410585328936577,0.0020159564446657896,0.00042312676669098437,5.715791121474467e-05,0.02599789947271347,0.10130130499601364,0.0003388857585377991,0.25610262155532837,4.053562952321954e-05,5.2508657972794026e-05,0.00033110560616478324,0.018860045820474625,0.05980028584599495,0.0011986505705863237,0.07537402212619781,0.019298220053315163,0.01029276568442583,0.4231237769126892,22,22
1.1809763122982986e-07,5.23012577691162e-10,1.0435655184437564e-07,1.1961064956267364e-06,0.001415862119756639,2.652481271070428e-06,2.7424617243809735e-08,4.510237516797133e-08,3.5316568869347975e-07,2.886496552889639e-08,1.336194443979366e-08,2.207858074143587e-08,0.9983252882957458,2.484437686689489e-07,1.0395862659606792e-07,6.2089648977803336e-09,6.386386530721211e-07,3.119941902696155e-05,9.31198655962362e-08,0.0002202054747613147,2.9141352797523723e-07,9.408846040059871e-07,6.530370342261449e-07,12,12
0.0007471224525943398,3.4302206586289685e-07,0.9804471731185913,2.2929742726773839e-07,0.0022285119630396366,0.0008519080001860857,5.89443607168505e-06,0.0001143013359978795,0.0004592399927787483,0.0010913077276200056,9.399813279742375e-05,0.011767126619815826,3.834567905869335e-05,0.000638997124042362,2.6569838155410253e-05,0.00022456058650277555,0.0003871649969369173,0.0006440156139433384,7.4650532042142e-05,1.0081042091769632e-05,0.00012103003246011212,6.0721104091499e-06,2.1312684111762792e-05,2,2
4.701971192844212e-06,1.784570581586653e-11,4.676126152958204e-09,3.684840876871931e-08,1.6487983884871937e-05,5.064656761533115e-06,8.943023033225472e-08,1.9806044804226985e-07,5.828125040352461e-07,0.0014465436106547713,0.9981380701065063,0.00038214947562664747,4.160081701343188e-08,3.0788382900936995e-06,2.2798303689341992e-06,2.0908542808228958e-07,1.2913820013338295e-10,7.818682945526234e-08,3.729836350885307e-07,7.097892051888266e-09,3.1019513624386263e-09,1.1532487187437823e-09,1.7192337509186473e-07,10,10
0.0037572134751826525,1.1373989394769524e-07,1.4367420590133406e-05,7.480134627257939e-07,0.9555249214172363,0.005113263614475727,5.257596967567224e-06,3.627330329436518e-07,4.556758540275041e-06,0.004321242216974497,3.068521255045198e-05,0.01953774504363537,2.327050424355548e-05,0.011590334586799145,1.313498978561256e-05,3.462860331637785e-05,2.5255785658373497e-06,4.734584308607737e-06,1.315875579166459e-06,1.2256615264050197e-05,5.676574801327661e-07,1.967357775356504e-06,4.858190095546888e-06,9,4
0.11066368222236633,0.002323717577382922,0.02242656983435154,0.0013756316620856524,0.04026488959789276,0.0407111793756485,0.0010924222879111767,0.012829028069972992,0.0011126730823889375,0.04411965608596802,0.00397385424003005,0.0340108796954155,0.007157826796174049,0.6362276673316956,0.014614027924835682,0.0007579028606414795,5.521624188986607e-05,0.010738421231508255,0.004329020157456398,0.010808558203279972,1.8776923752739094e-05,0.00014263445336837322,0.00024578272132202983,13,13
5.603882300420082e-07,3.4697609407885466e-07,2.7754051643569255e-06,2.1599863941901276e-07,2.4215108140879238e-08,7.195747002697317e-07,7.760977638326949e-08,2.9934264489384077e-07,1.8202156226720945e-08,7.851188854601787e-08,1.254039272424734e-08,1.1099032235506456e-06,2.405694431217853e-05,1.0498445135453949e-06,5.322672080865232e-09,9.857946459135292e-09,7.012559990471345e-07,4.874974820268108e-06,1.9224091374780983e-05,1.4418624516565615e-07,2.5462575194978854e-06,0.9999409914016724,6.088269799420232e-08,21,21
2.4951375962700695e-05,1.5045573675820378e-09,3.1839425673751975e-07,1.7489285020211298e-10,0.9957506656646729,0.00412063067778945,1.6437013528047828e-08,3.1357727525715973e-09,7.165660917962668e-07,7.275183179444866e-06,3.688235494792025e-07,7.899377669673413e-05,9.647827027947642e-06,2.6972916202794295e-06,2.8495745141299267e-07,3.405922655019822e-08,6.98418176625637e-08,7.432684014929691e-07,2.0886409046738663e-08,8.624794531897351e-07,1.8330108275677048e-07,4.88779106078141e-09,1.5160593420660007e-06,5,4
1.8298227587365545e-05,5.017342118662782e-05,4.990617890143767e-05,0.00011489455937407911,5.476207661558874e-06,1.091969261324266e-05,5.293919093674049e-05,1.1911937690456398e-05,7.228404683701228e-07,6.635327008552849e-05,1.670825258770492e-05,3.161880840707454e-06,0.003137297462671995,3.418255437281914e-05,9.040682016348e-06,1.6815858998597832e-06,4.252323560649529e-05,0.0006797805544920266,0.0001663566508796066,0.9954207539558411,9.563508683640976e-06,3.585021840990521e-05,6.143437349237502e-05,19,19
0.0024040527641773224,5.878941374248825e-05,0.006404558662325144,3.053336331504397e-05,0.001309058628976345,0.00016145003610290587,1.0928991287073586e-05,7.624257705174387e-05,0.00012586230877786875,0.00010572581959422678,0.00011961456038989127,0.0008892476325854659,0.0770602822303772,8.442004764219746e-05,3.7007859646109864e-05,0.00036326967529021204,0.0006115974392741919,0.729049563407898,0.00044579824316315353,0.17947739362716675,0.0006516204448416829,0.00014232554531190544,0.00038074309122748673,12,17
0.13700152933597565,1.1029836599618648e-08,0.24506276845932007,2.1532867322093807e-05,0.019339026883244514,0.001972008030861616,7.057285256450996e-05,0.005341037176549435,0.40079542994499207,0.010507985018193722,0.028911253437399864,0.003124179318547249,0.0024853150825947523,8.138005796354264e-05,0.09394336491823196,0.048234812915325165,8.212861575884745e-05,0.0007365550263784826,0.0019366252236068249,5.606734339380637e-05,0.0002367941488046199,6.31061493550078e-06,5.330935164238326e-05,9,8
4.741211887449026e-05,9.790992771741003e-05,4.7660731070209295e-05,4.1524384869262576e-05,2.797797969833482e-05,0.00010570346057647839,5.400451846071519e-05,3.5717878290597582e-06,4.503010131884366e-06,7.361900497926399e-05,1.9254362996434793e-05,3.051833118661307e-06,0.986562192440033,3.2997240850818343e-06,3.4332319955865387e-06,5.986241376376711e-06,0.0003690692246891558,0.006277166306972504,0.0002282978966832161,0.0024206137750297785,0.0006724763661623001,0.0015179136535152793,0.0014134888770058751,12,12
0.0970023050904274,2.0185819948892458e-07,0.09955397248268127,2.4145123461494222e-05,0.06691031903028488,0.002723836340010166,3.3528514904901385e-05,0.000340141385095194,0.06098688766360283,0.013875419273972511,0.019837170839309692,0.57334965467453,0.00085241295164451,0.00022826562053523958,0.010975794866681099,0.01819583773612976,3.105195355601609e-05,0.03306017071008682,0.0014944641152396798,0.00013667420716956258,7.322679448407143e-05,2.4001278688956518e-06,0.0003119961766060442,5,11
1.091355215976364e-06,0.9999160766601562,5.704019940822036e-07,1.505024904702168e-08,7.457539652477863e-08,1.009799802886846e-06,4.930207069264725e-07,2.745109952684288e-07,1.0241657122378456e-07,1.6425539683950774e-07,1.5464648583929375e-07,1.548048089716758e-07,2.2180030612162227e-07,2.471175503160339e-05,1.1362870111497614e-07,1.2837337415305683e-08,6.68443988161016e-07,3.205602479283698e-05,3.6397420899447752e-06,3.0756459636904765e-06,6.558940981449268e-07,1.4397092854778748e-05,2.0916704102091899e-07,1,1
0.01867811195552349,0.00021117865981068462,0.024240877479314804,3.250330701121129e-05,0.03993368521332741,0.0002842070534825325,2.4991455575218424e-05,0.00012806117592845112,0.00042861918336711824,0.00021996079885866493,0.0017266871873289347,0.00035305804340168834,0.8335071802139282,0.00023166227038018405,0.004256254993379116,0.000387374748243019,0.0006020436994731426,0.0014516639057546854,0.0005025413702242076,0.0630238950252533,0.0005608355277217925,0.009177160449326038,3.7490332033485174e-05,19,12
4.757181886816397e-05,2.6121542759938166e-06,0.00068664614809677,0.00021392655617091805,0.0006094880518503487,1.4340456800709944e-05,6.173123665575986e-07,0.00010827951336978003,0.0005820755613967776,1.4666915376437828e-05,6.007702904753387e-05,0.00037560140481218696,0.0008257689187303185,2.682890772121027e-05,0.0003212238952983171,0.0005352483130991459,0.0010854590218514204,0.9736207127571106,5.209234223002568e-05,0.01989787258207798,0.0005113735678605735,2.0156299797235988e-05,0.00038733994006179273,17,17
0.0054339449852705,0.007390122395008802,0.009179482236504555,0.00015655918105039746,0.0008533603977411985,0.0029244532343000174,5.695675645256415e-05,0.0007726183976046741,1.886026257125195e-05,0.0007841258775442839,0.00042210574611090124,0.004401243757456541,0.01106333825737238,0.001168166403658688,7.673181971767917e-05,0.0008286171359941363,0.0048505510203540325,0.06934778392314911,0.04034515097737312,0.004576781298965216,0.0007335133268497884,0.8324238061904907,0.002191663021221757,21,21
1.0965572073473595e-05,4.303787477510923e-07,1.824169339670334e-05,8.339128726220224e-06,0.003494944656267762,3.535337236826308e-05,4.331969876147923e-07,1.4872883184580132e-05,6.025315815350041e-05,1.584095116413664e-05,2.728814069996588e-05,0.002210716949775815,0.9544939398765564,4.045666628371691e-06,0.0006953497650101781,3.856694820569828e-05,5.059724935563281e-05,0.004254759289324284,9.885466170089785e-06,0.03444736823439598,5.8281631936552e-05,1.5214783161354717e-05,3.4322572901146486e-05,12,12
0.0498826690018177,6.88305812346357e-09,0.00012401907588355243,1.1425922821217682e-06,0.9297782182693481,0.0035734085831791162,2.384732624705066e-06,1.1604881819948787e-06,0.0021984470076858997,0.0074030738323926926,0.00016302712901961058,0.004011083394289017,3.3260595955653116e-05,0.002037185477092862,0.0006495293928310275,0.00011162807641085237,3.96622056086926e-07,2.1033987650298513e-05,2.250961188110523e-06,4.59050261270022e-06,4.192476978914783e-07,1.171415533463005e-07,8.184817374967679e-07,0,4
0.7631218433380127,7.857469341843171e-08,3.271236710133962e-05,1.6481077125263255e-07,0.02099369280040264,0.009176882915198803,0.00017342394858133048,6.518051668535918e-05,0.004175879526883364,0.10914720594882965,0.00036670806002803147,0.09173216670751572,4.224692384013906e-05,0.0007992304163053632,2.981364843890333e-07,6.7635505729413126e-06,7.965135182530503e-07,2.1447873223223723e-05,2.086642780341208e-05,5.204866511121509e-07,0.00010266008030157536,1.1741154821720556e-06,1.807508488127496e-05,0,0
0.9998810291290283,2.609399807340651e-09,1.3362198387767421e-06,6.782518435777263e-10,9.526583016850054e-05,1.0577165312497527e-06,5.072622322188636e-09,2.8150429898232687e-07,4.348152060629218e-07,1.8822328229362029e-06,2.7762325771618634e-07,1.5021000763226766e-06,7.2232666070704e-08,6.980463240324752e-06,3.427046701975911e-10,4.91043920192169e-07,2.8965183673790307e-07,2.3501179384766147e-06,4.291796695810035e-09,5.0600794665456306e-09,6.321882665361045e-06,2.8472072699514683e-07,3.1041083592420193e-10,0,0
0.3779909014701843,1.6508560065631173e-06,0.00010740655852714553,8.783832754488685e-07,0.25709736347198486,0.0175587497651577,5.8089328376809135e-05,3.478208964224905e-05,0.0022076312452554703,0.007401276845484972,0.00012885921751149,0.3262844979763031,0.000954305287450552,0.0039039761759340763,5.016494105802849e-05,0.0004063250089529902,8.749705011723563e-05,0.005158549174666405,2.0843843230977654e-05,0.0002369903086218983,0.000254219543421641,3.4497804790589726e-06,5.155836697667837e-05,5,0
1.2991243238502648e-05,0.0001405164657626301,9.135684376815334e-05,4.652870848076418e-05,6.141555059002712e-05,0.0001009507104754448,0.0015583531931042671,6.010817287460668e-06,4.2363579268567264e-05,0.0003638387133833021,1.9991606677649543e-05,2.7457281248643994e-05,0.9813692569732666,3.318059680168517e-05,2.8793952878913842e-05,7.30604142518132e-06,0.00012965443602297455,0.0014252245891839266,0.007173163816332817,0.0048642768524587154,0.00015538395382463932,0.0008470244356431067,0.0014949230244383216,12,12
0.31983622908592224,1.5754607618490013e-09,0.011268410831689835,7.149994053179398e-05,0.010801986791193485,0.0005361107760109007,0.00011745077063096687,9.186913666781038e-05,0.0074727884493768215,0.5191726088523865,0.0268766637891531,0.09097331017255783,5.9039713960373774e-05,0.0016763675957918167,0.004273613914847374,0.003959048539400101,1.204241743835155e-05,7.55773507989943e-05,0.002706737956032157,2.606020188977709e-06,1.157992119260598e-05,6.743247240592609e-07,3.819624907919206e-06,9,9
0.0017821318469941616,2.9770426408504136e-05,8.254868589574471e-05,0.0012631616555154324,0.08635002374649048,0.005154208280146122,0.00012918600987177342,0.0010644204448908567,9.928777581080794e-05,0.0077467444352805614,0.0010158634977415204,0.004318601917475462,0.0933254137635231,6.609728734474629e-05,0.0007027426618151367,5.349827915779315e-05,0.00013032481365371495,0.38074347376823425,0.0013903334038332105,0.3212234079837799,0.0001686818723101169,1.346388307865709e-05,0.09314661473035812,19,17
0.0001440563501091674,3.712612669914961e-05,0.0008164212922565639,4.534045365289785e-05,0.00047360174357891083,2.9518792871385813e-05,1.5208679542411119e-06,1.885099300125148e-05,2.8739890694851056e-05,1.3255540579848457e-05,0.00020074482017662376,7.320296572288498e-05,0.148285910487175,2.201231382059632e-06,7.473933237633901e-06,0.00014312721032183617,0.6190158724784851,0.09328591823577881,0.00010369728261139244,0.016299467533826828,0.11495456099510193,0.00350312446244061,0.0025162561796605587,16,16
0.0013370546512305737,5.348049398889998e-07,5.938609319855459e-05,3.4926816994129695e-08,0.00010014233703259379,3.106513395323418e-05,6.087532824494701e-07,6.034278158040252e-06,2.3813681764295325e-06,6.198054052219959e-06,1.1831387382699177e-05,0.00031163872336037457,0.005777409300208092,1.0566899618424941e-05,4.0520916400055285e-08,3.0102971777523635e-06,0.016688106581568718,0.01757500134408474,3.2703965189284645e-06,0.0005578621639870107,0.9570360779762268,0.00046518316958099604,1.658157088968437e-05,20,20
6.7344121816859115e-06,3.119658309458373e-09,2.155510173906805e-06,2.951701327802425e-09,0.00017657996795605868,1.3558735190599691e-05,3.314368157703029e-08,2.55926533299089e-08,4.575483956159587e-07,1.229002236868837e-06,1.772897633145476e-07,0.00015048804925754666,0.00012249898281879723,2.1079215002828278e-05,3.5820719723744787e-09,3.4887658983961956e-08,3.7636457363987574e-06,0.9992319345474243,2.3087764589035942e-08,0.00026646105106920004,1.20394679470337e-06,8.32920221682798e-09,1.4734698652318912e-06,17,17
0.7139633297920227,5.2565378716451505e-09,3.671356171253137e-05,6.528591711685294e-07,0.0519048310816288,0.0004431416164152324,3.3405263820895925e-05,2.6564659492578357e-05,0.01962641440331936,0.027111785486340523,0.0003620124189183116,0.17609287798404694,4.577494473778643e-05,0.0003305689606349915,0.00443124957382679,0.005445173475891352,9.935583875630982e-07,2.3249571313499473e-05,7.121828821254894e-05,1.8007600601777085e-06,1.1950717180297943e-06,1.5795825092368432e-08,4.701830766862258e-05,9,0
3.5345458400115604e-06,6.481817860226613e-11,2.5828865091170883e-07,1.4762090438935616e-09,1.6788149878266267e-05,3.0514881927956594e-06,6.703056776302674e-09,6.367836924425774e-09,1.0555294949199379e-07,3.776791345444508e-06,3.1505471270065755e-05,4.11982711057135e-07,8.231737069763767e-08,1.9616487989537745e-08,0.0017854418838396668,0.9981548190116882,2.0960211344345225e-08,1.0587818621843326e-07,2.9786946242893464e-08,2.529272968843088e-08,5.985612894221504e-09,8.94947727037021e-10,1.4441300599798979e-08,15,15
0.0002474961511325091,2.61859618433391e-08,0.00016842428885865957,0.00010147268767468631,0.014515835791826248,2.0524952560663223e-05,8.28016595733061e-07,2.1560033928835765e-05,0.001765918335877359,0.00013496384781319648,0.0005752825527451932,0.012720033526420593,0.001046684687025845,7.998775981832296e-05,3.646358163678087e-05,2.9049075237708166e-05,0.00014833257591817528,0.9620994925498962,3.329989340272732e-06,0.005718291737139225,0.0004931384464725852,8.092290499916999e-07,7.225623994600028e-05,17,17
5.850441084476188e-05,9.544336535327602e-06,0.0003771625051740557,4.929502756567672e-05,0.027265729382634163,0.00020061193208675832,1.549524426991411e-06,4.745561909658136e-06,1.1907266525668092e-05,1.264511956833303e-05,5.49853075426654e-06,2.3300492102862336e-05,0.0011605685576796532,4.618463572114706e-05,1.3654156646225601e-05,5.810786205984186e-06,0.9369972944259644,0.0017800467321649194,0.02996121533215046,0.0011160781141370535,0.0002542840375099331,0.0006247999845072627,1.9535635146894492e-05,16,16
0.006488797254860401,5.501422128872946e-05,0.0006860019057057798,0.00011330215784255415,0.005499938037246466,0.8563653230667114,0.0027599830646067858,2.5642735636211e-05,0.00018360857211519033,0.028353126719594002,0.04862958565354347,0.0012359226820990443,0.027623187750577927,0.002829293953254819,0.00038194176158867776,0.0002801240189000964,6.459118594648317e-05,0.01011939812451601,0.00046554996515624225,0.005426853895187378,0.00011675057612592354,0.0002238913584733382,0.002072105649858713,12,5
0.09155385196208954,1.7961186813408858e-06,0.013561387546360493,2.572958919699886e-06,0.27356481552124023,0.31853553652763367,9.048178617376834e-05,2.964742452604696e-05,0.0007854377618059516,0.0010508630657568574,0.014201989397406578,0.010067733936011791,0.030283629894256592,0.003240269608795643,8.7852640717756e-05,8.139450801536441e-05,0.00011057750816689804,0.19586603343486786,5.35048184246989e-06,0.045907966792583466,9.295881318394095e-05,1.540627067697642e-06,0.0008763516088947654,0,5
9.231662261299789e-05,1.60897816385841e-05,0.000634332827758044,0.00015452696243301034,0.0006696890341117978,1.2218300980748609e-05,1.1033873306587338e-05,1.4386206203198526e-05,3.307296765342471e-06,5.510994742508046e-05,9.175549348583445e-05,3.461582673480734e-05,0.0013009117683395743,0.000191983170225285,0.00013002401101402938,2.2993850507191382e-05,5.0275702960789204e-05,0.0036635983269661665,0.00032790820114314556,0.9924646615982056,4.4867033466289286e-06,4.5857821532990783e-05,7.80231857788749e-06,19,19
0.00402696942910552,0.9658060669898987,0.004296027589589357,9.99283543023921e-07,0.00012029006757074967,8.245076605817303e-05,0.00014664555783383548,8.07647084002383e-05,3.3897093089763075e-05,5.716189116355963e-05,1.1348766747687478e-05,7.636519148945808e-05,7.479779742425308e-05,0.01416713371872902,7.479272608179599e-05,0.0007959234062582254,0.0027425021398812532,0.005017464514821768,0.0006046006456017494,0.0013368991203606129,0.00016675412189215422,0.00022385142801795155,5.621195668936707e-05,1,1
0.031399697065353394,9.954354673880061e-09,1.8520175899539026e-06,9.36554389596722e-10,0.9670312404632568,0.0008328749099746346,4.278190246509439e-08,4.134536268907141e-08,4.578787411446683e-05,0.00015243567759171128,8.49673233460635e-06,0.0003545302606653422,5.013636382500408e-06,0.00016011041589081287,3.787155947065912e-06,9.863157401923672e-07,1.6377005351841945e-07,8.369778470296296e-07,1.8564038839485875e-07,3.207694589946186e-07,9.272367265111825e-07,5.1319752891743065e-09,6.460068675551156e-07,0,4
1.2001642062386964e-06,3.056788386857079e-07,1.246546474931165e-07,0.0016049661207944155,1.6063564544310793e-05,1.4605385331378784e-05,0.00041913907625712454,5.182453151064692e-06,1.0340197320601874e-07,0.9888141751289368,1.4662829016742762e-05,8.946849266067147e-05,0.0011831959709525108,0.000201022470719181,5.995744504616596e-05,2.0008423234685324e-05,9.368891085159703e-08,6.357450956784305e-07,9.0731235104613e-05,0.007463141810148954,4.062880165633942e-08,3.128383241346455e-07,8.694412940712937e-07,9,9
0.00025208850274793804,4.802224793820642e-06,0.006962986662983894,0.0020715452264994383,0.020629163831472397,0.0005275384755805135,3.729194213519804e-05,1.7167654732475057e-05,5.283097380015533e-06,0.00048600276932120323,0.00015495764091610909,0.00018486968474462628,0.013803196139633656,0.00020611393847502768,9.1496922323131e-06,0.00034397581475786865,0.001535751624032855,0.7506279945373535,1.7317785022896715e-05,0.20198631286621094,5.835253887198633e-06,4.3003637983929366e-05,8.765725942794234e-05,17,17
6.210690480656922e-05,7.564401727222503e-08,6.503523195533489e-07,5.994367029416026e-07,0.9976460337638855,0.00031312802457250655,3.405099278097623e-07,6.10488143593102e-07,3.7917176086921245e-05,8.118798723444343e-05,0.00018994910351466388,0.0013421791372820735,2.797634806483984e-05,4.4612974306801334e-05,0.0001062181981978938,6.477572242147289e-06,7.466337592632044e-07,7.837747398298234e-05,2.4757900973781943e-06,4.740411168313585e-05,4.4525793896355026e-07,2.676422354852548e-07,1.0195988579653203e-05,17,4
0.8365903496742249,5.614057272396167e-07,0.0004807027871720493,1.7473499610787258e-05,0.1455179750919342,0.0004248186887707561,8.215080015361309e-06,5.2747032896149904e-05,0.0012725439155474305,0.0008843973628245294,5.9550657169893384e-05,0.006099549122154713,7.026291132206097e-05,0.004905663896352053,6.365614535752684e-05,0.0017112783389165998,1.728815186652355e-05,0.0016855751164257526,7.393948635581182e-06,8.173727837856859e-05,4.125567284063436e-05,4.878133495367365e-06,2.275600081702578e-06,0,0
0.9036952257156372,1.4054071471036877e-06,7.490324060199782e-05,6.92013315983786e-07,0.003689274424687028,0.004006745293736458,1.2772803529514931e-05,0.014885715208947659,0.0032467099372297525,0.00020579689589794725,6.973897689022124e-05,0.06241361424326897,2.2261065169004723e-05,0.0013758189743384719,5.826083906868007e-06,0.006056817248463631,3.0572263653994014e-07,0.00015976873692125082,9.461191439186223e-07,1.8958264718094142e-06,1.222428272740217e-05,3.9849994209362194e-05,2.176460111513734e-05,0,0
0.0044733998365700245,8.071084356409131e-10,4.391505626699654e-06,5.056238023826154e-07,0.5956177711486816,0.014940463937819004,1.581696778885089e-05,2.7054261408920866e-07,9.676998161012307e-05,0.3264923095703125,0.041604265570640564,0.009773902595043182,1.1712189916579518e-05,0.006822577677667141,0.00013007847883272916,9.297136784880422e-06,3.325422781585985e-08,9.55659857027058e-07,7.882168233663833e-07,1.3249449466457008e-06,1.2632339974061324e-07,1.5798862307292438e-07,3.0647829589725006e-06,9,4
0.0018890490755438805,4.4767947571244804e-08,0.00020518813107628375,2.659817482708604e-06,0.000778100686147809,0.06119316443800926,0.0014058055821806192,1.1919941243832e-05,0.0017657269490882754,0.8278555274009705,0.022863049060106277,0.07865328341722488,0.0017501272959634662,0.0003580674820113927,0.00016366312047466636,0.0004851349804084748,2.4142186703102197e-06,8.45143586047925e-05,0.00022326894395519048,2.3190217689261772e-05,2.632704854477197e-05,6.551979936375574e-07,0.0002592403907328844,9,9
0.00031151596340350807,3.777027450269088e-05,0.0002508397737983614,0.0006481751333922148,2.6422780138091184e-05,6.998325261520222e-05,0.00011763470683945343,3.317286245874129e-05,6.664446573267924e-06,0.0005296955350786448,0.00012132508709328249,5.736700404668227e-05,0.731893002986908,1.3308844245329965e-05,3.5231512356403982e-06,5.389847956394078e-06,1.3212100384407677e-05,0.014979247003793716,0.002531561302021146,0.24804985523223877,4.627521047950722e-05,0.00012059879372827709,0.00013339536963030696,19,12
3.570187914192502e-07,2.87312756919178e-10,3.5923022778661107e-07,5.5403649668051e-08,6.478455361502711e-06,1.3816472232974775e-07,3.324367670032302e-09,7.642051258471838e-08,5.3250846576702315e-06,3.957344176797051e-07,2.0966135707567446e-06,1.974820634131902e-06,3.1023566293697513e-07,2.2765755147702293e-06,0.9998261332511902,0.00015258108032867312,3.095829370636238e-08,3.333479412503948e-07,3.62235937245714e-07,4.00665442157333e-07,6.159399390526232e-08,2.2411275057976354e-09,2.0988233018215396e-07,14,14
0.009073588997125626,0.0018464280292391777,0.07658470422029495,0.0007328553474508226,0.004476381000131369,0.0019978340715169907,0.0022629068698734045,0.00038481506635434926,0.0001507833512732759,0.002770521678030491,0.002222108654677868,0.0005505653680302203,0.38523441553115845,0.0005758304614573717,0.0022152678575366735,0.006923540495336056,0.006354473531246185,0.35672643780708313,0.0035095966886729,0.12852130830287933,0.004210664425045252,0.0020060837268829346,0.0006688157445751131,17,12
0.0003684701514430344,2.8760616110901083e-09,2.0847687665082049e-07,1.0207362066694259e-08,0.0029860048089176416,1.0319035936845466e-05,2.1370202318848897e-07,6.332616067084018e-07,1.5539017113042064e-05,0.00015384494327008724,1.866151433205232e-05,0.9963725805282593,1.2599977026184206e-06,2.614040749904234e-05,3.2101058877742616e-06,1.3242161003290676e-05,1.0250935389422011e-07,2.6798083126777783e-05,3.594199995404779e-07,6.905093528075668e-07,2.233477971458342e-07,6.988073675273654e-09,1.485263169342943e-06,11,11
0.011069066822528839,1.5706019595995713e-08,1.2298709179958678e-06,2.0895356556138722e-07,0.969792902469635,0.0164264477789402,1.0918563475570409e-06,6.059623842702422e-07,0.00014807911065872759,0.0005171968950890005,2.9488290238077752e-05,0.0016366424970328808,0.00010282976290909573,0.00010550901788519695,6.12883159192279e-05,2.7885371309821494e-05,6.329397024273931e-07,5.7705103245098144e-05,1.2598941339092562e-06,5.2885125114698894e-06,4.705432274931809e-06,2.8695546916424064e-07,9.699643669591751e-06,4,4
0.00016401986067648977,0.061247825622558594,0.23200871050357819,0.0007472097058780491,2.4528113499400206e-05,2.0027782738907263e-05,0.0011897104559466243,0.001368656987324357,6.287640280788764e-05,0.0002802787348628044,0.0005563063314184546,0.00016154904733411968,0.003258251119405031,3.227411798434332e-05,3.3892501960508525e-05,0.0013002457562834024,0.0641193687915802,0.0171430092304945,0.0007425393559969962,0.022712010890245438,0.008782478980720043,0.583776593208313,0.0002676036674529314,1,21
0.0018165670335292816,0.0005269873072393239,0.00036866316804662347,0.00047131962492130697,0.002418405609205365,0.00035578192910179496,4.165029167779721e-05,7.182188710430637e-05,1.9906727175111882e-05,0.0004581469402182847,0.0002351987495785579,6.2025741499383e-05,0.30349454283714294,7.942767115309834e-05,7.707678742008284e-05,0.00011637870193226263,0.00012992556730750948,0.618762731552124,0.00045597535790875554,0.06757073849439621,0.0002862252586055547,0.0018017241964116693,0.00037874808185733855,12,17
5.716073701478308e-06,3.1117106118472293e-06,0.00037128699477761984,4.394024017528864e-06,3.7941326809232123e-06,2.8753038350259885e-05,0.9949592351913452,4.353782060206868e-05,1.738883111102041e-05,0.004361886531114578,2.0169549316051416e-05,1.2965944733878132e-05,1.090565183403669e-05,7.29804378352128e-05,2.445773361614556e-06,1.5016407814982813e-05,2.336057605134556e-06,6.852076694485731e-06,7.863095561333466e-06,8.886175237421412e-06,1.6813609136079322e-06,4.479626340980758e-07,3.821887366939336e-05,6,6
3.835868028545519e-06,1.4195189912413753e-08,4.4218410266694264e-08,7.387869800368208e-07,1.5415024563480983e-06,6.269782898016274e-05,2.245557624291905e-07,2.242189367507308e-07,2.936233386208187e-06,4.053938482684316e-06,5.162401635061542e-07,8.037292900553439e-06,1.28896203932527e-07,0.9998983144760132,8.770288332016207e-06,6.8576355261029676e-06,1.2509064895027677e-08,2.25852986091013e-07,8.09872275908674e-08,4.795491577169742e-07,3.5997963721001724e-08,8.357727843133489e-09,2.9920315114395635e-07,13,13
0.16011011600494385,1.5764439922349993e-06,0.00016354840772692114,6.509964805445634e-06,0.6239243745803833,0.04437025636434555,0.0002081964339595288,2.915836375905201e-05,0.0003350068291183561,0.0010997616918757558,0.00018170701514463872,0.0006595421000383794,5.260386751615442e-05,0.16102679073810577,5.355995745048858e-05,0.00744640314951539,5.3334355470724404e-05,0.00019584114488679916,1.1558032610992086e-06,3.444093090365641e-05,1.8046057448373176e-05,2.653638512128964e-05,1.4759423265786609e-06,0,4
0.034470971673727036,9.085840133593592e-07,0.05353802070021629,5.4121584980748594e-05,0.010000222362577915,0.0032301514875143766,0.000163534379680641,0.0003449699725024402,0.5884324908256531,0.06392727792263031,0.013726632110774517,0.215746209025383,0.002011227188631892,0.00038456154288724065,0.003895858768373728,0.002811519429087639,7.804843335179612e-05,0.00488573731854558,0.0009394975495524704,7.153982733143494e-05,0.0008803154341876507,5.106222943140892e-06,0.00040114481816999614,5,8
0.03898358345031738,4.847776935434922e-08,0.0011593501549214125,2.308921466465108e-05,0.872380793094635,0.012242329306900501,7.30615429347381e-05,2.649400130394497e-06,0.00011961022391915321,0.028245922178030014,0.00038294331170618534,0.022005751729011536,0.0014661779860034585,0.02188805118203163,0.0002020943065872416,0.00011793216981459409,1.6196701835724525e-05,0.00025221274700015783,8.670436727697961e-06,0.00041059221257455647,4.201960564387264e-06,2.7276810214971192e-06,1.2043818969686981e-05,5,4
0.0009740577661432326,4.917930063186304e-09,2.2560363959200913e-06,1.2640375643968582e-05,0.0008100200793705881,0.12910059094429016,6.516153007396497e-06,3.41379814017273e-06,0.00013916028547100723,0.0012980884639546275,1.474452164984541e-05,0.00020325010700616986,1.0710670039770775e-06,0.8668887615203857,2.4575621864642017e-05,0.0005061824340373278,9.450371152297521e-08,1.9230838006478734e-06,2.0238355773471994e-06,1.9584815902362607e-07,6.684733477868576e-08,1.333198866859675e-07,1.0277758519805502e-05,13,13
0.1413976550102234,9.433554805582389e-05,0.7235883474349976,4.955698022968136e-05,0.0025581056252121925,0.0020291812252253294,0.000741310534067452,0.0005870723398402333,0.008964603766798973,0.001329632243141532,0.0009436339605599642,0.003933676052838564,0.08120369911193848,0.001295457943342626,1.7105719962273724e-05,0.000745711091440171,0.002958425087854266,0.01896093785762787,0.0002009151066886261,0.004631265066564083,0.002313585253432393,0.0013488692929968238,0.00010688853217288852,12,2
0.00273882201872766,2.429631607014926e-08,0.00018540547171141952,3.5094547268244014e-09,0.005493005737662315,0.028738293796777725,1.1276441000518389e-05,1.2017121662211139e-05,5.8206987887388095e-05,0.00010748912609415129,3.864524387608981e-06,0.004227383993566036,5.824999334436143e-06,0.957737386226654,0.0006688880384899676,7.343278412008658e-06,3.325393649333819e-08,3.2980087780742906e-06,9.118233634808348e-08,1.1261432746323408e-06,1.2036223573375082e-08,5.699754890287068e-09,2.1589909238173277e-07,13,13
0.35842034220695496,1.3374082072914462e-06,0.00025289299082942307,7.005250517977402e-05,0.0002691636618692428,0.0010732208611443639,0.0011930058244615793,0.0016184773994609714,0.007782802917063236,0.000602471234742552,0.013328565284609795,0.0035861956421285868,8.967733447207138e-05,0.6063499450683594,0.0004201573319733143,0.0048749493435025215,1.4635108414040587e-07,2.608903196232859e-05,2.699635160752223e-06,2.8036836738465354e-05,4.973635441274382e-06,4.205046479910379e-06,5.634962008116418e-07,0,13
0.07137098908424377,3.106255475060493e-09,3.1552954737890104e-07,1.3897341943902575e-08,0.9264163374900818,0.0016883364878594875,1.8668549728317885e-07,8.092657566294292e-08,2.1371433831518516e-05,0.00016706930182408541,2.5597094577278767e-07,2.5108443878707476e-05,1.2678448229053174e-06,0.0002510268532205373,2.5373567041242495e-05,3.075778658967465e-05,8.500660442223307e-08,1.7091960557991115e-07,3.4406801319164515e-07,1.2114249159367318e-07,2.751908709797135e-07,1.6032915439723183e-08,6.232067448763701e-07,0,4
0.07417098432779312,2.4744451366132125e-05,0.00486553693190217,2.1180600015213713e-05,0.8515927195549011,0.03928371146321297,0.00032847715192474425,0.0005323982331901789,0.004349675495177507,0.005781655665487051,0.001730145188048482,0.0004595695645548403,0.0002534232917241752,0.009278476238250732,0.0058977496810257435,0.0008998385746963322,2.645563472469803e-05,0.00020829378627240658,3.60600788553711e-05,8.063862333074212e-05,6.94817936164327e-06,4.7341322897409555e-06,0.00016671052435413003,5,4
0.17956773936748505,0.0008580528083257377,0.002197945723310113,0.004571902099996805,1.1325972081976943e-05,0.00011878163059009239,0.0011664365883916616,0.0650092139840126,4.633347998606041e-06,0.0006148453685455024,0.005942804738879204,0.00031547070830129087,0.0027192304842174053,0.00015667905972804874,1.6392590623581782e-05,0.0005451489123515785,0.00021350497263483703,0.0021378034725785255,0.005359430331736803,0.000584010558668524,0.0003368509351275861,0.7273874878883362,0.00016419902385678142,0,21
0.015708649531006813,0.0048224711790680885,0.000927905086427927,0.011564129963517189,0.04592229425907135,0.008065668866038322,0.0026725383941084146,0.0022637564688920975,0.005765390582382679,0.07024770975112915,0.019121961668133736,0.005303175188601017,0.020608065649867058,0.0005031679756939411,0.008383926935493946,0.00719104427844286,0.06991006433963776,0.026378877460956573,0.00628573028370738,0.02449224516749382,0.2386591136455536,0.011026243679225445,0.39417579770088196,20,22
0.9939053654670715,1.7482690850556537e-07,1.5007299225544557e-05,6.361347004713025e-08,0.0054624248296022415,0.00016292172949761152,4.473109129321529e-06,1.6145863810379524e-06,9.656908514443785e-05,0.0001606820005690679,2.6023669761343626e-06,2.8909289540024474e-05,1.1507834642543457e-05,0.00013418137677945197,2.1121702786786045e-07,3.0181133752194e-06,9.95081634869166e-08,6.790075531171169e-06,2.939278544999979e-07,5.538386744774471e-07,2.190332452300936e-06,1.0372702519134691e-07,2.6153804810746806e-07,0,0
0.0005693829734809697,1.2258593642400228e-06,2.2358948626788333e-05,0.00011203200847376138,0.0010989943984895945,8.689123205840588e-05,8.047828305279836e-05,5.749897354689892e-06,4.155596343480283e-06,0.00019750898354686797,0.0006011451478116214,2.1582349290838465e-05,0.9925392270088196,4.9209556891582906e-05,1.1505153452162631e-05,3.0481975045404397e-05,5.290157787385397e-06,0.0034828661009669304,0.0003529726236592978,0.0006151767447590828,3.0500364118779544e-06,0.00010255107190459967,6.1792670749127865e-06,12,12
0.00036207103403285146,0.9451667070388794,0.000588399765547365,1.557278483232949e-05,4.375216303742491e-05,7.925757381599396e-05,9.890082583297044e-05,0.0001040808274410665,6.372499046847224e-05,5.919079922023229e-05,0.0002454640343785286,7.118730718502775e-05,0.0003559053293429315,0.0003609586274251342,0.00011262109183007851,1.28900055642589e-05,0.0008809497230686247,0.00015029033238533884,0.0010546720586717129,0.0005615992704406381,0.0005995301180519164,0.04897827282547951,3.412384103285149e-05,1,1
0.00035241650766693056,8.595479812356643e-06,0.0005923854769207537,0.00021196180023252964,0.05926228314638138,0.020826535299420357,0.00100319751072675,0.8404967188835144,0.0003778701648116112,0.016021380200982094,0.0017857912462204695,0.004524245858192444,0.000199387053726241,0.0038100676611065865,0.0006516041466966271,0.0001270629436476156,0.00012545190111268312,4.413538408698514e-05,0.025781530886888504,0.00020722675253637135,7.797401485731825e-05,0.0002182859752792865,0.02329386956989765,7,7
0.0016281361458823085,4.5558394958788995e-06,0.22942113876342773,3.1727557825433905e-07,0.7424498796463013,0.0005201146705076098,3.85729072149843e-06,1.9887194866896607e-05,4.139628799748607e-05,6.930352537892759e-05,2.071420749416575e-05,2.1901778382016346e-05,0.015584676526486874,2.168244100175798e-05,4.792150775756454e-06,8.205299309338443e-06,0.001962229609489441,0.0024160053580999374,8.569754754716996e-06,0.004731799475848675,0.0008966063032858074,0.00010024749644799158,6.406907050404698e-05,12,4
0.006311675067991018,0.036385610699653625,0.07770384103059769,0.16380684077739716,0.0007364082848653197,0.005914423149079084,0.14300034940242767,0.013019775040447712,4.04637903557159e-05,0.1351081281900406,0.0013614242197945714,0.0001238429977092892,0.18078520894050598,0.00042824819684028625,0.0003827795444522053,0.0009303659317083657,0.016909494996070862,0.06689323484897614,0.007932920008897781,0.10653851926326752,0.0018498963909223676,0.023816779255867004,0.010019762441515923,9,12
0.0688759982585907,0.0001541248639114201,0.004976063501089811,4.62296725345368e-08,0.6666676998138428,0.24285553395748138,0.00015940995945129544,8.796790211818006e-07,9.68725435086526e-05,0.008377785794436932,0.002018714090809226,0.000324219319736585,0.00013178183871787041,0.004686304833739996,0.00035302757169120014,2.452652552165091e-05,3.20702965836972e-05,9.684100405138452e-06,8.970659109763801e-05,1.3230121112428606e-05,0.00010714033123804256,3.0342123864102177e-05,1.486488417867804e-05,5,4
0.18857574462890625,1.2408574434630282e-07,0.013250825926661491,2.236173713754397e-05,0.6508981585502625,0.019882163032889366,0.00012527832586783916,6.0060261603211984e-05,0.03143468499183655,0.033384326845407486,0.00032836993341334164,0.007049992214888334,0.0026722117327153683,0.003817615332081914,0.04517478123307228,0.0026180522982031107,3.218131314497441e-05,0.0003285494458395988,0.00012595733278430998,0.00018706941045820713,8.644014087622054e-06,8.46344335059257e-07,2.2010035536368378e-05,9,4
0.10111536830663681,3.864396358466138e-09,1.5288254644474364e-06,1.5223236005112994e-08,0.4323579668998718,0.001766440225765109,2.098263621519436e-06,2.3149791559262667e-06,0.006180116906762123,0.008273444138467312,5.0430851842975244e-05,0.44993114471435547,7.647603342775255e-05,0.00016772732487879694,4.666217864723876e-05,5.050995696365135e-06,1.276837764407901e-07,7.981343514984474e-06,1.4411324400498415e-06,1.7271206615987467e-06,4.221891231281916e-06,2.2801132093519527e-09,7.681383067392744e-06,0,11
8.062618235271657e-07,4.7279317527681997e-07,1.535360934212804e-05,8.387523280362075e-07,6.473931716755033e-05,2.1809102690895088e-05,2.276738541695522e-06,2.575655457803805e-07,1.7892041626055288e-07,1.7802234424380003e-06,1.2762079677486327e-06,2.1788760022900533e-06,0.9994544386863708,9.647330756479278e-08,1.1411514151404845e-06,1.0831006420630729e-06,1.3066724932286888e-05,0.00016737646365072578,1.2516504739323864e-06,0.00017857107741292566,1.19871947390493e-06,5.879300078959204e-05,1.1129506674478762e-05,12,12
0.9802106022834778,5.903607984691916e-07,0.0005526355234906077,4.758310296892887e-06,0.012437757104635239,0.0011917573865503073,7.879984332248569e-05,1.792327020666562e-05,4.637570964405313e-05,0.0034101433120667934,0.00011502819688757882,0.00045186406350694597,9.784247959032655e-05,0.0008935623336583376,4.037782673549373e-06,8.921751577872783e-05,3.923027907148935e-05,0.00019363260071258992,1.5209338016575202e-05,1.990248892980162e-05,0.00011164992611156777,1.4980665582697839e-05,2.4959228994703153e-06,0,0
5.3793205552210566e-06,2.59877594999125e-07,1.604204271643539e-06,0.0020593078806996346,1.5340167010435835e-05,0.001044869190081954,8.549854101147503e-06,2.3588925614603795e-05,0.00014416285557672381,0.0009826390305534005,0.0002699694305192679,0.005256666801869869,4.9124686483992264e-05,0.9338636994361877,0.04287981614470482,4.061316212755628e-05,2.165420710298349e-06,0.0016289488412439823,0.009923725388944149,0.0017879731021821499,3.7911192407591443e-07,9.289036597692757e-07,1.0234494766336866e-05,13,13
0.0014914413914084435,5.8392120990902185e-05,0.0683753713965416,0.0001426254748366773,0.006598974112421274,0.027509963139891624,0.014674273319542408,0.00016318487178068608,9.359129762742668e-05,0.2673090696334839,0.033730898052453995,0.05178847163915634,0.21830694377422333,0.003879072144627571,0.0005094331572763622,0.020570319145917892,0.002659142017364502,0.25039058923721313,0.0009130128310061991,0.027673743665218353,0.0004151932371314615,0.0002512525243218988,0.0024950348306447268,12,9
0.00011696771980496123,5.7994263613636576e-08,0.9996607303619385,1.7602239665848174e-08,2.324935485376045e-05,3.4512700949562714e-05,2.6808081656781724e-06,8.717086529941298e-06,1.8700489818002097e-05,5.509591574082151e-06,7.372743198175158e-07,3.659709545900114e-05,2.0533731003524736e-05,1.8209599147667177e-05,2.22295557250618e-06,2.817138692989829e-06,1.893238913908135e-05,1.6469321053591557e-05,1.355954054815811e-06,7.141796231735498e-06,3.157146920784726e-06,5.835012188981636e-07,1.9591853117617575e-07,2,2
0.0409550704061985,3.510034503051429e-07,0.3323134779930115,0.00018461240688338876,0.019762089475989342,8.159146091202274e-05,1.3282462532515638e-05,0.00012051319208694622,0.0010276767425239086,0.0024295616894960403,0.5776157975196838,0.0009480922599323094,0.0023720308672636747,1.3679414223588537e-05,0.0001512068702140823,9.358878742204979e-05,7.914482557680458e-05,0.020813491195440292,4.313234967412427e-05,0.0007407257216982543,9.063257311936468e-05,2.1332919004635187e-06,0.00014811972505412996,2,10
4.2655487050069496e-05,1.5163406530405155e-08,1.0853295862034429e-06,4.5663540504392586e-08,0.9217321872711182,0.0764637365937233,1.7741611202382046e-07,7.817316571845367e-08,1.115413397201337e-05,0.0005494288052432239,3.690254015964456e-05,0.0009310687310062349,4.029153933515772e-05,0.00011774167069233954,5.394285835791379e-06,2.161862539651338e-05,4.3334443944331724e-07,3.649261998361908e-05,1.9044284726987826e-07,5.102903287479421e-06,1.204258808229497e-07,8.829352537986779e-08,4.1181051528838e-06,5,4
0.031090162694454193,0.0005605320329777896,0.004781852010637522,5.069079634267837e-05,0.20499613881111145,0.006711442023515701,0.00010485462553333491,0.00036283317604102194,0.003282120916992426,0.0013213615166023374,0.004908259958028793,0.001962885493412614,0.04199013113975525,0.00026928805164061487,0.00015359661483671516,0.0011725061340257525,0.027071021497249603,0.6221247911453247,0.00011109435581602156,0.013603443279862404,0.029886063188314438,0.00040610553696751595,0.0030788041185587645,12,17
0.310546875,1.4519243450195063e-05,0.01875157281756401,5.18469619237294e-07,0.15379981696605682,0.3243198096752167,0.0021442279685288668,6.173919246066362e-05,0.0057293991558253765,0.04434072971343994,0.02036193013191223,0.10429167002439499,0.0075159440748393536,0.002756129251793027,5.6149234296754e-05,0.0007418664754368365,0.00021393605857156217,0.001479429891332984,0.0001007706523523666,0.00013351929374039173,0.0022302079014480114,9.61264504439896e-06,0.0003995535080321133,0,5
0.0024354562629014254,0.00018446793546900153,0.21492339670658112,0.0036868860479444265,0.03611484915018082,0.04841941222548485,0.016797687858343124,0.0020258622244000435,4.155803981120698e-05,0.29828783869743347,0.09919477254152298,0.009758386760950089,0.12704037129878998,0.0006399293779395521,4.618218372343108e-05,0.0015077395364642143,0.0012913952814415097,0.05281990021467209,0.00029318142333067954,0.07788664102554321,0.0002943855943158269,0.002082510618492961,0.004227182827889919,9,9
3.4721292649919633e-06,1.3176415905036265e-06,5.072779003967298e-06,1.3025794942223001e-05,6.411493359337328e-06,2.6957635782309808e-05,2.3711013454885688e-06,4.782651785717462e-07,1.0942327435259358e-06,3.3299365895800292e-06,1.368846710647631e-06,2.679753379197791e-07,0.9977195858955383,2.2037836799881916e-07,4.332583216637431e-07,5.119960064803308e-07,7.390306564047933e-05,0.0016407421790063381,1.190400780615164e-05,0.0003383764415048063,3.5098946682410315e-05,7.571819878648967e-05,3.8365236832760274e-05,12,12
2.2420901757413958e-07,1.5051129764742655e-07,0.00012561744370032102,7.377967267530039e-05,1.2257190974196419e-05,2.1282219222484855e-06,1.7156741023427458e-06,6.944853225832048e-07,5.412965720097418e-07,2.5942349566321354e-06,7.813634397280111e-07,3.962433765991591e-06,0.9895728230476379,6.958497351661208e-07,1.7754408645487274e-06,2.8962399483134504e-06,5.554415474762209e-05,0.005299003794789314,5.072812655271264e-06,0.00477213179692626,1.0608443517412525e-05,4.437006282387301e-05,1.063850231730612e-05,12,12
0.1641969233751297,3.08661547023803e-05,0.00849253498017788,7.365487545030192e-05,0.7692715525627136,0.011345305480062962,0.00014676769205834717,7.113308674888685e-05,0.00560996076092124,0.011769634671509266,0.004272911697626114,0.005431089084595442,0.004092835355550051,0.010507567785680294,0.00046893517719581723,0.00023173053341452032,0.0002514782827347517,0.0008209542138502002,0.00041575258364900947,0.0022506292443722486,6.693579780403525e-05,0.00012453258386813104,5.6182481785072014e-05,5,4
0.00019507319666445255,2.1985913917887956e-05,0.00026879389770329,0.0002240149915451184,0.046881161630153656,2.1649182599503547e-05,3.959935384045821e-06,8.824967153486796e-06,3.4328772926528472e-06,0.00012566089571919292,7.185333379311487e-05,9.281081474910025e-06,0.19065697491168976,5.238115772954188e-05,2.781316106847953e-05,3.049309725611238e-06,0.0003268146829213947,0.00556178716942668,0.00036515024839900434,0.7548637390136719,2.2971007638261653e-05,0.00027763962862081826,5.896585207665339e-06,12,19
1.578109504407621e-06,4.882453552568222e-08,6.34382604403072e-06,3.403024311410263e-05,2.165178557334002e-05,4.346103196439799e-06,5.350671017367858e-07,9.289542504120618e-07,4.12978624808602e-06,2.651753220561659e-06,7.829467563169601e-07,2.0290051452320768e-06,0.0009040814475156367,3.4021159081021324e-05,5.862532148626087e-08,3.546404414578319e-08,6.71543602948077e-06,0.9881805181503296,1.587305450811982e-05,0.01077527366578579,2.921962504842668e-06,5.42453449270397e-07,1.1059697726523154e-06,17,17
1.1280123857204671e-07,1.7996153900412537e-08,5.063393260229532e-08,1.1445272320997901e-06,2.0395145838847384e-05,3.895498821293586e-07,9.359840191791591e-08,1.8709220839241425e-08,4.062409431071501e-08,2.9853160299353476e-07,1.0656986404455893e-07,2.512367380802516e-08,0.9991012811660767,6.864649293447656e-08,1.6693352336005773e-06,8.34507929425854e-09,1.1454559256662833e-07,1.2715386219497304e-06,6.435200702981092e-06,0.0008643375476822257,5.445558315386734e-08,1.4516429018840427e-06,7.844001288503932e-07,12,12
0.007628251798450947,0.011993905529379845,0.028506483882665634,0.007728497497737408,0.004147624131292105,0.006890535820275545,0.1581970453262329,0.0010197123046964407,4.97263899887912e-05,0.13961640000343323,0.0005652846884913743,0.018375558778643608,0.20880909264087677,0.01343326736241579,0.00039262924110516906,0.006179252173751593,0.01702144183218479,0.03466885909438133,0.0988033264875412,0.20715422928333282,0.0003411791112739593,0.02748369425535202,0.0009939820738509297,9,12
0.025176718831062317,0.008149846456944942,0.013243116438388824,0.00011578726844163612,0.6998143196105957,0.018535789102315903,0.0031149592250585556,0.002017532242462039,0.00036055161035619676,0.015917053446173668,0.05944536626338959,0.0018069655634462833,0.012458833865821362,0.0007747682393528521,0.0332946851849556,0.0042845625430345535,0.01590784266591072,0.0015834992518648505,0.0019455484580248594,0.002590397372841835,0.0042322780936956406,0.05117538943886757,0.024054134264588356,21,4
6.186795508256182e-05,5.993531431158772e-07,8.973291187430732e-06,8.032126856960531e-07,0.0001455934689147398,0.00014646218915004283,1.0323330570827238e-05,9.63613001658814e-06,9.552464689477347e-06,0.0008161872392520308,0.9801530838012695,0.01617930643260479,3.7045410863356665e-06,0.0013130158185958862,0.00012881263683084399,0.000976051960606128,6.319838803392486e-07,1.107840125769144e-05,4.542700935417088e-06,1.2859040907642338e-05,3.859641992676188e-07,5.6665180636628065e-06,8.8946205778484e-07,10,10
3.444953108555637e-05,7.806080247974023e-06,1.9060467820963822e-05,3.0206007295419113e-07,1.7720503819873556e-07,2.3510053779318696e-06,0.9998465776443481,1.0349802323617041e-05,3.0616781714343233e-06,4.505176548263989e-06,9.477348612563219e-07,8.275210916508513e-07,3.6472534702625126e-05,2.5864169401756953e-06,3.3961025991402494e-08,1.1397742127883248e-07,1.140453264270036e-06,6.720488272549119e-06,1.3411302461463492e-05,1.2765212886733934e-06,2.2852491383673623e-06,5.591812168859178e-07,4.968958819517866e-06,6,6
0.00017299389583058655,0.010695518925786018,0.0005743656074628234,9.36940050451085e-05,0.0015038128476589918,0.00024758759536780417,0.0002808503631968051,0.00012565245560836047,0.00012205477833049372,0.00030127886566333473,0.00036397704388946295,0.0001471583527745679,0.8902518153190613,2.402686186542269e-05,0.0011150238569825888,3.0070894354139455e-05,0.009915605187416077,0.0008857253124006093,0.0019691488705575466,0.03911297395825386,0.007096991408616304,0.033541083335876465,0.0014286608202382922,12,12
0.07318194955587387,8.54498939588666e-05,0.0013133317697793245,0.003642880357801914,0.5342792272567749,0.05922044813632965,0.00011128401092719287,0.0005946799064986408,0.004565231967717409,0.006188873201608658,0.0009557480807416141,0.0026545696891844273,0.0547039769589901,0.0016450798138976097,0.0013237952953204513,0.0026559841353446245,0.00770415598526597,0.21250146627426147,0.0008858229266479611,0.015526803210377693,0.002069850917905569,0.0004799285961780697,0.013709465973079205,17,4
8.275509026134387e-05,1.4679029902708862e-07,0.00016139860963448882,2.0926185229086514e-08,0.9988998174667358,0.00027700813370756805,2.5086586674660794e-07,6.802012819662195e-08,7.640977059963916e-07,1.7508637029095553e-05,1.6270083506242372e-05,0.00014277349691838026,0.00029411615105345845,7.076959605001321e-07,7.332047061936464e-06,9.216386388288811e-06,1.6663949509165832e-06,5.0923528760904446e-05,6.760984661013936e-08,3.5515447962097824e-05,2.2011889200257428e-07,3.8253648426689324e-07,1.127640302911459e-06,4,4
0.001838123775087297,6.390142516465858e-06,0.0012640313943848014,3.122537236777134e-05,0.6717252135276794,0.029325461015105247,6.384809239534661e-05,1.9329676433699206e-05,0.0004915015888400376,0.0011426794808357954,0.00037667990545742214,0.00225687213242054,0.11809930950403214,0.0003537918673828244,0.0007944686803966761,0.0036173290573060513,0.005642011296004057,0.061012327671051025,0.0007980034570209682,0.0016254741931334138,8.267459634225816e-05,0.00014408108836505562,0.09928934276103973,12,4
2.4821636543492787e-05,6.996234560574521e-07,1.3397843758866657e-05,5.9931291616521776e-05,0.00014939655375201255,1.7237083739019e-05,1.164127525044023e-06,2.9627608455484733e-06,5.111255177325802e-06,1.9499640984577127e-05,2.180842602683697e-05,0.00045979124843142927,0.00027804760611616075,1.784379310265649e-05,2.1071155060781166e-05,9.88295505521819e-06,0.00013091984146740288,0.9968114495277405,3.3190259273396805e-05,0.0015577591257169843,1.1024412742699496e-05,4.023605924885487e-06,0.0003489088558126241,17,17
0.0253114253282547,3.780573706535506e-06,0.007626255974173546,3.605424296893034e-07,0.9577577114105225,0.005711554083973169,3.6344958061818033e-05,8.342491923940543e-07,2.5825727789197117e-05,0.0009996428852900863,0.00015053077368065715,0.0004252814978826791,0.0001603510754648596,0.0015922944294288754,4.547094795270823e-05,3.680608278955333e-05,1.8304914419786655e-06,4.122266545891762e-05,2.397251137153944e-06,6.038209539838135e-05,3.901978971043718e-07,2.9499151423806325e-06,6.396621301973937e-06,2,4
0.0016222044359892607,4.574280865199398e-06,7.969896250870079e-05,1.0178007869399153e-05,2.5230806386389304e-06,2.2253996689869382e-07,2.427467791221716e-07,1.002793669613311e-05,1.574299744788732e-06,2.401444021415955e-07,1.343554600907737e-07,1.180716367343848e-06,4.329068542574532e-05,2.3694341507507488e-05,7.706314590905095e-07,9.805477020563558e-05,0.0012984127970412374,0.00020108945318497717,1.1351303328410722e-05,2.686977677512914e-05,0.0011246282374486327,0.9954385161399841,4.2526991705926775e-07,21,21
0.0016670802142471075,8.571106491217506e-09,5.117749606142752e-05,8.29583846062576e-10,0.9883008599281311,0.007434907369315624,1.2660331094593857e-06,3.222480131626071e-07,4.223343694320647e-06,0.0003036004491150379,2.6253626856487244e-05,0.0017149640480056405,1.377420289827569e-06,0.00047611637273803353,1.4003136129758786e-05,2.241343736386625e-06,6.408088637499532e-08,4.582418000609323e-07,1.6171722450053494e-07,3.3687763334455667e-07,2.0506548992216267e-07,1.5927980712149292e-08,2.7333655339134566e-07,17,4
0.0006904886104166508,0.0007899013580754399,0.0015292922034859657,2.4031533030210994e-05,0.015442428179085255,0.17812930047512054,0.7202186584472656,0.0001592194748809561,0.0007022611098363996,0.04313884675502777,0.00013295446115080267,0.00017389717686455697,0.020797638222575188,4.456964961718768e-05,1.0350036973250099e-05,1.4504614227917045e-05,4.531691956799477e-05,0.0003429109347052872,0.00010472414578543976,0.0016884406795725226,8.525119483238086e-05,8.873365732142702e-05,0.015646280720829964,6,6
9.029654393089004e-06,7.444241418852471e-06,2.071574272122234e-06,4.151149914832786e-05,1.5269253026417573e-06,2.3474169665860245e-06,0.9971444010734558,0.0003165070083923638,1.9361979752829939e-07,0.000959792931098491,0.0013748430646955967,5.1151516800018726e-08,1.599956158315763e-05,5.299999017438495e-08,3.263113467255607e-05,1.1611633453867398e-05,2.2966808046476217e-06,2.1173323716539016e-07,1.2277272617211565e-05,7.651347914361395e-06,1.031436681842024e-06,5.274520844977815e-06,5.118292028782889e-05,9,6
6.931627285666764e-05,0.0008292872225865722,0.0005244978819973767,3.9229296817211434e-05,0.6376361846923828,0.01957676187157631,1.0207140803686343e-05,0.00015503758913837373,0.00016278091061394662,0.0014611227670684457,0.00973373744636774,0.03324946016073227,0.010969860479235649,0.00042697126627899706,0.0012799680698662996,0.00017345280502922833,0.00165661983191967,0.0025030618999153376,0.0014838462229818106,0.0027175492141395807,0.0006481096497736871,0.27147793769836426,0.003215063363313675,21,4
0.0002125464379787445,2.0018185750814155e-05,4.725563121610321e-05,6.908985960762948e-05,0.00012668388080783188,0.025932392105460167,0.0029336947482079268,0.00012549296661745757,0.9293032884597778,0.025846829637885094,0.0015119898598641157,0.004560867790132761,0.0007634033099748194,0.0067405966110527515,0.0005067210295237601,0.0005205355118960142,5.4240081226453185e-06,0.00027678697369992733,0.00017631880473345518,9.989935642806813e-05,3.260363155277446e-05,5.41195868208888e-06,0.00018198031466454268,8,8
1.0945490203084773e-06,3.822791388996549e-11,3.656674074647981e-09,1.1298985184982069e-11,0.999614953994751,0.0003366853925399482,4.459224656194749e-10,5.983057382863421e-10,1.5508395279084652e-07,7.939120791888854e-07,3.2540290817451023e-07,4.527593046077527e-05,2.1670078353963618e-07,7.86203457892043e-09,2.0858480809238245e-07,4.037300982417946e-08,3.0108713300336376e-09,1.464514127746952e-07,4.1404157880009507e-10,2.9178872651414167e-08,2.994428704994334e-09,1.2320529318987639e-10,1.10504743133788e-07,5,4
0.005583727266639471,6.860841676825657e-05,0.01402381993830204,0.002677495125681162,0.008427896536886692,0.0006448942585848272,0.0009396534878760576,0.00038800391484983265,0.00045636703725904226,0.012529531493782997,0.0023583651054650545,0.053807757794857025,0.06334921717643738,0.0009645585087127984,0.0008841397939249873,0.005150121171027422,0.0011365091195330024,0.7965702414512634,0.001993817975744605,0.02585180290043354,0.0005438452935777605,0.0005106615135446191,0.0011389863211661577,17,17
0.20513710379600525,3.221825409127632e-06,8.124249870888889e-05,8.550573227239511e-08,0.7228056788444519,0.03677883371710777,5.484619123308221e-06,4.806202014151495e-07,9.105693607125431e-06,6.964105705264956e-05,0.00028407276840880513,1.2550982319226023e-05,1.3785490409645718e-05,0.034741271287202835,7.217086931632366e-06,3.555638249963522e-05,8.051836744016327e-07,4.3293825910950545e-06,2.718470852869359e-07,1.0301874908691389e-06,8.052865609897708e-07,7.3961305133707356e-06,1.135273848262841e-07,5,4
0.7505031824111938,5.002294710720889e-05,0.0006853559170849621,9.210157259076368e-06,0.0010622225236147642,0.01152827125042677,0.0014095271471887827,0.00033004567376337945,0.00040345056913793087,0.011008912697434425,0.002142234705388546,0.001700549852102995,0.001008359482511878,0.0011017703218385577,0.011011280119419098,0.20351870357990265,4.4047152186976746e-05,0.0020080970134586096,0.00015420779527630657,5.046087972004898e-05,0.0001780792372301221,5.789193164673634e-05,3.427066985750571e-05,0,0
1.1928639651159756e-05,8.7438656919403e-06,0.00539877125993371,0.002926199696958065,0.005320725962519646,1.1882134458574e-05,1.9026985683012754e-05,3.0407471058424562e-05,2.26436404773267e-05,4.790258753928356e-05,0.00020802578364964575,1.2453818271751516e-05,0.004911940079182386,3.480715895420872e-05,4.8764064558781683e-05,1.5394714864669368e-05,0.0005682675982825458,0.0027241932693868876,3.900072260876186e-05,0.9772687554359436,7.558606012025848e-05,0.0002569402859080583,3.768489841604605e-05,19,19
1.2216594846847784e-08,1.1874370234375535e-14,6.972655230974567e-10,5.222050548057966e-13,6.262769414178138e-09,1.1092170737470042e-08,1.1094467011751874e-10,1.441264035201284e-11,5.455736751258655e-09,4.323342750467418e-08,1.0363606861574226e-07,2.1760083512845085e-08,4.6868366826435803e-11,1.0868457245294394e-09,9.446445801586378e-06,0.9999903440475464,7.870467298720651e-12,7.02652103168333e-11,9.178826969324927e-12,8.376983134938953e-12,2.2199926359017796e-12,1.3299227713016448e-13,7.749688911429242e-12,15,15
0.0041936831548810005,6.771505286451429e-05,0.9768056869506836,1.8544282283983193e-05,0.007541279308497906,0.002216429216787219,8.969358168542385e-05,1.8840553821064532e-05,2.9122950309101725e-06,0.0006950529059395194,5.360258001019247e-05,7.829684909665957e-05,0.0032167655881494284,0.00041214763768948615,9.074146873899736e-06,2.05392025236506e-05,0.00019438551680650562,0.0016922864597290754,6.241678056539968e-05,0.0022212855983525515,4.6113840653561056e-05,0.00033411860931664705,9.149128345598001e-06,2,2
0.028052372857928276,0.009538333863019943,0.0034730294719338417,0.6235781311988831,0.00913754291832447,0.006743708159774542,0.026368049904704094,0.0389900766313076,0.0074757118709385395,0.12282140552997589,0.016568481922149658,8.539809641661122e-05,0.01671021059155464,0.0028620853554457426,0.0014438099460676312,0.0016148791182786226,0.006467832252383232,0.003033774672076106,0.007350264582782984,0.01013133767992258,0.023848608136177063,0.025363739579916,0.008341262117028236,3,3
0.46896544098854065,4.945233013131656e-05,0.004156503826379776,6.231343286344782e-05,0.027924032881855965,0.02572321705520153,0.0013237671228125691,0.001064858166500926,0.18297939002513885,0.006660157348960638,0.0006359849940054119,0.07307714223861694,0.00034168249112553895,0.081325963139534,0.0819491520524025,0.04286990314722061,3.419701533857733e-05,0.00022139800421427935,0.00011748394172172993,0.00010772576933959499,0.000283156696241349,3.099000969086774e-05,9.604437946109101e-05,11,0
5.975804850955058e-10,8.243312282774085e-11,4.274680165394784e-08,3.114030278084101e-08,2.5506155409971143e-08,3.8666112800456176e-07,5.762951005294781e-08,9.000816447723992e-08,0.9999622106552124,7.366397767327726e-07,6.623814670092543e-07,3.1427178328158334e-05,4.169322664893116e-08,3.255493311371538e-06,4.454213069493562e-07,4.368581301150698e-07,1.945923644441905e-09,5.307337858084793e-08,2.591063541501626e-08,4.097260131175062e-08,4.572524403556599e-08,4.1786507587460164e-09,2.5956737204069213e-08,8,8
0.00030717143090441823,1.746124507917557e-05,5.093873187433928e-05,7.61711344239302e-05,0.00048048573080450296,0.0027913772501051426,5.8509580412646756e-05,5.307170795276761e-05,0.00020957762899342924,0.0009339257958345115,0.002618861384689808,0.00134215725120157,0.000827368232421577,5.347514888853766e-05,0.9862252473831177,0.0025218785740435123,3.092629413004033e-05,0.0005397807690314949,0.00012034606334054843,8.518859249306843e-05,3.6086021282244474e-05,2.4956443667178974e-05,0.0005950143677182496,14,14
0.7967347502708435,2.038073489529779e-06,0.00012233357119839638,8.180490112863481e-05,0.19672329723834991,0.0006951300892978907,0.0001425655500497669,5.137354673934169e-05,2.3905344278318807e-05,0.00042947649490088224,7.35645808163099e-05,4.689455818152055e-05,0.00012679352948907763,0.003294140100479126,1.9181685274816118e-05,0.0009125839569605887,0.00012482813326641917,0.0002167466445825994,3.4246988889208296e-06,5.4236392315942794e-05,5.467178925755434e-05,5.6937449699034914e-05,9.37538698053686e-06,0,0
0.0007053923909552395,6.642634442499684e-09,3.003361780429259e-05,6.326621951302513e-05,0.9789113998413086,0.012903804890811443,4.087474394509627e-07,3.3814296784839826e-07,2.2337881091516465e-06,0.00018963355978485197,1.0468161235621665e-05,8.751620043767616e-05,0.0008105215383693576,0.004807109013199806,2.6749417884275317e-05,0.00047479316708631814,1.0643826499290299e-05,0.00024593848502263427,4.5093734115653206e-06,0.0007054105517454445,5.5729913128743647e-08,8.592606718593743e-06,1.2399416391417617e-06,18,4
5.1127385631843936e-06,2.5493478460703045e-05,1.6412168406532146e-06,0.0006536479922942817,0.00016351162048522383,1.443623023078544e-05,3.0508412237395532e-05,1.0659897270670626e-05,5.805186810903251e-05,6.97380819474347e-05,4.292621451895684e-05,0.0005111334612593055,0.5109471082687378,1.8677717889659107e-05,0.00021057069534435868,0.000586240435950458,0.30418339371681213,0.10272633284330368,0.0001653336948947981,0.05830575153231621,0.011532612144947052,0.0005403374088928103,0.009196818806231022,12,12
0.0034905134234577417,1.6125198953886866e-08,6.185657639434794e-07,2.0695935631920293e-07,0.9947380423545837,0.0013423104537650943,4.5916006996549186e-08,6.700324775010813e-07,5.2022855925315525e-06,1.3446147022477817e-05,1.1398467904655263e-05,0.00012900012370664626,7.3403525675530545e-06,2.7310146833769977e-05,0.00011389357678126544,1.8718470528256148e-05,4.781273332810088e-07,9.512235556030646e-05,7.118915164028294e-07,1.2021426982755656e-06,4.536425990409043e-07,3.494500049328053e-07,2.8536421723401872e-06,4,4
0.00023155356757342815,2.3951065131200266e-08,2.1628020476782694e-06,5.938065328336961e-07,0.0006460263975895941,0.00021294761972967535,1.4773100929232896e-06,1.9857163351844065e-05,0.008457459509372711,0.00031289990874938667,0.00012670966680161655,0.9853395223617554,5.840532321599312e-05,0.0020051219034940004,0.0001293222012463957,0.0007922466611489654,3.920461494999472e-06,0.0015703891403973103,1.293398213420005e-06,4.6232427848735824e-05,1.9135590264340863e-05,1.2601317678218038e-07,2.2554546376341023e-05,11,11
1.2421526207617717e-07,0.9999589920043945,1.5656402752028953e-07,1.9150472319040546e-09,9.616490714847714e-09,8.957628949701757e-08,3.345750428707106e-06,7.239053800844886e-09,1.267891747147587e-07,1.0343494949438536e-07,1.892554166715854e-07,8.45176106878398e-09,2.0460529270849293e-08,3.498465594020672e-05,5.175386164069096e-08,9.757397667620182e-11,1.130951687855486e-07,2.2637129859504057e-07,9.003247214423027e-07,1.667833515739403e-07,1.905475812691293e-07,2.4081387550722866e-07,8.957931285635823e-09,1,1
0.008062954992055893,2.462652810208965e-05,0.0046747117303311825,0.0032236059196293354,0.22022107243537903,0.008229291066527367,0.0001427347888238728,0.0002189646038459614,0.0009929443476721644,0.006844729650765657,0.005273025017231703,0.012181910686194897,0.15062060952186584,0.001201111008413136,0.007637540809810162,0.0015715410700067878,0.002726433565840125,0.4349132180213928,0.0001479309139540419,0.12831267714500427,0.000596604950260371,0.00015506175986956805,0.002026680624112487,17,17
4.15085451095365e-05,0.0002188979706261307,0.00018751480092760175,7.138314686017111e-06,0.00011646901111816987,4.900550266029313e-06,2.2169708245201036e-05,1.2951421922480222e-05,9.760138709680177e-06,8.906820585252717e-05,2.5353903765790164e-05,3.53370705852285e-05,0.06712085008621216,8.089236507657915e-05,0.0006789960316382349,9.716239219415002e-06,3.584151636459865e-05,0.00023586719180457294,0.001154440687969327,0.9297745227813721,1.7036909412126988e-05,0.0001053718151524663,1.5250552678480744e-05,19,19
0.015117278322577477,1.4376205399457831e-05,0.01472285483032465,0.005855953320860863,0.021644333377480507,0.0012597149470821023,0.005273241549730301,0.008423506282269955,0.00857158936560154,0.10234510153532028,0.7853908538818359,0.002627587877213955,0.0023266843054443598,0.00039229731191881,0.001726980903185904,0.004910897929221392,0.001610085484571755,0.0009968344820663333,0.0006402740837074816,0.00022093455481808633,0.006755795795470476,0.004757361486554146,0.004415490198880434,9,10
0.0009859200799837708,2.9536404326790944e-05,0.0027432297356426716,4.580004679155536e-05,0.00030479527777060866,0.0013969852589070797,0.0008773906738497317,0.984293520450592,6.214471068233252e-05,0.0005552807706408203,0.00011284581705695018,0.0005492196651175618,0.0004661266866605729,0.004135776776820421,0.00036330867442302406,0.0016933467704802752,0.0001087209238903597,6.77140342304483e-05,2.3439584765583277e-05,0.00028030230896547437,6.75407427479513e-05,0.0007223078864626586,0.00011486142466310412,7,7
0.00021838494285475463,3.4905999655165942e-06,0.007955343462526798,0.00018390205514151603,0.0007945016259327531,3.391483551240526e-05,6.409249181160703e-05,1.9653921299322974e-06,8.234630968217971e-07,9.783932182472199e-05,1.2254205103090499e-05,6.759761890862137e-05,0.6729807257652283,2.3329073883360252e-05,1.0335852493881248e-06,0.000262257584836334,0.002776539418846369,0.2615145146846771,3.5398476029513404e-05,0.05021115392446518,0.00011524816363817081,0.0026229822542518377,2.2612457541981712e-05,12,12
0.0033935653045773506,8.024158159969375e-05,0.0018545101629570127,0.0003577890165615827,0.03350768983364105,0.005007917992770672,6.037528510205448e-05,0.0001229166955454275,4.8817913921084255e-05,0.0009128728415817022,0.0034324314910918474,0.00020612783555407077,0.3915761411190033,2.2499938495457172e-05,0.0017710363026708364,0.00048280679038725793,0.0005280562327243388,0.5096663236618042,0.0023403801023960114,0.04109261929988861,0.0007533402531407773,0.0008500329568050802,0.00193148129619658,12,17
0.04982878267765045,0.01483223121613264,0.2478645294904709,0.004073156043887138,0.014360383152961731,0.00968560017645359,0.012965017929673195,0.004345199093222618,0.0021558247972279787,0.007151446770876646,0.0048125083558261395,0.008569631725549698,0.13908912241458893,0.0058980113826692104,0.01990996114909649,0.008073393255472183,0.004835630767047405,0.17291027307510376,0.003498715115711093,0.2558192014694214,0.0026416059117764235,0.003885978600010276,0.002793827559798956,7,19
0.0004492008010856807,1.0943116421913146e-06,0.0006443788879550993,0.0003454922407399863,0.03268268331885338,6.802315328968689e-05,1.1572490620892495e-05,1.1939863725274336e-05,1.4617173292208463e-05,0.00014412152813747525,2.7530481020221487e-05,2.3799801056156866e-05,0.02228035219013691,7.369955710601062e-05,4.272776277502999e-05,9.905185288516805e-05,7.12362743797712e-05,0.006462125573307276,1.5912555682007223e-05,0.9364582896232605,3.937088331440464e-05,2.355714241275564e-05,9.078173206944484e-06,19,19
3.390479105291888e-05,2.5449737222515978e-05,0.031321316957473755,0.048000823706388474,0.0008387416019104421,0.0025839346926659346,0.013427355326712132,0.001967660617083311,1.1129592166980729e-05,0.4851101338863373,0.012599573470652103,0.003551252419129014,0.2797226905822754,8.690998220117763e-05,0.0006073274998925626,0.0010900039924308658,0.030145196244120598,0.009723390452563763,0.003294798079878092,0.040906429290771484,0.00048088966286741197,0.010049351491034031,0.024421686306595802,9,9
0.09576012194156647,1.0918262205450446e-06,0.00021930305229034275,1.5674175301683135e-05,0.25120794773101807,0.13058559596538544,0.001959062647074461,4.7840636398177594e-05,0.00021299259969964623,0.08648248761892319,0.0010434538125991821,0.2755643129348755,0.0007424309151247144,0.15043757855892181,0.0009001175058074296,0.002229902660474181,6.119949102867395e-05,0.0016536286566406488,0.00045131854130886495,0.0002926238812506199,2.0305489670136012e-05,3.080352826145827e-06,0.00010797877621371299,9,11
0.0010336877312511206,0.00039356620982289314,6.119696627138183e-05,0.00032578379614278674,0.002719456795603037,0.004546059761196375,0.0002607769565656781,6.21700455667451e-05,0.00022143842943478376,0.0025285338051617146,0.000679904711432755,0.00012686777336057276,0.7441405653953552,9.137507004197687e-05,0.0001742016465868801,0.0007912055589258671,0.0038372271228581667,0.04950574412941933,0.0035633037332445383,0.008976270444691181,0.002501149894669652,0.00046515814028680325,0.17299431562423706,12,12
7.841383194318041e-06,4.70403307417655e-08,3.277302539572702e-06,8.729052325406883e-08,2.4215802341132076e-07,1.6154516515598516e-06,1.0653936897142557e-06,1.0539308732404606e-06,1.6326932694710194e-08,1.0687942449294496e-05,0.9998403787612915,5.127299118612427e-08,1.4910773643350694e-05,8.725714595314571e-10,5.251050606602803e-05,2.7269748898106627e-05,9.551233404181403e-08,2.315245097861407e-07,3.205683970008977e-05,8.465487439934805e-07,1.0698445152002023e-07,7.89924797572894e-07,4.787987109011738e-06,10,10
0.03859330713748932,2.1032058157288702e-06,0.4248238801956177,8.411583985434845e-05,0.30468112230300903,0.0011814252939075232,0.00015486062329728156,0.00023237425193656236,0.006090708542615175,0.0014858448412269354,0.00012191765563329682,0.03764461725950241,0.04280710965394974,0.0009756310610100627,6.89130465616472e-05,0.0016981670632958412,0.0029636675026267767,0.12892721593379974,0.0001029588165692985,0.006083017215132713,0.0007111801533028483,0.0005399322253651917,2.6098559828824364e-05,12,2
0.7625032663345337,1.4278730304795317e-06,0.0006431075162254274,2.827852085829363e-06,0.05337413400411606,0.03046264313161373,0.006146913394331932,0.0002397039206698537,0.00018049869686365128,0.07176806032657623,0.014536023139953613,0.03939855098724365,0.0013763298047706485,0.0012568741803988814,0.0027946149930357933,0.01477749366313219,3.936161192541476e-06,0.00038881690124981105,1.0262524483550806e-05,8.745118248043582e-05,6.3554566622769926e-06,9.941388725565048e-07,3.9678820030530915e-05,9,0
0.6395420432090759,3.8071572561193534e-08,0.029620938003063202,1.1983265721937642e-05,0.2770402431488037,0.0008670159731991589,9.647023944125976e-06,4.950167203787714e-05,0.008483866229653358,0.022603200748562813,0.0008166639017872512,0.016368383541703224,0.00019857246661558747,0.0010042173089459538,0.001575080561451614,0.0015562004409730434,2.331439645786304e-05,0.00014011496386956424,4.692882430390455e-05,1.311830146732973e-05,2.19634675886482e-05,4.75831166113494e-06,2.245149971713545e-06,11,0
1.503067778685363e-05,1.7243358740870462e-07,1.4455481505137868e-05,0.0005711237899959087,0.00035801008925773203,2.969624438264873e-05,3.474150958027167e-07,1.0371469215897378e-05,1.156603957497282e-05,7.800792081980035e-05,0.00032311497488990426,0.0004631265182979405,0.00018899903807323426,1.3991572814120445e-05,0.0001458213955629617,4.766630354424706e-06,1.300191433983855e-05,0.995119571685791,0.00010059886699309573,0.0024808060843497515,1.2540361240098719e-05,1.476624674978666e-06,4.327400529291481e-05,17,17
0.024139028042554855,3.06231013382785e-05,0.005375649780035019,0.0004500626237131655,0.8037517666816711,0.0008480020915158093,1.962174974323716e-05,0.00022312323562800884,0.0006414579111151397,0.002649125875905156,0.0019894593860954046,0.005080504342913628,0.04931160435080528,0.0004924010136164725,0.0002747383841779083,0.00037607314880006015,0.0006243452662602067,0.0746125876903534,0.0001323964970652014,0.026970816776156425,0.0006201681098900735,0.0004622447304427624,0.0009240953950211406,12,4
0.7103729844093323,2.836451358234626e-07,9.63295951805776e-06,4.884258260062779e-07,0.0015749231679365039,9.399135160492733e-05,5.352710559236584e-06,0.00029237440321594477,0.0018646343378350139,0.0005524405278265476,0.0013565374538302422,0.27987775206565857,6.172056600917131e-05,0.00022333920060191303,4.900796739093494e-06,2.1944439140497707e-05,5.479500032379292e-06,0.0033304067328572273,2.3331378997681895e-06,6.125675099610817e-06,0.0003360577393323183,7.245681672429782e-07,5.5091209105739836e-06,0,0
8.844192052492872e-05,3.4052391129080206e-05,0.00028187045245431364,0.0012911168159916997,5.1974973757751286e-05,0.0095500024035573,0.10142911225557327,6.136613228591159e-05,2.2034784706193022e-05,0.878516435623169,9.881268488243222e-05,9.926169877871871e-05,0.00398741289973259,0.0013992558233439922,3.5500921512721106e-05,0.00032275644480250776,4.712259851658018e-06,0.0001545726554468274,0.0002778020570985973,0.0019070171983912587,2.4148039301508106e-06,1.710068499960471e-05,0.00036689636181108654,9,9
0.04333662614226341,1.4304474404980283e-07,0.0009748230222612619,2.7015047976419737e-08,0.8666672110557556,0.0031179969664663076,2.264586692035664e-05,2.0734135830480227e-07,6.284746632445604e-06,0.011281479150056839,0.000303468870697543,0.06681930273771286,1.1180429282831028e-05,0.007438661064952612,1.5769151104905177e-06,1.2245975540281506e-06,1.1401568826840958e-06,3.3585170058358926e-06,5.337109882930235e-07,9.415781278221402e-06,3.189631172517693e-07,6.815950541749771e-07,1.6663136648276122e-06,0,4
0.0043656183406710625,2.0015056279021337e-08,2.0709410364361247e-06,1.2548966878966894e-06,0.6235338449478149,0.0890190452337265,3.1798415420780657e-06,4.782194196195633e-07,4.933049240207765e-06,0.0016033315332606435,9.293301991419867e-05,0.0028761194553226233,2.294690602866467e-05,0.2783604562282562,9.825062079471536e-06,2.335273165954277e-06,2.0120458543715358e-07,8.506650920026004e-05,3.0679419182888523e-07,9.84051530394936e-06,7.419259873131523e-08,5.581359800999053e-06,5.58339081635495e-07,13,4
0.014487538486719131,7.500497304135934e-05,0.013077289797365665,6.701445090584457e-05,0.035891421139240265,0.04201306402683258,0.04308218136429787,0.020307842642068863,0.11990992724895477,0.06358163803815842,0.02299255132675171,0.0741857960820198,0.2410096824169159,0.0029415192548185587,0.024408020079135895,0.016511421650648117,0.003228572430089116,0.184562548995018,0.006048985756933689,0.027325019240379333,0.02710605226457119,5.2046863856958225e-05,0.01713481917977333,19,12
6.782392301829532e-05,3.360102709848434e-05,0.00012161243648733944,1.3788835531158838e-05,0.006169043481349945,2.090693305945024e-05,1.4225617633201182e-05,2.0565387330861995e-06,4.400017985517479e-07,0.00021099875448271632,0.0001773799303919077,1.3114455214235932e-05,0.002133155008777976,0.0001409727119607851,5.451475772133563e-06,6.378988359756477e-07,4.1982725633715745e-06,0.00011526745947776362,4.30830659752246e-05,0.9906512498855591,4.9496685505801e-07,5.534919546335004e-05,5.291073648550082e-06,19,19
0.011580306105315685,2.6150521080126055e-05,0.9368078112602234,1.1445537893450819e-05,0.0013049026019871235,0.0089460713788867,0.005397276021540165,5.301197961671278e-05,2.1040325009380467e-05,0.020542243495583534,0.00022521379287354648,0.0005269274697639048,0.010578702203929424,0.00018769409507513046,8.091926247288939e-06,1.6691699784132652e-05,0.0002474806387908757,0.0011570685310289264,0.0009142312919721007,0.0012792883208021522,4.640082624973729e-05,4.1997438529506326e-05,7.993204053491354e-05,2,2
2.7040636268793605e-05,5.527373900804378e-07,0.00010466391540830955,1.865271883616515e-06,0.00021738385839853436,2.9508806619560346e-05,4.0500440263713244e-06,8.11491020158428e-07,1.0290626050846186e-05,5.279689958115341e-06,1.0152658660445013e-06,1.1425750926719047e-05,0.9983749389648438,1.536406489321962e-05,7.951661245897412e-06,2.133275074811536e-06,4.4377204176271334e-05,0.00016536538896616548,3.867696796078235e-05,0.0007349877851083875,2.6071598767885007e-05,0.00017403466335963458,2.2068566067900974e-06,12,12
0.0001878348848549649,2.3889351723482832e-06,8.120776328723878e-05,2.0623714590328746e-05,0.09844163060188293,0.8215311169624329,2.3868731659604236e-05,3.8100714050415263e-07,6.157167717901757e-07,7.136781641747802e-05,1.4217501984603587e-06,3.4506467727624113e-06,0.07632984220981598,0.00042477939859963953,6.719075713590428e-07,6.598763206966396e-07,4.951154551235959e-06,0.0002799005014821887,6.35673277429305e-05,5.785012399428524e-05,8.933662343224569e-07,0.002454460132867098,1.660804082348477e-05,18,5
0.005344543140381575,3.208212007166367e-08,7.39561946829781e-05,4.416915999172488e-06,2.3425189283443615e-05,1.998329025809653e-05,1.8139395251637325e-05,9.380836672789883e-06,2.0298862182244193e-06,0.00019675026123877615,0.9937707781791687,0.0002600595762487501,0.00010594646300887689,2.82966902886983e-06,8.547069228370674e-06,1.3758502063865308e-05,2.487442145593377e-07,9.802511340240017e-05,3.616243338910863e-05,6.88952923155739e-06,1.1916777111764532e-06,1.0125063454324845e-06,2.0384918570925947e-06,10,10
3.873510401319891e-09,2.9256211675487975e-08,1.1843078482343117e-06,3.4575907648104476e-07,3.990042785062542e-08,2.5718229608173715e-06,8.453589543933049e-07,1.9127189716527937e-06,0.9999444484710693,2.554601678639301e-06,7.264125542860711e-06,4.140596502111293e-06,3.4240335935464827e-06,2.8230314796928724e-07,2.6019897632068023e-06,2.1354888701807795e-07,1.2809847760308912e-07,6.056267011445016e-06,1.3903639910495258e-06,3.8817239556010463e-07,7.572110462206183e-06,2.47182043722205e-07,1.2274513210286386e-05,8,8
0.0051296912133693695,0.00012226820399519056,0.03129337728023529,0.00013052075519226491,0.9342677593231201,0.00242473348043859,5.937688547419384e-05,1.3938952179159969e-05,2.8650092644966207e-05,0.0015698486240580678,0.00029184576123952866,3.1760129786562175e-05,0.011185351759195328,0.0021048274356871843,0.00010519862553337589,1.387541601616249e-06,6.749259046046063e-05,0.0008317750762216747,0.00048203716869466007,0.009444326162338257,6.334983936540084e-06,0.0003972612612415105,1.0125148946826812e-05,12,4
0.3011549413204193,5.355519078875659e-06,0.06371935456991196,9.262097933060431e-08,0.019876491278409958,0.5653938055038452,0.0011609388748183846,0.0003475357952993363,1.9105500541627407e-05,0.008001529611647129,0.005752056837081909,0.016070611774921417,0.006511087995022535,0.008793833665549755,1.34234132929123e-05,7.993211511347909e-06,3.817689139395952e-05,0.0016819273587316275,8.437254291493446e-05,0.001169604598544538,0.00010117841884493828,4.70370396215003e-05,4.945755426888354e-05,2,5
0.0001876941678347066,6.488033977802843e-05,0.028772328048944473,0.0012703698594123125,0.187368243932724,0.03729445859789848,0.00024947585188783705,0.0009046177146956325,0.0022740806452929974,0.01523056160658598,0.0023507224395871162,0.0013868913520127535,0.02964908629655838,0.0010264137526974082,0.0009915390983223915,0.002497099805623293,0.5637988448143005,0.0236558448523283,0.0017078303499147296,0.019713999703526497,0.060229092836380005,0.008982065133750439,0.010393846780061722,16,16
0.9999470710754395,1.4741959875053112e-09,3.41656622993014e-08,9.860861016619538e-10,8.304014613713662e-07,5.27630170665816e-08,4.728642366558233e-09,4.2792268573066394e-07,1.7479652569818427e-07,2.478525971127965e-07,2.2496873697264164e-08,2.144884547305992e-06,8.32434388087222e-09,4.14186706620967e-06,6.393274798455195e-10,8.506091944582295e-06,1.7034635035884094e-08,6.46859803055122e-07,2.608546934013134e-09,1.974898244938572e-09,3.564526195987128e-05,9.052969573986047e-08,2.2893964501946584e-10,0,0
0.0014604914467781782,3.791000153796631e-06,1.4248832485463936e-05,2.086865379169467e-06,0.3375377953052521,0.01396745815873146,2.158209099434316e-05,6.9359475673991255e-06,0.006101007107645273,0.005892924964427948,0.001793400151655078,0.3213253915309906,2.988853339047637e-05,0.30934008955955505,0.0017834898317232728,0.0005990019417367876,1.6570405705351732e-06,7.266052307386417e-06,2.395117553533055e-05,9.598171345714945e-06,2.750193561951164e-05,1.9934414012823254e-05,3.05474350170698e-05,13,4
0.006727767176926136,6.831944574514637e-06,0.0005609635845758021,4.019243533548433e-06,0.8578930497169495,0.0773237943649292,9.059971489477903e-05,1.86240049515618e-05,0.0007643342250958085,0.00867930706590414,0.0005678871530108154,0.03415333479642868,0.002430602675303817,0.0046769422478973866,0.0009975492721423507,0.00041419232729822397,0.0004205059085506946,0.0008668651571497321,0.00023262483591679484,0.000657822354696691,0.00045073189539834857,1.0384143934061285e-05,0.002051342511549592,9,4
0.8569949269294739,0.0011539914412423968,0.010998073033988476,2.2843714759801514e-06,0.05784919485449791,0.0639740526676178,0.00028872163966298103,4.0247865399578586e-05,0.00046608757111243904,0.001233510673046112,2.1210389604675584e-05,0.00011493128113215789,0.0010453814174979925,0.004769806284457445,1.979023545573e-05,2.200781091232784e-05,7.254142838064581e-05,0.0002671034599188715,0.00015156871813815087,5.694596984540112e-05,0.0001250530913239345,0.0002843434631358832,4.822513437829912e-05,2,0
0.00045924243750050664,4.015703769510992e-09,1.3804819900542498e-06,5.3454758841553485e-08,0.8574200868606567,2.5603483663871884e-05,2.3578013497171924e-07,6.81717509110058e-08,3.967088559875265e-05,0.000167780090123415,2.9678842111025006e-05,0.14179572463035583,1.2774989954777993e-05,1.3688334547623526e-05,6.635767931584269e-06,5.648436399496859e-06,2.071379725521183e-07,1.524336312286323e-05,2.6881302517267613e-08,5.420326942839893e-06,1.6377791212107695e-07,3.598749032107662e-08,5.786359338344482e-07,11,4
1.7462622054154053e-05,1.0347410039912575e-08,2.758984555839561e-05,4.2888030293397605e-05,0.9906298518180847,1.016378155327402e-05,3.0233323400352674e-08,1.1945338940222427e-07,2.4251446575362934e-06,2.7972375846729847e-06,1.7016378478729166e-05,2.0082022729184246e-06,0.007622419390827417,2.0300926735217217e-06,1.0523553100938443e-05,1.7763036339601967e-06,3.019032192241866e-05,0.0005944541189819574,9.002624210552312e-07,0.0009780172258615494,1.0812569826157414e-06,2.9930749860795913e-06,3.2752084280218696e-06,12,4
0.08389946818351746,9.506721107754856e-05,0.7932505011558533,1.8176177036366425e-05,0.04719150438904762,0.01747630164027214,0.0013342067832127213,3.8458791095763445e-05,0.000353883282514289,0.006161145865917206,0.0007997224456630647,0.0053577302023768425,0.03142991289496422,0.0016069688135758042,0.00014516603550873697,0.00019703061843756586,0.0004326803900767118,0.0051441616378724575,0.00034426990896463394,0.004199615214020014,0.00027825284632854164,0.00017494727217126638,7.092676241882145e-05,2,2
0.004677502438426018,5.1445290409901645e-06,0.00021751419990323484,0.0001127798022935167,0.06745919585227966,0.3920460045337677,0.004769640043377876,5.5013464589137584e-05,0.0007848956156522036,0.4107128977775574,0.002377404598519206,0.028781697154045105,0.007494134828448296,0.05639524385333061,0.0003488195361569524,2.0337305613793433e-05,7.390409791696584e-06,0.019246796146035194,0.000634024734608829,0.003144853748381138,1.1803220331785269e-05,1.138067545980448e-06,0.0006956860888749361,5,9
0.10811945796012878,5.017036528442986e-07,0.6170172691345215,4.0214740693045314e-06,0.23145133256912231,0.02668186090886593,0.00018488243222236633,3.0332717869896442e-05,0.0003266371786594391,0.006892468314617872,0.002348685637116432,0.0011988971382379532,0.0003856265975628048,0.0021444507874548435,0.0002915812947321683,0.0018545547500252724,0.00013851781841367483,0.00032537957304157317,0.0005618003197014332,1.07833093352383e-05,5.595038146566367e-06,2.1971343812765554e-05,3.501923174553667e-06,2,2
0.0030722389928996563,5.315715497999918e-06,0.9698631167411804,3.8433285226346925e-05,0.0010877070017158985,0.002017074730247259,0.00032710362575016916,6.740107346558943e-05,9.285200212616473e-05,0.0021517372224479914,0.00012218453048262745,0.0002896528458222747,0.008304547518491745,0.0003318112576380372,4.8087764298543334e-05,7.401069888146594e-05,0.002465011551976204,0.007190329022705555,0.0002652399998623878,0.0018738177604973316,0.00023692256945651025,6.0857546486658975e-05,1.450512991141295e-05,2,2
0.0007197100203484297,0.9705685973167419,0.00013341513113118708,2.501744711480569e-05,7.675203960388899e-06,1.4327535609481856e-05,0.00011252994590904564,7.02076795278117e-05,1.6622300336166518e-06,5.1227398216724396e-06,0.026219744235277176,1.0956195239941735e-07,5.1431994506856427e-05,0.0002072315983241424,2.306805299667758e-06,0.00015045209147501737,5.935659646638669e-05,0.0008734716684557498,2.1515327262022765e-06,0.00020816989126615226,0.0002409352018730715,0.0003256590280216187,7.120801228666096e-07,1,1
0.0006471743690781295,5.729888925998239e-06,9.291453898185864e-05,0.00033418225939385593,0.7627607583999634,0.038247544318437576,4.039853229187429e-05,7.092070154612884e-05,0.0007054618326947093,0.004580247215926647,0.1590893566608429,0.005302665755152702,0.005348782986402512,0.0021394069772213697,0.0032440104987472296,0.00016713599325157702,1.0851425940927584e-05,0.006861828733235598,0.00021230617130640894,0.009163806214928627,3.141051274724305e-05,3.1950403354130685e-05,0.0009111710824072361,17,4
0.0422513447701931,1.4479908259090735e-06,5.0333041144767776e-05,0.12515345215797424,0.0003509929229039699,6.766233127564192e-05,4.159126547165215e-06,0.8164345622062683,1.2017919743811944e-06,5.5750565479684155e-06,2.981779744004598e-06,9.548608659315505e-07,0.0002524642623029649,0.0015566240763291717,1.142452177305131e-07,0.0013885707594454288,0.00010792094690259546,0.005199771374464035,2.185531457143952e-06,0.0006874549435451627,8.346311369678006e-05,0.006390124559402466,6.641804247919936e-06,7,7
0.3791733384132385,7.924607530185312e-07,0.0011919987155124545,1.1197518006156315e-06,0.06490102410316467,0.002398144220933318,7.445406481565442e-06,9.514214070804883e-06,0.015765249729156494,0.0010213513160124421,0.0001264631428057328,0.018566511571407318,0.00013147576828487217,0.0037486949004232883,0.47896838188171387,0.03383193537592888,1.9144405086990446e-05,8.244611672125757e-05,2.347366898902692e-05,8.376254299946595e-06,1.6651467376505025e-05,6.968854222577647e-07,5.741864697483834e-06,0,14
0.0002527276228647679,3.3022024581441656e-05,0.01751539669930935,0.00010192745685344562,0.0002796163607854396,0.00010745375038823113,3.097889566561207e-05,0.00015003097360022366,7.854589784983546e-05,0.00017237871361430734,0.0003894726396538317,0.0033921832218766212,0.010302568785846233,0.00023886332928668708,8.153379167197272e-05,0.00021376661607064307,0.0008633036050014198,0.717307984828949,0.0002449465391691774,0.24775555729866028,0.00030618373421020806,4.277032712707296e-05,0.0001388964446960017,19,17
2.029887582466472e-07,3.5061486158838306e-08,6.962925453990465e-07,1.4331638453768392e-07,2.698973560200102e-07,2.743310687947087e-06,1.7583738554094452e-07,3.678802329432074e-08,5.612542963717715e-08,3.317034611427516e-07,1.9220174181100447e-06,3.982244720646122e-07,0.00039653657586313784,1.0904645932896528e-06,7.570328364181478e-08,1.4744863108262507e-07,5.571760993916541e-06,0.9987285733222961,1.1403274413623876e-07,0.0008190904627554119,1.1368424566171598e-06,6.837316846031172e-08,4.053107841173187e-05,17,17
0.0023727547377347946,0.01250096969306469,0.6627824902534485,0.009351714514195919,0.002094910480082035,0.0034249224700033665,0.00963586661964655,0.0019860086031258106,6.824181036790833e-05,0.004021393600851297,0.0027593006379902363,0.0007581566460430622,0.05704546347260475,0.00038700035656802356,0.0027357146609574556,0.0023955039214342833,0.00784293096512556,0.0903712585568428,0.016458280384540558,0.10010422021150589,0.0007281011203303933,0.008033240213990211,0.0021415965165942907,22,2
0.0011359790805727243,4.723449455923401e-05,0.00013828932424075902,8.563542360207066e-05,0.10111760348081589,0.6113024353981018,0.11013850569725037,0.0005204490735195577,0.0017404545797035098,0.11492644995450974,0.04146987944841385,0.00017318787286058068,0.006658728234469891,0.0002007160655921325,0.00015910218644421548,0.0011984029551967978,6.305297574726865e-05,0.0005616325070150197,3.85270468541421e-05,0.0005489570321515203,0.0004115788033232093,9.032903471961617e-05,0.007272873539477587,6,5
0.3932792544364929,3.3820520002336707e-06,0.0022679069079458714,0.00012252591841388494,0.23955513536930084,0.017072521150112152,0.00013952708104625344,0.000206855678698048,0.0005936388042755425,0.21537117660045624,0.008602735586464405,0.10231761634349823,0.0069777886383235455,0.005810671951621771,0.0003229230351280421,0.00011712528794305399,0.00010333323734812438,0.0014958946267142892,0.003981196787208319,0.0008456699433736503,0.00011293376883259043,4.434108632267453e-05,0.000655891839414835,0,0
0.9839185476303101,8.182607416529208e-06,0.00047740654554218054,0.0004807323566637933,0.008205289021134377,0.0009756923536770046,6.292670877883211e-05,0.00014875311171635985,0.0006625548703595996,0.000763061223551631,0.0004951849696226418,0.00010750455840025097,0.00018704925605561584,0.001779855345375836,2.1908655980951153e-05,0.00030814396450296044,4.35931324318517e-05,0.0005668108351528645,1.4335690138977952e-05,2.1555195417022333e-05,0.00013201388355810195,0.0005650704260915518,5.375840555643663e-05,0,0
1.1567067528144622e-14,2.8523995435048542e-15,1.017457494124907e-12,1.7354217487626999e-15,5.8180177459044545e-15,5.656627076466858e-12,1.0,7.566800918484828e-13,3.403575164762085e-12,1.0508979381422968e-14,4.6449736757132355e-15,1.3470196908848403e-13,2.030980418565864e-12,2.928354503328734e-10,3.7025027734347146e-16,1.6792395356789798e-15,4.295113662520014e-14,5.894449858767636e-12,9.725638399011097e-14,5.78354502961051e-14,5.412327758278629e-14,7.718147010024444e-17,7.554050718283634e-10,6,6
0.018319588154554367,6.97901384683064e-07,0.0010367835639044642,1.1557418474694714e-05,0.019070852547883987,0.0031724292784929276,5.2119678002782166e-05,2.2127236661617644e-05,0.005485880188643932,0.0032072453759610653,0.0005032933549955487,0.9132994413375854,0.001311429892666638,0.020861739292740822,0.003730286145582795,0.007560412865132093,5.283772225084249e-06,0.0020251914393156767,3.140086482744664e-05,0.0002459142415318638,8.613820682512596e-06,9.324674465460703e-06,2.8372511224006303e-05,9,11
0.43574070930480957,6.649268925684737e-06,0.0072281318716704845,2.34887411352247e-05,0.23365306854248047,0.022053677588701248,0.00023606290051247925,4.357231955509633e-05,0.01775778830051422,0.010832606814801693,0.0010850777616724372,0.1372614949941635,0.002182726515457034,0.10462997853755951,0.002811271930113435,0.018936637789011,5.8522742619970813e-05,0.00424587819725275,1.826122206693981e-05,0.0010133752366527915,9.193662845063955e-05,1.7053422197932377e-05,7.207866292446852e-05,11,0
0.0025424270424991846,0.00028225703863427043,0.04524324834346771,0.0033813591580837965,0.13600626587867737,0.016686521470546722,0.0006955807912163436,0.002452622866258025,0.005929375998675823,0.009629420936107635,0.006186414510011673,0.1527249813079834,0.09376052021980286,0.003119339467957616,0.030581215396523476,0.019032606855034828,0.01249442994594574,0.35244622826576233,0.0008788253180682659,0.08734050393104553,0.0028189083095639944,0.0009685192489996552,0.014798414893448353,19,17
0.0845450758934021,1.1986750791947998e-07,1.8306274796486832e-05,1.0393870979896747e-05,0.13345427811145782,0.005519267171621323,1.8626387827680446e-06,4.635292043531081e-06,0.0001594459463376552,0.00020293610577937216,2.991655310324859e-05,7.33868801034987e-05,6.6527559283713344e-06,0.21108515560626984,0.000111815745185595,0.5647017955780029,2.7064506866736338e-06,4.3159776396350935e-05,1.1221452496101847e-06,2.0339675756986253e-05,1.971794063138077e-06,5.39264965482289e-06,3.1305756920119165e-07,0,15
4.7937803174136207e-05,0.9978376030921936,4.9840487918118015e-05,1.1029533197870478e-05,1.8669936707738088e-06,0.00013099913485348225,0.0003529659297782928,5.846737985848449e-05,3.5988102808914846e-06,7.866625674068928e-05,1.4724953871336766e-05,2.7291170567878e-07,0.0001838553580455482,3.2685020414646715e-06,6.225179163266148e-07,3.2296233598572144e-07,6.017402483848855e-06,0.00031510042026638985,6.471896631410345e-05,0.00016240830882452428,3.594544978113845e-05,0.0005059920367784798,0.00013369845692068338,1,1
0.0009396286332048476,1.2368057468847837e-05,0.01540321484208107,9.488296927884221e-05,0.005905027501285076,8.647996583022177e-05,4.7800556785659865e-05,0.0027256023604422808,0.009734843857586384,6.10917413723655e-05,0.00029904567054472864,0.004983586259186268,0.024662155658006668,2.3628128474229015e-05,0.00012092359247617424,0.001131866592913866,0.0027966743800789118,0.9121553301811218,1.123862875829218e-05,0.014932327903807163,0.003214041469618678,0.0001542241225251928,0.0005038795643486083,17,17
0.07917402684688568,7.153490741984569e-07,1.1742821470761555e-06,1.0096927326230798e-05,0.0007073020096868277,0.02993401326239109,0.00753248343244195,0.0001889623235911131,7.709669489486259e-07,0.6815027594566345,0.1976969838142395,3.861732329824008e-05,2.7507114282343537e-05,9.003637387650087e-05,7.690232450840995e-05,0.0017204962205141783,7.998829687494435e-08,4.069071565027116e-06,0.00011026627907995135,1.4486433883575955e-06,3.7429706480907043e-06,1.8815635485225357e-06,0.0011755400337278843,9,9
1.2422494819475105e-06,0.00014300209295470268,6.555856543855043e-06,4.01480377831831e-07,5.20147636962065e-07,2.8722597562591545e-05,5.053232143836794e-07,7.095709975146747e-07,1.400154019393085e-06,8.666792155054281e-07,1.3625677866002661e-06,2.9686043490073644e-06,1.1758841537812259e-05,1.934340161824366e-06,2.3010619543128996e-07,3.010281446336194e-08,9.478678748564562e-07,1.233529383171117e-05,7.881976489443332e-05,1.4173788258631248e-06,0.0002662255719769746,0.9994377493858337,3.1631608976567804e-07,21,21
0.2624821662902832,0.0003503036859910935,0.3807663917541504,0.0009689307189546525,0.08890646696090698,0.007143429014831781,0.09411061555147171,0.000935837859287858,0.0003922753094229847,0.06948015093803406,0.0001537045609438792,0.0007818501908332109,0.018208544701337814,0.01152228657156229,5.967009565210901e-05,0.0018358565866947174,0.012358509935438633,0.03268503025174141,0.00048584805335849524,0.013535737991333008,0.0009865115862339735,0.0016261080745607615,0.00022382158203981817,17,2
9.935385492099158e-08,1.026548716254183e-06,1.6620560927549377e-07,2.097930155287031e-05,6.789412509533577e-06,5.651186825161858e-07,5.69425219509867e-06,6.465053559168155e-08,1.1511450992429673e-07,1.223567142005777e-05,1.1003811550835962e-06,8.344639354618266e-06,0.9882915616035461,6.804850158914633e-07,2.15894988286891e-06,7.405685209960211e-06,1.5746973076602444e-05,0.0006484307232312858,8.598908607382327e-06,0.01089304219931364,6.68809343551402e-06,9.855727512331214e-06,5.8621324569685385e-05,12,12
9.433711966266856e-06,2.6173008205176984e-09,5.762831278843805e-06,1.462479581881837e-09,0.99671471118927,0.00019447284284979105,1.0929971594464405e-08,5.975563155402597e-09,8.075215873759589e-08,2.7329922431817977e-06,7.786657647557149e-07,8.258260095317382e-06,0.0004615075304172933,1.1204561815247871e-05,3.6209648612839374e-08,9.939508061052038e-08,3.072504568990553e-06,0.0018694138852879405,1.7531162299633252e-08,0.0007179480162449181,2.5861697849904886e-07,3.264138825898044e-08,2.213904224390717e-07,17,4
0.0011183617170900106,2.6131953489993975e-08,3.080014721490443e-05,2.0180291357974056e-06,7.807958900230005e-05,0.0004500988288782537,3.2374246075050905e-05,1.0762293641164433e-05,0.029642637819051743,0.0014555571833625436,0.00030070930370129645,0.3679463863372803,6.051752279745415e-06,0.5042639970779419,0.0012042454909533262,0.09343183785676956,7.89920804322719e-08,7.0233436417765915e-06,7.562606242572656e-06,8.591568075644318e-06,1.1084087248036667e-07,1.9295774222882756e-07,2.4943110474850982e-06,13,13
0.004149367101490498,7.425210787914693e-05,0.738743782043457,6.357597885653377e-05,0.005288364365696907,0.00021060046856291592,8.370128489332274e-05,0.00010701464634621516,7.613660727656679e-06,0.0003483930486254394,0.0004466660029720515,0.0004413400893099606,0.075588658452034,1.782443177944515e-05,7.763504981994629e-05,0.006705947685986757,0.038258180022239685,0.06111032888293266,0.00020198969286866486,0.06534864008426666,0.0005194621626287699,0.0020391717553138733,0.00016743650485295802,19,2
0.3912886381149292,6.800781875426765e-07,0.003042649943381548,4.0098871068039443e-07,0.45050984621047974,0.0008697728044353426,6.087580459279707e-06,8.23320951894857e-05,0.00022995212930254638,0.002432024572044611,0.0002938854449894279,0.13859869539737701,0.0013344568433240056,0.0013422879856079817,0.001219534082338214,0.00468852324411273,4.237656685290858e-05,0.0037144615780562162,1.4545595149684232e-05,0.00025926282978616655,1.458120641473215e-05,4.071078819833929e-06,1.0889888471865561e-05,9,4
0.016162360087037086,1.2456554543405218e-07,0.013944311067461967,1.1606712178036105e-05,0.9492101669311523,0.0012507170904427767,4.933233412884874e-06,1.0852871128008701e-05,0.0002984986640512943,0.0003385801101103425,0.00037016847636550665,0.0027136513963341713,0.0027911250945180655,0.00020815982134081423,0.0025439574383199215,0.005068755242973566,0.00011637742136372253,0.004516130313277245,3.0231813070713542e-06,0.00042403474799357355,3.64339189218299e-06,2.898480943258619e-06,6.037543244019616e-06,10,4
0.9829368591308594,4.072488479778258e-08,3.0701442028657766e-06,1.5364348655566573e-06,0.004626348149031401,2.500673508620821e-05,2.009984655160224e-06,3.463149141680333e-06,0.00044925473048351705,0.002685273066163063,0.0011596265248954296,0.0077823614701628685,4.484089004108682e-06,4.160015669185668e-05,0.00023666431661695242,2.9057549909339286e-05,2.171828050734348e-08,2.314063067387906e-06,9.640569260227494e-06,3.5161278333362134e-07,1.4031787998192158e-07,1.575619990035193e-07,5.715725137633854e-07,0,0
2.5466601982770953e-06,8.669260864735406e-09,1.1210948258622011e-07,3.634524625706348e-10,0.9999637603759766,2.716489507292863e-05,1.178822039982208e-09,4.372334938551603e-09,7.98031578597147e-07,2.445713676024752e-07,1.4916309964974062e-07,1.6588969629083294e-06,1.2841206853408949e-06,3.4472972032517646e-08,1.6376628764191992e-07,3.480901611396803e-08,1.708523456045441e-07,8.082382123575371e-07,6.860448653611684e-09,1.9585255017773306e-07,3.9398162243742263e-07,1.617414646659654e-08,4.979045797881554e-07,4,4
0.0028256613295525312,0.00011172184167662635,0.6886240243911743,0.004295010585337877,0.0003783462743740529,0.0025262348353862762,0.004720757715404034,0.0003277116047684103,8.587522461311892e-05,0.002507598837837577,0.00027206153026781976,0.0011362133082002401,0.17156198620796204,0.0007899149204604328,0.0002667414955794811,0.001923867966979742,0.018943628296256065,0.06138285622000694,0.015364410355687141,0.01608085446059704,0.0008613301324658096,0.0031772321090102196,0.0018359567038714886,12,2
0.0002508925972506404,0.00028346458566375077,0.17672714591026306,0.0018230697605758905,2.3421864170813933e-05,3.592731081880629e-05,6.174901500344276e-05,0.0005398783250711858,5.445468104881002e-06,4.9972593842539936e-05,0.00011406041448935866,3.732081677298993e-05,0.014244671911001205,4.369789621705422e-06,3.0014712137926836e-06,0.00019241281552240252,0.04364965856075287,0.022644156590104103,0.0003312035114504397,0.004600169602781534,0.009590205736458302,0.7245608568191528,0.0002268126409035176,21,21
0.0006411413778550923,1.2757678632624447e-05,0.0002011886244872585,0.0022562118247151375,0.45355114340782166,0.00014338857727125287,3.218522033421323e-05,0.00023715704446658492,0.0006045071640983224,0.0005080181872472167,0.002074587857350707,0.00023370538838207722,0.0059692650102078915,0.0005202229949645698,0.006502511445432901,0.0005947654717601836,0.0006838312256149948,0.02487023174762726,0.00023414620955009013,0.49720877408981323,0.0002338078193133697,0.00019655705546028912,0.0024899456184357405,19,19
0.4444118142127991,9.332656190963462e-05,0.03321409970521927,4.225950760883279e-05,0.010033135302364826,0.003428567899391055,0.0007757305866107345,0.0006562002818100154,0.0024757301434874535,0.007231029216200113,0.4849066138267517,0.004204167518764734,0.0042273374274373055,0.00012568225793074816,0.0007227681344375014,0.00040767216705717146,0.00011364238889655098,0.001592322951182723,0.0003508252266328782,0.00011822822852991521,0.00040680181700736284,0.00017175206448882818,0.00029031807207502425,2,10
0.0011463828850537539,0.00030110112857073545,0.0540357269346714,0.001050440245307982,0.007543432526290417,0.00040434865513816476,0.0005800843937322497,0.00022884622740093619,0.0004016809107270092,0.0023820661008358,0.0012777000665664673,0.02057359553873539,0.20207291841506958,0.00013617768127005547,0.0008821003139019012,0.00495501235127449,0.004025720059871674,0.3377924859523773,0.0005740018677897751,0.3484179675579071,0.003229538444429636,0.0002454185450915247,0.00774322310462594,17,19
1.8447309457769734e-07,5.616451193013461e-10,4.640121460397495e-07,4.1056324562305235e-08,3.2710070740904484e-07,1.1347026884322986e-05,7.336871021834668e-07,6.175854991852248e-07,0.9998749494552612,8.709745998203289e-06,2.6177151539741317e-06,7.731195364613086e-05,6.524570608235081e-07,1.337251887889579e-06,1.2307887118367944e-05,7.542245384684065e-06,3.6971701256049982e-09,3.6514424550659896e-07,1.4962854777422763e-07,9.811457601927032e-08,2.5140002435364295e-07,3.104186019342592e-09,8.916683214010845e-08,8,8
0.002215624088421464,0.002263155533000827,0.005982213653624058,0.0011653637047857046,0.01688947156071663,0.2787594199180603,0.028300493955612183,0.00029624105081893504,0.002868115436285734,0.09377404302358627,0.44957131147384644,0.0014262418262660503,0.039308100938797,0.00012321877875365317,0.000612209492828697,0.0010629079770296812,0.0007058345945551991,0.002579046180471778,0.0004587769799400121,0.022359710186719894,0.0006448571803048253,0.003962597344070673,0.04467109590768814,10,10
0.0016039138427004218,3.8465140050902846e-07,1.517093664915592e-06,1.3854422817316525e-11,0.9557713270187378,0.03951321542263031,1.1770877250683043e-07,2.0831846470059645e-08,1.1756062576750992e-06,3.717374283951358e-06,6.340504796753521e-07,2.7014459192287177e-05,7.959781811450739e-08,0.0030698366463184357,4.884365353063913e-06,1.8562169543656637e-06,2.3686396843913826e-08,8.795765182867399e-08,1.4513212853728419e-08,2.1649510628662938e-08,1.9807531614901563e-08,9.029146319505799e-09,1.0917867143689364e-07,5,4
0.01457079965621233,5.633559680973121e-07,0.00039872433990240097,7.107299779818277e-07,0.7405049204826355,0.001433856668882072,4.95733684147126e-06,2.815171455949894e-06,0.0001415607111994177,0.0005924753495492041,0.00027086579939350486,0.23481300473213196,0.0006663546082563698,4.70399136247579e-05,0.0018926684278994799,0.004042229149490595,6.168640538817272e-06,0.0005117314867675304,2.285095661136438e-06,7.514219032600522e-05,7.508942417189246e-06,2.4129965368047124e-06,1.1256541256443597e-05,11,4
0.996599018573761,5.103546385498703e-08,3.544214450812433e-06,2.498638025372202e-07,6.7371320255915634e-06,2.3795240849722177e-05,4.2833576117118355e-06,2.754148590611294e-05,0.0001950598380062729,5.3737869166070595e-05,0.001231213565915823,0.001484542153775692,1.2624035434782854e-06,0.0003000088909175247,1.4464725381913013e-06,5.841006714035757e-05,9.076004836572338e-09,4.483384145714808e-06,1.1070707159888116e-06,6.061281965230592e-08,2.941944103440619e-06,2.879864098304097e-07,3.539952899700438e-07,0,0
0.9999313354492188,4.686008248100393e-10,1.8973187465576302e-08,1.572101560043393e-08,4.759641888085753e-05,3.936625944334082e-06,1.2913639046985281e-08,1.8620457353790698e-07,2.9595605965937466e-08,6.032104920450365e-06,2.118391932981467e-07,5.751454636993003e-07,2.434468093781561e-08,8.67487324285321e-06,1.6447632589233763e-08,8.240119200308982e-07,2.901308748803899e-09,1.6948752090684138e-07,3.8301735116874625e-07,2.4557238464950615e-09,3.4953917094071585e-08,2.1585684351066448e-08,1.1555636447724282e-08,0,0
0.00453566201031208,0.0011045270366594195,0.04429074749350548,0.005182759370654821,0.005704793613404036,0.014885534532368183,0.005439190659672022,0.0006293477490544319,0.00036110496148467064,0.011420609429478645,0.0008502147975377738,0.0029093127232044935,0.6710501909255981,0.001784561318345368,0.0023680804297327995,0.0024952611420303583,0.002152113476768136,0.03934094309806824,0.007577051408588886,0.17075641453266144,0.0005246856017038226,0.0034247846342623234,0.0012120853643864393,12,12
2.3067091206030454e-06,4.39885184277955e-07,0.0004821679904125631,2.2041662361971248e-07,1.8923448408258992e-07,4.39389594930617e-07,6.52768079589805e-08,3.6928400959368446e-07,3.5512929486003486e-08,7.569253313022273e-08,1.0948647144459756e-07,3.5298321563459467e-06,4.569611064653145e-06,4.032091055705678e-06,7.883172514766557e-08,1.0567543995421147e-06,6.195887635840336e-06,9.215501449943986e-06,1.9481485651340336e-06,2.5492190616205335e-06,3.840189947368344e-06,0.9994766116142273,1.361980306313626e-08,21,21
7.556582204415463e-07,6.690940779208177e-08,4.99266263886966e-07,2.4075503461062908e-05,0.004339372739195824,1.9718785551958717e-05,9.692763569546514e-07,3.8240335697992123e-07,1.4925706182111753e-06,3.0218980100471526e-06,2.8217357339599403e-06,1.2058019365213113e-06,0.9783787727355957,2.601940423119231e-06,3.8104094528534915e-06,9.41885957672639e-07,0.00024715298786759377,0.0038858545012772083,2.561422888902598e-06,0.012525845319032669,0.00020182409207336605,2.000089079956524e-05,0.00033628768869675696,12,12
4.13324369219481e-06,9.627894037578244e-10,1.3231772300059674e-06,6.958477544172226e-11,3.7716361021011835e-06,1.166780407402257e-06,5.252119184007142e-09,2.5939371539607237e-07,2.231302460131701e-06,5.820905926157138e-07,1.800021345843561e-05,8.111444003588986e-06,4.837773417420976e-07,1.3310157953583257e-07,0.0004554015467874706,0.9994986057281494,6.698668642002303e-08,5.157826308277436e-06,9.317526661334341e-08,3.8971410276644747e-07,2.2201330551752108e-08,7.872654750329389e-10,1.2367991075734608e-07,15,15
0.00020301219774410129,3.30157116923413e-11,4.70963668064428e-09,5.087290033678471e-10,0.00039922440191730857,2.938085344794672e-06,9.80232961467209e-09,6.73227074088345e-09,0.0003751502081286162,2.3451895685866475e-05,8.435237759840675e-06,0.9989776611328125,1.8296012171958864e-07,7.750030590614188e-07,3.797540770733576e-08,1.170425605323544e-07,5.037988692890849e-09,8.501307092956267e-06,6.511864825142766e-08,2.114915886863855e-08,7.345755648202612e-08,2.431012335879501e-10,2.6409097131363524e-07,0,11
0.00045172308455221355,4.680919118982274e-06,0.00016145336849149317,8.706803782843053e-06,0.00038260192377492785,0.00011376934708096087,4.438325049704872e-05,4.741207249026047e-06,1.6027890524128452e-05,0.00201613106764853,2.5119908968918025e-05,0.024027979001402855,0.6273031830787659,7.815554272383451e-05,4.633228400052758e-06,3.656779881566763e-05,0.000896601821295917,0.3189503848552704,0.00017337729514110833,0.021534264087677002,0.000911967596039176,6.446227871492738e-06,0.0028471865225583315,12,12
0.0017155632376670837,0.0037796837277710438,0.000113655325549189,7.945195102365687e-05,0.1060161143541336,0.16038815677165985,0.00010191115870838985,0.0004761112795677036,4.6529290557373315e-05,0.004839547444134951,0.0016323563177138567,0.0017958222888410091,0.018919747322797775,0.0010593689512461424,0.006232463289052248,0.0044124191626906395,0.008619985543191433,0.15191645920276642,0.0022691721096634865,0.23096215724945068,0.002595319412648678,0.0009430533391423523,0.291084885597229,17,22
0.9566205143928528,1.8794139577948954e-07,3.196804755134508e-05,1.677099135122262e-05,0.018406854942440987,0.00018858947441913188,1.259017881238833e-05,8.07637843536213e-06,2.6722382244770415e-05,0.00021874383674003184,9.017634283736697e-07,2.0852157831541263e-05,9.936843525792938e-06,0.024236949160695076,2.390266217844328e-06,0.00014011198072694242,5.3285311878426e-06,3.9996972191147506e-05,1.3648495666984672e-07,6.1910509430163074e-06,4.402909326017834e-06,1.8096646954290918e-06,4.951159127131177e-08,0,0
0.14602071046829224,0.03685804829001427,0.0003596781753003597,1.3988596037961543e-05,0.03981544449925423,0.02836555242538452,0.07532401382923126,0.02127555012702942,2.7518619390320964e-05,0.024159111082553864,0.23514913022518158,0.00019885187793988734,0.0019233733182772994,0.0010986457346007228,0.34506574273109436,0.03864842280745506,0.0002803667157422751,0.001179016544483602,5.97267753619235e-05,0.002542960224673152,0.00030100479489192367,0.0007170286262407899,0.0006161362980492413,9,14
0.001890030805952847,0.9398753046989441,0.013045690022408962,5.8658089983509853e-05,9.409585618413985e-05,0.0002512531937099993,0.0032561500556766987,0.00023047321883495897,4.190875642962055e-06,0.0008825812255963683,0.00017645885236561298,5.09875790157821e-05,0.002369354944676161,0.0012349655153229833,7.28486556909047e-05,0.0002484574797563255,0.012192294001579285,0.0038797538727521896,0.00538429943844676,0.006072504911571741,0.0004534278705250472,0.00816386193037033,0.00011234467092435807,1,1
5.686882104782853e-06,1.1447724318713881e-05,0.0005612513050436974,9.032353409565985e-05,3.313581373731722e-06,1.7976577510125935e-05,2.224293893959839e-06,4.386570435599424e-05,6.128384484327398e-06,5.003115347790299e-06,3.4952897749462863e-06,9.918164323607925e-06,5.33853453816846e-05,1.9494380467222072e-05,1.7085542367567541e-06,2.8110312086937483e-06,7.146256393752992e-05,0.00013263335858937353,5.207616777624935e-05,4.3644085963023826e-05,0.00036857850500382483,0.9984908103942871,2.6951611289405264e-06,21,21
0.0007097908528521657,0.0005558379925787449,0.00042127716005779803,0.001991023076698184,0.0018511418020352721,0.013444592244923115,0.004747594706714153,0.000165102697792463,0.0016064373776316643,0.028887789696455002,0.0005852876929566264,0.002545689232647419,0.5691688656806946,0.0006867749034427106,0.0007412975537590683,0.00036433665081858635,0.00034300272818654776,0.020890263840556145,0.006228187121450901,0.01371390838176012,0.0002923329593613744,0.0003079282760154456,0.329751580953598,12,12
0.04731958359479904,0.0711069256067276,0.04948172718286514,0.002434462308883667,0.0025825651828199625,0.0005160474684089422,0.002541076624765992,0.0006404821760952473,0.0005384827964007854,0.0029366984963417053,0.003101944923400879,0.0003917549620382488,0.084310382604599,0.0031373321544378996,0.00030683932709507644,0.0003382786235306412,0.014178293757140636,0.006762824486941099,0.12214355915784836,0.07047127187252045,0.007947907783091068,0.506552517414093,0.00025911181000992656,18,21
0.1205698698759079,0.00016147753922268748,0.032148897647857666,0.0015029931673780084,0.33017656207084656,0.0007374903652817011,0.00023812506697140634,0.002329117152839899,0.0035344401840120554,0.000945810170378536,0.000756148889195174,0.00462255859747529,0.08699899911880493,0.0036859752144664526,0.007830495946109295,0.003707512281835079,0.03983815759420395,0.12984323501586914,0.0008120405836962163,0.21985305845737457,0.004897299222648144,0.004682059865444899,0.00012776524818036705,19,4
8.44421663259709e-07,2.083826728949134e-07,4.44981487817131e-05,2.524619958421681e-06,2.2384296244126745e-05,5.066049197921529e-07,3.4214065181004116e-07,5.516193937182834e-07,1.4645985402239603e-07,2.4281091555167222e-06,7.453380703736912e-07,1.3848743947164621e-06,0.00046892277896404266,3.975949766754638e-06,2.050066086667357e-06,1.9734270608751103e-06,5.708014214178547e-06,0.00119019765406847,3.9504675442003645e-06,0.998245358467102,4.919369871458912e-07,3.851827727885393e-07,5.066029871159117e-07,19,19
0.00013187305012252182,5.72523167647887e-05,5.070054248790257e-05,0.0004960706573911011,0.0019066515378654003,0.005096486769616604,0.00010296998516423628,0.0002961594145745039,0.00011589333007577807,0.0016098860651254654,0.0026293015107512474,0.00030334675102494657,0.10002456605434418,2.5288107281085104e-05,0.0010446786182001233,0.00017979086260311306,0.013419831171631813,0.02895256318151951,0.021152524277567863,0.0038434346206486225,0.01577991060912609,0.0006599660264328122,0.8021208047866821,22,22
0.002362238010391593,2.104259166912925e-08,7.168649517552694e-06,2.1528610005816518e-09,0.9975639581680298,1.4522393939842004e-05,1.1172780034485186e-08,6.428727328255945e-09,8.825826625979971e-06,1.9600745417847065e-06,4.406049924909894e-07,3.4768258956319187e-06,4.2196867866550747e-07,2.655451862665359e-05,1.6822518773551565e-06,4.947039997205138e-06,2.148200564988656e-06,4.5942951487631944e-07,2.7913564792925172e-08,2.4947323140622757e-07,5.575572572524834e-07,2.995128056682006e-08,1.076217657214329e-07,4,4
0.17215891182422638,1.345339001090906e-06,0.0009916905546560884,8.719180755178968e-08,0.7716760635375977,0.00146778195630759,0.0043733082711696625,9.268588655686472e-06,4.492017978918739e-06,0.02257551997900009,0.02380535379052162,0.002559129847213626,0.0001659886329434812,9.914507973007858e-05,1.2100513231416699e-05,1.9831020836136304e-05,2.2355892724590376e-05,2.3930977476993576e-05,1.4282739357440732e-05,4.7647126848460175e-06,3.121915369774797e-06,7.552381703135325e-06,4.044025445182342e-06,6,4
0.008414755575358868,9.137595043284819e-05,0.0041654896922409534,0.002565838396549225,0.017888953909277916,0.0247119702398777,0.001042000250890851,0.006878390908241272,0.005968286655843258,0.004556742496788502,0.0006522113690152764,0.045434512197971344,0.32436537742614746,0.03325094282627106,0.002448424231261015,0.2596456706523895,0.002228045603260398,0.23203127086162567,0.0006983244093134999,0.018567586317658424,0.0013695836532860994,0.002320951782166958,0.0007031976128928363,17,12
0.027538064867258072,6.603064775845269e-06,0.003983806353062391,8.586678632127587e-06,0.029682457447052002,0.3646741807460785,0.002237000735476613,0.0002180107985623181,0.023516960442066193,0.08323048055171967,0.011483263224363327,0.28656262159347534,0.00521077960729599,0.11639714241027832,0.0006121086771599948,0.0409572571516037,2.691789086384233e-05,0.002586548449471593,6.14919772488065e-05,0.00043247727444395423,0.0004951597074978054,6.175614544190466e-05,1.6375082850572653e-05,13,5
0.004389792215079069,0.00012451878865249455,0.0015464628813788295,0.015614804811775684,0.8659716248512268,0.0005310174892656505,0.00010731395741458982,0.0003495217824820429,0.010696136392652988,0.002758519956842065,0.0005402622045949101,0.001949918456375599,0.015286159701645374,0.002753037493675947,0.0005568917840719223,0.000464895972982049,0.0024564210325479507,0.021898113191127777,0.000254126382060349,0.044363077729940414,0.0021578853484243155,0.0022530793212354183,0.002976485062390566,19,4
0.00012075302947778255,5.199961378821172e-05,0.0037697684019804,0.00019165899720974267,0.05554467812180519,0.00023725979554001242,4.663776053348556e-05,5.671105100191198e-05,3.105346695519984e-05,0.00021864130394533277,0.00041985177085734904,0.0007393218693323433,0.04680081456899643,2.21042828343343e-05,0.00016169656009878963,2.1535252017201856e-05,0.0002664187049958855,0.04197143763303757,5.471477561513893e-05,0.8460792899131775,0.0004686117172241211,2.9311520847841166e-05,0.0026957218069583178,19,19
0.00272742728702724,7.532732706749812e-05,0.0006299210945144296,0.00024252271396107972,0.2538713812828064,0.0014537229435518384,1.2704639630101155e-05,1.0005879630625714e-05,1.543654980196152e-05,0.0007725374307483435,0.00016610295278951526,5.059200702817179e-05,0.6619961261749268,0.00013094440510030836,0.00033567706122994423,6.6811015130952e-05,0.00016409704403486103,0.0012118748854845762,0.0011488670716062188,0.07412368059158325,9.433681043446995e-06,0.0007550519658252597,2.980485442094505e-05,12,12
9.318076990894042e-06,1.5668695141357603e-07,0.000253205478657037,0.001400286564603448,6.005371324135922e-05,0.00015202829672489315,1.394028686263482e-06,2.2327338228933513e-05,6.427057815017179e-05,7.492956683563534e-06,2.2696229279972613e-05,3.3954931950574974e-06,0.0005516657256521285,1.0184561688220128e-05,9.336636867374182e-05,2.294612022524234e-05,0.9194815158843994,0.0006785218720324337,0.06849686056375504,0.00012447524932213128,0.007722165435552597,0.000233193306485191,0.000588536262512207,16,16
0.0022529971320182085,7.942890988488216e-06,0.0008248288067989051,0.0004134865594096482,0.06596384197473526,0.0008593196398578584,5.439349843072705e-05,2.2805461412644945e-05,7.838342571631074e-05,0.0006227060221135616,4.7057310439413413e-05,0.00051496597006917,0.015004834160208702,0.008808550424873829,2.1337315047276206e-05,4.5944743760628626e-05,0.0004707439220510423,0.8193303346633911,6.934830162208527e-05,0.08409801870584488,0.0002320982894161716,3.3180800528498366e-05,0.00022278333199210465,19,17
3.432919402257539e-05,7.974722961989755e-07,1.0024264156527352e-05,7.204543805983121e-08,7.971206287038513e-06,2.102596226905007e-05,0.9998587369918823,5.604329658126517e-07,5.134735943101987e-07,1.9702358258655295e-05,2.50444873017841e-06,5.280952564135077e-07,1.2229662615936832e-06,3.779832331929356e-05,5.143999146639544e-07,4.6780579054939153e-07,5.274711156744161e-07,4.159691400218435e-07,9.436410550733854e-07,3.7930374219286023e-07,4.480065740608552e-07,1.58009399342518e-07,3.3542977462275303e-07,6,6
0.0004917506594210863,1.2499135664256755e-06,6.234159809537232e-05,0.0002098686236422509,0.02028455212712288,0.00014519330579787493,2.5465915314271115e-06,1.6458276149933226e-05,0.00032444202224723995,0.00015814574726391584,0.00023907666036393493,0.0013896767050027847,0.0035822924692183733,0.00010638850653776899,8.680792234372348e-05,9.839234553510323e-05,0.009661542251706123,0.913723349571228,8.89006769284606e-05,0.0479058101773262,0.0008641504100523889,1.766617970133666e-05,0.0005394354229792953,19,17
1.3242186014394974e-07,1.4334934128612531e-08,6.634642346625697e-08,2.594389592047719e-08,7.632083338648954e-07,1.8078300172419404e-06,2.480963345874443e-08,1.0836401997948997e-07,5.784617087556398e-07,1.1327254014759092e-06,3.1309780297306133e-06,5.535835953196511e-05,0.00012637369218282402,5.00047121931857e-07,3.0199640121963967e-08,4.3000619598387857e-07,1.6561987649765797e-05,0.999677300453186,6.718715894749039e-08,7.444558286806569e-05,3.0090843210928142e-05,1.5385506202392207e-08,1.1122384421469178e-05,17,17
5.221339165473182e-07,2.40134956364102e-09,1.7146843447335414e-06,2.9221681074886874e-07,0.0009097840520553291,0.0002595912665128708,2.0737742545406945e-07,1.1065635163731713e-07,1.1567046840355033e-06,8.250217433669604e-06,3.4129268442484317e-06,2.347992267459631e-05,0.0003960174508392811,2.0171681171632372e-05,1.9075301338489226e-07,1.9341871393407928e-07,1.9145934402331477e-06,0.9977193474769592,4.780479798682791e-07,0.0006461648736149073,1.6402682945226843e-07,1.75679222280678e-08,6.884196409373544e-06,17,17
0.00015316200733650476,4.027232716907747e-05,0.0025930083356797695,0.0029896674677729607,0.0012021131115034223,8.735630217415746e-06,3.3448057365603745e-05,8.080766565399244e-05,0.0010079924250021577,0.00010769276559585705,3.373184154042974e-05,3.0436569431913085e-05,0.0031277292873710394,6.742303412465844e-06,0.00046268434380181134,0.0012142497580498457,0.9755887985229492,0.002290572738274932,0.0003589289844967425,0.0020948736928403378,0.0029697942081838846,0.0016858205199241638,0.00191871274728328,16,16
0.0004044939123559743,7.696539250900969e-05,0.00011126755271106958,0.0004486188990995288,0.0008068735478445888,0.009175639599561691,0.0004322249151300639,0.0004480622010305524,0.0004904749803245068,0.007654333487153053,0.008876269683241844,0.0028480933979153633,0.0038819583132863045,6.534485146403313e-05,0.0001906112884171307,2.6473664547665976e-05,0.004624492488801479,0.003921968396753073,0.6563528180122375,0.0003638315829448402,0.0012069682125002146,0.0006835942040197551,0.2969087064266205,22,18
3.427511182962917e-05,2.3680970571149373e-06,1.07262649180484e-05,2.3374909119411313e-07,0.00034752421197481453,2.5237091904273257e-05,1.3525534825475916e-07,4.230222202750156e-06,2.3520998126969062e-07,1.4078118510951754e-06,5.467687969940016e-06,5.778324066341156e-06,6.865535851829918e-06,2.9396244372037472e-06,2.2195036919470112e-08,2.796921876324632e-07,1.490967861172976e-05,7.989211553649511e-06,4.067666168339201e-07,1.5040287735246238e-06,7.97028187662363e-05,0.9994476437568665,2.2098483043464512e-07,21,21
0.10990095883607864,4.4588480818674725e-07,6.8248682509874925e-06,2.2151747543830425e-05,0.7625321745872498,0.11976461857557297,2.232816768810153e-05,1.2240871910762507e-05,0.0003099978493992239,0.0035281898453831673,0.00025067594833672047,0.0005768574774265289,0.00021233527513686568,0.002605737652629614,3.1370509532280266e-05,4.5303997467271984e-05,2.989695758515154e-06,0.00010117257625097409,9.246294212061912e-06,2.429190863040276e-05,8.616357263235841e-06,8.169435204763431e-06,2.3292672267416492e-05,5,4
0.0006408340996131301,0.0002590916701592505,5.781701111118309e-05,0.00014720563194714487,0.0076937503181397915,0.056418683379888535,0.0005565250176005065,0.00024373231281060725,7.492402073694393e-05,0.006725208833813667,0.00018096278654411435,0.0008118256810121238,0.879422664642334,0.00023324934591073543,0.0009524316992610693,0.00027101507293991745,0.00030254380544647574,0.0017173070227727294,0.00048299331683665514,0.03292340412735939,0.0004695684474427253,0.0017255013808608055,0.007688784506171942,12,12
3.3017843747984443e-07,0.9996767044067383,8.26700983225237e-08,4.185491420116705e-08,2.6402597441688158e-08,8.771024795350968e-07,1.3674673482455546e-06,1.1857789417035747e-07,1.349280154272492e-07,3.387919491615321e-07,1.2876174082521175e-07,5.363609147934767e-07,9.450482707507035e-08,0.00029909139266237617,4.3086879486509133e-07,1.4990606533871187e-09,2.399134189090546e-07,3.92281526728766e-06,6.595795184693998e-06,2.258922222608817e-06,5.76312743305607e-07,5.8536020333122e-06,2.2252616815876536e-07,1,1
0.004943680018186569,5.009962023905246e-06,0.967322051525116,4.5705007778451545e-08,0.013090263120830059,0.0012803212739527225,1.7656911950325593e-05,2.0672443952207686e-06,8.431413152720779e-05,0.000286546244751662,0.00038885255344212055,0.0016527154948562384,0.00022459271713159978,2.613571814436e-05,0.00014676441787742078,0.009241591207683086,1.2670074283960275e-05,0.0011236472055315971,4.661793354898691e-06,0.00013662269338965416,4.542551778285997e-06,1.5426523987116525e-06,3.7400343444460304e-06,2,2
0.00139649398624897,0.0016901785274967551,0.03894777595996857,0.0022739588748663664,0.4802763760089874,0.0012359160464257002,5.294130460242741e-05,0.0003534912830218673,0.00024229711561929435,0.0005514438380487263,0.0005664170021191239,0.0006231401348486543,0.026426400989294052,0.0017501648981124163,3.420028951950371e-05,3.5667319025378674e-05,0.04549064114689827,0.01097908616065979,0.0014813507441431284,0.0860515907406807,0.006989339366555214,0.2919691503047943,0.0005818816716782749,16,4
4.190515028312802e-05,9.54398637986742e-05,0.00011219640873605385,0.0005244374624453485,4.01214711018838e-05,2.6514615001360653e-06,9.525650057184976e-06,7.90224366937764e-05,2.0065078842890216e-06,0.00010064859088743106,0.0012523154728114605,7.225622539408505e-06,9.197428880725056e-05,1.0011411859522923e-06,6.0159222812217195e-06,6.16253657881316e-07,0.0004757021670229733,3.2366104278480634e-05,9.879811841528863e-05,4.946951594320126e-05,0.0007018143078312278,0.996224045753479,5.066366429673508e-05,21,21
4.549020218291844e-07,3.198551146166295e-11,2.941743737494562e-09,3.7405781250221537e-10,0.9999971389770508,9.119301580540196e-07,6.662705109850009e-11,7.972753707230495e-11,1.0171869462283212e-06,5.255724033759179e-08,7.334996166008523e-09,2.7383742917663767e-07,8.676432017296065e-09,5.8020862780949756e-08,9.21673120046762e-08,7.119608014249934e-09,3.7099703309451115e-09,2.8266258222942042e-09,1.8718548933094326e-10,2.2443642500036276e-09,6.827898246797304e-09,1.1742991024021876e-09,1.4503044099001272e-08,4,4
0.32067298889160156,0.00012266506382729858,0.034185029566287994,5.401876478572376e-05,0.05038292333483696,0.029885726049542427,0.0006902769673615694,0.00019202761177439243,0.08290364593267441,0.015135216526687145,0.019897019490599632,0.042122893035411835,0.0027929225470870733,0.012348601594567299,0.31401389837265015,0.07140122354030609,5.3798776207258925e-05,0.0018960980232805014,0.0005984246963635087,0.0001972418831428513,0.0001255062234122306,8.64546382217668e-05,0.0002414051559753716,0,0
0.042620010673999786,2.7374782803235576e-05,0.6124691963195801,3.4474360290914774e-05,0.1727423220872879,0.007340600714087486,0.00013331478112377226,0.0003441341104917228,0.0005422097165137529,0.0016107730334624648,0.010178893804550171,0.0034530204720795155,0.019282804802060127,6.592684076167643e-05,0.0005422427784651518,0.006148141343146563,0.05904765799641609,0.05635065585374832,0.0022368147037923336,0.0030444299336522818,0.0010837313020601869,0.00042075864621438086,0.0002805036201607436,16,2
0.2606571912765503,7.958592505019624e-06,0.0020890089217573404,1.4405131878447719e-05,0.06761873513460159,0.3756028413772583,0.0011641510063782334,6.245791882975027e-05,0.06039956584572792,0.08749545365571976,0.00156036124099046,0.07968365401029587,0.029239309951663017,0.022210659459233284,0.005787982139736414,0.0032656409312039614,2.33453611144796e-05,0.0008530649356544018,0.0004770003433804959,0.0007807940128259361,0.0001760805316735059,8.643066394142807e-06,0.000821694906335324,10,5
5.8965910284314305e-05,2.4113228391797747e-06,1.5437508409377187e-05,2.463764126048318e-08,3.6746373552887235e-06,0.00029898647335357964,0.999175488948822,9.287580269301543e-07,1.3591893548436929e-06,8.881993949216849e-07,3.332137765710286e-08,7.985626382378541e-08,3.0178180168149993e-06,0.000416192488046363,4.9327212536809384e-08,1.327071963430626e-08,6.846511979574643e-08,7.890544111432973e-06,1.8810077051512053e-07,7.620025144206011e-08,2.043998534873026e-07,5.4865272325343994e-09,1.4086431292525958e-05,0,6
3.1300362024921924e-05,7.717267180851195e-06,0.014662137255072594,0.05823614448308945,8.604276445112191e-06,0.00013101082004141062,0.001101384754292667,0.9187257289886475,0.00012142014020355418,0.0006514305132441223,4.4376702135195956e-05,0.00022703401918988675,0.001129630021750927,0.0008684663916938007,7.505488611059263e-05,0.00018533669936005026,0.00034213977050967515,0.0009040478616952896,3.735610152943991e-05,0.0011669117957353592,0.0006997335585765541,0.0002148264757124707,0.00042822549585253,7,7
0.005300519522279501,1.600388372935413e-07,0.0004995436756871641,6.875922281324165e-06,0.0012397475074976683,0.00037117343163117766,6.587848019989906e-06,0.0001144241978181526,0.9182527661323547,0.0005732280551455915,0.0019714422523975372,0.06457453221082687,6.099783786339685e-05,0.004312231205403805,0.0015004436718299985,0.00039862474659457803,8.116518074530177e-06,0.0006807945901528001,2.488491008989513e-05,3.293091867817566e-05,5.864594641025178e-05,4.972863735019928e-06,6.377645149768796e-06,8,8
0.000978064606897533,5.118290573591366e-06,0.0026012936141341925,9.4556139629276e-07,0.08398649096488953,0.02459614723920822,0.0002116990799549967,3.585993908927776e-05,0.031220676377415657,0.0024439876433461905,0.0006783331045880914,0.8332869410514832,0.0024101310409605503,0.011372304521501064,0.0018549768719822168,0.0028857984580099583,9.681315714260563e-05,0.0006290206802077591,1.531796260678675e-05,0.00041060609510168433,9.853074880084023e-05,2.7117645004182123e-05,0.00015376678493339568,5,11
0.0469374880194664,3.2273335818899795e-05,0.2295732945203781,3.627267142292112e-05,0.6943215131759644,0.0019754304084926844,5.4689717217115685e-05,2.9054634069325402e-05,1.383915059705032e-05,0.0011163529707118869,0.0005776967154815793,0.001189023838378489,0.0015424826415255666,0.001321712858043611,0.00019730882195290178,0.0005672696279361844,0.00019873651035595685,0.01289225835353136,1.6572712411289103e-05,0.007048546802252531,1.8919125068350695e-05,0.0003292504989076406,9.846022294368595e-06,2,4
0.9996610879898071,1.456282205936077e-07,4.6887447524568415e-07,7.396207024612522e-08,3.920493327314034e-05,2.8743979783030227e-05,2.2421611447498435e-06,4.943027761328267e-06,5.5014602651226596e-08,2.5028899472090416e-05,0.00022620364325121045,3.9213756508615916e-07,8.74803220085596e-07,2.079634896290372e-06,4.6833527278522524e-08,3.113365892204456e-06,3.6735102071361325e-08,1.4753697996638948e-06,5.032395620219177e-07,3.443487628373987e-08,1.8973360056406818e-06,1.244463533112139e-06,2.0190825011923152e-07,0,0
0.005811452865600586,9.94537549559027e-05,0.011312196962535381,4.5466190385923255e-06,0.07827778905630112,0.0016207767184823751,0.00011122042633360252,4.317106868256815e-05,1.1276193617959507e-05,0.0021753765176981688,0.0013380254385992885,0.0004765472549479455,0.002116076648235321,0.005470314994454384,0.00014945662405807525,0.0006744476850144565,0.0008062233682721853,0.10466298460960388,0.00013111693260725588,0.7845824956893921,2.8262291380087845e-05,5.370938379201107e-05,4.301502485759556e-05,19,19
0.01815803349018097,1.3044689694652334e-05,0.8836961984634399,1.6409100567216228e-07,0.006625243928283453,0.07790080457925797,8.343336230609566e-05,1.4139688573777676e-05,5.579770004260354e-06,0.0001761513703968376,8.785873433225788e-06,0.00018468551570549607,0.0001555698981974274,0.012175221927464008,1.2926854651595932e-05,0.00017880577070172876,0.00015522756439168006,0.00027261319337412715,2.622989813971799e-05,6.0223828768357635e-05,2.184935738114291e-06,9.315744682680815e-05,1.5735852230136516e-06,2,2
0.14385750889778137,5.871519448419349e-08,0.015287607908248901,1.6628024468445801e-06,0.6014117002487183,0.03196331113576889,2.3170525309978984e-05,3.4612246508913813e-06,0.03754332289099693,0.0035249588545411825,0.00027593105915002525,0.008587443269789219,0.00015343676204793155,0.07056452333927155,0.08123459666967392,0.005410377401858568,2.791413180602831e-06,0.00012414174852892756,8.278204404632561e-06,1.550172055431176e-05,1.121081254495948e-06,1.169634771258643e-07,5.0094577090931125e-06,8,4
0.00041116512147709727,0.0002830060839187354,0.0004211484920233488,4.0673334297025576e-05,0.00028690104954876006,0.0007470159907825291,0.00011461543181212619,1.7796013707993552e-05,5.3538125939667225e-05,0.00011803401139331982,1.173717828351073e-05,0.00020130450138822198,0.040657058358192444,0.00015081108722370118,1.6119211068144068e-05,6.294090417213738e-05,0.7434394359588623,0.008122600615024567,0.0018423083238303661,0.00227875798009336,0.018793484196066856,0.014735079370439053,0.16719450056552887,22,16
0.0036921510472893715,2.5202352844644338e-05,0.00158974202349782,0.002178187482059002,0.024488817900419235,0.005908681079745293,0.00016088219126686454,0.002372945658862591,0.043942663818597794,0.0033762240782380104,0.0007697022520005703,0.014435752294957638,0.06192191690206528,0.0019575234036892653,0.006425184663385153,0.0014633765676990151,0.010760420933365822,0.025855358690023422,0.0023677304852753878,0.02067178301513195,0.07352381944656372,0.00029812051798217,0.6918137669563293,22,22
0.0969925969839096,0.01242302916944027,0.10753483325242996,0.10623841732740402,0.022574011236429214,0.002772071398794651,0.05709584057331085,0.006525982171297073,0.0023963318672031164,0.03633735701441765,0.037768103182315826,0.012896226719021797,0.07539147883653641,0.04670828580856323,0.01827908679842949,0.0034216884523630142,0.006892508361488581,0.0027008734177798033,0.011242403648793697,0.07130841910839081,0.0013076493050903082,0.25997108221054077,0.001221689279191196,18,21
0.00019877878366969526,1.8721163996815449e-06,0.0005941992858424783,6.781316642445745e-06,0.674938440322876,7.069880666676909e-05,1.1598899618547875e-06,1.9256985979154706e-06,1.210859068123682e-06,3.588315667002462e-05,9.361534466734156e-05,4.6898530854377896e-05,0.00030662110657431185,0.00019752778462134302,0.0006514862761832774,0.0006564744398929179,0.0001230000052601099,0.01487092673778534,5.541193331737304e-06,0.3071759045124054,4.363856987765757e-06,3.2100626867759274e-06,1.3491674508259166e-05,19,4
0.00018282575183548033,1.4270842996211286e-07,0.0014638841385021806,1.1374702808097936e-05,7.329479103646008e-06,1.5613914001733065e-05,5.911065272812266e-06,7.283226295839995e-06,1.1992675354122184e-05,0.0001620895927771926,1.6454542901556124e-06,8.410027658101171e-05,6.22059042143519e-06,9.868824417935684e-05,1.9732153305085376e-05,0.00014176291006151587,0.9846470355987549,0.0001627627934794873,0.012303169816732407,8.846926903061103e-06,0.0006507569341920316,4.675684976973571e-06,1.9796907508862205e-06,20,16
0.005999929737299681,9.078152652364224e-05,0.025288963690400124,0.002972917864099145,0.28411832451820374,0.0002232949627796188,6.0813013988081366e-05,4.011506825918332e-05,0.001060331822372973,0.0005720934714190662,0.0011838263599202037,0.00017495109932497144,0.39971789717674255,0.0005270017427392304,0.0004973578033968806,0.0011697163572534919,0.002793565159663558,0.20726577937602997,0.0004306490009184927,0.05814189091324806,0.0009315023198723793,0.006507038604468107,0.00023125832376535982,12,12
1.4655431641585892e-06,6.98104116736431e-08,0.0008941286941990256,8.380917279282585e-06,5.646988370244799e-07,2.5779518182389438e-05,0.00014672521501779556,1.4694246601720806e-05,5.3538700740318745e-05,0.0006475060945376754,0.9981088638305664,3.303819539723918e-05,1.630717088119127e-05,4.1797961785050575e-06,1.4947862609915319e-06,1.5168761819950305e-05,5.043318083153281e-07,3.409508508411818e-06,8.708726454642601e-06,6.523462161567295e-06,1.286316091864137e-06,5.47926811123034e-06,2.0882573608105304e-06,9,10
0.0040153213776648045,3.1404524634126574e-05,0.000530076737049967,0.00011473261838546023,0.8865056037902832,0.0045972950756549835,4.122916652704589e-05,5.4445441492134705e-05,1.8310534869669937e-05,0.001377591979689896,0.0019560176879167557,0.0004492332227528095,0.0045041851699352264,6.720134115312248e-05,5.0205399020342156e-05,9.422880975762382e-05,0.0002475838700775057,0.09153565764427185,1.844135476858355e-05,0.003421649569645524,9.723089169710875e-05,5.0804032071027905e-05,0.0002215087879449129,17,4
3.2353736401091737e-07,1.491874854764319e-07,2.3269477367193758e-07,2.7284305925689978e-09,2.3360360756896625e-08,1.9070409962296253e-06,0.9999927282333374,4.5086370192848335e-08,1.9343531221238663e-08,1.2470128467612085e-06,8.047777555475477e-08,9.758015728777991e-09,2.1500173374988663e-07,2.4554331048420863e-06,2.155247758039991e-09,1.3492806871795437e-09,1.2853407227453317e-09,3.464806397346365e-08,4.561202615604998e-07,2.0994241012317616e-08,4.529554065157981e-09,6.720111134228546e-10,1.2194584542157827e-07,6,6
4.736878508992959e-06,2.4875743825925056e-11,2.47745335357763e-09,2.570360868592303e-10,0.9999176263809204,1.8841668861568905e-05,3.494867173436944e-10,1.625744677768992e-10,6.811866626321716e-08,1.558713051963423e-06,6.020918164040268e-08,5.3861360356677324e-05,3.920826259218302e-07,8.465859195894154e-07,1.5292836224034545e-06,6.750494918605909e-08,1.0272264816535426e-08,1.2842922103573073e-07,6.225347792820912e-09,1.5754848448068515e-07,4.055333402419592e-09,9.175013526707687e-11,1.31375685441526e-07,4,4
0.001242874888703227,0.0001796299038687721,0.003551738802343607,3.846006165986182e-06,1.7416146874893457e-05,5.001329554943368e-06,4.409677785588428e-06,2.113520895363763e-05,1.537163188913837e-05,9.171086276182905e-06,2.0976453015464358e-05,5.5847551266197115e-05,0.0002690840628929436,8.555108070140705e-05,3.3332055409118766e-06,9.059529475052841e-06,0.0003178399056196213,0.00026149884797632694,5.17697335453704e-05,8.397921919822693e-05,0.001660871901549399,0.9921270608901978,2.487908886905643e-06,21,21
0.028796356171369553,1.1655300369284305e-07,0.8468976020812988,3.444025509224957e-08,0.11760180443525314,0.0006880735163576901,5.503007741936017e-06,3.9327319427684415e-06,5.8557093325362075e-06,0.0008978904224932194,0.0036729867570102215,0.00032326459768228233,1.5518933651037514e-05,0.0003711566678248346,6.520406896015629e-05,0.0006250800797715783,1.9856772723869653e-06,1.5657053154427558e-05,2.6566026463115122e-06,8.245031494880095e-06,1.836273355593221e-07,9.443319868296385e-07,7.019904302296709e-08,2,2
0.014534611254930496,7.591711437271442e-06,0.002263887319713831,0.00020646816119551659,0.04543744772672653,0.0002062127459794283,7.993765757419169e-05,0.00017466684221290052,0.0041139256209135056,0.0038776653818786144,0.0015684346435591578,0.0019842437468469143,0.7018519043922424,0.0003337512898724526,0.0001975600462174043,5.180009247851558e-05,0.002539847744628787,0.025007322430610657,0.0023780527990311384,0.19086113572120667,0.0018868588376790285,0.00039647860103286803,4.022838402306661e-05,19,12
0.001999532338231802,1.877470594990882e-06,0.020268302410840988,0.0007859001634642482,0.7653691172599792,0.00018079805886372924,1.727998642309103e-05,0.00012632395373657346,0.00044814057764597237,0.0008608382195234299,2.4778251827228814e-05,0.00027096387930214405,0.07357990741729736,0.000573486729990691,0.0029050412122160196,0.0007529355934821069,0.0009139626636169851,0.001813668292015791,6.90252854838036e-05,0.12878315150737762,0.00012115413119317964,6.510114326374605e-05,6.8642184487544e-05,12,4
0.14601632952690125,2.3278011212823913e-05,3.490802555461414e-05,1.7277816368732601e-06,0.006094594951719046,0.839579164981842,1.225914093083702e-05,0.0003623831726144999,0.0004162796540185809,0.0001513167517259717,2.794253668980673e-05,3.5062133974861354e-05,0.0010279288981109858,0.002845403738319874,7.843515959393699e-06,1.95082448044559e-05,4.366394477983704e-06,2.9527080187108368e-05,0.00025758755509741604,5.706491720047779e-06,0.00013534730533137918,0.002869362011551857,4.216413799440488e-05,5,5
0.0012874045642092824,1.0878035936912056e-05,0.00047221267595887184,0.0005489490577019751,0.8493492603302002,0.039219930768013,0.00013988930732011795,5.705633157049306e-05,0.0005616570124402642,0.007775576319545507,0.000794042251072824,0.002650056965649128,0.052539531141519547,0.0005170207004994154,0.013256977312266827,0.00027683269581757486,5.983507799101062e-05,0.011300602927803993,0.00019926585082430393,0.018052423372864723,4.765798439620994e-05,1.2967853763257153e-05,0.0008699491736479104,17,4
3.6804348457764036e-09,1.757514760895168e-13,4.616541524060658e-11,3.247772328851539e-10,2.8878988089786617e-08,9.907290987598572e-09,3.2865498517109515e-11,5.030361197033706e-11,1.5071876191541378e-08,1.411727001965346e-08,5.231351796197714e-09,5.0086647718217137e-08,7.614791575072388e-10,7.223573561532248e-08,0.9999997615814209,1.980692054814881e-08,1.450117890350322e-11,7.897944798163081e-11,1.4888436039584008e-09,1.6917457712484207e-10,9.72820608791114e-12,7.497195681112345e-13,1.281158790167325e-10,14,14
1.1027686014131177e-05,0.00011997841647826135,0.00618611928075552,9.263002721127123e-05,6.03882763243746e-05,6.697092885588063e-06,6.9436187914107e-05,2.3034403056954034e-05,3.3034709190360445e-07,0.0001398260792484507,3.994860526290722e-05,4.91401988256257e-05,0.006072543561458588,1.506277021690039e-05,4.685555268224562e-06,9.278266588808037e-06,0.0006398585974238813,0.04850465804338455,4.163134872214869e-05,0.9378219246864319,1.5515295672230422e-05,5.759784471592866e-05,1.8803682905854657e-05,19,19
9.640800726629095e-07,7.043989853627863e-07,7.228539288917091e-06,9.730689498610445e-08,1.412894334862358e-06,7.814010314177722e-05,1.0659265171852894e-05,3.04802074424515e-06,0.9993853569030762,5.866477295057848e-05,1.793967021512799e-05,0.0003651402657851577,2.8236498110345565e-05,1.449118099117186e-05,7.630487743881531e-07,2.9260302198963473e-06,2.957459521724104e-08,1.7327767636743374e-05,1.0365445177740185e-06,4.185728357697371e-06,4.555394923499989e-07,1.2853234920839895e-07,9.244450325240905e-07,8,8
0.0006834270898252726,1.4194772575137904e-06,0.005288165993988514,4.122745849599596e-06,8.559755951864645e-05,7.954793545650318e-06,2.4333260739695106e-07,6.0257953009568155e-06,3.6073422961635515e-05,1.0008747267420404e-05,9.456001134822145e-05,9.595861229172442e-06,0.00025170596200041473,2.95597988042573e-06,5.653912467096234e-06,9.163336471829098e-06,0.016381192952394485,0.0001372205006191507,0.9309471845626831,7.67889287089929e-06,0.018921812996268272,0.02710784040391445,2.647155668000778e-07,18,18
1.0868801837204956e-05,1.82753314703632e-08,7.333367193496088e-07,3.9032966014929116e-07,1.905407920332891e-08,1.5704436862051807e-07,2.1947606398953212e-07,1.2630964647541987e-06,6.65441575620207e-06,1.3974224202684127e-05,1.9033392391065718e-06,9.197537309546533e-08,1.4302979423064244e-07,2.362344986295284e-07,2.354274108995469e-08,3.8242788491515967e-07,6.436838702938985e-06,1.8106716481725016e-07,0.00013773019600193948,8.636015458307611e-09,0.9998102784156799,8.170502951543313e-06,6.269365115940673e-08,20,20
4.933364650128169e-08,1.1025963128630245e-11,1.5077247894623724e-07,2.4408802801190177e-07,2.555730134190526e-06,8.303279841470612e-09,1.1554674578251323e-10,7.32102467537743e-09,4.6478607629296675e-08,1.4665338277097817e-08,4.4204011118154085e-08,8.921730909605685e-07,3.00061265079421e-06,2.3243026703312353e-07,5.017647408678272e-10,2.280840405433082e-09,4.590096409629041e-07,0.9989608526229858,1.6729019280958823e-09,0.0010310993529856205,2.1984995157708909e-07,1.5819665577510023e-09,1.4867898912029887e-08,17,17
0.9873031973838806,0.0003088508965447545,0.0015153076965361834,6.286806637945119e-06,7.667244062758982e-05,0.00044492899905890226,0.0002964207960758358,0.0008838390931487083,2.9427408662741072e-05,4.979740333510563e-05,1.833099986470188e-06,8.595373401476536e-06,0.0006438408163376153,0.00018927018390968442,1.7400577689841157e-07,5.1861858082702383e-05,4.576033461489715e-05,0.0010645396541804075,1.3389476407610346e-05,3.6382421967573464e-05,0.0019917793106287718,0.0050366888754069805,1.023097524921468e-06,0,0
0.00031857730937190354,1.2583650459419005e-06,6.139458855614066e-05,1.939262801897712e-05,0.06076531857252121,0.0025905920192599297,2.367482375120744e-05,2.7581389076658525e-05,8.82514359545894e-05,0.009953581728041172,0.004931897856295109,0.9130040407180786,0.00017591245705261827,0.0012560661416500807,0.002473353873938322,0.0014603856252506375,1.9301205611554906e-05,0.0006814553053118289,0.00012689568393398076,0.00019513950974214822,6.28813040748355e-06,1.7372608454024885e-06,0.001817850163206458,11,11
0.7466088533401489,1.8356459463575447e-08,2.5698573153931648e-05,1.885227050024696e-07,0.24278539419174194,0.0003840898862108588,1.1759959761548089e-06,3.52775572309838e-07,8.890766366675962e-06,0.003912594169378281,5.908899402129464e-05,0.00022178194194566458,1.6124718058563303e-06,0.005976499989628792,1.3368600093599525e-06,7.987481694726739e-06,3.144528761822585e-07,9.827296025832766e-07,1.7497758335593971e-06,8.296210012304073e-07,1.6759196341809002e-07,2.6972074351760966e-07,5.966467142570764e-08,5,0
6.520303941215388e-07,1.553899925399449e-10,5.365978381632885e-07,2.2673130928296814e-08,3.5930361264036037e-07,2.530959761770646e-07,8.522183847503584e-09,5.615744314013682e-08,2.351452349103056e-05,5.764149477727187e-07,6.6484614080764e-07,2.9517566872527823e-05,2.8478225999606366e-07,5.342510007722012e-07,0.9998987913131714,4.323605026002042e-05,4.2645229569870935e-08,5.894806918149698e-07,2.8388578243720985e-07,9.721864557832305e-08,3.985600827149938e-08,1.5840047051796091e-09,2.3953081296212986e-08,14,14
0.22487206757068634,0.0025349240750074387,0.031169265508651733,0.0008169505745172501,0.38707059621810913,0.020990269258618355,0.0009200034546665847,0.004966943059116602,0.0004985182313248515,0.01004713773727417,0.01651517115533352,0.003556065494194627,0.16901899874210358,0.00298628699965775,0.004661747720092535,0.008092098869383335,0.005954388994723558,0.06427187472581863,0.003971565049141645,0.023539213463664055,0.0024270087014883757,0.005230630282312632,0.0058882152661681175,9,4
1.3767742501613611e-08,2.868254966870154e-09,1.814026928670387e-09,1.8096312714988017e-07,6.362352422684125e-08,1.345586952083977e-06,1.2794386350378772e-07,2.7311054751066877e-08,1.1939813759909157e-07,3.00879241876828e-06,5.94847961110645e-06,7.321371526813891e-07,2.44806898308525e-07,2.8346931912892614e-07,0.9999841451644897,3.0085141133895377e-06,1.4037974338521053e-08,3.2138455452468406e-08,4.180014343546645e-07,7.512628741324079e-08,2.5970775752170994e-08,8.301930698451088e-09,2.531504037506238e-07,14,14
1.7302432752330787e-05,2.2425093959554943e-07,2.734030204010196e-05,1.0434915566293057e-05,6.107655394771427e-07,0.00027349102310836315,0.007417894434183836,4.5235745346872136e-05,3.156872480758466e-06,0.9883261322975159,1.078850073099602e-05,3.317873415653594e-05,3.619175231506233e-06,0.0012484029866755009,1.4436387573368847e-05,1.754058030201122e-05,3.1438812584383413e-06,5.850417892361293e-07,0.002090523950755596,7.284255048034538e-07,0.00044935307232663035,7.637285648343095e-07,5.183996563573601e-06,9,9
0.006719669792801142,1.636228859069888e-07,0.00023339119798038155,1.4489757631963585e-05,0.01009674184024334,0.002649966860190034,0.0002391709858784452,4.446884759090608e-06,5.14374187332578e-05,0.11797042191028595,0.8563609719276428,0.00473987590521574,0.00028213768382556736,0.0003765766159631312,8.437148062512279e-05,5.0232170906383544e-05,2.254061655548867e-06,3.043192373297643e-05,5.993387458147481e-05,1.748426802805625e-05,2.3688010060141096e-06,8.81998062141065e-07,1.2650756616494618e-05,10,10
1.9584746041800827e-05,1.5405241811095038e-06,0.0002256772859254852,6.117876182543114e-06,0.0010859324829652905,1.5998712115106173e-05,4.634878223441774e-06,6.082044023969502e-07,2.4704254997232056e-07,3.0060731660341844e-05,3.827519776677946e-06,9.100286661123391e-06,0.9438111782073975,1.4733988109583152e-06,1.5043573284856393e-06,9.545999091642443e-06,2.0631317966035567e-05,0.013006594963371754,1.3055986528343055e-05,0.04170981049537659,2.0299403331591748e-06,9.98219275061274e-06,1.0885489245993085e-05,12,12
0.2673719823360443,3.1174458854366094e-06,0.48567259311676025,3.746813672478311e-05,0.12188394367694855,0.06658799201250076,0.00024802921689115465,4.991049354430288e-05,5.361088187783025e-05,0.0034864614717662334,0.005105497781187296,0.003443503985181451,0.004767084494233131,0.02835441567003727,0.00011788304982474074,5.541858990909532e-05,1.2585083823068999e-05,0.0040725404396653175,4.773482578457333e-05,0.008562600240111351,8.226836143876426e-06,4.736507253255695e-05,1.0087317605211865e-05,2,2
5.7305664086015895e-05,0.999510645866394,1.2442264960554894e-06,3.3307532021353836e-07,1.692506089057133e-06,2.5572196591383545e-06,0.00011365138198016211,2.4786874064375297e-07,3.5220048744122323e-07,2.0569610569509678e-05,4.378424364404054e-06,1.7151756992461742e-07,2.374219911871478e-05,1.9948465705965646e-05,8.514579121765564e-07,1.4615459065225878e-07,2.629260234243702e-05,3.730163734871894e-05,1.8754670236376114e-05,2.5653915145085193e-05,3.691821621032432e-05,9.138366294791922e-05,5.71724422115949e-06,1,1
0.0014696064172312617,0.028276946395635605,0.0004124444385524839,0.0005001960671506822,0.008633436635136604,0.0005938244867138565,0.00036995913251303136,0.0006134536233730614,1.8963750335387886e-05,0.008262351155281067,0.06754282116889954,0.002243348630145192,0.04069789871573448,2.2065109078539535e-05,0.0010993012692779303,0.0027247329708188772,0.14365263283252716,0.03318612277507782,0.004152651876211166,0.03736123815178871,0.01001170463860035,0.03901628777384758,0.5691380500793457,22,22
0.00025082507636398077,8.033159974729642e-05,0.008506604470312595,0.0007117972709238529,0.0002458890085108578,8.810726285446435e-05,0.0004058527119923383,0.0001121038367273286,5.277444415696664e-06,0.00019436512957327068,9.525244422547985e-06,5.499084181792568e-06,0.00828421302139759,0.000983188976533711,1.3858436432201415e-05,1.989733846130548e-06,9.59016615524888e-05,0.001260258024558425,0.00034910617978312075,0.9780473113059998,4.1823237552307546e-05,0.00029659451683983207,9.650419997342397e-06,19,19
4.256222382537089e-06,0.9987741112709045,2.7667413178278366e-06,1.7406455299351364e-06,1.05385356619081e-06,2.9877957786084153e-05,2.1275613107718527e-05,8.560823516745586e-06,9.435221386411285e-07,5.3017856771475635e-06,3.171089474562905e-06,3.82852749680751e-06,6.960762675589649e-06,0.000791577622294426,1.4522952369588893e-05,2.1482635759184632e-07,4.143606474826811e-06,8.593546954216436e-05,5.2762305131182075e-05,5.100922135170549e-05,6.1677060330112e-06,0.00012439335114322603,5.3615813158103265e-06,1,1
2.2616161459154682e-06,1.7963557724653967e-11,0.9999654293060303,7.978719196444217e-08,6.546381882799324e-06,1.854781395138616e-08,7.751488340090873e-09,4.901505690213526e-07,6.406393822544487e-06,1.700664711279387e-07,5.415546979747887e-07,8.495879200154377e-08,2.3238251287693856e-06,2.2193280102555946e-08,2.292709488926903e-08,2.839161084011721e-07,2.6068170200233e-07,1.329846872977214e-05,1.3392017272906287e-08,8.094652912404854e-07,9.38288962970546e-07,4.8741686242692595e-08,9.415437318693876e-09,2,2
4.2109593778150156e-05,6.742802156622929e-07,1.3590738490165677e-05,4.262391030351864e-06,9.397583198733628e-05,2.6572883143671788e-05,2.8723629839078058e-06,3.9360210735139844e-07,2.2126294425106607e-05,6.607244358747266e-06,1.1973368145845598e-06,8.280743713839911e-06,0.9979045391082764,3.638449243226205e-06,4.749020445160568e-05,1.1458112567197531e-05,4.301698209019378e-05,7.477081089746207e-05,0.0004063945380039513,0.0010529948631301522,5.82399252380128e-06,1.5684177924413234e-05,0.00021148232917767018,12,12
0.00011879146768478677,8.328321564476937e-05,9.361140837427229e-05,0.000687658553943038,1.8297232600161806e-05,3.1846881029196084e-05,1.5309531590901315e-05,7.297085539903492e-05,5.429988959804177e-05,7.569266017526388e-05,0.00040074996650218964,0.00014542551070917398,0.000517647189553827,0.00010637669765856117,1.3063528967904858e-05,1.9281620552646928e-05,0.0001553445908939466,0.0002437286893837154,0.0007147326832637191,0.00016377674182876945,0.0032304497435688972,0.9929215312004089,0.00011616289702942595,21,21
0.00717803742736578,1.6023535276410428e-10,0.00019802985480055213,1.3369545115438086e-07,0.9883469939231873,0.0010539250215515494,6.543828590110934e-07,4.7065285002645396e-07,0.0001245934545295313,0.0016698065446689725,6.255238986341283e-05,0.000569406955037266,1.3290905371832196e-05,0.0006602934445254505,8.117670950014144e-05,3.2878684578463435e-05,2.9436557724693557e-07,4.0403751881967764e-06,1.6776139943885937e-07,2.859429059753893e-06,6.012010800304779e-08,1.0166576913661629e-08,1.335538684088533e-07,5,4
0.002606720197945833,7.408135047626274e-07,0.9899351000785828,1.1508058150866418e-06,0.0032679105643182993,0.0008456359500996768,0.00014163999003358185,7.881223609729204e-06,4.2843279857152083e-07,0.0005112466751597822,5.967228571535088e-05,0.0006048902287147939,0.00031971861608326435,0.00017457775538787246,1.8469028873369098e-05,0.00021858794207219034,0.0003786215966101736,0.0006049455842003226,2.321537976968102e-05,0.00024458891130052507,2.742652327469841e-07,3.23316635331139e-05,1.5994247632988845e-06,18,2
0.0015138097805902362,1.5284954315575305e-06,0.0012690848670899868,0.011283153668045998,0.07176698744297028,5.0812261179089546e-05,1.0400342944194563e-05,0.0012016381369903684,0.008908649906516075,0.0002566526527516544,0.003111760364845395,0.0024596198927611113,0.003807265544310212,0.00018804565479513258,0.00023784984659869224,0.0008034961647354066,0.014652303420007229,0.8503831624984741,8.44472560856957e-06,0.0074858698062598705,0.018101468682289124,0.00017801087233237922,0.002319917781278491,17,17
4.7049211389094125e-06,1.845271953015981e-07,8.376943878829479e-05,7.892626854300033e-07,0.0050025698728859425,1.1741137313947547e-05,1.220657992462293e-07,1.2950154371083045e-07,2.770345588487544e-07,1.3410634664978716e-06,5.561247235164046e-06,5.299640633893432e-06,0.011756948195397854,3.282608247445751e-07,1.4539394044277287e-07,1.5064485978655284e-06,9.049667278304696e-05,0.9784996509552002,8.683774410656042e-08,0.004524727817624807,3.422011559450766e-06,4.828249984711874e-06,1.4007712252350757e-06,17,17
0.0002862894907593727,1.7475031421909648e-09,8.6996969912434e-06,1.138231464636874e-08,0.0006497262511402369,0.00016354637045878917,1.161444561148528e-05,2.7309230432592813e-08,1.3561280809426535e-07,0.014583841897547245,0.9840396046638489,0.0002410537126706913,3.271406285421108e-06,9.10613380256109e-06,1.0360167834733147e-06,5.048959792475216e-07,1.2166291973869647e-08,2.8994676881666237e-07,8.138632097143272e-07,1.5268661002210138e-07,1.73295582328592e-08,3.644974100325271e-08,1.6714898265490774e-07,10,10
0.007847734726965427,0.0006571795092895627,0.0007761291926726699,0.08732844144105911,0.0006247380515560508,0.0012846786994487047,0.27819278836250305,0.5481217503547668,0.000730491301510483,0.003034926950931549,0.001559232478030026,0.0009679629583843052,0.013841411098837852,0.005546809174120426,0.002116281073540449,0.001525817671790719,0.0005528294132091105,0.03279321268200874,0.0018289063591510057,0.004882453940808773,0.0002972506044898182,0.0012429619673639536,0.004245903808623552,7,7
1.0567896424618084e-05,0.9986680746078491,2.702259735087864e-06,2.415708422631724e-06,6.911401669640327e-06,0.00017792147991713136,2.2139169232104905e-05,4.284210262994748e-06,1.5247186638589483e-05,3.0341512683662586e-05,2.1519375877687708e-05,9.567993402015418e-07,5.568406777456403e-06,2.3607470211572945e-05,9.023016900755465e-06,3.3892200690388563e-07,4.4593793973035645e-06,8.10000619821949e-06,0.00010712232324294746,1.4972128155932296e-05,6.448161002481356e-05,0.0007551587768830359,4.4163523853057995e-05,1,1
4.525754047790542e-05,1.5462562714674277e-06,0.00015808067109901458,0.0003616829344537109,0.1062842383980751,4.046423055115156e-05,1.540314656267583e-06,6.218910129973665e-06,3.0558076105080545e-05,0.00014471173926722258,5.788930502603762e-05,0.00010049503180198371,0.6840505599975586,1.372472252114676e-05,0.0003974371065851301,9.321326797362417e-05,0.0002956009702757001,0.0038825995288789272,2.7588313969317824e-05,0.2036954164505005,7.517712947446853e-05,4.088455534656532e-05,0.00019512225117068738,12,12
9.652418384575867e-07,1.971024587987813e-08,1.0113150210599997e-06,9.535498293189448e-07,2.736492774602084e-07,0.0001590416650287807,0.03888727352023125,3.169650153722614e-05,5.575730028795078e-07,0.9489171504974365,0.011309532448649406,0.00035612451029010117,1.3093699635646772e-05,5.193206106923753e-06,1.2090778909623623e-05,0.0001820460893213749,6.514485306752249e-08,2.748876568148262e-06,9.787746967049316e-05,1.7415926549801952e-06,1.5560358335164892e-08,1.115824801445342e-07,2.0431511075003073e-05,9,9
1.3031803064222913e-05,0.00016976369079202414,0.00010675204975996166,1.6251087799901143e-05,1.4273500710260123e-05,0.00040297789382748306,0.00025645241839811206,6.024552021699492e-07,2.9080433705530595e-06,6.026293340255506e-05,9.876485819404479e-06,8.367209375137463e-06,0.8625395894050598,1.0209288120677229e-05,1.4554000244970666e-06,3.6709438973048236e-06,0.0007113461615517735,0.1069699376821518,0.0003364149888511747,0.0006429995410144329,3.168490729876794e-05,0.0006491946987807751,0.027041954919695854,12,12
0.9905712604522705,4.8301542847184464e-05,0.0011678010923787951,2.3092950868885964e-05,0.0022217766381800175,0.0007814901764504611,0.0005799992359243333,9.820464038057253e-05,1.9117107513011433e-05,0.0009233764139935374,0.00038787495577707887,0.0011848362628370523,0.00016916971071623266,0.0006922067841514945,1.938248533406295e-05,0.00042238677269779146,2.4399080302828224e-06,0.000490472826641053,1.0082619155582506e-05,5.281977792037651e-05,4.056152465636842e-05,9.020989818964154e-05,2.935202928711078e-06,0,0
0.004716712050139904,0.5660063028335571,0.00348739605396986,0.0015039300778880715,0.0007979288347996771,0.001170588657259941,0.0016715340316295624,0.00033546658232808113,0.0001754083641571924,0.0038809049874544144,0.007927759550511837,4.1266164771514013e-05,0.058238279074430466,0.00023061285901349038,0.006898712366819382,0.002418496645987034,0.0015088528161868453,0.03741542249917984,0.01838223822414875,0.2797933518886566,0.0004348030488472432,0.0025277843233197927,0.0004361617611721158,1,1
0.00032307233777828515,5.09544906890369e-06,0.0006125920917838812,7.077285772538744e-06,0.0022164685651659966,1.143017470894847e-05,5.14059479428397e-07,2.6221221105515724e-06,2.1126727460796246e-06,2.5727806132636033e-05,0.00019248675380367786,0.0004999968805350363,0.00013118647621013224,4.526710108621046e-05,2.8441836548154242e-06,6.60001314827241e-05,0.00046487690997309983,0.987616240978241,6.434623355744407e-05,0.007637279573827982,8.881579560693353e-06,6.174435111461207e-05,2.00008958017861e-06,17,17
0.0017177844420075417,1.1675830080548621e-08,0.010063189081847668,3.746777821334035e-08,0.00040939031168818474,4.6292858314700425e-05,9.147298101197521e-07,1.8542800717114005e-06,2.91672349703731e-05,0.0001995407947106287,0.5215604305267334,0.0006384732550941408,1.753822471073363e-05,1.441369931853842e-06,0.11134142428636551,0.35351428389549255,4.028488547191955e-05,0.0003365656884852797,7.413362618535757e-05,6.247206329135224e-06,5.140490202393266e-07,3.20379086815592e-07,2.0179405169074016e-07,10,10
4.7928650019457564e-05,2.770473770397075e-07,5.209387745708227e-05,1.380054754918092e-06,0.013373374938964844,0.01637096144258976,2.685734762053471e-05,1.3676426533493213e-05,0.9573566913604736,0.00075747404480353,0.002211496466770768,0.006180121097713709,6.992263661231846e-05,0.0029198648408055305,0.00023120651894714683,0.0003088101511821151,2.5300291781604756e-06,2.18488657992566e-05,2.3548036551801488e-06,1.9651053662528284e-05,6.546232725668233e-06,4.341733983892482e-06,2.06016320589697e-05,8,8
0.04197696968913078,4.415769971899408e-09,6.657087214989588e-05,1.970058960409915e-08,0.9487941861152649,0.0005599823780357838,7.121355451999989e-07,7.186756647570292e-07,0.0023809578269720078,0.0011237949365749955,3.1439136364497244e-05,0.00460806442424655,2.4028456664382247e-06,0.00035155354999005795,5.553495793719776e-05,3.744011337403208e-05,1.0515811936784303e-06,8.812388045953412e-07,2.885478124881047e-06,3.177125620368315e-07,2.3882657842477784e-06,7.504793586576852e-08,2.0816803498746594e-06,5,4
4.8577188863418996e-05,9.722957656776998e-07,3.8037473132135347e-05,0.08586449921131134,0.00205698749050498,0.00012440491991583258,0.00691322423517704,2.767554178717546e-05,2.2389927835320123e-05,0.8957492709159851,0.000693571288138628,0.0002044945867964998,0.0007855070871300995,0.00021010286582168192,0.0026537729427218437,0.00026927414000965655,9.55201448959997e-06,1.528117536508944e-05,0.0001295937690883875,0.0035351933911442757,2.9001823804719606e-06,2.5674255539342994e-06,0.0006420887657441199,9,9
6.625974435792159e-08,2.6378936368587347e-08,6.272429163800552e-05,2.0138044419582002e-05,9.602487261872739e-05,1.905170279314916e-07,1.2385367398337621e-08,1.9258627617091406e-06,6.822101113357348e-06,1.3489055561421992e-07,6.895290880493121e-07,1.1913766684301663e-06,0.0009811453055590391,3.081961040152237e-06,4.122334303247044e-06,2.081396246467193e-07,2.7398265956435353e-05,0.022894026711583138,2.6887189505941933e-06,0.9758580923080444,2.8171203666715883e-05,1.5590908333251718e-06,9.644533747632522e-06,19,19
0.009046968072652817,7.73116653363104e-07,0.0006289441953413188,3.930681771180389e-07,0.35896483063697815,0.05016512796282768,0.0010548417922109365,1.1701885341608431e-05,0.0018076911801472306,0.388836145401001,0.0011979069095104933,0.17938132584095,0.0007685025339014828,0.006102308165282011,0.0008184548933058977,0.001066237804479897,4.5266895654094697e-07,2.708937790885102e-05,1.666364369157236e-05,8.324754162458703e-05,2.7506723654369125e-06,1.4182709264787263e-06,1.624726428417489e-05,9,9
5.850235902471468e-05,2.8348362320684828e-05,0.011415993794798851,0.0002625191700644791,5.9541285736486316e-05,0.003002771409228444,0.015379372984170914,0.0005189632647670805,4.250884012435563e-05,0.9222798347473145,0.0007438053144142032,0.0004544436524156481,0.0004466304089874029,0.0006573894061148167,0.0005020067910663784,0.0009084272314794362,0.0005852911854162812,0.00012354430509731174,0.004237070679664612,0.0002529171761125326,0.0004750326625071466,3.396065949345939e-05,0.037530992180109024,9,9
0.0035436418838799,0.002998368814587593,0.004773674067109823,0.011206514202058315,0.004543894901871681,0.0011128488695248961,0.013566328212618828,0.0008833137690089643,0.00045646753278560936,0.6006940603256226,0.015521368011832237,0.0004460057243704796,0.017601722851395607,3.9789036236470565e-05,0.003065668512135744,0.007645617704838514,0.017417307943105698,0.0073191202245652676,0.001214320189319551,0.013603445142507553,0.024564171209931374,0.001411545556038618,0.2463708370923996,9,9
0.0004955378244630992,9.263701805650726e-09,6.049377248018573e-07,3.875986198664805e-09,0.9977630376815796,0.0016767617780715227,6.634209182010409e-09,7.556834269450974e-09,4.172619810560718e-05,1.8135771142624435e-06,8.182478268281557e-06,2.1830544483236736e-06,6.7896417021984234e-06,1.2594802001331118e-06,5.015937176722218e-07,4.7266397018574935e-08,2.314779550260937e-07,5.580191100307275e-07,2.7740517438701318e-08,1.6919517520364025e-07,4.758405793836573e-07,5.494440458164718e-08,1.2994473763683345e-07,5,4
0.8641589879989624,2.763867269095499e-05,0.05264631286263466,3.2993968488881364e-05,0.055964987725019455,0.0016023246571421623,0.00025351173826493323,2.1686624677386135e-05,0.00011421092494856566,0.0024991200771182775,0.004738400690257549,0.006974376738071442,0.003233602037653327,0.0015750994207337499,3.836971882265061e-05,0.0004163696721661836,8.44019086798653e-05,0.004408206325024366,2.063875217572786e-05,0.0009362486307509243,0.00012439829879440367,0.0001008101025945507,2.7380103347240947e-05,2,0
0.0023877713829278946,0.16176775097846985,0.008010455407202244,0.0002474944631103426,0.0003268469590693712,0.0017315815202891827,0.8074923157691956,0.0001881697098724544,0.00033542764140293,0.003919234499335289,0.0019575811456888914,0.0002419074735371396,0.0004589091695379466,0.0027340787928551435,0.00031676891376264393,3.9753798773745075e-05,0.0002844476839527488,0.00017810163262765855,0.004414871335029602,0.0002766440447885543,0.000142778386361897,0.0019405873026698828,0.0006064566550776362,6,6
0.7998225688934326,2.050626868310701e-08,0.00047130612074397504,1.1063742988426384e-07,0.16128547489643097,0.000910452043171972,8.171246918209363e-06,1.8965507706525386e-06,0.00010052343714050949,0.0092890290543437,0.0006458079442381859,0.024817626923322678,1.8429262127028778e-05,0.0011045495048165321,0.0008191404049284756,0.0005993545637466013,1.5791932810316212e-06,9.39068486331962e-05,3.4342097023909446e-06,3.917317826562794e-06,1.6582284843025263e-06,1.1130924804092501e-07,8.815474643597554e-07,11,0
0.017735490575432777,0.000428097351687029,0.042654767632484436,0.0025687753222882748,0.0017916241195052862,0.0006440196884796023,0.0007438071770593524,0.0021875619422644377,0.002595045603811741,0.0015823879512026906,0.0005830964655615389,9.94780712062493e-05,0.07352159172296524,0.0003418158448766917,0.00026960938703268766,0.0008838869398459792,0.07063265889883041,0.031208667904138565,0.0003531977126840502,0.009130611084401608,0.669759213924408,0.07007451355457306,0.00021017352992203087,17,20
0.0860431119799614,1.849743824777761e-07,0.00017506920266896486,0.00033554722904227674,0.013636778108775616,0.004690614063292742,0.001992922741919756,6.268408469622955e-05,0.0016064763767644763,0.5048667192459106,0.1435399055480957,0.033101096749305725,0.003733531106263399,0.00015965029888320714,0.10801700502634048,0.09756568819284439,4.640675342670875e-06,0.00011684388300636783,0.00021051013027317822,6.985695654293522e-05,1.5602736311848275e-05,7.770053343847394e-06,4.7932055167621e-05,9,9
4.008838732261211e-05,2.165452955837921e-10,3.034609008523148e-08,3.0664628614118783e-09,7.569921581307426e-05,4.557314605335705e-05,4.816153520437183e-08,6.579464866263152e-07,3.115436265943572e-05,0.00013728774501942098,0.0005464088753797114,0.9958184361457825,1.6112912248900102e-07,0.002754956018179655,0.00023292264086194336,0.0002998208219651133,1.4090562494573078e-08,2.2194624307303457e-06,1.0609983291942626e-05,3.0542778972630913e-07,4.532951791702544e-08,5.928270652155732e-10,3.6601752526621567e-06,11,11
0.045547597110271454,4.76595005238778e-06,0.011874767951667309,2.5885742616083007e-06,0.014013043604791164,0.6113561987876892,0.014709075912833214,0.00012018706183880568,4.661698403651826e-05,0.06301943957805634,0.0004357055004220456,0.00897993240505457,0.0005259948666207492,0.22867251932621002,0.00020644981123041362,0.0001956768537638709,5.996523668727605e-06,8.110638736980036e-05,3.733632547664456e-05,7.72368221078068e-05,1.4180544894770719e-05,8.711686859896872e-06,6.48670393275097e-05,10,5
7.0984800260021075e-09,1.037846431017897e-08,9.69289501995263e-08,2.5158846028716653e-07,9.239997211807349e-08,5.231351565271325e-07,1.921025386764086e-06,4.625966099069956e-08,2.1614782852452663e-08,6.158685437185341e-07,4.197962510943398e-08,3.953820453261869e-07,0.9999395608901978,6.015904663314586e-09,3.2045576858763525e-08,1.1534503130405938e-08,2.0275304279948614e-07,1.0902714166149963e-05,1.062926571648859e-06,3.19498976750765e-05,2.8429727194634324e-07,4.208161783481046e-07,1.1649181033135392e-05,12,12
0.12162694334983826,7.22154163668165e-06,0.044474046677351,3.803567597060464e-05,0.009754253551363945,0.08771397173404694,0.005115307867527008,0.0022955157328397036,0.08781068027019501,0.011345427483320236,0.0011694213608279824,0.09056530892848969,0.004381852224469185,0.37250804901123047,0.02475993148982525,0.029160242527723312,3.5182481951778755e-05,0.09789977222681046,0.005709888879209757,0.0020857909694314003,8.82410749909468e-05,4.042778527946211e-06,0.0014508797321468592,4,13
0.001517996657639742,0.000407406099839136,0.0033181668259203434,0.0008048886666074395,0.001369997626170516,0.02069397270679474,0.09710250049829483,0.5282159447669983,0.0006254866602830589,0.003339576767757535,7.153340266086161e-05,0.012658033519983292,0.0010474801529198885,0.2936912775039673,0.00590828713029623,0.0018733220640569925,0.0007152191246859729,0.0005500066909007728,0.0019742136355489492,0.0021064213942736387,0.0003165295929647982,0.0010492258006706834,0.020642489194869995,7,7
0.005794646684080362,0.0005030563334003091,0.03267228230834007,0.003901695366948843,0.1415797472000122,0.01215482596307993,0.000393987720599398,0.001243635662831366,0.0002568387717474252,0.011386075988411903,0.011029318906366825,0.011523936875164509,0.24955767393112183,0.00239150901325047,0.0006379805272445083,7.646014273632318e-05,0.0009024831233546138,0.2790813148021698,0.0003915851120837033,0.19866202771663666,0.00017761510389391333,0.03397652879357338,0.001704685389995575,12,17
1.0244383702229243e-05,4.4574619550985517e-07,1.0015398402174469e-05,2.519239751563873e-05,0.0012261776719242334,2.422830948489718e-05,9.022992344398517e-07,1.9007453602171154e-06,4.928987436869647e-06,1.2614321349246893e-05,8.360783795069437e-06,9.42423957894789e-06,0.0015695873880758882,0.00011179469584021717,5.100368412058742e-07,1.67179706522802e-07,2.7925763788516633e-05,0.8751484155654907,1.0607463082124013e-05,0.12178486585617065,5.170211807126179e-06,3.523784698700183e-06,2.933853238573647e-06,17,17
0.16658727824687958,8.191836542437159e-08,0.021079279482364655,9.491687364970858e-07,0.7597161531448364,0.005675413180142641,6.0537040553754196e-05,5.8761002037499566e-06,0.0027755582705140114,0.004719767719507217,0.0006204528617672622,0.0013108146376907825,5.143026282894425e-05,0.00877823494374752,0.0236879363656044,0.004875676240772009,1.97816698346287e-05,1.7385089449817315e-05,5.844729457749054e-06,7.152471880544908e-06,1.3124874840286793e-06,1.4122869060884113e-06,1.7034212760336231e-06,2,4
0.008932958357036114,0.22119607031345367,0.0032338795717805624,0.004883030895143747,0.0011445700656622648,0.0006466864142566919,0.009848157875239849,0.00605774438008666,0.00046954522258602083,0.013907019048929214,0.017013218253850937,6.240543734747916e-05,0.04122065007686615,6.556739390362054e-05,0.0016318322159349918,0.002572030760347843,0.4218188524246216,0.027896547690033913,0.0031992958392947912,0.02604232169687748,0.10352689772844315,0.06435145437717438,0.020279280841350555,21,16
0.004435898270457983,1.7453008922529989e-06,0.0042776805348694324,9.269231668440625e-05,0.8054555058479309,0.00019001823966391385,4.702803380496334e-06,8.670591341797262e-06,4.10179745813366e-05,0.0003129191172774881,9.160525951301679e-05,3.947339428123087e-05,0.03299510106444359,0.0007139588124118745,1.4295471373770852e-05,0.0005537292454391718,0.0007127502467483282,0.12172432988882065,1.121247169066919e-05,0.02736479416489601,1.5362566045951098e-05,0.0009026705520227551,3.982869384344667e-05,12,4
0.0006906521739438176,1.690778219654021e-07,1.3222193956607953e-05,3.727325648128499e-08,0.9974818825721741,0.00024179505999200046,4.5656585712094966e-07,1.1689858183672186e-06,2.070007030852139e-05,0.0001740379084367305,0.00022417158470489085,0.0008283945498988032,3.940617534681223e-05,4.859800810663728e-06,0.00021326844580471516,3.8541638787137344e-05,3.112358399448567e-06,1.2288984180486295e-05,3.659189360405435e-07,6.105102784204064e-06,9.54103938966e-07,1.2807099665224086e-06,3.1739016321807867e-06,9,4
0.9830893278121948,1.1932743859688344e-07,1.1417761925258674e-05,2.2863109734316822e-06,0.015346487052738667,0.00013662151468452066,3.883969839080237e-07,5.886571216251468e-06,5.9831869293702766e-05,0.00022091175196692348,5.040996620664373e-05,0.00031235002097673714,1.682589208940044e-05,0.0006110129761509597,4.930972863803618e-06,3.650402868515812e-05,1.2284741046642011e-07,8.804609387880191e-05,1.4981264939706307e-07,4.286686362320324e-06,4.6740908032916195e-07,3.544160165347421e-07,1.0898068012465956e-06,0,0
0.19230051338672638,0.00012313315528444946,0.005913534667342901,2.727552600845229e-05,0.09572840481996536,0.005933369044214487,8.301871275762096e-05,4.832745617022738e-05,0.004344908986240625,0.0022593906614929438,0.0005775151657871902,0.012672190554440022,0.0013298920821398497,0.0027311970479786396,0.5078948140144348,0.16570726037025452,9.912074892781675e-05,0.0012642813380807638,0.0005342960357666016,0.00023912443430162966,9.669303835835308e-05,4.3670421291608363e-05,4.807876030099578e-05,15,14
9.961245268641505e-06,1.8949752984553925e-06,5.6940384638437536e-06,5.582913217949681e-05,7.475908932974562e-05,4.895114216196816e-06,5.069251187705959e-07,9.244130865226907e-07,1.959870132850483e-06,7.591483608848648e-06,4.880515007243957e-06,1.557519681227859e-05,0.0006352156633511186,1.90602513612248e-05,4.232879291521385e-06,2.9554091725003673e-06,3.795191878452897e-05,0.9570784568786621,1.1541766070877202e-05,0.041964150965213776,1.4674387784907594e-05,1.4287418252934003e-06,4.594832716975361e-05,17,17
0.5140095949172974,1.7002957974909805e-06,0.0016436818987131119,2.9051207093289122e-05,0.0005851713940501213,0.0018002163851633668,0.0002289471449330449,0.35158950090408325,0.0007739172433502972,0.0032052535098046064,0.00046877283602952957,0.07461359351873398,7.397284207399935e-05,0.02346280962228775,0.00014014437329024076,0.026436397805809975,5.5900368352013174e-06,0.0005777943879365921,8.507890743203461e-05,3.8291243981802836e-05,9.217041952069849e-05,0.00012508462532423437,1.3195167412050068e-05,0,0
0.057013049721717834,0.014737231656908989,0.12232459336519241,0.0009785086149349809,0.26465532183647156,0.07254673540592194,0.005490696988999844,0.0023812809959053993,0.00695981178432703,0.07493478804826736,0.015204149298369884,0.007389188278466463,0.041141409426927567,0.02267146296799183,0.006620831321924925,0.003593402449041605,0.09920969605445862,0.011249295435845852,0.09391914308071136,0.02756495214998722,0.025260474532842636,0.012796793133020401,0.011357231996953487,16,4
0.703337550163269,6.68924767524004e-05,0.013179410248994827,0.00010404412751086056,0.21552801132202148,0.00044305730261839926,2.7209536710870452e-05,4.8604597395751625e-05,0.00032876853947527707,0.003298100782558322,6.909727380843833e-05,0.00026300278841517866,0.03692249208688736,0.0007004658109508455,7.989136975083966e-06,0.00037457907455973327,0.005755795631557703,0.010734817944467068,0.0004690985078923404,0.00392202427610755,0.001121849985793233,0.00325179030187428,4.539217843557708e-05,16,0
0.9777405261993408,1.8918079547347588e-07,4.085462023795117e-06,8.111791203191387e-07,0.017986880615353584,0.0003089715028181672,3.223225212423131e-05,2.5284343792009167e-06,1.4988779639679706e-06,0.0033055010717362165,0.00015472379163838923,0.0001783957122825086,6.149966338853119e-06,0.00019748845079448074,4.863029516855022e-06,6.407037290045992e-05,1.6819222992126015e-07,4.7177181841107085e-06,1.8433595414535375e-06,1.3525489066523733e-06,6.866003445793467e-07,4.1098837755271234e-07,1.8938306993732112e-06,0,0
0.024372834712266922,0.0004262883448973298,0.007343967445194721,0.0005963017465546727,0.0457187257707119,0.014457203447818756,0.0003930976090487093,0.012222101911902428,0.0023636026307940483,0.0058707683347165585,0.1994207799434662,0.001500116428360343,0.41972121596336365,0.00017486947763245553,0.0768832340836525,0.010125373490154743,0.02217738889157772,0.03344329819083214,0.0027195599395781755,0.021548515185713768,0.07757063210010529,0.014202959835529327,0.006747090723365545,14,12
0.030733777210116386,7.299345452338457e-05,0.01066663023084402,6.350538751576096e-05,0.9020575881004333,0.0030478620901703835,0.0003222310624551028,0.0002083499130094424,0.0017379962373524904,0.0071539427153766155,0.013342943042516708,0.004255162086337805,0.014211909845471382,2.7644065994536504e-05,0.0011192490346729755,0.0016242819838225842,0.0015371809713542461,0.004695251118391752,0.000257075676927343,0.001284093945287168,0.0005784620298072696,0.00012674003664869815,0.0008752781432121992,19,4
6.083618245611433e-06,1.220680445612743e-07,1.3808674339088611e-05,9.792984201340005e-06,3.706728193719755e-06,1.1457257187430514e-06,1.8633747913554544e-06,1.0209926131210523e-06,6.219023021003522e-07,1.6025662262109108e-05,4.8951798817142844e-05,0.00021234572341199964,0.0015857517719268799,3.845212177111534e-06,3.958304617412978e-08,1.322890881283456e-07,1.2725272426905576e-05,0.9965494871139526,1.123804941016715e-05,0.0015099060256034136,7.664983968425076e-06,2.079791784126428e-06,1.4123127130005741e-06,17,17
0.003990719094872475,1.5575669749523513e-05,0.003330779494717717,0.00032897587516345084,0.021152952685952187,0.000722663477063179,9.478566789766774e-05,0.00013036499149166048,6.788396422052756e-05,0.0020390423014760017,0.0016596296336501837,0.0006004858878441155,0.19495485723018646,0.00047685211757197976,0.00010194050992140546,0.0001251910871360451,0.0034325497690588236,0.7406498789787292,0.0001964920957107097,0.025483110919594765,8.9216984633822e-05,0.00018103183538187295,0.000174958462594077,17,17
0.0003462177119217813,0.00018834196089301258,0.0021318476647138596,0.00011861055827466771,0.0009359001996926963,2.785283504636027e-05,5.292076093610376e-05,0.00014447979629039764,0.00015658579650335014,0.00010826353536685929,0.0006184224039316177,0.0002551177458371967,0.022589847445487976,4.2886305891443044e-05,3.350481347297318e-05,1.4707103218825068e-05,0.00045882846461609006,0.4438208341598511,3.4278593375347555e-05,0.5263352394104004,0.0008718583267182112,0.0005655372515320778,0.0001479049096815288,19,19
1.6652371925829357e-07,1.3293399270253303e-08,2.2024157715350157e-06,6.569182005478069e-06,8.801060175755993e-05,2.6322728444938548e-05,1.2165262432972668e-06,3.370819356973698e-08,1.863434931692609e-06,4.439648364495952e-06,4.2081933315785136e-07,6.0267171875239e-07,0.999431312084198,6.305419333330065e-07,4.921805043522909e-07,1.3724569214446092e-07,1.588615486980416e-05,0.00015313574112951756,1.2979677421753877e-06,0.00020700047025457025,2.4004093575058505e-06,3.29129352394375e-06,5.2442937885643914e-05,12,12
3.508500230964273e-05,5.232470012828117e-10,1.6298847640427994e-06,5.938357805490568e-09,0.0009714668849483132,6.374347321980167e-06,3.185543206996044e-08,1.3490901551449497e-07,7.210957846837118e-05,3.203126880180207e-06,8.448645303360536e-07,0.00021998547890689224,3.215611513951444e-06,2.70292957793572e-06,0.9986355900764465,4.684658779297024e-05,4.828203259421571e-08,5.247296286370329e-08,2.0024965863285615e-07,1.4304688988886483e-07,4.0233643971987476e-08,1.567263097079774e-09,2.7194866447644017e-07,14,14
0.04179008677601814,7.235260454763193e-06,0.002866617403924465,1.4378792911884375e-06,0.870101809501648,0.06379713863134384,2.9175931558711454e-05,3.733728362931288e-06,0.001482104999013245,0.004361833445727825,0.001465121633373201,0.011191554367542267,0.0012313979677855968,0.0003791249473579228,0.00014120950072538108,0.0003766391018871218,1.2246399592186208e-06,0.0005690517136827111,2.693938404263463e-05,0.00010045955423265696,2.223173169113579e-06,2.1349790131353075e-06,7.175892824307084e-05,2,4
4.017512722498395e-08,1.4680707316472308e-08,1.3520439097192138e-06,7.617529149683833e-07,8.792935659585055e-07,3.278105680237786e-07,8.782438953858218e-08,6.540349062333917e-08,6.756977910526984e-08,1.577982516209886e-06,1.0827012602021568e-06,6.707167631248012e-05,1.440070536773419e-05,4.510533017310081e-06,5.7671279307669465e-08,1.3008339294628968e-07,1.9790936676145066e-06,0.9996873140335083,1.6287889366140007e-06,0.00021003429719712585,6.407977792832753e-08,3.763930180866737e-07,6.012595349602634e-06,17,17
0.19992788136005402,8.397758932687793e-08,2.803410097840242e-05,8.432367621935555e-07,0.7892498970031738,0.006259135436266661,5.08178800373571e-07,4.153154350206023e-06,0.0003531671245582402,0.00029282463947311044,0.0004798393347300589,0.0008945982553996146,8.887490366760176e-06,0.0005500849802047014,0.0009064249461516738,0.001002960721962154,1.100967068623504e-07,3.3904834708664566e-05,1.2527865465017385e-06,1.7161687537736725e-06,1.0083251567039042e-07,1.2717428887754068e-07,3.5415769161772914e-06,0,4
0.010389699600636959,1.785951099009253e-05,0.013518386520445347,0.0011217499850317836,0.29726698994636536,0.039376333355903625,0.0005842578830197453,9.720239177113399e-06,0.00014293297135736793,0.0042270696721971035,0.0003321843396406621,0.0003467187052592635,0.17340849339962006,0.014972832053899765,5.541867358260788e-05,0.0002308030379936099,0.0002526375756133348,0.05396713316440582,5.828228677273728e-05,0.3895712196826935,2.271637822559569e-05,9.711895108921453e-05,2.944818879768718e-05,17,19
0.00276474398560822,0.0009104216587729752,0.0002677207812666893,0.00029270511004142463,5.6558325013611466e-05,0.0004775184206664562,0.1217620000243187,0.0023628182243555784,9.021094228955917e-06,0.6943643093109131,8.481710392516106e-05,6.673522875644267e-05,0.1612163633108139,8.545229320588987e-06,8.391957817366347e-05,3.805400774581358e-05,2.1550953533733264e-05,0.00013602033141069114,0.003540680045261979,0.01077082846313715,0.0003711391764227301,0.0002030719188041985,0.00019051860726904124,9,9
0.00013699813280254602,6.875598774058744e-05,0.0564735122025013,0.0005742359207943082,4.1526800487190485e-05,2.6038356736535206e-05,3.473915785434656e-05,4.3944277422269806e-05,3.363980567883118e-06,6.934416887816042e-05,0.0001206534871016629,0.00032592288334853947,0.028647197410464287,4.588998854160309e-05,5.101353053760249e-06,0.00014622704475186765,0.03383726254105568,0.1083185076713562,0.0007831027614884079,0.035178180783987045,0.0044786036014556885,0.7306052446365356,3.568469765014015e-05,21,21
5.369935024646111e-05,8.242785298762101e-08,6.413240043912083e-06,5.2963987400289625e-06,0.00674834381788969,0.0009097181027755141,1.1347494819347048e-06,9.219327239406994e-07,5.749449428549269e-06,4.6101846237434074e-05,5.10044046677649e-05,4.2927658796543255e-05,0.4389292895793915,3.9563915379403625e-06,1.5237168327075779e-06,1.9216065538785188e-06,7.147275027818978e-05,0.551394522190094,9.004078265206772e-07,0.0015808530151844025,3.6310793802840635e-05,9.161969956039684e-07,0.00010689294140320271,12,17
0.0005000124219805002,0.0001803978520911187,0.0016398984007537365,0.0004326498310547322,0.01793261431157589,0.0039711627177894115,4.609151801560074e-05,3.60132398782298e-05,1.3152576684660744e-05,0.0005010334425605834,0.00043685227865353227,0.00024513056268915534,0.520311176776886,2.9466880732798018e-05,1.946531301655341e-05,3.713442129082978e-05,0.0014983888249844313,0.19037176668643951,0.002741360804066062,0.2539811134338379,0.0002554103557486087,0.0024065470788627863,0.0024132730904966593,18,12
1.343966182787426e-08,1.7230949111990412e-08,6.330418500510859e-07,5.264824949335889e-07,2.3219262956786224e-08,1.194038645735418e-07,0.9999939203262329,3.714876584126614e-07,1.4971593742529876e-08,3.3458081816206686e-07,2.5818168936098118e-08,1.5887071214137904e-08,3.8397030266423826e-07,2.068088861051365e-06,4.622069837978415e-09,1.8024913117642427e-08,1.5333309022480535e-07,7.131603041443668e-08,9.773804876545e-09,2.745281904026342e-07,1.6954103898569883e-08,1.7319816691951928e-08,9.840537131822202e-07,6,6
0.004572300240397453,1.1719356507455814e-06,0.8437129259109497,1.0854195352294482e-05,0.022924143821001053,0.0004461172502487898,3.2901101803872734e-05,4.937485937261954e-05,0.0017166489269584417,0.000551452103536576,0.00023828296980354935,0.012596060521900654,0.03497364744544029,2.6971823899657466e-05,0.00017551897326484323,0.0011660477612167597,0.000872631324455142,0.07300866395235062,4.430613262229599e-05,0.0023868405260145664,0.0003892013046424836,2.670589128683787e-05,7.730613288003951e-05,2,2
0.0027943432796746492,0.0004470938292797655,0.00422106496989727,2.3903687178972177e-05,0.0002235939318779856,0.0026905760169029236,0.9816779494285583,0.00015681333024986088,3.8497131754411384e-05,0.00389892072416842,0.00017284277419093996,1.9825774870696478e-05,0.0011734907748177648,7.178902887972072e-05,2.6926178179564886e-05,9.628869884181768e-05,1.4689800082123838e-05,0.0003864845202770084,0.0003130316035822034,0.00018162254127673805,6.68069114908576e-05,2.542205766076222e-05,0.0012780004180967808,6,6
0.0001716253173071891,2.1910864234087057e-08,1.6634336361676105e-06,9.63322061009464e-11,0.9966170191764832,0.0029505491256713867,2.6806661779232854e-08,4.4494356643554056e-08,4.029321644338779e-06,5.434179456642596e-06,4.6848185775161255e-06,0.00023765927471686155,3.0980211249698186e-06,1.014655026665423e-06,1.4962745353841456e-06,2.79299598560101e-07,9.397239608688324e-08,4.489350260428182e-07,3.1358279528603816e-08,1.6657075718740089e-07,1.828973523743116e-07,1.9329227995967813e-08,3.9848384858487407e-07,17,4
0.30447182059288025,0.0001242748403456062,0.012740814127027988,0.00018537597497925162,0.0020559465046972036,0.04763812571763992,0.3937023878097534,0.003349001519382,0.00032651398214511573,0.1293851137161255,0.00014071431360207498,9.658857743488625e-05,0.0962100401520729,0.0015380524564534426,4.0546594391344115e-05,0.00011193534737685695,7.152566922741244e-06,0.0005918421084061265,0.0038234200328588486,0.0032324485946446657,5.272918861010112e-05,7.683839794481173e-05,9.830743510974571e-05,6,6
0.001591028063558042,2.2974747480475344e-05,3.2199797715293244e-05,0.00042301806388422847,0.011710479855537415,0.7580420970916748,0.0016888640820980072,1.9462966520222835e-05,0.0002342713560210541,0.010472593829035759,0.0009902381571009755,0.0002235925494460389,0.13423949480056763,0.0007762586465105414,0.00018412157078273594,1.6591482562944293e-05,3.2155239750863984e-05,0.02372516505420208,0.0018735990161076188,0.007029401138424873,2.4451268473058008e-05,2.0703961126855575e-05,0.046627242118120193,12,5
6.595159085520663e-09,6.3708153336117235e-12,4.2164401747868396e-07,2.420855460538718e-10,2.12241868524643e-09,8.318208344348932e-09,3.3054430303991467e-09,1.8697182690985414e-10,4.161990752038491e-09,1.1293828805492012e-07,0.9999994039535522,1.1438197056179433e-09,1.4909317114231158e-09,9.247307086734935e-11,1.5668633057686066e-10,4.806051112637988e-10,1.3456105153741849e-11,1.4006240611763587e-10,4.964497701820392e-10,2.053558156855928e-10,8.989093497335787e-11,2.305968471727482e-10,7.912235450158178e-11,10,10
1.1855361492507654e-07,5.230323951721516e-10,2.921055930471539e-08,3.5954691668393934e-08,1.3714341093873372e-06,3.091501525886997e-07,8.003258500366428e-09,2.2180214998002157e-08,6.620943082680242e-08,8.645031925880176e-07,6.724659442625125e-07,0.00010396441939519718,4.132729998218565e-07,2.535883140808437e-06,1.8746460384022612e-08,1.7427289833449322e-08,1.701893808103705e-07,0.9998743534088135,2.2775093100335653e-07,1.407962463417789e-05,1.9932183903392797e-08,1.7693249088068796e-09,6.852257570244547e-07,17,17
0.9603232741355896,2.5005039816505814e-08,1.2999689715798013e-06,9.124173416807935e-09,0.03488772734999657,7.652071508346125e-05,1.5312748473661486e-06,1.1094061846961267e-07,4.958884801453678e-06,0.0011077090166509151,0.0019715595990419388,0.0015733604086562991,1.7173179003293626e-06,3.630543506005779e-05,1.0313847269571852e-05,2.030165660471539e-06,6.694883758484593e-09,6.514046617667191e-07,2.9254672995193687e-07,3.986476215800394e-08,1.0183513410311207e-07,1.566118967843977e-08,3.7301788324839436e-07,0,0
0.00025401110178790987,5.099751732018376e-10,9.73660352343586e-09,5.664653641990203e-12,0.9995222091674805,0.00019094932940788567,1.203224742063469e-09,3.0986532784105236e-10,8.745103485807704e-08,1.2144714673922863e-06,5.267427241051337e-07,2.351059993088711e-05,2.234221341268494e-08,7.26903954273439e-06,7.251617972769964e-08,5.5193503101236274e-08,3.7369853878033155e-09,5.091136756618653e-08,1.8716227179194078e-10,7.585940764442967e-09,1.3084251015982318e-08,3.306202811526049e-10,2.815016131307857e-08,5,4
9.262710591428913e-06,9.700584087113384e-06,5.693745151802432e-06,1.7735480639657908e-07,1.4179387619606132e-07,9.174273714052106e-07,2.3444303565156588e-07,8.998346174848848e-07,1.509571490032613e-08,3.1229618002726056e-07,1.5335626812884584e-07,3.031598510006006e-07,1.0526390724407975e-05,1.5563012993879966e-06,1.1276942935012357e-08,4.8342695180281225e-08,1.167953655567544e-06,1.6430545883849845e-06,3.364890517332242e-07,5.642051519316738e-07,1.617884663573932e-05,0.9999399185180664,2.543292509926687e-07,21,21
9.97224105958594e-06,0.9991466999053955,1.4267835695136455e-06,1.3710596249438822e-06,5.436416472548444e-07,9.927794963004999e-06,8.62510860315524e-05,1.2923968824907206e-05,1.10960661459103e-06,2.1308205759851262e-05,3.654457714219461e-06,1.0348155683459481e-06,1.2746895663440228e-05,0.000118512827611994,6.40991447653505e-06,1.699233393992472e-07,1.3881509403290693e-05,1.8557539078756236e-05,5.1790866564260796e-05,7.508382259402424e-05,9.330476314062253e-05,0.00013172482431400567,0.0001815780415199697,1,1
0.03062230721116066,0.00012141860497649759,0.0008481183904223144,0.0003719365631695837,0.8721368312835693,0.0007745280163362622,2.684719584067352e-05,0.0002572516386862844,0.00022082396026235074,0.0012930214870721102,0.02519098110496998,0.0006228928687050939,0.00560118118301034,0.00011576168617466465,0.007323795929551125,0.010609228163957596,0.004277248401194811,0.00877603329718113,0.0005856237257830799,0.023511603474617004,0.0016099924687296152,0.0008849036530591547,0.004217558540403843,19,4
0.14277324080467224,4.114620605832897e-05,0.10421742498874664,1.6830546883284114e-05,0.00072499766247347,0.017518360167741776,0.04131267964839935,0.005521930754184723,2.5206030841218308e-05,0.20126116275787354,0.022476961836218834,0.22328689694404602,0.006263331510126591,0.1757289618253708,0.00012148014502599835,0.052016615867614746,7.116339111234993e-05,0.002444461453706026,0.0003604830999393016,0.0009109795209951699,0.00017617350385989994,0.002666751155629754,6.279925582930446e-05,9,11
0.00011899600940523669,4.2640428432605404e-07,7.531836308771744e-05,7.64648461881734e-07,0.05514635145664215,0.017668062821030617,1.6380414308514446e-05,4.390346930449596e-06,0.00019606966816354543,0.00013279053382575512,1.2363877431198489e-05,0.0008904649876058102,0.875056803226471,4.1272316593676805e-05,2.925452463387046e-06,2.1754667614004575e-05,0.001089826226234436,0.039929021149873734,1.287479062739294e-05,0.0007528256974183023,0.0002245822106488049,4.564372375170933e-06,0.008601036854088306,12,12
0.00022742764849681407,0.0005782331572845578,0.008279803209006786,0.0007734884857200086,5.1501488087524194e-06,0.0008249363163486123,0.01539697963744402,0.0007556917262263596,2.804431460390333e-05,0.03452702611684799,0.9162691235542297,0.00047303576138801873,0.0044344570487737656,0.0002828882134053856,4.83525509480387e-05,9.568273526383564e-05,2.409110493317712e-05,0.0008637552964501083,0.008588884025812149,0.0018173097632825375,4.140619785175659e-05,0.00527176121249795,0.0003925986238755286,10,10
0.9773957133293152,2.155019728888874e-06,5.250009417068213e-05,0.00017220882000401616,0.0026108825113624334,0.0006655032630078495,0.00022039480973035097,0.0007394484127871692,0.0008293696446344256,0.0033206152729690075,0.0007752490928396583,0.011518649756908417,0.00026076933136209846,0.0008275173022411764,1.3703594049729872e-05,0.00019582477398216724,1.197548272102722e-06,0.0002412186877336353,4.8858619265956804e-05,2.5368241040268913e-05,2.989631138916593e-05,4.027122486149892e-05,1.272454574063886e-05,0,0
3.833845767076127e-06,1.7753816791810095e-05,0.004962368868291378,0.9724491834640503,1.7689220840111375e-05,9.111577674048021e-05,0.00017984390433412045,6.007184128975496e-05,3.2818027193570742e-06,0.00019349493959452957,4.3849271605722606e-05,1.1003072359017096e-05,0.004442047793418169,2.2076721506891772e-05,1.4146843568596523e-05,5.511882045539096e-05,0.003874583635479212,0.003963465802371502,0.0006111850379966199,0.002164526842534542,4.975089541403577e-05,0.0018326995195820928,0.004936841782182455,3,3
0.3538210690021515,0.00012170999980298802,0.2925729751586914,1.9854649053741014e-06,0.17914243042469025,0.0010180851677432656,0.0006831955979578197,0.0006958849262446165,9.693785978015512e-05,0.002613401273265481,0.055645838379859924,0.0017244238406419754,0.03473188728094101,7.83108698669821e-05,8.153120143106207e-05,0.0018190944101661444,0.027610141783952713,0.040254734456539154,0.00034703293931670487,0.0025347352493554354,0.0038943521212786436,0.0003706138813868165,0.0001396590960212052,1,0
0.004272925201803446,0.0014796839095652103,0.04549989104270935,0.0024452314246445894,0.4623243510723114,0.0008967434405349195,6.030294025549665e-05,0.0006973602576181293,0.00028601696249097586,0.0019635080825537443,0.033528003841638565,0.008846106007695198,0.020668625831604004,0.0012572156265377998,0.001148926210589707,0.0009760648827068508,0.009475474245846272,0.023671027272939682,0.0009794936049729586,0.20187920331954956,0.0011567397741600871,0.17269082367420197,0.003796276170760393,21,4
0.9984806180000305,1.8510198929178046e-09,3.7093873288540635e-06,7.3714057080565e-10,0.0014462240505963564,1.1188578355358914e-05,1.107825653434702e-08,2.3721712238966575e-07,3.3585718028916745e-06,3.2088084935821826e-06,3.3635609497650876e-07,3.2678367460903246e-06,2.442195636831457e-07,4.200703915557824e-05,9.016196123035058e-10,1.6953319459389604e-07,3.874781100421387e-07,2.0815239167859545e-06,3.837652418070547e-09,9.335644257646436e-09,2.5497870410617907e-06,5.193547281123756e-07,3.540639170740434e-10,0,0
6.683279207209125e-05,6.376156136411737e-08,1.5274772522388957e-05,1.0121043203525915e-07,1.076963030754996e-06,5.681371931132162e-06,2.0756313006131677e-06,1.28130568555207e-06,1.8763500975182978e-06,7.870968693168834e-05,5.333654826245038e-06,2.4757337087066844e-06,1.8447539332555607e-05,4.517014986049617e-06,1.889016942868693e-08,3.5936736253461277e-07,3.734018901013769e-05,1.3091385881125461e-05,2.1152427507331595e-05,3.405130655664834e-06,0.9997195601463318,1.2880245776614174e-06,1.0340210110371117e-07,20,20
3.4846149787881586e-07,9.925034752389372e-12,4.3071449185028143e-11,9.309135927393353e-12,0.9999995231628418,1.1033303337626421e-07,7.502186263712296e-13,8.13895012583693e-13,1.4376620727230005e-10,3.771912115979603e-09,1.6948298320329513e-10,4.315207746685701e-09,2.042941149582589e-09,1.0069816092084238e-08,5.645312550761616e-10,1.0896532287585359e-10,2.9187674499553395e-10,3.785979585391175e-10,5.2951917156596195e-11,3.30115290658739e-09,6.10237069209596e-11,5.387213591889761e-11,2.481154726119428e-10,4,4
0.3758928179740906,1.6077094187494367e-05,0.022904573008418083,1.3289261914906092e-05,0.2048385590314865,0.14801155030727386,0.0007299106218852103,5.777096885140054e-05,0.01811406761407852,0.024385450407862663,0.0026741563342511654,0.17296913266181946,0.003412300953641534,0.012412142008543015,0.009972309693694115,0.0015809929464012384,8.13812148408033e-05,0.0011250445386394858,0.0003366819873917848,0.0001627469900995493,4.8992191295837983e-05,2.2062640709918924e-05,0.0002380209043622017,0,0
0.0630607083439827,2.557304651418235e-05,2.514432526368182e-05,1.264968485514828e-08,0.012579024769365788,0.15052738785743713,0.00013327568012755364,1.1314309631416108e-05,9.199920896207914e-05,0.0009479736327193677,3.548631502781063e-05,0.0004958720528520644,3.1784450129634934e-06,0.7659352421760559,0.00399745674803853,0.002070676302537322,2.275143060614937e-07,5.3310727707867045e-06,2.3667111236136407e-05,4.472927230381174e-06,9.920987622535904e-07,9.27183307908308e-08,2.4942084564827383e-05,0,13
0.0002231099206255749,1.0351711352996062e-05,2.6739953682408668e-05,3.5165217013855e-06,0.0006771811749786139,0.00013690484047401696,7.984838703123387e-06,3.766653753700666e-05,2.437878902128432e-05,0.000279248837614432,2.29230154218385e-05,0.0003894659166689962,4.013882062281482e-05,0.0005989049095660448,5.182451786822639e-06,2.036964906437788e-05,0.01880195364356041,0.0013187560252845287,8.956228703027591e-05,8.318599429912865e-05,0.9769976139068604,3.5892404412152246e-05,0.00016899622278288007,16,20
0.12005908787250519,4.854509825236164e-07,0.006953585427254438,2.5089800601563184e-06,0.6445949077606201,0.005751128774136305,1.242346206709044e-05,1.0214896065008361e-05,0.005864465143531561,0.00434584217146039,0.00027896094252355397,0.1883067935705185,0.006394355557858944,0.0013385420897975564,0.011273900978267193,0.0029063436668366194,4.836234438698739e-05,0.001357360975816846,4.918178456136957e-05,0.0003982703201472759,2.614621917018667e-05,1.080785864360223e-06,2.6076939320773818e-05,0,4
0.47011488676071167,2.6369087890998344e-07,0.00462529668584466,1.1646105122053996e-05,0.3132941722869873,0.022318245843052864,0.0009169553522951901,6.312990444712341e-05,0.009352823719382286,0.14422444999217987,0.0005212873220443726,0.013491533696651459,0.00018501741578802466,0.02033858932554722,0.00018207309767603874,8.844689727993682e-05,1.8964589116876596e-06,0.00012031129153911024,4.795049608219415e-05,1.8482702216715552e-05,4.729448846774176e-06,4.5909803247923264e-07,7.726116018602625e-05,0,0
1.0430806469230447e-05,4.332753087510355e-05,0.0005546219763346016,0.002624113578349352,0.01030583493411541,0.00011144203745061532,4.167991573922336e-05,5.634446097246837e-06,7.600748631375609e-06,0.002275900449603796,5.031222099205479e-05,8.289515972137451e-05,0.27825671434402466,2.6890156732406467e-05,3.190003917552531e-05,3.499917147564702e-05,0.0005097157554700971,0.005394821520894766,0.0001527778513263911,0.6984748244285583,2.1061407096567564e-05,0.0009201117791235447,6.241687515284866e-05,12,19
4.674014235206414e-06,8.242470357799903e-06,3.377477497679138e-08,1.1247718312290544e-09,5.8074374464922585e-06,8.674641867401078e-05,4.010184511571424e-06,5.424289156508166e-06,6.497053618659265e-06,5.633132786897477e-06,2.042100959442905e-06,0.0005942722782492638,2.6132994435101864e-08,0.9990625977516174,0.00021183479111641645,2.7172421823706827e-07,2.7636539723374653e-09,1.0348227164058699e-07,1.3211888472142164e-07,5.851472906215349e-08,4.86760427520494e-08,8.108295368458585e-09,1.6730093648220645e-06,13,13
0.03284090757369995,1.3297807299750275e-06,0.004506843630224466,2.0338116257789807e-07,0.3005774915218353,0.008580508641898632,0.0002579194842837751,5.346662419469794e-06,4.6598694325439283e-07,0.048607904464006424,0.1298082321882248,0.46437180042266846,0.0003608581027947366,0.009217170998454094,8.910603355616331e-05,0.00013735544052906334,1.590629472048022e-05,0.00033429631730541587,3.6278213428886374e-06,0.00023168488405644894,9.826756013353588e-07,4.660896593122743e-05,3.495819100862718e-06,10,11
0.2658650279045105,0.023731525987386703,0.0017387840198352933,6.235997261683224e-06,0.16827687621116638,0.48325684666633606,0.0017486618598923087,0.00011743761569960043,0.000464433163870126,0.016848478466272354,0.001103823771700263,0.0014070631004869938,0.0007568601868115366,0.025694608688354492,0.004794133361428976,0.0012647371040657163,8.2815284258686e-05,0.0019515306921675801,0.00013609549205284566,0.0002922939893323928,0.00016121452790684998,5.445436909212731e-05,0.000246070499997586,0,5
5.434122840597411e-07,1.0611335810040146e-08,4.36118881452785e-07,1.7654664361543837e-06,0.00013833340199198574,1.0032542377302889e-05,1.066989412379371e-07,1.3222032180237875e-07,3.439357101342466e-07,2.919012786151143e-06,2.605778490760713e-06,2.8719836336676963e-05,0.00016934567247517407,1.0913084224739578e-05,2.120642790259808e-07,1.1706030988989369e-07,2.1790021946799243e-06,0.9950194358825684,8.26617451821221e-07,0.0046087466180324554,7.481189072677807e-07,3.711506479930904e-08,1.5002693771748454e-06,17,17
0.07042472809553146,7.092934595220868e-08,0.0011183469323441386,2.419726297375746e-05,0.09734389185905457,0.02008575014770031,0.00044100169907324016,9.554901043884456e-05,5.748886178480461e-05,0.5802491903305054,0.2250399887561798,0.002258986234664917,0.0005758431507274508,0.0020038706716150045,0.00012152855924796313,2.800533184199594e-05,5.141158112564881e-07,1.1604161954892334e-05,0.00010070412827190012,1.2924087968713138e-05,2.9079612318128056e-07,1.588285954312596e-06,3.918331003660569e-06,10,9
9.93188950815238e-06,9.743068403622601e-06,0.0001074410101864487,0.003294325200840831,0.0005303376237861812,1.0433346687932499e-05,4.221825747663388e-06,5.445317947305739e-05,0.00047888534027151763,7.646058293175884e-06,4.875535887549631e-05,8.350857569894288e-06,0.0020241441670805216,1.57246358867269e-06,0.0002673353592399508,0.0015527178766205907,0.42780953645706177,0.00495950598269701,5.2830404456472024e-05,0.0004077738558407873,0.012585202232003212,0.0006870871875435114,0.5450878143310547,22,22
0.002270040800794959,0.993653416633606,1.466460798837943e-05,7.488255960197421e-06,0.001191315008327365,0.0002339241182198748,4.60637966170907e-05,2.668129855010193e-05,2.2503891159431078e-05,8.124747546389699e-05,4.071129296789877e-05,1.9960161807830445e-06,4.0647279092809185e-05,0.000332235504174605,1.4251185348257422e-05,1.3794555343338288e-05,0.00020102711278013885,0.00015356956282630563,1.4381845176103525e-05,0.00011038712545996532,0.000733230437617749,0.0007282264996320009,6.822385330451652e-05,1,1
0.3316389322280884,5.840066023665713e-06,0.011829711496829987,4.35582677482671e-07,0.4183516800403595,0.010746567510068417,0.00017420774383936077,0.00013427092926576734,0.02393629029393196,0.0009318005759268999,0.0026653504464775324,0.12256881594657898,0.034126751124858856,0.0005548234330490232,0.008496112190186977,0.008666666224598885,0.0006242740782909095,0.022659583017230034,0.00012846026220358908,0.0004351104435045272,0.001118411310017109,7.4080026024603285e-06,0.00019849115051329136,9,4
0.0019269894110038877,2.445975951559376e-05,0.0027835688088089228,0.0011568901827558875,0.0013561536325141788,3.034816836589016e-05,2.059174221358262e-05,0.0008345786482095718,0.0012282179668545723,0.0003104849602095783,0.0019217004301026464,0.013891284354031086,0.009451587684452534,4.3483309127623215e-05,1.7072097762138583e-05,0.00019717056420631707,0.0021059345453977585,0.9543790221214294,0.00029369504773057997,0.0046286750584840775,0.0019051660783588886,0.0013987416168674827,9.4200688181445e-05,12,17
3.8206630961212795e-06,9.142400472228474e-07,0.005819519050419331,0.0002579540596343577,9.002343722386286e-05,3.6349852052808274e-06,4.274155799066648e-06,0.0001814506103983149,0.00017738733731675893,1.524516937934095e-05,0.00017541719716973603,0.0031764148734509945,0.0005896228831261396,1.4922481568646617e-05,6.888159259688109e-05,5.1555598474806175e-05,0.00030284872627817094,0.895004153251648,3.1112813303479925e-05,0.09322687238454819,0.0005049688625149429,9.151207450486254e-06,0.0002898812235798687,19,17
0.001770348404534161,0.00020496857177931815,0.0032638171687722206,0.00644657900556922,0.04505334049463272,0.0006169219268485904,0.0002041470870608464,0.00032123737037181854,0.00040644206455908716,0.000831425713840872,0.0037345909513533115,0.0008124752203002572,0.7257013320922852,0.0005887302104383707,0.014713720418512821,0.0006038658320903778,0.004445986822247505,0.014239341020584106,0.0054714614525437355,0.15964199602603912,0.0032337072771042585,0.005347144324332476,0.0023463855031877756,12,12
0.021746085956692696,0.17644235491752625,0.03097543679177761,0.0004201895499136299,0.0007378305890597403,0.0015705620171502233,0.6502049565315247,0.00760252121835947,2.3995577066671103e-05,0.03947536274790764,0.00488822627812624,2.1961552192806266e-05,0.01678718626499176,9.494997357251123e-05,0.00019144092220813036,0.0034755680244416,0.011312205344438553,0.012670077383518219,0.0018271488370373845,0.012023264542222023,0.002278367057442665,0.004251501522958279,0.0009788114111870527,6,6
1.3547749404096976e-05,2.173892621470941e-09,1.8398695829091594e-06,5.174153883125143e-10,1.2392034477670677e-05,0.00011355265451129526,2.1533438143706007e-07,4.096377637097248e-08,7.670547574889497e-08,1.2422715371940285e-05,0.004826595541089773,4.92552885589248e-07,4.803765477845445e-06,1.4841947404420353e-07,0.0019930414855480194,0.993017315864563,1.9930810424284573e-07,2.188625785493059e-06,5.877467401660397e-08,9.586918849890935e-07,1.648809622167846e-08,1.154702644612371e-08,8.316904143157444e-08,10,15
8.050622000155272e-07,3.5334124959263136e-07,3.9881117118056864e-05,1.7164934433822054e-06,8.70402654982172e-05,1.8061729861074127e-05,3.001274251346331e-07,4.386328669170325e-07,7.215705863927724e-07,1.689959049144818e-06,1.2328657703619683e-06,3.1739887162984814e-07,4.9554808356333524e-05,1.1769608363465522e-06,2.3888264877314214e-06,2.41761222241621e-06,0.9992521405220032,0.00028718923567794263,8.23639493319206e-06,1.5193699255178217e-05,0.00018907558114733547,1.4013332474860363e-05,2.6034153052023612e-05,16,16
0.00030359893571585417,2.470310241087237e-11,2.6689136234381294e-07,1.7089257092761656e-11,0.9948757290840149,5.050361778557999e-06,2.1947238471042851e-10,2.51631249170714e-09,1.36272277018179e-07,3.237465193706157e-07,3.9519577512692194e-06,2.034753379120957e-06,6.412712423298217e-07,8.450153643480007e-08,0.004804567899554968,3.622002850534045e-06,2.0855164706290452e-08,8.100018078494031e-08,3.0459579303254714e-09,1.3910432805630535e-08,1.2243801528200038e-09,2.0477373963156964e-10,3.576660301263246e-09,14,4
0.008598651736974716,3.862247831420973e-05,0.619784951210022,1.641701237531379e-05,0.031243914738297462,0.0011645890772342682,7.765203918097541e-05,0.0006544700590893626,0.0015919009456411004,0.00063927355222404,0.0982387512922287,0.03142726048827171,0.008919546380639076,3.958071465604007e-05,0.0031625733245164156,0.011011175811290741,0.004117645788937807,0.17406867444515228,6.791559280827641e-05,0.0031006436329334974,0.0013329624198377132,0.0005441842949949205,0.0001586671860422939,2,2
2.183316837545135e-06,3.697932626778311e-08,8.107562462100759e-05,1.8117427771358052e-06,1.8129206580397295e-07,4.152017538672226e-07,1.658308832475086e-07,7.531968435614544e-07,4.701780085270002e-07,1.8212239183412748e-06,2.7022421633660088e-08,4.0710969528845453e-07,9.648575769460876e-07,3.7431825603562174e-06,1.2302621144044679e-06,2.090157295242534e-06,0.9969097971916199,5.705919647880364e-06,0.0019493682775646448,7.762844234093791e-07,0.0010335259139537811,2.6853435883822385e-06,7.023090802249499e-07,16,16
0.0012443286832422018,2.4961286371194547e-09,0.9983764886856079,5.509181444374178e-10,0.00023073346528690308,9.084297198569402e-05,1.2581579085235717e-06,5.34182902356406e-07,8.473776347273088e-08,7.921012183942366e-06,1.4292797345660802e-07,1.0252482525174855e-06,1.4744966392754577e-05,6.70515055389842e-06,1.0378188619597495e-07,1.3398654346019612e-06,1.2115329809603281e-05,1.1088067367381882e-05,2.1706544828248298e-07,2.1699568719668605e-07,5.525761892499759e-08,1.1721288473154345e-07,1.717179620719378e-09,2,2
0.9499256014823914,6.284668074840738e-07,0.0002935126540251076,2.5117294910614874e-08,0.04827321693301201,0.0002672506670933217,9.177905440083123e-07,1.0464453225722536e-05,1.2296905879338738e-05,3.812971408478916e-05,1.3576573110185564e-05,0.0003010272339452058,2.0176110410830006e-05,0.000347285094903782,5.105472951072443e-07,7.458923937520012e-05,1.6255260561592877e-05,0.0003719284140970558,7.637499521706559e-08,3.898417617165251e-06,1.7513131751911715e-05,1.0891566489590332e-05,2.785762198698194e-08,0,0
0.008395927958190441,3.819266680693545e-08,9.3236674729269e-05,1.766695959304343e-06,0.37538909912109375,0.043746430426836014,4.554246515908744e-06,1.5766117940074764e-05,0.36556577682495117,0.002536754822358489,0.00028609627042897046,0.18722857534885406,0.00019431952387094498,0.013990425504744053,0.0013839700259268284,0.0007235775701701641,1.3156036402506288e-05,0.00034854342811740935,9.230562682205345e-06,1.77278107003076e-05,2.095738636853639e-05,2.789976463191124e-07,3.381742862984538e-05,8,4
5.277302648210025e-07,4.808217909157975e-06,4.251555219525471e-05,0.00011508917668834329,1.934375291057222e-07,1.06204731764592e-06,4.7280518629122525e-06,1.9277991668786854e-05,1.0157295037060976e-05,4.721950517705409e-06,7.298144282685826e-06,1.190136117656948e-05,9.484218753641471e-05,1.2712067473330535e-05,1.0959640803775983e-06,1.5327341316151433e-06,0.0015225732931867242,0.00042610763921402395,7.634911162313074e-05,0.0002492080966476351,0.9971049427986145,9.079764276975766e-05,0.00019743711163755506,20,20
0.005760231986641884,1.015881571220234e-05,0.5814081430435181,3.665356052806601e-05,0.004533576313406229,0.0015779732493683696,5.322615470504388e-05,2.2690448531648144e-05,5.988979319226928e-05,7.953176827868447e-05,1.1497205377963837e-05,0.0011792622972279787,0.2765491008758545,0.003275461494922638,6.31270813755691e-05,0.0002739249321166426,0.033031780272722244,0.03648562356829643,0.0010590520687401295,0.008569078519940376,0.0001157272927230224,0.0458260178565979,1.823124330257997e-05,12,2
0.0017857070779427886,0.023618223145604134,0.01642150990664959,0.004800714086741209,0.0010479686316102743,0.0014496403746306896,0.02219867892563343,0.0028031053952872753,0.00014276319416239858,0.046625327318906784,0.20408734679222107,0.0011127833276987076,0.2608107626438141,0.00011458279186626896,0.0008916851948015392,0.001172723714262247,0.08805994689464569,0.06561902165412903,0.004486221820116043,0.1797732412815094,0.053566671907901764,0.011533675715327263,0.007877691648900509,12,12
0.0003260291996411979,0.0007564150728285313,0.0021067762281745672,0.0005572651280090213,0.6055335998535156,0.0005836803466081619,6.382060382748023e-05,0.00011487917072372511,7.122935494408011e-05,0.0012061258312314749,0.008071521297097206,0.0001596022630110383,0.02297677844762802,1.0530546205700375e-05,0.00015656872710678726,9.500286250840873e-05,0.05797877162694931,0.0007706325850449502,5.1792743761325255e-05,0.004600953310728073,0.012090074829757214,0.2589642107486725,0.022753678262233734,20,4
0.9999130964279175,2.7482344525098235e-11,4.7027581828729126e-09,1.8326701267668e-09,7.548782741650939e-05,2.5414944957447005e-06,6.097696125806351e-09,1.2497349821671833e-08,3.314344709792749e-08,4.339002316555707e-06,2.6385569640297035e-07,6.706078465867904e-07,2.2428158885645644e-08,8.776755748840515e-07,1.894271939306691e-08,2.4857884000084596e-06,8.699024139913192e-11,1.6568048266663027e-08,9.261243150149312e-08,7.650204358888857e-10,1.95976945782661e-09,1.1234085883771172e-09,1.3077382510218172e-09,0,0
6.22525330982171e-05,3.097696765763658e-09,3.961999755119905e-05,7.046588024195444e-08,0.00020932991174049675,4.27921513619367e-05,8.720319897292939e-07,5.514392498184861e-08,3.748725066543557e-05,1.8361844922765158e-05,3.233538882341236e-05,1.0999306141457055e-05,1.595434150658548e-05,3.8122952901176177e-06,0.9315075874328613,0.0680122822523117,1.066416189132724e-06,3.6966985135222785e-06,3.613529315771302e-07,6.210801188899495e-07,1.7502655680345924e-07,3.748143484472166e-08,2.2077584560520336e-07,14,14
5.4802938393549994e-05,8.161639016179834e-06,0.004125459585338831,0.013953488320112228,0.00125905591994524,0.00011609462671913207,0.0001926320546772331,3.3455886295996606e-05,7.577221549581736e-05,0.0013698266120627522,0.00021977315191179514,0.008588665165007114,0.004193994216620922,0.0001468863192712888,0.0002684312348719686,0.0064452532678842545,0.35383468866348267,0.009126265533268452,0.008211692795157433,0.010502269491553307,0.0003422734735067934,8.928379247663543e-05,0.5768417716026306,22,22
0.0001844307844294235,9.24196865526028e-05,0.0009953565895557404,0.00016790322843007743,0.0006080823368392885,3.927428406313993e-05,0.0002525213058106601,4.419129982125014e-05,2.8875176212750375e-05,0.00017890651361085474,9.098806913243607e-05,6.531979306600988e-05,0.033445678651332855,0.00037741733831353486,5.844173756486271e-06,2.915438471973175e-06,0.00010927735274890438,0.05038582161068916,7.229938637465239e-05,0.9121049046516418,0.00031359089189209044,0.0003385047893971205,9.548608068143949e-05,19,19
4.4569160309038125e-06,0.9985038042068481,3.150009206365212e-06,3.9990510458665085e-07,8.63479613144591e-07,6.245601525733946e-06,5.0763064791681245e-06,1.4905681382515468e-06,3.126905767203425e-06,4.276835625205422e-06,6.8140980147290975e-06,6.4609771470713895e-06,2.394077682765783e-06,0.00021626339002978057,1.5591342616971815e-06,1.1019385226518352e-07,4.111871021450497e-06,1.5119928320928011e-05,4.7926736442605034e-05,1.5628744222340174e-05,2.342351945117116e-05,0.0011256517609581351,1.7773855915947934e-06,1,1
0.4876836836338043,5.46863532235875e-07,7.52009145799093e-05,4.057270871271612e-06,0.1949426829814911,0.04345644637942314,0.00017989012121688575,7.078566704876721e-05,0.007216028869152069,0.059819646179676056,0.04240179806947708,0.15654858946800232,0.0002950566413346678,0.0008226961945183575,0.0017888505244627595,0.0017369736451655626,8.076079393504187e-05,0.00045408715959638357,0.0019031893461942673,7.71561280998867e-06,0.0002960233832709491,1.0971505616907962e-05,0.0002043801505351439,9,0
0.03769698739051819,3.313630925205757e-09,1.6653977581881918e-05,3.638244550074887e-08,0.8229444026947021,0.0009533815318718553,6.529604661409394e-07,4.883889914708561e-07,0.0006232996820472181,0.004840509966015816,7.2224807809107e-05,0.13226206600666046,1.0794968147820327e-05,0.00038802134804427624,9.083502663997933e-05,3.286126593593508e-05,1.1716943504325172e-07,5.996859181323089e-05,1.0244989425700624e-06,4.416553110786481e-06,3.125614966847934e-07,3.38310734981917e-09,9.005115089166793e-07,0,4
0.0009549812530167401,0.0004232816572766751,0.0093683497980237,0.009562731720507145,0.6939713954925537,0.007214986719191074,0.0006284339469857514,0.0013804684858769178,0.011234056204557419,0.0014884190168231726,0.0010465496452525258,0.0024947088677436113,0.06126178801059723,0.006588051561266184,0.0015755839413031936,0.0005041500553488731,0.02971828728914261,0.024551620706915855,0.0004423533391673118,0.10193709284067154,0.007445510011166334,0.019966909661889076,0.006240339018404484,12,4
0.005572794936597347,7.458599071696881e-09,9.343383862869814e-05,1.2093335044482956e-06,0.00893792137503624,0.0072993384674191475,1.5201030691969208e-05,9.546570254315156e-06,0.05569729208946228,0.010962574742734432,0.0008381239604204893,0.015549623407423496,2.1754380213678814e-05,0.0023888845462352037,0.6171037554740906,0.2754741609096527,4.800277793037822e-07,1.1332053873047698e-05,9.587553904566448e-06,1.3325625332072377e-06,2.6771858756546862e-06,9.309189152872932e-08,8.85607732925564e-06,15,14
1.9607299691415392e-05,5.253182848719007e-07,7.779659085827006e-07,1.2970784268873103e-07,0.0002622106985654682,0.001100050867535174,1.4935470744603663e-06,1.0898522617708295e-07,3.716897708727629e-06,3.27231782648596e-06,9.277430876863946e-07,5.0877133617177606e-06,0.9975630044937134,3.2819266948536097e-07,1.064903926817351e-06,5.039404271656167e-08,2.3212396627059206e-06,0.0008433803450316191,1.374478051729966e-05,0.00014479545643553138,1.1380401701899245e-05,2.936833197964006e-06,1.908790727611631e-05,12,12
0.9999432563781738,1.5129224539833785e-09,5.601709318625581e-09,9.544042639531014e-11,7.075982921378454e-06,9.368072255711013e-07,7.779977551081174e-09,4.45841408236447e-08,9.704006487254446e-09,6.786897870370012e-07,2.6792140062070757e-08,2.0614802451746073e-06,3.3239964114528675e-09,6.770507297915174e-06,2.5055739705237556e-09,3.782131534535438e-05,1.7804757668216098e-10,1.1819888641184662e-06,3.48173601061319e-10,6.9708279148983365e-09,4.117998742003692e-08,1.4456769115156476e-09,3.6346445297930075e-10,0,0
1.2085484968338278e-07,7.822975021554157e-06,3.339128670631908e-05,0.9807677865028381,1.5015507415228058e-05,2.5894340069498867e-05,0.00039209742681123316,3.3508663364045788e-06,4.3041711705882335e-07,0.0003737432707566768,5.995152241666801e-05,2.81023426396132e-06,0.004832379054278135,2.9645343602169305e-05,7.837409611965995e-06,3.0236908060032874e-05,0.0005047132144682109,0.001096936408430338,6.585303344763815e-05,0.006807140074670315,8.565611096855719e-06,0.00017561143613420427,0.004758664406836033,3,3
2.5271640424762154e-06,1.0902567737502977e-09,6.2069916566542815e-06,2.4949994781309215e-07,9.411364771949593e-06,5.717886779166292e-06,1.6527300203961204e-06,5.200074149058764e-09,7.616690709255636e-07,2.9719691156060435e-05,0.999942421913147,1.360112662496249e-07,2.0553761714836583e-07,7.445744358847151e-07,3.210366372741191e-08,2.5265492809012358e-08,3.9459244760564616e-09,1.1361039220503244e-08,3.198295672746099e-08,5.073759012930168e-08,2.3105666269174208e-09,7.890427866641403e-08,1.055078246992025e-08,10,10
0.13881009817123413,0.00022974185412749648,0.2686031460762024,0.00025323231238871813,0.2927795648574829,0.02286532334983349,0.0011743665672838688,0.0019225485157221556,0.003867241321131587,0.02150440588593483,0.0025466352235525846,0.027645612135529518,0.07011348754167557,0.0019296903628855944,0.002442255150526762,0.014186330139636993,0.005072424188256264,0.11129291355609894,0.00021687475964426994,0.00894064549356699,0.0020329984836280346,0.0008525035809725523,0.0007179005770012736,2,4
0.0268910750746727,5.4154981626197696e-05,0.12725487351417542,0.0004231189377605915,0.3546493947505951,0.2235267162322998,0.0028005982749164104,0.00011370727588655427,0.0006253307219594717,0.016614608466625214,0.0010832706466317177,0.0052373106591403484,0.09501137584447861,0.024044128134846687,0.0006087696528993547,0.00062591303139925,0.0009323822450824082,0.031677212566137314,0.00024083002062980086,0.08682329952716827,0.00013979693176224828,0.00013970697182230651,0.0004824275092687458,17,4
0.3306252062320709,7.38699163775891e-05,0.007848866283893585,3.921830739272991e-06,0.20678414404392242,0.291816383600235,0.0012762853875756264,6.0614820540649816e-05,0.0011294372379779816,0.017845096066594124,0.0004231439088471234,0.00794893316924572,0.0015773900086060166,0.09840257465839386,0.0008353819721378386,0.031370002776384354,0.00015541355242021382,0.0008466021972708404,0.00018939556321129203,0.0006405153544619679,6.376748206093907e-05,2.5515737434034236e-05,5.768713162979111e-05,9,0
0.17090708017349243,0.002502413699403405,0.454923152923584,5.488618626259267e-05,0.07765883207321167,0.21367037296295166,0.0017701779725030065,0.0007627328159287572,0.00010684277367545292,0.0053858947940170765,0.0008030789322219789,0.0006113153649494052,0.01327196229249239,0.0036758307833224535,0.0012938251020386815,0.02322547510266304,0.0007113863830454648,0.020121876150369644,0.00035769850364886224,0.006384435575455427,0.00012694671750068665,0.0010799530427902937,0.0005937926471233368,2,2
0.0025152808520942926,0.0003277476935181767,0.37458211183547974,6.977595330681652e-05,7.689601261517964e-06,4.4293330574873835e-05,0.00012054008402628824,0.0009145659860223532,7.193491001089569e-06,0.0001022807409754023,3.885606201947667e-05,0.0002946934546343982,0.0022888770326972008,0.00031132568255998194,1.8924076357507147e-05,0.00021215893502812833,0.0002574588870629668,0.0011888191802427173,0.0002272308338433504,0.0008655869169160724,0.0032012583687901497,0.6123524904251099,5.085330849396996e-05,21,21
0.000887483183760196,4.083613447392054e-09,4.7484278184128925e-05,2.715158231580972e-08,0.02220911905169487,9.274751937482506e-05,3.617663821842143e-07,2.91758084358662e-07,0.0009377974201925099,0.000164683791808784,1.9246315787313506e-05,0.0017575243255123496,2.0592591681634076e-05,0.00031107483664527535,0.9613537192344666,0.012191361747682095,2.5925263003045984e-07,2.645615268193069e-06,9.798060318644275e-07,2.056716539300396e-06,1.1486943662930571e-07,4.3894083923134986e-09,4.209526593967894e-07,14,14
0.055247966200113297,0.003294755006209016,0.6510290503501892,0.00035571918124333024,0.010532628744840622,0.0003279703960288316,0.0006970238173380494,0.0006237489869818091,0.005924795754253864,0.0038001250941306353,0.0027068257331848145,0.0017961092526093125,0.0737711638212204,0.00013193002087064087,0.0009561856859363616,0.005186573602259159,0.10220839083194733,0.043682437390089035,0.003925413824617863,0.017967775464057922,0.007767695002257824,0.006149254739284515,0.001916413544677198,18,2
0.00019193170010112226,6.359105464071035e-05,7.543901301687583e-05,2.3081277049641358e-06,6.67555068503134e-05,5.565622996073216e-05,0.9888253808021545,1.1757084394048434e-05,7.290684607141884e-06,0.010325875133275986,3.80203673557844e-05,6.636107718804851e-05,4.472837099456228e-05,1.65942565217847e-05,3.5990831293020165e-06,4.861605702899396e-06,1.0276974535372574e-05,5.160436558071524e-06,5.85649540880695e-05,9.9784792837454e-06,5.530195267056115e-05,1.017046088236384e-06,5.953806976322085e-05,6,6
0.002079949714243412,0.000114655755169224,0.00011568092304514721,7.52717096474953e-05,0.000445759913418442,0.016903575509786606,0.17497825622558594,0.00010235615627607331,0.00010454878065502271,0.7959792017936707,0.00038501498056575656,0.00014476936485152692,0.00384206953458488,0.0006155579467304051,0.00010606311116134748,0.00068613764597103,6.212380867509637e-06,0.00018080852169077843,0.0003285810525994748,0.000522219983395189,2.6847710614674725e-05,1.0567625395196956e-05,0.0022459705360233784,9,9
0.00020783311629202217,1.2082936962087842e-07,0.00029094453202560544,9.581201538821915e-07,0.015383049845695496,1.8740211089607328e-05,1.0848726788026397e-06,7.117232030395826e-07,2.003389738547412e-07,1.9448618331807666e-05,1.0692772320908261e-06,5.929831331741298e-06,5.924107972532511e-05,7.411193109874148e-06,3.2803557132865535e-06,2.8167851269245148e-05,0.9837099313735962,3.4401920856907964e-05,0.0001637990353628993,4.9410853534936905e-05,8.953051292337477e-06,4.6330096665769815e-06,6.360363613566733e-07,16,16
0.0022336177062243223,3.6476711784416693e-07,0.634108304977417,3.590340611481224e-06,2.8200331144034863e-05,1.2284474905754905e-05,7.5383513831184246e-06,1.8295357904207776e-06,7.774269761284813e-08,4.962070306646638e-06,1.9909828097297577e-06,9.012001100927591e-06,0.0007959565846249461,5.5381237871188205e-06,1.5365328636107733e-06,0.0002866493014153093,0.3556309640407562,0.000629330170340836,0.005559174809604883,0.0001320650044362992,7.71673603594536e-06,0.0005391001468524337,1.3980732660456852e-07,18,2
0.5350675582885742,4.449160041986033e-05,0.025498615577816963,3.664633914013393e-05,0.17664237320423126,0.138880655169487,0.013409964740276337,0.00018886681937146932,0.0030399418901652098,0.014689456671476364,0.002530891913920641,0.01013350673019886,0.00467652315273881,0.034176815301179886,0.018000850453972816,0.01901906169950962,5.2223815146135166e-05,0.0028647584840655327,5.86569331062492e-05,0.0007923520752228796,6.346694863168523e-05,2.9258555514388718e-05,0.00010304021998308599,11,0
1.8058288425801955e-13,5.013073018766273e-15,7.873317340971464e-13,1.4496562316442668e-15,4.762646440420459e-13,1.4564569168762365e-12,4.252057537855068e-15,1.6642199771044197e-13,1.4276293092575082e-13,1.4194242027414095e-13,2.6361322846835122e-11,8.149982967144143e-13,1.7463520863778004e-12,4.6672491175667186e-14,3.790801006431366e-10,1.0,5.4508644126149974e-11,2.796564091411824e-10,8.345064819292175e-14,1.0701030339621553e-11,1.8344913262080542e-12,4.148295747706532e-14,4.556569965091795e-13,15,15
0.6308878660202026,1.1113131748174965e-08,0.0005023867124691606,1.1602345750816312e-07,0.33781957626342773,0.0014274002751335502,2.569434172983165e-06,4.713793089194951e-07,0.0007056648610159755,0.0015386196319013834,4.506705226958729e-05,0.02480892464518547,2.9249720682855695e-05,0.0020934236235916615,5.831428552482976e-06,6.130995461717248e-05,1.5095420167199336e-06,6.055188350728713e-05,6.742660616509966e-07,3.692772907015751e-06,4.076867753610713e-06,1.2441091712389607e-07,9.261923992198717e-07,0,0
0.6904831528663635,7.666756118851481e-07,1.6897245586733334e-05,2.756697980998979e-08,0.18925613164901733,0.11729101091623306,2.7715418582374696e-06,1.1444397387094796e-05,0.00029658491257578135,0.0002988533233292401,1.0291729495293112e-06,2.3174850866780616e-05,4.215100034343777e-06,0.001489079324528575,1.2278028407308739e-06,0.0007449348922818899,1.9237734250054928e-06,4.978865490556927e-06,1.1183548167537083e-06,3.1575885373058554e-07,6.396993558155373e-05,5.90627087149187e-06,4.836543325836828e-07,0,0
2.251886455084673e-09,6.562757559613885e-10,5.1759494468228695e-09,6.750485587181387e-11,1.5114955120854034e-10,4.521413288216536e-08,5.068755637438471e-09,1.9424291064495947e-09,7.821922276551874e-11,1.6258271173796857e-08,3.831525319242246e-08,8.10521498806338e-08,1.310634090145868e-08,2.744050320302449e-08,6.333739754893486e-09,0.9999996423721313,7.801200796464514e-10,8.657596595185169e-08,1.4387896429823854e-10,2.770165075105524e-08,4.1343116430336835e-11,1.5756806970301795e-10,4.436418732378655e-10,15,15
0.00028786275652237236,6.862588634248823e-06,0.0006668795249424875,5.1377755880821496e-05,0.19985173642635345,8.966722816694528e-05,5.493564003700158e-06,6.209932962519815e-06,9.401073839399032e-06,6.006777039146982e-05,0.000194122243556194,0.00010270834172843024,0.000883985951077193,0.0005478485836647451,0.002423446625471115,0.0006207908154465258,0.00014705445209983736,0.005246960092335939,2.456729816913139e-05,0.7887068390846252,1.8792314222082496e-05,1.9476672605378553e-05,2.7783733457908966e-05,19,19
3.23323838529177e-05,0.0004177803348284215,4.657808312913403e-05,0.05492695793509483,7.907960934971925e-06,0.0013765752082690597,0.0021075340919196606,0.0002558974374551326,7.227130936371395e-06,0.02067641168832779,0.0010306993499398232,4.276842446415685e-05,0.028009969741106033,1.1255922800046392e-05,0.00018678716151043773,2.3120159312384203e-05,3.931461469619535e-05,0.001673929626122117,0.03864821419119835,0.0016739924903959036,3.485471097519621e-05,0.004439419601112604,0.8443304300308228,9,22
0.002177933929488063,5.265407665433486e-08,0.00017980794655159116,9.771709301276132e-06,0.5059395432472229,0.03894990682601929,2.1864694645046256e-05,2.4598239178885706e-05,9.272041643271223e-05,0.21183648705482483,0.0218349602073431,0.20901177823543549,0.0010662624845281243,0.004976046737283468,0.0017434407491236925,0.0008407969726249576,4.44243823949364e-06,0.0006585724768228829,8.910358155844733e-05,0.0004884573863819242,1.217937551700743e-06,1.5248907629938913e-06,5.0728453061310574e-05,5,4
0.0008412814349867404,0.0008723529172129929,0.005705645773559809,5.9396694268798456e-05,0.002070832531899214,8.600195724284276e-05,4.095546955795726e-06,1.4647805073764175e-05,6.280470643105218e-06,0.0001786250650184229,0.01143017876893282,2.4044435122050345e-05,8.471272303722799e-05,2.9190567147452384e-05,9.223315828421619e-06,9.277084245695733e-06,0.00016269704792648554,0.00040405141771771014,0.00034548764233477414,0.0001078593049896881,0.0014896548818796873,0.9760628342628479,1.5741582046757685e-06,21,21
0.018621154129505157,0.0007975884363986552,0.10884273052215576,2.267576383019332e-05,0.02286103554069996,0.002991358982399106,0.00011235594138270244,0.00013198840315453708,0.0015143705531954765,0.001293383538722992,0.002197881694883108,0.013723988085985184,0.19834864139556885,0.00028151561855338514,3.8672482332913205e-05,0.0006902174209244549,0.04169130697846413,0.5544577836990356,0.0015520149609073997,0.019679827615618706,0.0012833122164011002,0.003750264411792159,0.005115998908877373,22,17
0.2197018563747406,7.648262112525117e-07,0.428245484828949,1.4854842447675765e-05,0.003651222214102745,0.0017081921687349677,0.00018767414439935237,0.0059349010698497295,0.05859246477484703,0.0037856954149901867,0.0006590693956241012,0.24929572641849518,0.0022523829247802496,0.006561340764164925,0.004579313565045595,0.008387798443436623,0.0007330825901590288,0.0016779610887169838,0.0006755634676665068,9.685169789008796e-05,0.0029972002375870943,0.00018662415095604956,7.40082177799195e-05,10,2
0.00220257556065917,2.425146874429629e-07,3.7145571241126163e-06,2.151140506612137e-05,0.022794649004936218,0.04574347659945488,0.00013728746853303164,1.3691071217181161e-05,2.1258500055409968e-05,0.040242765098810196,0.8853039145469666,0.0006101428880356252,0.0001972513709915802,0.0015050271758809686,5.498921746038832e-05,1.891558349598199e-05,2.7505029720487073e-07,1.98015732166823e-05,2.1763833501609042e-05,7.096550234564347e-06,4.423864538694033e-06,3.94144171877997e-06,0.0010712642688304186,10,10
4.372827334009344e-06,9.62672164206424e-10,2.580013642727863e-07,7.64919169671252e-11,3.6628462112275884e-05,8.297764907183591e-06,1.4188600516717997e-08,8.419737795861693e-09,1.8543202884302445e-07,3.622628241828352e-07,1.0076151113480591e-07,0.0001258128322660923,3.907458813046105e-05,9.434207640879322e-06,8.523192707166061e-10,2.461832160349786e-08,1.3043694480074919e-06,0.9997430443763733,2.6725417434647625e-09,3.0463348593912087e-05,5.488612941917381e-07,1.4113585855568545e-09,9.532378442145273e-08,17,17
0.004447393584996462,8.515857530255744e-07,2.282903096784139e-06,2.2754454320761397e-08,0.9733628034591675,0.0026610586792230606,2.3259355657501146e-05,9.583607152308105e-07,8.22447327664122e-05,9.845546446740627e-05,6.295758339547319e-06,0.0012372380588203669,2.616977099023643e-06,0.017848942428827286,0.00010456429299665615,7.250282214954495e-05,9.660038813308347e-06,1.242397956957575e-05,4.01174702346907e-08,1.3210035376687301e-06,1.00160295914975e-05,4.108660789370333e-08,1.5060956684465054e-05,0,4
0.0006530436803586781,2.380226078457781e-06,0.0004955852637067437,2.943109575426206e-05,0.007509848102927208,0.008125148713588715,0.00032198993721976876,0.00021248833218123764,0.5975155234336853,0.017907289788126945,0.0014524376019835472,0.35147178173065186,0.0003000512078870088,0.005602567922323942,0.005173398647457361,0.0027578158769756556,3.4703862183960155e-06,0.00010879462934099138,0.00019733220688067377,4.6863220632076263e-05,6.52543458272703e-05,1.3081959878036287e-05,3.436065890127793e-05,5,8
0.09946099668741226,0.024998269975185394,0.07533713430166245,0.0004305618058424443,0.05164312198758125,0.0039945063181221485,0.009420186281204224,0.022515859454870224,0.0026694980915635824,0.01882641203701496,0.055971164256334305,0.003825581166893244,0.05145268514752388,0.0008411259041167796,0.026032837107777596,0.07375433295965195,0.17410092055797577,0.03009466640651226,0.0031366548500955105,0.020609131082892418,0.18995702266693115,0.04526984691619873,0.015657441690564156,16,20
0.0001545190898468718,1.15769182684744e-06,0.00024930533254519105,6.939900686120382e-06,0.0009105344652198255,0.00042339926585555077,1.5248174349835608e-05,6.239888534764759e-06,6.706321528326953e-06,1.4782871403440367e-05,2.727347009567893e-06,4.260019341018051e-05,0.3849583566188812,3.5775181459030136e-05,2.26821057935922e-07,7.993153121788055e-05,0.4661889672279358,0.13057254254817963,2.8897229640278965e-05,0.004041607026010752,0.011043067090213299,0.0002459704701323062,0.0009705436532385647,12,16
0.26920270919799805,0.02742183953523636,0.014459758996963501,6.638601189479232e-05,0.35912439227104187,0.17604121565818787,0.000967043568380177,5.4145752073964104e-05,0.00022161500237416476,0.008974732831120491,0.005407232325524092,0.0008021952817216516,0.029865283519029617,0.043811358511447906,0.0037994321901351213,0.0002368560089962557,0.0007263909210450947,0.0005986992619000375,0.005130412522703409,0.03147989511489868,0.0001899753260659054,0.021047895774245262,0.0003705012204591185,12,4
0.01234809122979641,0.0009346040897071362,0.26843705773353577,0.011982488445937634,0.0003352040657773614,0.0005911500193178654,0.0034760190173983574,0.1746070832014084,0.14061930775642395,0.0020210035145282745,0.0010384831111878157,0.0004001754568889737,0.23442085087299347,0.00029981648549437523,0.0008099222905002534,0.000858911604154855,0.00813710130751133,0.01139745768159628,0.031099585816264153,0.02323019504547119,0.03182796761393547,0.03724312037229538,0.0038843806833028793,7,2
0.002086636144667864,5.4918757086852565e-05,0.004097429569810629,8.132962102536112e-05,0.12236204743385315,0.10996774584054947,0.0003713774785865098,1.4185754480422474e-05,9.978521120501682e-05,0.007487946655601263,0.0008131310460157692,0.006266397424042225,0.13209845125675201,0.010542124509811401,0.00015315604105126113,4.781085590366274e-05,0.0028196261264383793,0.4536464214324951,0.0006766531732864678,0.14533933997154236,0.00019675558723974973,0.000146480742841959,0.0006303926347754896,12,17
0.0008153306553140283,4.7293615352828056e-05,0.0009687140118330717,3.478778671706095e-05,0.0270405150949955,0.24237602949142456,0.021296188235282898,0.00016999084618873894,0.00039126447518356144,0.19994619488716125,0.022843962535262108,0.4371071755886078,0.009641681797802448,0.030261896550655365,0.0006452703382819891,0.0027913320809602737,6.748809937562328e-06,0.001555549562908709,4.71165549242869e-05,0.0011363453231751919,1.6892850908334367e-05,5.4529438784811646e-05,0.0008050859323702753,9,11
0.00045677172602154315,2.0450684132811148e-06,0.0003062149044126272,8.962293941294774e-05,0.0006514511187560856,6.308684532996267e-05,5.081839844933711e-06,4.455414818949066e-05,0.00012818429968319833,7.973707397468388e-05,4.118432480026968e-05,0.00019602311658672988,0.011096923612058163,0.0004923689411953092,0.0002528308250475675,0.0003718998050317168,0.00014122598804533482,0.007923590019345284,0.0010386047651991248,0.9764897227287292,3.0925217288313434e-05,2.6830783099285327e-05,7.104715768946335e-05,19,19
0.13672898709774017,1.3091068467474543e-05,0.008994542062282562,0.0012976162834092975,0.0005158450803719461,2.1609061150229536e-05,5.140260691405274e-05,0.0012583100469782948,0.004068792797625065,0.00016608749865554273,9.330547982244752e-06,0.00027776238857768476,0.012073989026248455,0.0021448773331940174,0.00013740200665779412,0.001397093408741057,0.01865229569375515,0.0018523206235840917,0.0011229311348870397,0.002231410937383771,0.1456567943096161,0.6612941026687622,3.3435910154366866e-05,21,21
0.00024402390408795327,1.4819109310337808e-05,0.0002855628845281899,9.475324077357072e-06,4.477894890442258e-07,6.620064709750295e-07,1.564527110531344e-06,1.3329607781997765e-06,6.063510227249935e-07,4.968558641849086e-06,3.2288323836837662e-06,1.5708362752775429e-06,0.0002887888113036752,8.202364369935822e-07,1.9206725099252253e-09,6.541463193343589e-08,2.3317645172937773e-05,0.00011528533650562167,3.6604931665351614e-05,4.588124284055084e-06,0.0003699316002894193,0.9985920786857605,2.3539331550637144e-07,21,21
4.31636590292328e-06,3.798256709153236e-10,0.999981164932251,7.07951336442747e-11,3.209154613159626e-07,6.022297043273284e-07,2.588642900036575e-08,1.1938292132640527e-08,1.0839772635051759e-08,5.644945844096583e-08,4.327428371198039e-08,1.400595266431992e-07,9.499251518718665e-08,6.953252409402921e-07,6.540637542684635e-08,1.5052700064188684e-07,1.1727695891750045e-05,1.1510078223864184e-07,3.562415145097475e-07,4.735078817930116e-08,1.2915316816020095e-08,1.3388167019456887e-08,1.1551484074834306e-10,2,2
0.021921152248978615,0.00022914441069588065,0.27577582001686096,4.3659634684445336e-05,0.05207623913884163,0.0008008050499483943,0.00018461795116309077,0.00027212442364543676,0.0003467451024334878,0.0009759337990544736,0.0009658475173637271,0.027483725920319557,0.3295432925224304,0.0002498223620932549,0.0001328158105025068,0.006617560982704163,0.006891918368637562,0.17801696062088013,0.00012650991266127676,0.09485632181167603,0.0013406268553808331,0.0009791122283786535,0.0001692942896625027,18,12
0.004315656144171953,1.2170823538326658e-05,3.4191718441434205e-05,5.2038583817193285e-05,0.0009080767049454153,0.00020173277880530804,0.00012014681851724163,2.4532877432648093e-05,5.55616534256842e-05,0.0023053253535181284,0.002402040408924222,0.0016573865432292223,0.07274431735277176,7.882795034674928e-05,1.3639726603287272e-05,5.281070480123162e-05,0.000599580816924572,0.9030011296272278,0.008367933332920074,0.0003040826413780451,0.00011096314119640738,8.707395318197086e-05,0.002550957491621375,12,17
0.11217991262674332,1.1658727999019902e-05,0.05424321070313454,5.5851793149486184e-05,0.5341449975967407,0.00211816537193954,4.45605801360216e-05,0.00020171860523987561,0.18107721209526062,0.0015141513431444764,0.00723616685718298,0.056979212909936905,0.008546608500182629,0.001874891109764576,0.0048289536498487,0.003344274125993252,0.008865324780344963,0.007182265631854534,9.959403541870415e-05,0.0008111463976092637,0.013305816799402237,0.0007773264078423381,0.0005569438799284399,20,4
0.6522122025489807,5.677137778548058e-06,0.06477231532335281,5.694763603969477e-05,0.11744533479213715,0.0050368462689220905,0.0002384257677476853,0.00019633308693300933,0.06580264121294022,0.046575043350458145,0.006723633036017418,0.03102208860218525,0.0021461963187903166,0.0009482569294050336,0.00035645251045934856,0.0005432181060314178,0.0003257411590311676,0.0030027246102690697,0.0010083045344799757,0.00010020590707426891,0.0012004851596429944,2.9814293156960048e-05,0.00025102871586568654,2,0
0.0006958426092751324,0.8129521012306213,0.0005911366315558553,0.00014219990407582372,0.0001039010239765048,0.0007784221670590341,0.0015190935228019953,0.00010458438919158652,8.903638445190154e-06,0.005011813249439001,0.07560213655233383,7.750982149445917e-06,0.006128120701760054,5.7910397117666434e-06,0.009864673018455505,0.028040414676070213,0.0013679151888936758,0.0011156009277328849,0.010861437767744064,0.016969621181488037,0.0003587507817428559,0.02412927709519863,0.003640467068180442,1,1
2.7472100327941007e-07,0.9999808073043823,3.86709793076534e-08,4.428221789254394e-09,7.35869853940585e-09,1.218288332438533e-07,1.5707475142789917e-07,5.059956897923712e-09,5.828433913279696e-08,3.925898539591799e-08,1.71187664932404e-07,1.874741029084248e-09,2.89576469469921e-08,8.877393611328444e-07,2.989972003319963e-08,4.388967800306176e-10,1.5876057091190887e-07,7.718446681792557e-08,7.483693480025977e-06,1.3516381613953854e-07,2.678495718555496e-07,9.105878234549891e-06,2.6774959138720078e-08,1,1
2.817540973865107e-07,3.4733226073058177e-08,5.6470013078069314e-05,1.0633923920977395e-05,9.670868166722357e-05,5.6335302360821515e-06,3.439327826981753e-07,4.3194449972361326e-07,2.1239094394331914e-07,6.128168934083078e-06,4.926101837554597e-07,6.423129889299162e-06,5.9307531046215445e-05,2.467649892423651e-06,2.7212045097257942e-05,1.1731781341950409e-05,0.9995008707046509,3.721532266354188e-05,7.443677895935252e-05,8.06113239377737e-05,1.1655180060188286e-05,2.8917236249981215e-06,7.813679985702038e-06,16,16
0.5763237476348877,1.1617617929005064e-05,0.010510419495403767,0.0002554617531131953,0.06888455897569656,0.1433044821023941,0.004030515439808369,0.00018768329755403101,0.005468672141432762,0.03649871051311493,0.0012002307921648026,0.011429262347519398,0.019861336797475815,0.06013983488082886,0.01438233908265829,0.04287135601043701,0.0002817089552991092,0.0027710709255188704,0.0003059556765947491,0.00029464365798048675,0.00023886516282800585,0.000697182142175734,5.044149293098599e-05,10,0
0.002416534349322319,1.6799252762211836e-06,0.0013355148257687688,1.2923837289235962e-07,0.8562180399894714,0.0915752723813057,4.105238986085169e-06,1.8660454088603728e-06,0.0012097880244255066,0.00047896758769638836,1.3560635125031695e-05,0.020785918459296227,0.022135568782687187,9.382967255078256e-05,3.0730538128409535e-05,0.0005777818150818348,6.0954665968893096e-05,0.0022612952161580324,3.0048265671211993e-06,0.0006687860586680472,2.5888963136821985e-05,1.6645709592921776e-06,9.906873310683295e-05,5,4
0.025141196325421333,7.879459190007765e-06,0.020990576595067978,0.04461236670613289,0.009717792272567749,0.00029872864251956344,0.004413855727761984,0.00285434746183455,0.025944843888282776,0.02022111788392067,0.6874996423721313,0.004010794218629599,0.005491959396749735,0.009583811275660992,0.005833539646118879,0.0013324253959581256,0.000492830527946353,0.07979827374219894,0.006081624887883663,0.04375234246253967,0.0006571121048182249,0.00034786798642016947,0.0009150694822892547,17,10
6.879145803395659e-05,8.467408996182257e-09,1.3896519703848753e-06,9.377332244042691e-11,0.9347647428512573,0.06500054150819778,2.4763903638813645e-07,1.2580598784950325e-08,1.6040653463278431e-06,3.6133576941210777e-05,1.3449523521558149e-06,8.51224031066522e-05,1.70807891208824e-06,3.592922439565882e-05,5.932784574724792e-07,3.418530525323149e-07,8.841082888011442e-08,3.561257813089469e-07,2.382156338853747e-08,1.8892245634560823e-07,1.994823293216541e-07,1.4313556562228769e-08,6.645810799454921e-07,4,4
0.9686170220375061,4.795691666004132e-07,0.0036464850418269634,9.154274493994308e-08,0.01100681722164154,0.00778599176555872,2.861144594135112e-06,2.6072853870573454e-05,1.0853474122995976e-05,0.00015414961671922356,2.3054857592796907e-05,0.00019444551435299218,3.053052205359563e-05,0.006991449277848005,6.039024356141454e-06,0.0012447248445823789,3.320727273603552e-06,0.00022950622951611876,2.6819893719221e-06,1.082669768948108e-05,2.934986923719407e-06,8.74164470587857e-06,8.4343463413461e-07,9,0
2.216645270891604e-06,2.7455928375275107e-07,1.0497595894776168e-06,4.123524377064314e-06,4.050613279105164e-05,7.570139359813766e-07,8.668917530485487e-07,2.773925018573209e-07,4.5585348829035865e-08,1.012301891023526e-05,3.4815320759662427e-07,4.4680996325041633e-07,0.000345092557836324,6.122843478806317e-05,1.4081755352890468e-06,1.7623382575493451e-07,1.2548356664865423e-07,3.4043075629597297e-06,4.482031727093272e-06,0.9995226860046387,2.934869947068819e-08,3.0746102197554137e-07,1.1531922439189657e-07,19,19
0.0036494466476142406,0.0008739877375774086,0.01052668783813715,0.0008191361557692289,0.008470535278320312,0.0008667893707752228,3.6563702451530844e-05,0.00014298016321845353,5.890857210033573e-05,0.00019116025941912085,0.0003209068381693214,0.0001941662485478446,0.26037266850471497,4.962993989465758e-05,0.0001931472506839782,0.000653446710202843,0.06812695413827896,0.4084153473377228,0.002946073655039072,0.1443188637495041,0.00442595174536109,0.06744462251663208,0.01690189726650715,12,17
0.0004479929048102349,1.573072404426057e-05,0.00027445718296803534,6.770937943656463e-07,6.090170063544065e-05,2.2080412236391567e-05,1.532632950329571e-06,1.1540034392965026e-05,0.00017184675380121917,1.351995251752669e-05,7.359452411037637e-06,0.00039415332139469683,0.0011916045332327485,3.990870754932985e-05,1.674998770795355e-06,3.2327101507689804e-05,0.0026765475049614906,0.006545430514961481,9.110329119721428e-05,0.00021553630358539522,0.9876201152801514,0.0001403175701852888,2.375882468186319e-05,20,20
1.6225247634338302e-07,1.2806249571895023e-07,6.211210745732387e-08,3.604555161018652e-07,5.451900619846128e-07,3.1844492696109228e-06,9.227941859535349e-07,6.000508534498294e-08,1.411347341218061e-07,1.0023507002188126e-06,9.766612407702269e-08,7.671961270716565e-07,0.9997150301933289,5.298956295973767e-08,8.770729209572892e-08,1.2541648608532796e-08,5.67919300920039e-07,0.00017960270633921027,1.115368286264129e-05,7.85398660809733e-05,2.249858198410948e-06,3.033335815416649e-06,2.102906591971987e-06,12,12
3.0496255931211635e-05,9.014052579914278e-07,0.0003409464843571186,0.0002800879592541605,0.00017050177848432213,0.00013071228750050068,4.3603517951851245e-06,4.223907308187336e-05,2.420416785753332e-05,7.955291221151128e-05,2.8806687623728067e-05,0.0050515769980847836,0.00012076720304321498,0.000152084234287031,0.0001153930279542692,0.00022543722297996283,0.8787602186203003,0.021692534908652306,0.09208361804485321,0.00029853361775167286,0.00016742784646339715,6.256017513806e-05,0.00013701013813260943,18,16
0.004939950071275234,0.00016984998364932835,0.0007685350137762725,0.0016172620235010982,0.013098733499646187,0.0005769284325651824,0.0006407483015209436,2.6850828362512402e-05,3.6592184187611565e-05,0.006265589967370033,0.0041555543430149555,0.00019233614148106426,0.5025398135185242,0.0010494394227862358,1.3075596143607982e-05,2.684934406715911e-05,0.0003128891112282872,0.4304354786872864,0.00039060908602550626,0.031702104955911636,0.00011189831275260076,0.0004511314909905195,0.00047767735668458045,12,12
3.1270963063434465e-07,6.979195177336806e-07,1.021962589220493e-06,1.185993187391432e-05,7.027185802144231e-06,1.7803688479034463e-06,2.2728511339664692e-07,2.1249282156077243e-07,7.69665504662953e-08,1.6623515648461762e-06,5.781224103884597e-07,0.00018376074149273336,0.00023260836314875633,2.0762001895491267e-06,3.1010113161755726e-06,6.51537493467913e-06,0.0009098014561459422,0.9979415535926819,0.00029505888232961297,0.00033741851802915335,3.3655767310847295e-06,5.166309620108223e-06,5.3938299970468506e-05,17,17
8.164097380358726e-05,3.06176116282586e-05,0.015059074386954308,0.002310645068064332,0.0035630078054964542,0.009599399752914906,0.01509630586951971,0.0009064257610589266,9.725284326123074e-05,0.09987243264913559,0.04481430724263191,0.010852120816707611,0.019039081409573555,0.0011270075337961316,0.0002913981443271041,0.0006745649734511971,0.15910832583904266,0.001945419586263597,0.030928034335374832,0.0013620448298752308,6.0587502957787365e-05,0.003759198822081089,0.5794211030006409,22,22
0.015050271525979042,1.1837598634656388e-07,0.8702247142791748,3.731691933239745e-08,0.07065034657716751,0.0017469862941652536,9.860385944193695e-06,3.5592811400420032e-06,5.7195498811779544e-05,0.001877464703284204,0.0001693203957984224,0.022576618939638138,0.00013721559662371874,0.00017736098379828036,0.00032107444712892175,0.016342097893357277,1.2879957466793712e-05,0.0005674874992109835,1.02689336927142e-05,5.781751315225847e-05,2.3670659174968023e-06,1.6519385326319025e-07,4.788454589288449e-06,2,2
0.39456692337989807,8.37451807456091e-07,0.0022208229638636112,4.256461124896305e-06,0.5005277395248413,0.01375169400125742,6.79686781950295e-05,2.221806971647311e-05,0.0038485312834382057,0.04793265461921692,0.002676548669114709,0.025660483166575432,0.00034209556179121137,0.0029542078264057636,0.003975766710937023,0.0013571942690759897,7.336827252402145e-07,2.8656888389377855e-05,3.807327084359713e-05,1.5934467228362337e-05,3.543061893651611e-06,1.7859027821032214e-06,1.356883558401023e-06,5,4
4.041910361962664e-09,3.387060423798438e-11,6.088339277177113e-10,2.482318239849235e-10,4.6033299838654784e-08,2.4872589321489613e-08,9.205070039541852e-11,9.16609721457462e-09,2.3666315573933616e-09,1.7571695209994687e-08,2.721752252909937e-06,9.967754976969445e-08,6.423014156098361e-07,4.2824152557408013e-10,0.9999743700027466,2.1443447622004896e-05,3.013873151047619e-09,3.100572598668805e-08,2.292687355520684e-07,1.9140379947657493e-07,4.216062776674079e-10,3.5424005395690017e-10,7.457106931951785e-08,14,14
1.0198817790296744e-07,6.838046829216182e-06,1.9614428481418145e-07,2.381068952672649e-06,1.2524510850653314e-07,2.8680486252596893e-07,5.632451575365849e-06,7.699499349200778e-08,6.721645462448578e-08,1.7237724705410074e-06,1.2374188145258813e-06,1.243927982841342e-07,0.9994496703147888,3.0343674239929896e-08,3.263150347265764e-06,1.1831670576611941e-07,4.0779927985568065e-06,6.253342689888086e-06,2.062040221062489e-05,0.0001567018189234659,4.1631060412328225e-06,0.00031926616793498397,1.7108171959989704e-05,12,12
1.1842593039546045e-06,6.218723314077579e-10,7.940049044918851e-07,6.386120503520942e-07,0.00015249670832417905,0.0002642703184392303,6.842090272130008e-08,1.1484344213386066e-06,0.9976089000701904,1.5215873645502143e-05,1.1032044312742073e-05,0.0010148811852559447,1.2568872307383572e-06,0.00016227741434704512,0.00072959199314937,1.5379384421976283e-05,1.7396854445905774e-07,8.81135474628536e-06,9.854869631453766e-07,2.2450102221682755e-07,1.2755704119626898e-06,1.4585221919105607e-08,9.323435733676888e-06,8,8
8.974822412710637e-05,5.145195203226649e-08,0.9996168613433838,1.2894670931018481e-07,2.8640646632993594e-05,2.6134917789022438e-05,1.8696825918596005e-06,6.596762318622496e-07,1.0892502899650935e-07,1.0504560123081319e-05,4.9951697292272e-05,4.418493517732713e-06,8.875944331521168e-06,8.362423977814615e-05,4.526623797573848e-06,1.83089250640478e-05,1.2969445378985256e-05,2.2134203391033225e-05,3.913207535788388e-07,6.76710942570935e-06,4.18917238675931e-07,1.2922530004289001e-05,2.4082181582230078e-08,2,2
0.0007319169817492366,0.04083649814128876,0.18998749554157257,0.0014937750529497862,0.0009195783059112728,0.00777708925306797,0.27496954798698425,0.00044772413093596697,0.0004897129256278276,0.39570891857147217,0.0030298589263111353,0.011834518983960152,0.012402311898767948,0.0044636051170527935,0.00024193339049816132,0.00036537437699735165,0.0025094624143093824,0.0017385638784617186,0.01778794638812542,0.011810917407274246,0.000624237465672195,0.005663388874381781,0.014165722765028477,6,9
0.010384234599769115,0.0003968122764490545,0.01052696630358696,0.00012710811279248446,0.9016797542572021,0.0021204191725701094,9.0915295004379e-05,7.850516703911126e-05,6.348297029035166e-05,0.0010776023846119642,0.0003299391537439078,0.0006397559191100299,0.01935645379126072,0.00012903382594231516,0.001026585348881781,0.0020985533483326435,0.004200147930532694,0.03799096494913101,0.00010036962339654565,0.006971136666834354,0.00014222378376871347,0.00021819536050315946,0.0002509488258510828,7,4
1.9300678104627877e-06,1.69845388882095e-05,5.596616756520234e-05,0.00022324234305415303,0.0023436250630766153,0.00017363861843477935,1.751242598402314e-05,5.2630907703132834e-06,1.230165253218729e-05,0.0001015897432807833,0.0001278588460991159,0.0012898060958832502,0.060000449419021606,1.4250515960156918e-05,4.338585495133884e-05,9.303037222707644e-05,0.023625826463103294,0.01528235524892807,6.246252451092005e-05,0.014488808810710907,0.0031858638394623995,7.377058500424027e-05,0.8787602186203003,22,22
0.004698891192674637,1.4191071386449039e-05,0.00025094926240853965,2.938281340902904e-06,0.52344810962677,0.43980512022972107,3.101078618783504e-05,1.5647686950615025e-06,2.47413609031355e-05,0.0019659914541989565,0.00020359638438094407,0.0012642437359318137,0.0033748229034245014,0.007915545254945755,0.0006995139410719275,1.789866109902505e-05,8.135622920235619e-05,0.010020436719059944,0.0007509021088480949,0.005134176462888718,1.5486306438106112e-05,6.565180683537619e-06,0.0002720124030020088,12,4
0.00011252114927629009,2.3414787564900695e-14,1.5501630912240216e-07,1.460683934917384e-10,0.9998395442962646,5.7441934586677235e-06,1.5586973933778836e-09,2.0985350610014386e-11,2.7712275141311693e-08,3.861612276523374e-05,7.937978097061205e-08,7.638295755896252e-07,8.001620699360501e-09,1.956780351974885e-06,3.142119169297075e-07,7.513133226666469e-08,1.2563573792423455e-10,1.6387520507255005e-10,1.225953089045717e-10,5.148064197157964e-10,1.3357169103417332e-12,1.1559760093593496e-11,7.348591180011965e-11,0,4
0.002322061685845256,5.5994569265749305e-06,0.00012932191020809114,8.450196219200734e-06,0.0015563773922622204,6.930544623173773e-05,2.6796031306730583e-05,2.564279748185072e-05,0.0004051385330967605,0.0003776935045607388,0.0001546284620417282,0.0005088559119030833,0.10221473127603531,2.682420745259151e-05,1.0838610364771739e-07,8.953954966273159e-05,0.0022907492239028215,0.8809809684753418,3.3653550417511724e-06,0.00048343383241444826,0.00801597349345684,0.00022575273760594428,7.863903738325462e-05,12,17
0.013804720714688301,4.171326872892678e-05,0.00010263562580803409,9.023846359923482e-06,0.014764055609703064,0.0009919105796143413,6.43492785457056e-06,4.822586561203934e-06,0.00011658035509753972,0.00011731780250556767,7.419911980832694e-06,0.00017642519378568977,0.9500196576118469,0.00015609312686137855,1.6463614883832633e-05,3.343395746924216e-06,0.00012659795174840838,0.005822417791932821,0.0001806892832973972,0.013120145536959171,0.0001402742345817387,0.00020511676848400384,6.599422340514138e-05,12,12
0.0010948698036372662,6.202478289196733e-06,0.0014008627040311694,1.5343772247433662e-05,0.9668770432472229,0.0051446473225951195,4.7924054342729505e-06,2.2124466340756044e-05,0.00010683884465834126,8.498842362314463e-05,4.4809501559939235e-05,0.00011543387518031523,0.015782484784722328,0.0008277558372355998,5.012743713450618e-05,0.00011630717199295759,0.0038788362871855497,0.0009436091058887541,0.00036133016692474484,0.0016519158380106091,0.0005178173305466771,0.0008313177386298776,0.00012036685075145215,12,4
0.23335209488868713,7.170490334829083e-07,0.007796882186084986,0.00012756598880514503,0.7059007287025452,0.0008789626299403608,3.6098466807743534e-05,5.3909905545879155e-05,0.00011839482613140717,0.018875323235988617,0.02494036965072155,0.0037015960551798344,0.0014653295511379838,0.0003362474380992353,0.00010031396959675476,5.811067603644915e-05,7.505431312893052e-06,0.0018886423204094172,9.487343049841002e-05,0.00023249855439644307,2.1638845737470547e-06,1.0731529982876964e-05,2.093289549520705e-05,9,4
0.1421840339899063,1.1825653700725525e-06,0.05186397209763527,8.880140740075149e-06,0.7564811110496521,0.023280173540115356,7.412694685626775e-05,1.4602224837290123e-05,0.00015033908130135387,0.003187368158251047,0.00022590381558984518,0.0021967801731079817,0.0005254440475255251,0.011897480115294456,0.0014221762539818883,0.005414155777543783,0.00021310895681381226,0.0005872718757018447,8.6569134509773e-06,0.00023810600396245718,8.453683221887331e-06,8.879955203155987e-06,7.680506314500235e-06,2,4
0.0049774060025811195,2.052807940344792e-05,0.18580038845539093,0.002114079426974058,0.01037775631994009,0.0001625785225769505,0.00013143641990609467,0.004228929057717323,0.0010418837191537023,0.0004387830849736929,0.009222712367773056,0.0009738807566463947,0.06173491105437279,5.681218681274913e-06,0.005864168517291546,0.02670966647565365,0.5517920851707458,0.07801800966262817,0.0004849589604418725,0.020992496982216835,0.0191916786134243,0.0015698402421548963,0.014146256260573864,16,16
1.5947435940688592e-06,3.643403260866762e-06,0.0027877099346369505,0.9888778328895569,7.404066764138406e-06,4.3901360186282545e-05,0.0003550419060047716,2.8742353606503457e-05,4.088075911568012e-06,0.0003257719799876213,3.63934195775073e-05,1.0798681614687666e-05,0.0012585533550009131,8.664404595037922e-05,3.098576780757867e-05,7.065573299769312e-05,0.0029223072342574596,0.0007340849260799587,0.0007954874890856445,0.0005742241046391428,3.7479981983779e-05,0.0007750089280307293,0.0002316899917786941,3,3
0.30357474088668823,0.0023005707189440727,0.01483660563826561,0.0012375818332657218,0.02168905921280384,0.0019191636238247156,0.0068481480702757835,0.0035520719829946756,0.00323354615829885,0.0027958948630839586,0.00990940909832716,0.001940825255587697,0.1304517388343811,0.0017604812746867537,0.023928727954626083,0.23358933627605438,0.019080815836787224,0.09885130077600479,0.0003627595433499664,0.10466219484806061,0.01083468273282051,0.0018111263634636998,0.0008291956619359553,12,0
0.0012514858972281218,3.8542279980902094e-06,0.00011738298780983314,4.176967394187159e-08,0.998084306716919,0.0001402036868967116,4.364554229141504e-07,2.7098195687358384e-07,4.569045813695993e-06,2.16650605580071e-05,9.5425912149949e-06,0.00012494758993852884,1.951798731170129e-05,2.155537913495209e-05,9.468204552831594e-06,5.8881072618532926e-05,3.095295687671751e-05,4.93155384901911e-05,4.134724633786391e-07,1.6850544852786697e-05,2.6469002477824688e-05,2.298639628861565e-06,5.687451903213514e-06,2,4
0.023742536082863808,4.48485225206241e-05,0.00904531218111515,4.043718035973143e-06,0.034466423094272614,0.0029113232158124447,8.309076656587422e-05,1.91364815691486e-05,0.02478504180908203,0.0030598407611250877,0.0007228527101688087,0.7814229130744934,0.002187249017879367,0.0006879803841002285,0.0054048760794103146,0.10546091198921204,0.00010885710798902437,0.004754109773784876,0.00043089353130199015,0.00026299129240214825,0.00018107943469658494,2.7514623070601374e-05,0.00018612275016494095,0,11
0.029741520062088966,1.1861133231150234e-07,0.0009123222553171217,2.280260424925018e-08,0.0006999864708632231,0.012079432606697083,0.0007504296954721212,3.4135998703277437e-06,0.00012504954065661877,0.9466948509216309,0.0006814837688580155,0.0005923982243984938,6.643373581027845e-06,0.00014243701298255473,0.00010894249135162681,7.04168196534738e-05,6.981560431995604e-07,2.6229437821712054e-07,0.007348732557147741,1.9951258423134277e-07,2.1336853023967706e-05,1.9789304417372477e-08,1.9529741621227004e-05,9,9
0.3900013566017151,1.545199079799886e-09,0.000652934075333178,2.1532453331474244e-07,0.2061242312192917,0.04955345392227173,4.094120413355995e-06,2.3901038730400614e-05,0.283924400806427,0.003489733673632145,1.371363214275334e-05,0.013957931660115719,0.00016953813610598445,0.05044688656926155,0.0003058492729905993,0.0011548048350960016,6.370975825120695e-06,9.578001481713727e-05,2.8724068670271663e-06,2.924722366515198e-06,6.264189869398251e-05,6.661556284370818e-08,6.368351478158729e-06,0,0
5.907694503548555e-05,2.3482513711314823e-09,1.056524752129917e-07,2.477033023140507e-09,0.0003818965924438089,2.0873556422884576e-05,8.134967544037863e-08,7.766976182210783e-07,5.298573159961961e-05,4.9262533138971776e-05,7.3011287895496935e-06,0.9992789626121521,9.599627901479835e-07,7.240474951686338e-05,2.6651208827388473e-05,2.7539330403669737e-05,3.461620323719217e-08,1.9398174117668532e-05,4.668733026846894e-07,2.974132371491578e-07,1.601825232455667e-07,3.801764680844144e-09,7.917982998151274e-07,11,11
0.002711236709728837,2.166380363632925e-05,0.04594709724187851,0.00039435867802239954,0.2882247269153595,0.0005396920605562627,0.00012384360888972878,1.3666499398823362e-05,1.3967235645395704e-05,0.0011961966520175338,0.0004755898262374103,0.018426697701215744,0.05279816687107086,0.0007334793917834759,0.00010587966244202107,0.0019033211283385754,0.0033808175940066576,0.23806317150592804,5.02123475598637e-05,0.3443657159805298,0.00010209924221271649,0.00023053445329423994,0.00017787535034585744,12,19
2.7461052013677545e-05,8.540625458408613e-06,0.0019450735999271274,0.00016584398690611124,0.009639511816203594,1.4765719242859632e-05,3.477905465842923e-06,1.5782796253915876e-05,3.1840691008255817e-06,4.695785901276395e-05,5.2026411140104756e-05,0.00010214098438154906,0.0020114912185817957,1.7256652427022345e-05,2.334528835490346e-05,0.00010635628132149577,0.000546857132576406,0.2829432785511017,2.3745442376821302e-05,0.7021781802177429,4.837565211346373e-05,2.6346724553150125e-05,5.01050308230333e-05,19,19
0.007992185652256012,2.891564543361369e-09,2.493059128028108e-06,2.1140586170531606e-08,0.9858572483062744,0.00019841913308482617,1.601279393526056e-07,1.1510485364851775e-07,0.001406253082677722,0.00041698719724081457,2.135789873136673e-05,0.003958077169954777,8.962058927863836e-06,2.8828226277255453e-05,9.487063653068617e-05,1.1436813110776711e-05,5.156061533284628e-08,1.1506014061524183e-06,3.362386280514329e-07,7.307622809094028e-07,2.0557540381105355e-07,1.6212574394103285e-08,1.9918212501579546e-07,5,4
1.5337779757373937e-07,2.417246207642165e-07,8.179621886483801e-07,2.4246297471108846e-05,1.4592026673199143e-05,1.872102075139992e-06,3.3088856525864685e-06,6.274507313719369e-07,1.7696229406283237e-06,1.622282070457004e-05,1.6600938579358626e-06,2.7310728910379112e-05,0.9931449890136719,1.2531189668152365e-06,6.834340183559107e-06,4.688133230956737e-06,2.705979386519175e-05,0.0015908065252006054,7.351277417910751e-06,0.005057933274656534,2.8956899768672884e-05,3.725129772647051e-06,3.359392212587409e-05,12,12
0.11408873647451401,1.6473111827508546e-05,0.0007056696340441704,2.2999283828539774e-05,0.5948324799537659,0.2005608230829239,0.0002682975318748504,2.449692510708701e-05,0.0049880691803991795,0.02995920553803444,0.001303680008277297,0.011727244593203068,0.0007388421217910945,0.03881949558854103,0.0002268992247991264,0.0008009510929696262,5.5440246796933934e-05,0.00022917987371329218,8.553259976906702e-05,0.0002782243536785245,0.00012542563490569592,7.391563849523664e-05,6.790777115384117e-05,5,4
1.1958120921917725e-05,3.030582092833356e-06,6.187766757648205e-06,1.1293273928458802e-05,8.14681300198572e-07,7.916595450296882e-07,1.7744386013873736e-06,2.229600340797333e-06,2.571005097706802e-07,4.1509730408506584e-07,2.057722383597138e-07,6.125792850752987e-08,0.9944601058959961,3.959934531394538e-07,5.59411489575723e-07,1.1328989302228365e-07,4.620758045348339e-05,1.3905399100622162e-05,0.0003694930346682668,0.00023511932522524148,0.00011557288962649181,0.0047191171906888485,3.4230919254696346e-07,12,12
0.11079917848110199,0.0003865316102746874,0.06586950272321701,0.00015378676471300423,0.11091668903827667,0.0014626095071434975,0.0011371796717867255,0.0006072820979170501,0.003096633590757847,0.005054067354649305,0.005252644885331392,0.0028252166230231524,0.4117640256881714,0.0004271924262866378,0.0031185138504952192,0.003782353363931179,0.0005633121472783387,0.0026566549204289913,0.019873157143592834,0.24878795444965363,0.00027246828540228307,0.0010660644620656967,0.00012703778338618577,19,12
0.001137519720941782,0.00014881370589137077,8.843935211189091e-05,9.928584404406138e-06,0.0001302479940932244,4.174095010966994e-05,4.108022039872594e-05,3.138046849926468e-06,5.527209214051254e-05,4.8793459427542984e-05,2.1540028683375567e-05,6.550853868247941e-05,0.09074639528989792,0.00010822287731571123,3.153740379957526e-08,2.2337706013786374e-06,0.00028477495652623475,0.9025629758834839,6.148900865809992e-05,0.001758151687681675,0.002101001562550664,0.00046134795411489904,0.0001211071721627377,17,17
