prob_0,prob_1,prob_2,prob_3,prob_4,prob_5,prob_6,prob_7,prob_8,prob_9,prob_10,prob_11,prob_12,prob_13,prob_14,prob_15,prob_16,prob_17,prob_18,prob_19,prob_20,prob_21,prob_22,true,pred
0.0012235663598403335,1.4642438372902689e-06,0.020408347249031067,1.2534492555005272e-07,0.00019299572159070522,0.0007779898005537689,0.0003159453917760402,9.346994374936912e-06,6.238512924028328e-06,0.5417931079864502,0.051721300929784775,0.07393606007099152,0.0041030822321772575,8.029369382711593e-06,0.24406059086322784,0.029997119680047035,4.596445432980545e-05,0.02905360423028469,2.3170663553173654e-05,0.00198099366389215,5.62585000807303e-06,2.5500713718429324e-07,0.00033500659628771245,11,9
2.9628388347191503e-06,1.065930277377447e-08,1.2369112845078689e-08,2.3176453811668551e-10,2.132248891340005e-11,3.3113822794916814e-09,0.9948346614837646,1.456443624192616e-05,2.883025672417716e-06,0.005132009275257587,4.356083536549704e-06,2.950285571401423e-10,1.2470392773966665e-10,8.416734090133104e-06,6.282644449129293e-08,1.584860598313753e-08,4.699096580601525e-12,3.016743244099729e-10,2.168520030210175e-09,2.9712152738170516e-09,5.584188667029366e-09,4.89190112029636e-12,1.5972716482792748e-09,6,6
3.27567768465542e-08,3.113819965760989e-12,3.3229657674382906e-06,1.3996412917549605e-07,4.608421591001388e-07,8.244667242252035e-07,5.417395004814196e-11,7.852964500898452e-09,8.49198922986405e-12,2.385157358730794e-06,6.112224326670912e-08,1.7967446419575595e-09,0.998547375202179,2.5327289154830623e-09,1.0163964816456428e-06,2.9925228961502626e-11,4.5949047944304766e-07,3.506012581055984e-05,0.0007916055619716644,0.0006169703556224704,1.9542678586503825e-10,1.7828014620135946e-07,6.587445255945568e-08,12,12
2.550482804508647e-06,9.515732017462142e-06,0.9999244213104248,2.2434518687219906e-09,2.142514290426334e-07,3.049843826374854e-07,7.135838586691534e-09,9.038624293467024e-10,1.3444490321035119e-07,9.353857421956491e-08,7.833239834553751e-09,6.100211180637416e-08,1.2616026651812717e-05,3.6843366135741462e-09,5.3118768050808285e-08,1.2892032996703051e-09,2.411430159554584e-06,2.613238939375151e-05,1.0539088712846478e-08,1.2748037079290953e-05,4.906149797534454e-07,8.127858563966583e-06,8.258262340632427e-08,2,2
7.698299775427131e-09,4.3260587290205876e-07,1.5713063476141542e-05,7.477454460058652e-07,1.0548013307243309e-07,4.212934982206207e-06,8.608261659048821e-09,1.0672772887687643e-08,5.929829960393818e-10,9.512924634691444e-07,3.694303131851484e-06,7.00979585488426e-09,0.0013847555965185165,8.317835664684026e-08,2.747793132584775e-06,1.969049456818084e-08,0.00022695286315865815,0.9962950348854065,3.1436335120815784e-05,0.001669993158429861,3.792191023421765e-07,1.5022163097455632e-05,0.0003477497084531933,17,17
3.816363459918648e-06,1.068521868208272e-10,1.6128683943961164e-09,1.3214657146320974e-10,4.94367077408242e-06,3.507259179968969e-06,4.0517333932399424e-10,3.0200101264199475e-07,9.541523127154505e-10,0.0001372822152916342,1.7135370455889642e-08,3.020964811639715e-08,0.9998292922973633,1.9914993742986553e-07,6.389542761553457e-08,2.4989682545495384e-10,2.1859985821492955e-08,2.38758957493701e-07,3.15342981593858e-06,5.068750851933146e-06,1.1428032848925795e-05,1.9091481817667955e-07,4.0273923218592245e-07,12,12
4.5728179576265404e-10,1.0470428343789528e-11,1.7006138719466435e-08,4.320578617100779e-11,2.293093145921965e-11,5.864721685719387e-13,1.6141050356108938e-13,1.9934653428844984e-13,1.6625945412074294e-12,3.6678451387217592e-09,9.940789510998194e-12,2.109459308619055e-12,0.012685272842645645,6.334543349931221e-13,1.0418336415796148e-07,2.668512077974583e-10,4.321712321342375e-09,0.011596063151955605,3.23534199431208e-10,0.9757184982299805,5.439135253304528e-10,4.068483050456706e-10,1.3684546551484544e-10,19,19
7.44418457543361e-07,8.384743908299713e-14,3.481382404579847e-10,7.253540216384247e-14,3.4649112023998896e-08,0.00045265391236171126,3.5682225403566026e-12,2.6228028082719845e-10,9.726377356855664e-07,7.966156658767432e-07,2.5643279855103174e-07,1.0603931599462157e-07,4.3617349315683285e-11,0.9995442032814026,2.0402103473315947e-07,5.136459660382009e-11,4.005403322383805e-14,1.1470356608977994e-10,4.727956741390482e-12,1.1784538189035798e-12,3.4427544365681073e-13,1.2964555000567497e-15,1.3001968208678494e-12,13,13
0.001190297887660563,0.009588285349309444,0.0001276175316888839,1.4407734852284193e-05,3.9366081182379276e-05,0.00018462773005012423,9.810904089135875e-08,0.0008642020402476192,8.36023609736003e-05,9.990631042455789e-06,0.0011223822366446257,1.2625751878658775e-05,0.0254867784678936,3.3682704270177055e-07,8.159724529832602e-06,0.0007072847802191973,0.08827763795852661,0.7392081618309021,0.00020012767345178872,0.037880223244428635,0.023218074813485146,0.031314536929130554,0.04046136513352394,21,17
0.002772703068330884,2.19705720283514e-09,5.580185415965389e-07,8.648533684997226e-14,6.326966399683442e-07,0.006392140872776508,2.1870143473989856e-09,0.22429485619068146,0.7541795372962952,0.000687945750541985,0.009517869912087917,2.473107997502666e-05,6.813566528762749e-07,0.0021141774486750364,1.2930303455505054e-05,1.1412029010671176e-07,1.579368164028594e-10,2.649349362116027e-08,2.969733792212992e-09,1.3414730659633278e-08,8.026796649573953e-07,4.1478320778054467e-10,2.876323037526163e-07,8,8
3.800505916917718e-12,4.461757352469675e-11,1.8597024364908066e-08,1.229349289033621e-09,1.3818151067823692e-09,3.4956104677519306e-09,5.876948667299375e-12,2.412236556337266e-11,7.341637606010643e-13,1.2170471297423546e-09,6.484334735823438e-10,1.1120283296625622e-12,0.00021683835075236857,5.929477048249865e-11,1.6913569197640754e-05,4.051457086484689e-11,5.748831100049756e-08,0.998863935470581,1.8943020485551187e-09,0.00090208207257092,8.109400928546506e-10,5.018623017161161e-11,2.350631973513373e-07,17,17
2.290781253577734e-07,7.419621583792946e-10,4.427134570050839e-08,1.8087392916754652e-08,7.700870696680795e-07,1.7471211322117597e-07,8.658638042668976e-12,2.5020732152825076e-08,1.7498780202629405e-10,1.3650241825757803e-08,8.375206306254768e-09,1.0426333574287128e-08,0.6512574553489685,8.206141899336217e-08,2.0110735931666568e-05,1.736729160484174e-08,1.5535882994299755e-05,0.3401082456111908,4.857292879023589e-06,0.008547442965209484,5.558095139690522e-08,7.47148476420989e-08,4.478673872654326e-05,17,12
1.441911123833961e-08,0.9999837875366211,1.3683230548622305e-08,7.619616743115287e-12,9.953413787622267e-11,1.8766124298963405e-07,1.388729409246281e-11,4.162690103726163e-08,2.0863419325500843e-10,1.849212871718464e-08,1.4689129557154956e-07,5.489533740771213e-12,9.508620557596714e-10,8.698164037923561e-07,5.734776542531961e-11,1.1013898940006456e-13,7.602110940752027e-08,2.5509976075976937e-11,3.4764661904773675e-06,6.546076458668892e-10,4.344565240899101e-07,1.084340601664735e-05,3.5467355719021043e-09,1,1
8.588579292201359e-10,1.2668517623826148e-10,1.6054333418225042e-09,1.5138593156827085e-10,2.82707468546306e-10,3.2392812876480548e-09,4.63801601291447e-11,8.427966236013162e-08,1.6457430904170955e-11,0.00012741860700771213,2.1204054068135747e-09,5.9822737966896966e-05,0.9995405673980713,1.53597623508972e-09,0.00014319148613139987,3.555750183181772e-08,5.3011753209375456e-08,3.613629814935848e-06,8.716080628801137e-06,0.00011579622514545918,1.0354554547120642e-08,2.7984012884729736e-09,7.40144344035798e-07,12,12
0.9988825917243958,1.5972997147173373e-08,1.4941491826903075e-05,4.286448085366601e-09,1.4160465980239678e-05,2.511857201170642e-05,1.67082106372618e-07,0.00019515192252583802,1.6928739299260087e-08,0.0004180793184787035,8.781644282862544e-05,1.9325918287904642e-07,1.0448454190736811e-07,0.0003603733784984797,8.585525961279927e-07,1.4814586224431991e-09,1.33874191732275e-08,1.1396540378072473e-09,8.796668993227286e-08,3.110346202817027e-09,8.143269170091116e-09,4.932862562867513e-09,2.373920722220646e-07,0,0
4.325727331888629e-09,4.4420573989956136e-12,4.3450793185684233e-08,4.606391268424659e-09,5.300859196033514e-10,8.887195979134788e-10,2.5162695278108105e-12,3.9112929561824217e-10,3.2332348604002803e-12,2.1787489004054805e-06,7.297289243979321e-07,6.833081211965464e-09,0.9999433755874634,1.0536819680662113e-11,3.6130472835793626e-07,1.6111166220578177e-11,1.032038454695794e-09,1.3171241334930528e-05,1.6689975268491253e-07,3.989146716776304e-05,2.0848761952962924e-11,2.4854037050658917e-08,1.418892026094909e-07,12,12
0.00024200075131375343,0.0014773887814953923,0.00016210110334213823,6.643847427767469e-07,2.4166276489268057e-05,0.0008921502158045769,4.125169894564351e-08,0.0004578544176183641,1.40396298320411e-06,4.065125267516123e-06,0.0954912006855011,0.0002488084137439728,0.0008799796341918409,4.381948383525014e-05,0.880721926689148,1.9600780433393084e-05,0.004703187383711338,4.7006782551761717e-05,0.0030617653392255306,4.628860187949613e-05,2.0339975890237838e-05,0.011381648480892181,7.259628182509914e-05,14,14
0.2235601395368576,0.0001116496350732632,0.0022785344626754522,2.2367585472693463e-07,0.4405025541782379,0.2441280633211136,0.0005596084520220757,0.00018782803090289235,2.9061620807624422e-05,0.05421806871891022,0.0024679407943040133,0.019075006246566772,0.0017146242316812277,0.0070121679455041885,0.003084228839725256,0.00014856542111374438,8.520434494130313e-05,0.00032662536250427365,6.14374948781915e-05,0.0001043372176354751,0.00029544931021519005,1.4547829778166488e-05,3.4241453249705955e-05,4,4
0.0041672405786812305,0.0011109145125374198,0.23608475923538208,6.230069629964419e-06,0.011892475187778473,0.727301836013794,0.00040948219248093665,3.4076065276167355e-06,7.661578274564818e-05,0.0013959852512925863,0.0007793401600793004,0.00024651040439493954,0.0015892209485173225,0.0004166487487964332,3.223023668397218e-05,0.0008869970915839076,3.951884718844667e-05,0.013228127732872963,9.054507245309651e-05,0.00018547908985055983,4.931392686557956e-05,2.988410642501549e-06,4.147058916714741e-06,5,5
3.676487949633156e-07,1.5467341540897905e-07,1.781273567758035e-05,7.972709425985158e-08,3.6135605618881073e-09,3.8449794459438635e-09,1.139104255365453e-09,4.838177005694888e-07,8.471088364103707e-08,7.457690571754938e-07,1.368983134852897e-06,5.367823963098317e-09,0.014780318364501,5.638285949238764e-10,0.00029933612677268684,1.5347750377259217e-05,6.229185237316415e-05,0.15345117449760437,2.2193278326199106e-08,0.8313517570495605,1.969295226444956e-06,1.228992005053442e-06,1.540373523312155e-05,19,19
0.18383529782295227,0.00029248377541080117,0.25200310349464417,5.149906428414397e-06,0.0020961712580174208,0.04883302375674248,0.00019758552662096918,0.0008079148246906698,0.2705349028110504,0.029557252302765846,0.18780376017093658,0.0017800717614591122,0.006323647685348988,0.00011087560415035114,0.0004933793097734451,0.00015917194832582027,6.541498441947624e-05,0.011824488639831543,0.00023499624512623996,0.0015234432648867369,0.0003050896048080176,0.00021042661683168262,0.0010023500071838498,10,8
1.0376208336992931e-08,1.281575578104821e-06,1.2119036441049502e-08,1.985737962950651e-10,1.0208211165263492e-08,3.831528871955925e-08,1.023915285891519e-09,8.664240880307261e-09,9.047772947523569e-12,4.286045296453267e-08,6.871721247581064e-11,9.504882436672801e-10,0.9989387392997742,2.6887549964271784e-09,6.086925452564174e-08,3.171844731308937e-10,1.820724537537899e-05,0.0007642609416507185,1.7612062208627322e-07,0.0002040257677435875,2.900342224165797e-07,1.35170878934332e-07,7.283009472303092e-05,12,12
2.874625515403295e-08,8.016479924322084e-09,7.97324151147194e-11,2.7937825664015037e-11,4.050984547809833e-10,3.2359681600979684e-09,7.987766559303111e-10,1.3226607734395657e-05,4.441157996915024e-10,3.991926291746495e-07,8.398418072097513e-11,2.6114359563678136e-09,0.999764621257782,5.395664817720025e-11,7.102496368815991e-08,3.2104305880409356e-09,1.0577884523854664e-07,3.389985465673817e-07,8.99007801535845e-09,2.6427280317875557e-05,6.3908629499565e-07,2.9700011339173216e-09,0.000194175896467641,12,12
0.0026190972421318293,0.0034053968265652657,0.001220527570694685,7.535805707448162e-06,6.3882525864755735e-06,0.00020076239889021963,0.00019689790497068316,0.04982169345021248,6.954117452551145e-06,0.0033477190881967545,0.0002815941406879574,0.0031812689267098904,0.8334432244300842,0.0010469388216733932,0.026077210903167725,0.0011503462446853518,0.0008300850167870522,0.0231592059135437,3.041442687390372e-05,0.024880077689886093,0.02476862445473671,6.105933425715193e-05,0.00025695469230413437,19,12
0.028668850660324097,1.3950650100014172e-05,0.002004592679440975,3.415102582948748e-07,0.02987007424235344,0.06507910043001175,1.3339385986910202e-06,3.747776190721197e-06,0.001403311500325799,0.004108785185962915,0.006439956370741129,0.7829596996307373,9.650389256421477e-05,0.001158811734057963,0.06842658668756485,0.0018880820134654641,1.0966931768052746e-05,0.00758506590500474,0.0001683831651462242,9.596749805496074e-06,1.543434223094664e-06,8.513105058227666e-06,9.213736484525725e-05,5,11
0.0018920503789559007,2.775410479216589e-08,0.015203871764242649,5.554072313174174e-09,0.005635439418256283,0.9315615296363831,2.4245614440587815e-06,1.6748053610626812e-07,3.067547140744864e-06,0.010149529203772545,0.0176091231405735,0.0011721530463546515,0.011591789312660694,0.001119408872909844,0.0005294744623824954,1.436142866850787e-07,1.1517303391883615e-05,0.0034758441615849733,1.0086513611895498e-05,2.8882819606224075e-05,1.4750909258509637e-06,4.329523335400154e-07,1.632481030355848e-06,5,5
7.154474587878212e-05,2.723821060195142e-13,1.3489219782059081e-05,1.149313120802492e-13,0.00021343393018469214,0.9991644620895386,1.7865342451933719e-12,6.678911645963126e-09,2.7252051282289358e-08,0.00011878798250108957,7.93613310179353e-07,1.548178033772274e-06,1.673852523254027e-07,0.00041565080755390227,2.4489974492780675e-08,1.693680894317151e-12,1.1122774923322254e-09,9.325707983620646e-10,4.378235374247197e-08,1.8225150555384317e-11,2.3441226390530367e-11,4.303381869602552e-12,6.425331794401856e-11,5,5
0.0007125410484150052,0.9095917344093323,0.005642835516482592,2.773174401227152e-07,7.2022612584987655e-06,0.0014127795584499836,0.00014524009020533413,0.00014450782327912748,3.8405891245929524e-05,0.000914919888600707,0.05392743647098541,5.3329385991673917e-05,0.00021977770666126162,0.0003853691159747541,4.787827037944226e-06,6.671724577245186e-07,0.0015674482565373182,0.0037762338761240244,0.0016501195495948195,0.0002712357963901013,0.016123058274388313,0.003121370682492852,0.00028865053900517523,1,1
0.004270724020898342,3.571566139726201e-06,0.30481669306755066,2.1585369935905874e-08,0.000156102076289244,0.004077056422829628,0.0003616312751546502,6.328637027763762e-06,0.045041680335998535,0.6339380741119385,0.004050572868436575,7.311418448807672e-05,0.00075674953404814,0.00017471335013397038,4.2749332351377234e-05,3.785871740547009e-05,5.9153007896384224e-05,0.0003584261576179415,1.8525031464378117e-06,0.0013212403282523155,4.8468238674104214e-05,9.851761433310458e-07,0.0004022195062134415,9,9
0.01897159032523632,3.481443044961452e-08,4.830026227864437e-06,2.0399636468937388e-07,0.0003539974568411708,4.478503979044035e-05,5.0639627602322435e-08,2.9100297979312018e-05,0.0002749933337327093,0.0031136097386479378,4.0174691093852744e-05,8.176263690984342e-06,1.9414364942349494e-06,7.1593281063542236e-06,0.9770093560218811,0.0001366768847219646,1.4922806101935748e-08,2.5452548015891807e-06,4.573426082288279e-08,3.885069475018099e-07,2.609885143556312e-07,3.5462370817640476e-08,1.3464999426560098e-07,0,14
1.1689169632234098e-08,5.541034853173699e-10,3.170356777104644e-08,1.0362911050110224e-11,4.270100939507415e-10,1.5801830677286688e-10,1.0585905763083048e-10,7.897141274249009e-12,3.159486214321383e-11,2.6956309739034623e-05,1.3010565957927156e-09,7.267796320320485e-08,0.9924541115760803,6.896347382046031e-11,1.143743588727375e-07,6.302935950941446e-09,4.3502451640975437e-10,0.002282835775986314,1.0411207895799635e-08,0.005235868506133556,3.711018159435753e-10,3.506772650041512e-10,5.073639730568402e-09,12,12
0.007466294802725315,8.992745392788493e-08,0.0021425101440399885,9.830823932688304e-10,0.008665990084409714,0.3966505229473114,7.747763447696343e-05,5.229882845014799e-06,1.582370146024914e-06,0.581448495388031,0.001260909135453403,0.00014393731544259936,0.0004426188243087381,3.8902660890016705e-05,0.0005030598840676248,9.083035547519103e-05,1.9583724224503385e-06,0.0010355721460655332,1.6064366263890406e-06,2.1651889255736023e-05,1.0287406837505841e-07,2.070334481629743e-08,6.848895850453118e-07,5,9
1.5164279831836325e-09,2.0241666619214525e-14,4.313477075523764e-10,6.325282908125479e-14,3.7713309808395934e-08,3.9770919890713685e-09,4.275529312102594e-13,1.706861041395058e-11,2.384810404709725e-10,7.987730299419127e-08,9.451549232153411e-08,4.6418030530404053e-10,5.68523596256032e-11,2.1386987233279475e-12,0.0008620742592029274,0.9991376399993896,1.0566044567061894e-12,4.2637986891191915e-11,1.2656853646750288e-12,4.846912801670378e-11,4.720310513989245e-13,1.765373329291886e-12,4.620854046621936e-12,15,15
1.2674510330157318e-08,7.705575622019012e-10,1.388637656418723e-06,4.389395513726413e-08,9.443473913961498e-08,6.371193421728094e-07,3.3284561218316355e-10,8.912882654144028e-10,4.013316790008048e-09,5.714151711799786e-07,5.246697014626989e-07,6.538208907613807e-08,0.016342883929610252,8.151017709678854e-07,1.184936195386399e-06,1.3464618753289415e-08,5.676990895153722e-06,0.09547582268714905,6.028364077792503e-05,0.8881003856658936,4.263155233275029e-07,5.384075763004148e-08,9.147343916993123e-06,19,19
0.9997839331626892,9.576705747860181e-12,2.5658270175199505e-08,4.1611110279732224e-16,0.00021276934421621263,1.1776972996813129e-06,4.2632417778312726e-13,5.150575361767551e-07,3.3898420181976974e-10,4.0039259374680114e-07,3.427000478950504e-07,2.0143106382874976e-07,6.486691290774615e-07,6.435029575868612e-08,5.2530119143412435e-11,7.115120125023022e-12,7.447545358196805e-11,2.5971741424157813e-10,5.840006256363495e-11,1.8091023124000571e-10,4.950675869253018e-09,2.4527860298384496e-10,1.914875480402145e-10,0,0
0.00618662778288126,0.0026150487828999758,0.009239482693374157,3.886244667228311e-05,0.00023693780531175435,0.01648532599210739,0.007217646110802889,0.005028774030506611,0.008776349015533924,0.021503861993551254,0.004299152176827192,0.0005735177546739578,0.21918334066867828,0.023007206618785858,0.008125968277454376,5.077341484138742e-05,0.006260550115257502,0.3546104431152344,0.00020322221098467708,0.17378829419612885,0.12177787721157074,6.932136602699757e-05,0.01072149258106947,19,17
1.3694121889784583e-06,3.33526514850746e-07,2.9586401069536805e-05,4.533931701189431e-07,9.629428632251802e-08,5.566321306105237e-07,1.660001136549738e-09,2.9360537112665952e-08,0.00018680696666706353,9.595455594535451e-06,4.6145676606101915e-05,5.057835927857468e-09,0.011346960440278053,3.305171067391477e-11,4.721522088857455e-07,7.500980103714028e-08,4.8410342969873454e-06,0.2990648150444031,9.12045152290375e-07,0.6893019676208496,1.1619916762128923e-07,4.734132801331725e-07,4.32872866440448e-06,19,19
0.015793845057487488,5.73673389681062e-07,3.863478013954591e-06,4.6893355865051944e-09,0.1026715636253357,0.05536370724439621,5.58403996819834e-07,1.3247608876554295e-05,3.6151915992377326e-05,0.015336508862674236,0.03223912790417671,0.7329870462417603,0.00019620032981038094,2.5254019419662654e-05,0.0001590678293723613,0.005955556873232126,3.539104000083171e-06,0.002958663972094655,1.9082923245150596e-05,8.506974040756177e-07,1.5260684449458495e-06,2.65847643277084e-06,0.03623140603303909,11,11
0.0006935816491022706,3.617060817528994e-11,1.256894029211253e-05,4.2421202661735435e-10,3.14929275191389e-05,0.992297351360321,3.442645279960743e-08,3.478160351733095e-06,8.156683179549873e-06,0.004304063972085714,0.0010692656505852938,0.00034418245195411146,3.3190310205100104e-05,0.0012010290520265698,6.054904844177145e-08,1.0367304525971122e-07,6.237433902711587e-10,1.2059722394042183e-06,2.212356093878043e-07,5.80085206536296e-08,2.6405919117955534e-10,8.543821899964499e-11,2.0855859261814658e-08,5,5
4.2048187848253704e-12,2.308633156606482e-13,3.0122618809025337e-12,1.6148621068828861e-12,6.729545393158176e-11,8.65100005520425e-11,9.754834093267384e-12,1.7084995527702485e-12,1.8802191747990804e-10,1.5623571880674092e-11,1.1632320662258167e-09,4.734176592413597e-11,1.0206418175895404e-11,2.8182303157819888e-09,1.0,1.3717135871615938e-08,1.9612953622294427e-11,2.5604421360903018e-11,2.566644271249918e-13,2.2981925390519464e-11,3.536216241703527e-12,1.3373538387817518e-12,1.1252491299851286e-10,14,14
7.981964699865784e-06,0.9997703433036804,2.811696901972027e-07,5.690776205824477e-08,2.154391687270163e-08,1.5514550000261806e-07,1.2843419426644687e-05,3.980560359195806e-05,7.376760868815779e-10,1.598271296643361e-06,7.635851488885237e-07,6.778835714982279e-09,3.335176006658003e-05,1.66842696103231e-07,8.489697833624632e-09,1.0737962838902604e-06,1.2244896652191528e-06,1.1766175703087356e-05,4.579672349791508e-06,2.7137062716064975e-05,3.076734856222174e-06,8.379180508200079e-05,3.3698281498573124e-08,1,1
0.0185996163636446,0.00018288007413502783,0.5980014801025391,4.315539570143301e-07,0.0029620754066854715,0.23563586175441742,0.00016062443319242448,1.0649969226506073e-06,2.485118955064536e-07,0.0029804259538650513,0.00152203266043216,0.0005855813506059349,0.0004810149548575282,0.00022395966516342014,3.4001030144281685e-05,8.387544880861242e-08,0.0025192375760525465,1.6547453924431466e-05,0.13595882058143616,1.1798917398664344e-07,8.610131772002205e-06,0.00012205255916342139,3.17336207444896e-06,4,2
0.0609610415995121,5.219708754111707e-08,7.113845867934288e-07,3.312128002419534e-11,2.5132667360594496e-05,0.10064834356307983,5.3261619115119174e-08,0.008028070442378521,0.8138467073440552,0.01187050249427557,0.0021539712324738503,0.0001102565584005788,2.398187177732325e-07,0.002334076911211014,3.978977929364191e-06,2.546939185776864e-06,1.4863944741705382e-08,9.085459140578678e-08,1.1131593282698304e-06,2.1728128629661114e-08,1.0907418072747532e-05,2.280352440209299e-08,2.110466084559448e-06,8,8
3.0461192181974184e-06,1.1929075299121905e-05,1.0033239732365473e-06,7.241659204737516e-06,8.110311711106988e-08,6.002787813486066e-07,4.784746487906943e-10,9.940450240719656e-08,1.426370488388784e-07,6.29886744718533e-06,3.0170100217219442e-05,9.365626851831621e-07,0.0001738565188134089,1.8360183373644645e-09,1.4838798051641788e-05,2.9477869034622017e-09,0.00351712666451931,7.619794359925436e-07,0.9949097037315369,1.9897905076504685e-05,9.478932042839006e-06,0.0012827625032514334,9.973343367164489e-06,18,18
0.0005342826480045915,5.324554877006449e-06,0.9212918281555176,1.839886998311613e-08,0.0035624532029032707,0.07357268780469894,5.9384212363511324e-05,1.7440610733387985e-08,5.396147528813344e-08,6.968215893721208e-05,0.00029557710513472557,3.434370000832132e-06,0.00023081383551470935,4.548232755041681e-05,1.6639607736124162e-07,1.2460201759267875e-08,9.53994458541274e-06,0.00030252302531152964,9.130561920756008e-06,3.8139055504871067e-06,6.151546472210612e-07,1.2652753866859712e-06,1.9325648281665053e-06,2,2
0.00028516637394204736,1.4430318273639386e-08,5.196859547140775e-06,2.985502289831743e-09,0.37613940238952637,0.595199704170227,2.0647346943292177e-08,3.3683616038615583e-06,0.002508552512153983,0.0003582864592317492,0.025311080738902092,0.00011140480637550354,3.250038957958168e-07,4.520995844359277e-06,1.5810283002792858e-05,4.982254608876246e-07,1.3033249146587877e-08,4.2120165744563565e-05,1.451035222999053e-05,4.2018954982125933e-10,2.601597270945888e-10,1.6006973524440582e-08,5.413312820223837e-08,5,5
0.08009711652994156,2.7927294254936896e-08,0.00023949732712935656,8.034385956534607e-08,0.11848026514053345,0.7634156346321106,2.4278986643366807e-07,5.118935223435983e-05,2.59109515354794e-06,0.0033317808993160725,6.85691848048009e-05,2.4822722480166703e-05,1.3951202163298149e-05,0.0342654213309288,4.05215541832149e-06,7.075969392644765e-07,6.168357380431644e-09,1.0663060265869717e-06,7.52317760088772e-07,4.4235125074010284e-07,4.886231419476417e-09,1.3527345288366632e-07,1.6917111906877835e-06,0,5
1.692992745994104e-09,5.6364754641435866e-08,4.865123928721182e-11,1.0828340002433379e-08,2.7264857038744594e-11,2.885613881176141e-08,1.0096212754717726e-10,4.5319689667699947e-10,2.326122692901389e-13,1.2223842382752537e-08,9.322130567479547e-11,1.8137878698976095e-10,2.935405252202372e-10,5.507193034937075e-10,4.440916967496378e-09,1.6561331299402848e-12,1.1934707799809985e-05,9.189511131213468e-12,0.9999864101409912,1.7781760439095073e-11,9.86639392408506e-08,1.4478871435130714e-06,8.157505226868977e-10,18,18
2.2308486791189353e-07,3.455542127994704e-07,3.6460874071053695e-06,3.4197341847175267e-08,8.827393926935656e-09,2.6467364477866795e-07,4.597280455626018e-12,8.39003587316256e-06,2.475054605710625e-10,5.191502783219448e-10,1.5906077843741429e-10,3.378969770650997e-09,0.004067564848810434,3.2167186247988866e-08,2.125624405380222e-06,2.1357243440434104e-07,0.9932142496109009,0.0004339389270171523,4.47807515513432e-08,0.00013834791025146842,0.0019937027245759964,0.0001345954224234447,2.2529400212079054e-06,20,16
0.034318868070840836,8.040792067731672e-07,0.16370907425880432,2.6635175842670833e-08,8.23086520540528e-06,0.0012869243510067463,3.951525741285877e-06,7.71411487221485e-06,0.0002444323617964983,0.0007385157514363527,0.7836235165596008,1.6085172319435515e-05,0.013774408958852291,1.8555087081040256e-05,3.7593088109133532e-06,3.4753398381326406e-08,2.643590596562717e-05,0.0003733585763256997,1.723379682516679e-05,0.00025414713309146464,2.7717868888998964e-08,2.776635028567398e-07,0.0015737027861177921,10,10
7.488145215006625e-09,5.698876179849321e-07,1.2508889085438568e-05,1.3066496329372512e-08,6.23974329982957e-08,8.080802693655187e-09,4.908551431981323e-07,1.4320653551891382e-09,4.274753884203619e-09,7.773952006573381e-07,1.0949748663335868e-08,8.095588088785632e-11,0.002238047542050481,6.375022038040967e-11,1.8691928005409864e-07,8.101675348370918e-07,1.0628089512465522e-05,0.014630058780312538,4.9752316044759937e-08,0.9830881953239441,2.840775721324462e-07,2.1874554079204245e-07,1.7032183677656576e-05,19,19
0.900632381439209,8.168787957174573e-08,3.6931502108927816e-05,1.527570514525678e-09,0.0011874658521264791,0.061521902680397034,2.405419991191593e-06,8.354435703950003e-05,0.00022691026970278472,0.004552067723125219,0.027879223227500916,0.0026385788805782795,0.00011363548401277512,0.0010094594908878207,9.321512379756314e-07,1.409984378142326e-07,5.64535912417341e-06,7.963795360410586e-05,6.065369575480872e-07,1.6182757462956943e-06,4.161650394962635e-06,3.95079311488189e-08,2.2763775632483885e-05,0,0
9.075033169381186e-09,4.3313186370852463e-10,1.0743769962573424e-07,2.33094588075744e-09,5.086820287908411e-12,4.8706084498917335e-08,1.0136025048804176e-12,5.380064749260782e-08,4.8692960774587846e-09,2.7854582529407423e-10,1.7603193347426327e-09,6.807379104856182e-10,1.075248334814205e-07,3.7116860767127946e-05,1.6821028339109034e-06,3.7680093420422445e-12,0.009365604259073734,3.09386329888639e-08,7.949033431486896e-09,1.0804448891121865e-08,0.9905951023101807,3.262726266939353e-08,8.70995151558418e-08,20,20
4.355650889920071e-05,8.69667727589063e-13,2.693232081796282e-09,7.946185484782042e-15,0.0004799228045158088,0.9994308352470398,1.2881337663195325e-10,9.311307280768233e-10,1.7370574596498045e-06,3.919074515579268e-05,4.5203225340628705e-07,5.815670078845869e-08,6.464015434026749e-10,4.2058704821101855e-06,4.093491517975778e-11,9.42143411897245e-12,5.488745851052468e-13,4.055009453218794e-11,3.1522268129080544e-10,1.4730477037802614e-12,5.013783659080229e-12,7.90748814084169e-13,1.0958016716244856e-09,9,5
2.4907944862206932e-06,1.1860079496273102e-07,7.245176675496623e-05,8.308132919410127e-07,1.0230752245377062e-08,0.01687629520893097,0.0018855868838727474,0.04337462782859802,0.00026596043608151376,0.8744971752166748,0.02120191603899002,5.977777561838593e-08,6.867735010018805e-06,0.003510622773319483,0.0007538449135608971,1.1747885331203634e-08,0.00016134239558596164,8.716809496434053e-09,0.004432390909641981,1.2603622678852844e-07,0.032148778438568115,1.9954528397647664e-05,0.0007884161313995719,9,9
3.5591612686403096e-05,9.949618515747716e-07,0.0005632974207401276,1.3269567389340153e-10,1.780711158971826e-06,0.9886654615402222,7.868064813010278e-07,9.539171878714114e-05,0.0019864654168486595,0.0002570200595073402,0.006514078006148338,0.0003893240645993501,4.204156357445754e-05,0.0009102002950385213,1.0619335625960957e-05,6.727945134343827e-08,9.138198038272094e-06,0.00020367163233458996,4.713730959338136e-06,2.1711457520723343e-06,3.8641846913378686e-05,2.9673749679659522e-08,0.00026848173001781106,5,5
1.567750769027043e-05,4.6271784147344786e-12,0.9993150234222412,1.452568669730106e-13,5.0767353059200104e-06,0.0006621854845434427,7.976209970284032e-11,1.8760798470296436e-11,1.3733457704390162e-09,1.7588855598660302e-06,1.5651654194925868e-08,1.9291904607143806e-07,1.0051738996708082e-08,9.212535445612957e-08,3.5734826209221637e-10,3.012040757869455e-13,8.439529630699383e-11,3.174522589244333e-10,6.273727093386583e-10,2.9240204008074144e-11,3.9865476913515663e-13,2.3931528633780452e-11,1.4182246685628258e-13,2,2
5.015361352889158e-07,3.060184772252228e-09,0.0001522465463494882,1.0083627266510575e-09,8.046211405599024e-06,4.2542946175672114e-05,2.605483189199731e-07,1.9044155123992823e-05,2.5231726041852198e-08,6.439347635023296e-05,1.7329409729427425e-06,4.180986434221268e-05,0.019255829975008965,0.0019709684420377016,0.9777290225028992,5.5659839404142986e-08,2.622596412038547e-06,0.0006870573270134628,1.5766332808198058e-06,6.183032382978126e-06,1.1781020475609694e-05,6.440050981382228e-08,4.176951733825263e-06,0,14
0.2949799597263336,0.00040630996227264404,0.013541009277105331,4.103441824554466e-06,0.11650905758142471,0.24095557630062103,1.1081682714575436e-05,0.0002940223494078964,0.007798254489898682,0.014171668328344822,0.026268601417541504,0.05761776491999626,0.008320615626871586,4.666701715905219e-05,0.04701794683933258,0.06544073671102524,5.309182597557083e-05,0.10287002474069595,0.002174210036173463,0.000609627750236541,4.0025970520218834e-05,9.784956637304276e-05,0.0007717617554590106,5,0
0.00010416025179438293,2.8393986212904565e-05,4.218508183839731e-05,0.00016806452185846865,1.089428405975923e-05,0.0004121346864849329,0.010846969671547413,9.361348202219233e-05,0.01397374551743269,0.02467847242951393,0.9424896836280823,1.1241579613852082e-06,2.476514282534481e-06,0.0010419567115604877,4.538605651305261e-07,7.128883225959726e-06,9.86829400062561e-06,1.5180236232481548e-06,7.43758903354319e-07,9.903219324769452e-05,0.001059611444361508,4.355605142336572e-06,0.004923397209495306,10,10
0.020420445129275322,5.751557523581141e-07,0.008843416348099709,1.571489633533929e-06,0.9463609457015991,0.009984544478356838,2.761952373475651e-07,4.754767530812387e-07,0.0003991182893514633,0.002183636650443077,0.008778191171586514,0.0006302186520770192,6.291098088695435e-06,2.4550370653741993e-05,0.0016015649307519197,2.3833621526136994e-05,2.2045774983325828e-07,0.0007275943062268198,1.2174381481599994e-05,1.8719947547651827e-07,1.0143895678993431e-07,8.585760014057087e-08,3.906264822717276e-08,4,4
1.1507040875713415e-09,1.1914956521419384e-10,1.6546738379474846e-07,1.167851260142072e-09,1.284804901358072e-10,1.8317025674008391e-10,6.298955091245742e-14,7.223427411773287e-10,3.034325221640266e-11,2.360773902754243e-11,2.228131901205188e-09,1.095616761377649e-12,0.00032818506588228047,2.184451508568941e-10,4.3748215716732375e-08,7.064900747755232e-11,6.582653895748081e-06,0.9986901879310608,7.263157436598888e-11,0.0009699896909296513,4.851236553804483e-06,1.4117457425300017e-08,2.7936604141132193e-08,17,17
0.04651692137122154,2.8719018274614427e-08,8.809052087599412e-05,1.5431977917756967e-10,6.083661901357118e-06,0.00010772200766950846,0.10508733987808228,3.567086241673678e-05,7.446035255043171e-08,0.8253255486488342,3.532408527462394e-06,4.036554400954628e-06,1.5611237813573098e-06,0.0228009894490242,2.1849371478310786e-05,1.6570517402669793e-08,1.1223733764609278e-07,5.298721461599598e-09,1.8824812286766246e-07,5.972454175662278e-08,2.026289180889762e-08,4.951224326366077e-12,7.936732515645417e-08,0,9
0.7991392016410828,3.9929718695930205e-06,0.0018294753972440958,1.3397457587771555e-09,0.003215378150343895,0.03846537321805954,1.131203816839843e-06,0.00045701806084252894,2.671397123776842e-05,0.0004028785915579647,1.6293568478431553e-05,6.662566738668829e-05,0.0002916706434916705,0.15589019656181335,5.539625999517739e-05,2.2565379254047002e-07,1.4153492884361185e-05,4.192597771179862e-05,9.518984001033459e-08,4.064744643983431e-05,4.009733675047755e-05,2.1972468289277458e-07,1.2618912705875118e-06,0,0
0.012128215283155441,5.788160706288181e-06,0.00018950678349938244,7.1730203998754405e-09,2.0463921828195453e-05,0.9833049774169922,0.0004905396490357816,0.0013385041384026408,5.081401104689576e-05,0.000794188235886395,9.201742614095565e-06,1.5065691059135133e-06,0.0013306017499417067,1.4463414117926732e-05,4.776719833898824e-06,7.100773018464679e-07,1.4248144907469396e-05,2.0044759367010556e-05,1.597909431438893e-05,2.480899820511695e-05,5.835413685417734e-05,4.6245904172792507e-07,0.00018184793589171022,5,5
1.2197318937978707e-05,6.756866923751659e-07,1.3111783118802123e-05,0.00010456412564963102,1.1989335689577274e-05,1.5076357158250175e-06,3.100376552711559e-11,3.446460596023826e-06,2.4085986538580073e-09,2.586242317192955e-06,0.00015311921015381813,4.086793481405948e-08,0.0017458011861890554,6.28130303326202e-09,1.1463489357765866e-07,3.3548926694493275e-06,5.036081711295992e-05,0.00024310288426931947,0.00014674791600555182,0.0048038046807050705,8.592576250521233e-07,0.9923943281173706,0.000308244489133358,21,21
3.055605768409464e-10,3.0175892788975034e-06,2.1817834205961617e-09,6.292416674519297e-12,8.549182195505267e-11,2.4935811193671498e-09,3.0435248765670053e-10,2.868214608042763e-07,1.7473476008125766e-12,6.463106716481093e-10,2.2818646278066623e-11,2.4500859240744743e-12,0.00025028412346728146,1.661015769371943e-10,1.438475560888719e-08,1.1379625242113889e-08,8.496602822560817e-05,2.9702294341404922e-05,1.2906745894269989e-07,3.757497779588448e-07,0.9995934367179871,1.8878054106608033e-05,1.8879836716223508e-05,20,20
5.5756710935384035e-05,1.1215417572429942e-07,6.263131581363268e-06,1.6401290325873674e-09,0.9525863528251648,0.04657077416777611,1.9060964362438426e-08,1.4689452143556991e-07,1.1097896503997617e-06,2.5071263735299e-05,0.0004396400472614914,1.396640254824888e-05,1.5878972590144258e-06,6.845835400781652e-07,1.0700448910938576e-05,1.7166930774692446e-05,1.8201998273070785e-06,3.7860013435420115e-07,0.00024766853312030435,2.689221467733205e-08,9.398106293190267e-09,8.741492820263375e-06,1.2038825843774248e-05,4,4
2.0836738201523985e-07,6.7993829588886e-07,5.9364175797327334e-09,2.11959638209136e-12,2.9667664158683493e-11,1.3669094300894358e-07,9.23735843372242e-09,0.9999653100967407,2.1343147693642095e-08,2.7309395633778877e-08,3.377686752514819e-08,1.976722431573652e-11,4.782747964782175e-06,9.968609937516248e-09,2.0660571031783093e-09,1.4333471909377948e-10,1.237829305722471e-08,1.4435005368795828e-07,8.162722053839389e-09,1.5799544144101674e-06,1.9077007891610265e-05,6.276080455336341e-08,7.843986168154515e-06,7,7
0.00884057767689228,7.145341669456684e-07,6.742010009475052e-05,1.0908105707585491e-07,0.00012174542644061148,0.45947936177253723,4.510907274379861e-06,0.00016670345212332904,0.019933488219976425,0.04989013820886612,0.39681392908096313,0.01552402414381504,5.647001671604812e-06,0.04771696776151657,3.6341687064123107e-06,2.577999566710787e-06,6.061975454940693e-07,2.075467364193173e-06,2.8852323339378927e-06,2.167503510008828e-07,1.1796714716183487e-05,1.0374674275226425e-07,0.0014108320465311408,10,5
5.490276635100599e-06,3.110709076281637e-05,2.4227172616519965e-05,6.368027811731736e-07,4.1528913641286636e-08,7.057632956275484e-06,0.00031565286917611957,0.0002655038551893085,3.1908653497225714e-10,0.00038345440407283604,2.3714399048913037e-06,3.465445885808549e-08,0.8614965081214905,4.841164263780229e-05,6.993216743467201e-07,2.1418536562123336e-06,1.4203315913619008e-05,0.11817154288291931,3.052962256333558e-06,0.01920754462480545,1.102988790080417e-05,1.1361610319227111e-07,9.1687752501457e-06,12,12
0.0027091517113149166,3.549745451891795e-05,0.8121931552886963,3.513205371064032e-08,0.0024544508196413517,0.03522304445505142,0.011922712437808514,0.00014805184036958963,1.673383121669758e-05,0.0631909891963005,0.03993816301226616,5.381833943829406e-06,0.0015571429394185543,0.000396234099753201,0.007624171208590269,8.759012416703627e-06,1.2825000339944381e-05,0.022187000140547752,0.0002839278895407915,5.3221709094941616e-05,4.745159912999952e-06,5.306256980475155e-07,3.3926087780855596e-05,4,2
0.00011217701830901206,2.3597044318535154e-08,1.5099789152372978e-06,6.266672944454932e-12,4.471876764000626e-06,0.003480642568320036,5.001516978353493e-09,0.01822812482714653,0.975446879863739,0.00011157249537063763,0.001959803281351924,6.996365846134722e-05,1.4008853668201482e-06,0.0005403775139711797,3.039266994164791e-05,4.0513896237825975e-06,1.9727369737765343e-10,1.1144179552502465e-06,8.850051247399904e-10,3.8699923265994585e-07,2.9314963967408403e-07,3.2029676688694053e-09,6.789065992052201e-06,8,8
0.0008373006130568683,1.0701983228500467e-06,0.0005605337209999561,3.1524939458904555e-06,0.00045998356654308736,0.012343131937086582,1.8481203767350962e-07,6.0364372984622605e-06,9.909263098961674e-06,0.00030993824475444853,0.0005512761417776346,0.00027533306274563074,0.8471273183822632,0.001353542204014957,0.0017582345753908157,1.971627398233977e-06,0.007632111664861441,0.019601168110966682,0.08187510073184967,0.022561414167284966,0.001627603080123663,7.377291331067681e-05,0.0010299336863681674,18,12
6.735675839308897e-08,0.9809174537658691,5.5348853278403e-10,1.7135745600249663e-10,7.896524406580951e-11,3.778232837703399e-09,3.532933667838023e-10,2.848271469702013e-05,1.7551203546073424e-11,2.5254015767472993e-08,3.777506663027452e-08,3.9417760722137984e-10,1.8759881641017273e-05,1.2251950920472154e-06,1.3512570262719237e-07,3.3330734006131735e-11,3.958687557314988e-06,1.5764722860467373e-08,8.402862476941664e-06,5.918252554693026e-07,0.00029170807101763785,0.018712354823946953,1.6811822206364013e-05,1,1
0.00014875696797389537,3.290097438934936e-08,0.0007924308883957565,2.3030273951007985e-05,5.965536615804012e-07,0.006629645358771086,0.0007451522396877408,0.0024735049810260534,6.597980473088683e-08,0.857923150062561,0.0005898907547816634,3.4896147553808987e-06,0.00853037741035223,0.00012288664584048092,0.0001089271972887218,9.011729140695479e-09,0.00014738341269548982,2.5344043024233542e-06,0.12171564996242523,3.075087079196237e-06,4.1156586121360306e-06,2.469174091856985e-07,3.512886178214103e-05,9,9
7.727489901299123e-07,2.429747780752223e-07,2.2709023141942453e-06,0.00024097325513139367,6.768853211269743e-08,2.5973724859795766e-06,0.004268401302397251,1.7130008927779272e-05,0.00026939561939798295,0.2407131791114807,2.2709434688295005e-06,6.8164753841415404e-09,0.009212302044034004,2.2888997364134411e-07,1.1350554132150137e-06,2.267396439492586e-06,7.517072390328394e-06,0.00013449249672703445,6.0404283431125805e-05,0.7448350191116333,0.00014873170584905893,1.1058589279855369e-06,7.957253546919674e-05,19,19
3.122112559594825e-07,4.4279283017978344e-10,1.9764101466535067e-09,5.292404292589481e-10,3.763203637596746e-11,8.845474894769723e-07,1.649774206136101e-10,0.9031360149383545,3.915304478141479e-05,0.0063058254308998585,4.1162161323882174e-07,2.3502359454141697e-06,0.00010689754708437249,0.09040127694606781,5.384707037592307e-06,9.685970775441533e-11,3.6578025330857855e-11,7.939855994898437e-10,6.096916536080244e-07,8.422583519518412e-09,5.524513539967302e-07,1.0651473626721586e-11,2.9917163146819803e-07,7,7
1.7603804636223686e-08,9.404584488947876e-07,6.990252927607798e-07,6.675711095027737e-10,9.771249587231523e-09,8.867904632836598e-09,1.061514653954987e-09,6.395085572208359e-10,1.0061567551344908e-10,1.6343955522302167e-08,1.9748584989542906e-09,3.445735474727485e-09,0.07955104112625122,7.202486940194319e-10,4.85588671494952e-08,2.4607416548860783e-07,0.003510227659717202,0.6082321405410767,1.810191463391675e-08,0.3071531057357788,3.812645809375681e-05,7.884033038862981e-06,0.001505515887401998,19,17
0.006495214533060789,3.518046132189312e-10,0.00036727089900523424,7.739800987616174e-12,0.0027143547777086496,0.8573095202445984,2.6192491731080736e-08,1.1938656143684057e-06,1.5967812032613438e-06,0.11787471920251846,0.007419320289045572,0.0070503405295312405,3.2604482385067968e-06,0.000749630737118423,1.6697642024610104e-07,1.3830089962141301e-08,4.658565755377708e-10,4.239516826487488e-08,1.2239976058481261e-05,2.747062854968618e-10,1.223688650409116e-10,1.0147681583916324e-09,1.1295792319288012e-06,9,5
0.22213250398635864,1.590307329024654e-05,0.019512159749865532,3.9568924137256545e-08,0.0004742519522551447,0.07078498601913452,4.858819920627866e-06,0.0003290959575679153,0.00015527635696344078,0.001446965616196394,0.02364489994943142,8.075333425949793e-06,0.027193943038582802,0.6312430500984192,2.932645111286547e-05,9.135400880211364e-09,2.9798034120176453e-06,0.0017061010003089905,9.57352099817399e-08,0.0011489081662148237,8.250660812336719e-07,1.551804018617986e-08,0.00016577925998717546,0,13
0.00378437084145844,5.872198744327761e-05,0.9628996849060059,1.3413117585514556e-06,0.0005811351584270597,0.008805594407022,0.00034211098682135344,2.953443754449836e-06,1.0841245057235938e-06,0.0008456575451418757,0.00010962010856019333,0.00041933570173569024,0.013594603165984154,1.1513034223753493e-05,1.788831013982417e-06,4.662523224396864e-06,0.0011251849355176091,0.00020628588390536606,7.006987289059907e-05,0.00018636554887052625,0.00646017724648118,0.00033287773840129375,0.0001549686276121065,2,2
4.190245363133727e-06,1.551099110264076e-10,2.0216329232880526e-07,1.715506070532058e-10,1.084985683519335e-06,1.5629315385012887e-05,1.4339406398389265e-11,9.064185064744379e-07,0.9999430179595947,2.6107156827492872e-06,2.988130654557608e-05,1.1125855507998494e-06,6.2614220475154525e-09,1.4301884903034079e-06,1.8924760425420573e-08,1.611926148115117e-09,1.3179621239853279e-12,5.028258254213824e-09,1.3029764767136243e-10,8.102197801562738e-10,8.400050099943712e-10,3.2858556153758656e-11,3.355141442451526e-10,8,8
0.7157393097877502,0.0018853216897696257,0.00654224306344986,8.571677767577057e-07,0.0029526245780289173,0.05408209562301636,0.009494537487626076,0.03726084902882576,0.00031068004318512976,0.032750487327575684,0.001048276317305863,0.00553223118185997,0.08832003176212311,0.026751134544610977,0.0018916900735348463,0.00026967187295667827,2.2370370061253197e-05,0.0009257819619961083,0.012131353840231895,0.001063598319888115,0.0008418153156526387,0.00010033223225036636,8.278857421828434e-05,5,0
0.0001488224370405078,4.638407062884653e-06,0.002364911139011383,1.9247530236299326e-09,0.0001178014645120129,0.9901004433631897,1.9448152670520358e-05,9.929734545721658e-08,3.4160575523856096e-07,0.00019581265223678201,3.6032877233083127e-06,3.386090838830569e-07,0.005952225066721439,6.682552111669793e-07,6.500896887473573e-08,7.969270576779763e-09,1.8323435142519884e-05,5.013929330743849e-05,0.0010128536960110068,4.680831352743553e-06,1.938452811600655e-07,1.3591520087175013e-07,4.4804314711655024e-06,12,5
0.12107951194047928,9.819288493417844e-09,1.0208084859186783e-05,5.0007304963628485e-09,0.0024239288177341223,0.5639110207557678,1.0926413551715086e-08,6.788102382415673e-06,0.00022335229732561857,0.0018192752031609416,0.012791944667696953,0.08775386214256287,7.680745329707861e-05,0.20620571076869965,0.00027254276210442185,3.0615098012276576e-07,5.260962279862724e-05,0.0001058725465554744,4.349926530267112e-05,4.5756831923426944e-07,0.00321977655403316,8.060524692155013e-08,2.314068296982441e-06,11,5
0.010897206142544746,1.7820745989993725e-09,2.5593456030037487e-06,1.4004569948156131e-08,0.0008083216962404549,0.0015333780320361257,1.624497897312338e-10,3.3191502324392275e-10,4.401546539156698e-05,6.499347364297137e-05,5.45106922800187e-05,0.00017579762788955122,1.8662461798157892e-08,0.9862868189811707,0.00013099025818519294,8.165421263583994e-07,1.9387269567516796e-09,4.633260175523901e-07,1.5562399147128758e-09,4.019678101485624e-08,2.010615673952998e-09,2.402162357917348e-10,9.43194944369452e-09,13,13
0.971404492855072,0.0013918407494202256,5.399305678110977e-07,4.836691810949922e-12,0.00020757789025083184,0.0003263052785769105,0.0048531400971114635,0.008418646641075611,4.77307970925267e-09,0.009428149089217186,1.2466685461731686e-07,1.0353529589224308e-08,1.6097390471259132e-05,7.640257535967976e-06,4.445750434456386e-09,2.3128855275444948e-07,3.4926790348777104e-09,7.988271732983776e-08,0.003944216296076775,2.1086795243263623e-07,6.443581241910579e-07,6.346577663407516e-08,4.21477563961048e-09,0,0
4.6253140206786725e-10,1.3117779928961681e-07,7.688761627377971e-09,2.622871364543755e-11,3.9602063850452396e-09,2.0793736510427152e-08,2.80400924701496e-10,7.150776082376353e-10,7.806416846278807e-09,2.1764057223094824e-09,1.909075342254596e-09,3.375857969903362e-12,0.0037882085889577866,2.960097444937304e-11,4.797968689018717e-09,3.8985504602351284e-08,1.691808364512326e-07,0.9956606030464172,2.8971650078979394e-10,0.00045344606041908264,2.031576332228724e-05,5.681688897141157e-09,7.73062783991918e-05,17,17
0.0003886647173203528,5.8718836726257e-07,0.9964008331298828,1.123509618672358e-09,1.588408849784173e-05,0.0008528025355190039,5.720576154999435e-07,0.00043301202822476625,2.3445627448381856e-05,4.724864265881479e-05,3.959575224143919e-06,1.7328947023997898e-06,2.3762187993270345e-05,0.001789355301298201,9.615626368031371e-06,4.048881976359553e-07,9.019138929033943e-07,4.387969511299161e-06,2.043186952960241e-08,1.5512235904679983e-06,8.285896342385968e-07,3.930683689645775e-08,3.592409996144852e-07,2,2
0.9769352674484253,1.0045611276154887e-07,9.68576714512892e-05,4.165803701994264e-09,0.016163263469934464,0.0017443952383473516,1.232363211478571e-09,3.8334425767061475e-07,5.462491571961436e-06,0.00019430139218457043,0.002134351758286357,0.0010102965170517564,5.950582635705359e-05,7.46629448258318e-05,0.0015094394329935312,7.862573880856871e-08,4.6893328544683754e-06,5.636822243104689e-05,6.901233064127155e-06,5.970984489067632e-07,1.9958251868956722e-06,6.301344228631933e-07,5.25815551100095e-07,0,0
0.9997122883796692,1.0798851590720915e-08,6.373640815127146e-08,4.1517025819830244e-13,1.7136511587523273e-07,1.890761632239446e-05,7.775603449999835e-08,7.747362542431802e-05,2.7286970905038288e-08,0.00018612909479998052,2.8045533326803707e-06,4.785335363521881e-07,3.6917824353110973e-10,1.587982524142717e-06,2.1193542476538596e-09,1.68352467383448e-11,4.288768992721792e-11,4.862547170469966e-11,2.6172080058728397e-09,4.895487661082942e-12,1.3763749862061303e-10,9.169945358600273e-11,1.8255405520584134e-10,0,0
0.1153699979186058,1.3934236875456918e-08,0.00025063959765248,2.8433920107318045e-08,0.0015961886383593082,0.46197009086608887,8.932828677643556e-06,8.488813182339072e-05,2.9886821721447632e-05,0.2691199779510498,0.008683567866683006,0.0048607406206429005,2.983745162055129e-06,0.13731469213962555,0.0005253210547380149,7.685730452067219e-06,1.7027990907081403e-05,2.713854200919741e-06,2.1165833459235728e-06,2.1771093372535688e-07,9.822491119848564e-05,3.272287329991741e-08,5.4050371545599774e-05,10,5
8.256099590653321e-07,1.2071305732774817e-08,4.392612424908293e-07,1.4988342789123976e-09,7.115201015039929e-07,0.00046814067172817886,9.114667354204187e-12,8.095724979284569e-07,1.1925916254540425e-08,2.521439235181333e-08,7.76450193029632e-09,1.0999626098850968e-08,0.966984748840332,4.665127839587058e-09,1.0368655978254537e-07,2.4209670712593834e-08,0.026337549090385437,0.005344603676348925,2.7360922103980556e-05,2.7755559131037444e-05,0.00036199591704644263,0.00038901864900253713,5.587529085460119e-05,12,12
4.998485019314103e-05,5.046889782533981e-06,6.291702447924763e-05,2.335830231459113e-06,1.903616066556424e-05,0.0005679904716089368,0.0036957573611289263,0.04623238369822502,0.0005664363852702081,0.31993335485458374,0.0002227438089903444,6.5423942032794e-06,0.002434095600619912,0.003388934535905719,0.08933863788843155,0.0013818559236824512,4.952714152750559e-05,0.00021739696967415512,7.4469503488217015e-06,0.0009986574295908213,0.5300844311714172,3.084902118644095e-06,0.0007314184331335127,9,20
0.00044988442095927894,0.003170844865962863,0.0003314981877338141,0.0003276998468209058,1.1601083315326832e-05,0.00016474405128974468,5.460236934595741e-05,0.048244673758745193,0.00037736911326646805,0.0005672858678735793,0.004059405066072941,1.2976406651432626e-06,0.025832202285528183,1.4383591917521699e-07,0.004153002519160509,0.3577784597873688,0.0005419561639428139,0.0917191132903099,0.0007336472044698894,0.3266083002090454,0.007489899639040232,0.003676291322335601,0.12370616942644119,19,15
6.149416094558546e-06,0.0004027864197269082,0.0009469982469454408,0.00037578155752271414,5.705715580006654e-07,2.4384537027799524e-05,1.567999424878508e-05,0.00027640131884254515,5.239072820018009e-08,0.00041904972749762237,0.005020292941480875,7.537662582990379e-08,0.50617915391922,1.1011062639454394e-07,0.009548050351440907,3.4743704873108072e-06,0.0008966097375378013,0.27150866389274597,0.0002898327074944973,0.02980644628405571,3.1271049465431133e-06,0.0652352124452591,0.10904117673635483,12,12
0.00028413653490133584,8.277005747459043e-08,0.9997044205665588,1.1883712330157392e-13,9.805457779066273e-09,9.973346095648594e-06,2.4923887398387023e-09,1.1139786870728585e-09,4.008723131221359e-09,1.0858145742531633e-06,4.7216403231686854e-08,5.9858562551085015e-09,5.434284133798428e-08,1.238054636587549e-07,1.2670763049893452e-10,6.483311066826647e-13,1.1293614043950129e-08,3.603810583285849e-08,1.3697409873003608e-10,7.653817579722499e-10,6.234389116066552e-10,2.858566716668065e-10,4.1621241175793244e-11,2,2
2.5872115656966344e-05,8.304859875352122e-06,2.1146252038306557e-05,1.0114858014276251e-05,3.6665725929196924e-05,0.00025132461450994015,9.782594734275563e-10,0.0018719237996265292,2.0943916752003133e-06,6.088334316700639e-07,1.1267599120401428e-06,2.138828676834237e-06,0.18458491563796997,3.909989118255908e-06,0.0005604329635389149,2.6471955152373994e-06,0.25154271721839905,0.010808579623699188,0.31571444869041443,6.192002183524892e-05,0.08455774188041687,0.03341921791434288,0.11651220172643661,22,18
4.292463415822567e-07,2.079814294120297e-06,3.79942298422975e-06,0.0006499405135400593,3.5021557778236456e-06,3.3398368941561785e-06,1.4667564385284493e-10,0.00028766493778675795,2.3698330551269464e-06,8.167584155671648e-07,0.00020177745318505913,2.087619037638433e-07,0.040182411670684814,3.832709012385749e-07,0.014090915210545063,6.555660547746811e-06,0.0057581402361392975,0.0195779986679554,0.38505932688713074,0.12165647000074387,6.0309979744488373e-05,0.000553782912902534,0.41189777851104736,22,22
3.3809224078140687e-06,2.2481378891825443e-07,0.007512297946959734,6.220825525815599e-07,6.741516926922486e-07,0.0013176548527553678,1.8852334733310272e-06,6.243478622991461e-08,4.8226358018155224e-08,0.00011427683784859255,0.00035441562067717314,9.604333328638859e-09,0.9767665863037109,4.88627982520029e-09,8.76970389640519e-08,1.539167571174005e-09,5.1743527365033515e-06,0.00646120635792613,0.00032327728695236146,0.006992025300860405,4.094003003274338e-08,1.130029522755649e-05,0.00013470316480379552,12,12
1.1115416782558896e-06,5.1101474127790425e-06,1.0420400258226437e-06,7.819302982881027e-10,3.199028952849403e-08,1.2095937336198404e-06,7.1577934690481015e-09,1.6065122281361255e-06,5.495285677170614e-06,7.650939437553461e-07,1.7386680539743793e-08,2.3849451302737634e-09,0.07533936947584152,1.9737902423599962e-09,1.8448322407493833e-06,0.0004430878034327179,2.9336488296394236e-06,0.8450852036476135,1.4430983519275742e-08,0.07908575981855392,2.0832814698223956e-05,4.978074130690402e-08,4.4108346628490835e-06,12,17
1.3815245836212853e-08,7.584149308570431e-09,1.373200007037667e-07,2.0120415056279484e-10,2.620039936118701e-07,2.4430221734483837e-10,5.970559333393077e-13,7.382989185289457e-12,6.148285769391748e-10,8.825177921778504e-09,3.742106069459794e-10,5.102341327223314e-10,0.008634650148451328,4.880849613364546e-10,1.5317743873310974e-06,9.332013178209309e-06,5.993328500153439e-07,0.09859194606542587,4.504918393877233e-08,0.8927608132362366,7.78751285679391e-08,5.029605745221488e-07,6.897192594834678e-09,19,19
0.8995391130447388,7.196993578872934e-08,0.00046249685692600906,5.072942066419728e-11,5.38912026968319e-05,0.029192715883255005,2.0650384158216184e-07,4.647524474421516e-05,0.017316536977887154,0.0037441407330334187,0.0009805888403207064,0.0012617941247299314,1.1448631198618386e-07,0.047383420169353485,1.8164610082749277e-05,2.6217961135444057e-08,5.371174061075124e-10,8.25645951607612e-09,4.874115688835445e-08,1.113836689548009e-09,8.521379157855336e-08,4.668791464546018e-10,1.0177025444590981e-08,0,0
0.00025292523787356913,0.00038654994568787515,0.003916144836694002,4.951780283590779e-06,3.405183815630153e-05,0.00047904610983096063,1.2034686278639128e-06,0.00028764564194716513,9.464632967137732e-06,0.004459465853869915,0.0008715903386473656,0.06595058739185333,0.5329498052597046,0.007340355776250362,0.09593255817890167,1.7119718904723413e-06,0.16978134214878082,0.0019911136478185654,0.02260742522776127,0.016851404681801796,0.05718686059117317,0.007268813904374838,0.011434952728450298,12,12
4.8599044788488754e-09,3.861898214413406e-12,6.7956773541766324e-09,2.7174245492700422e-11,1.5903600658617734e-10,4.963471300634126e-11,4.30762386481251e-13,1.4434893558235018e-10,1.2034314788179207e-13,1.0774926506584848e-09,9.2125969075596e-09,9.395507982734586e-11,0.004530597478151321,1.757038633511121e-12,3.338377064210363e-05,1.2048860575930576e-08,4.9231671255256515e-06,0.9953332543373108,5.1811763213116535e-11,9.336370567325503e-05,2.250662944902615e-08,5.691782600791839e-09,4.4004532355756965e-06,12,17
0.008707836270332336,2.487964138708776e-06,0.0005630612140521407,3.665808101516177e-09,0.011221323162317276,0.0505356527864933,9.305491062150395e-07,1.4287256817624439e-06,0.000274446327239275,0.010802088305354118,0.0033690561540424824,0.2423028200864792,5.859269731445238e-05,7.0267965384118725e-06,0.1491387039422989,0.521113932132721,8.467083603136416e-07,0.0018818514654412866,5.878247861801356e-07,7.505058874812676e-06,8.585490149926045e-07,1.042333508394222e-08,8.891949619282968e-06,11,15
3.5997960168288046e-09,3.301603561806912e-15,2.2830622808944767e-11,7.308547891231656e-14,2.2219563688974375e-10,9.089470864864779e-08,4.683813206839279e-16,1.4744221121798518e-10,0.9999998807907104,1.3016334676763108e-08,9.695305891455064e-09,1.9900789904880867e-09,1.656600854757495e-12,6.981388800397781e-09,9.664430367095633e-10,4.003201936608747e-11,4.448932558752438e-15,1.5402538185854686e-12,2.5269532560184826e-13,2.6286518941360734e-14,3.8290148829389636e-11,2.279421226422662e-14,9.003966192425161e-13,8,8
0.0005513603682629764,0.010382909327745438,0.0001114107872126624,2.047425141427084e-06,1.3150560334906913e-05,0.0012367977760732174,0.00024481979198753834,0.014161388389766216,0.0001619123067939654,0.017527110874652863,0.9060536623001099,1.7547337847645395e-05,0.009964807890355587,3.089032134084846e-06,0.002555479295551777,0.0017577243270352483,6.591415876755491e-05,0.008437205106019974,0.0037323669530451298,0.0221733208745718,1.847748899308499e-05,0.000341853650752455,0.0004856380692217499,9,10
7.763026701468334e-07,2.368997359392111e-12,1.639814684040175e-08,1.1166161752011478e-14,2.123807726905902e-11,3.6962292142561637e-06,4.020975211460609e-06,2.0624011654035712e-07,4.743408998919563e-10,0.9999850988388062,6.027966719557298e-06,3.3832001644640286e-09,2.1070862388228306e-08,1.990312448185705e-08,3.0478491952479203e-10,1.482209212137764e-12,4.039124720453535e-13,2.9972187925997318e-12,6.595719082014284e-09,1.5832962111522741e-12,4.5932514736168883e-11,5.108464649558608e-13,4.0860665961872655e-09,9,9
3.5567894116073084e-12,1.912744268528499e-12,7.428491710648188e-10,1.925824950899102e-11,1.3509329939431769e-11,5.901930055784987e-10,1.1975315704348954e-11,1.0172881559356028e-07,5.340842698653425e-11,2.6538103270468127e-08,0.9999969005584717,1.2158819957808209e-11,2.0738914752183035e-10,2.51533533585091e-11,3.0322501061164076e-06,1.707406482864826e-08,1.5788959766352417e-13,1.2898297707675255e-10,8.811970708677563e-09,2.576784063901272e-10,3.4607500242270217e-13,1.0825262908298328e-10,3.196777009772944e-10,10,10
7.196540536824614e-05,1.597974530476165e-10,0.00014416303019970655,1.1817478480224963e-06,7.65183415296633e-07,0.0002868200244847685,0.000412997993407771,1.593273555045016e-05,1.3268424581269755e-08,0.997582197189331,0.00030894618248566985,1.2532740356618888e-07,0.0010108546121045947,7.253329386003315e-05,4.101775266462937e-05,1.3633443813887425e-06,7.249840194845092e-08,1.0740862308011856e-05,1.553009276733519e-08,3.703059337567538e-05,1.813513819115542e-07,2.4832060852020277e-09,1.2125061630285927e-06,9,9
2.869056207888132e-11,8.20249257242351e-15,3.4145102745242184e-08,2.0463545205681895e-15,4.278812720803771e-11,2.12539794791633e-11,1.2591851186413185e-14,8.23582535177704e-14,2.2331969444251004e-14,9.471439604835652e-11,9.457867567461489e-14,3.717684797163723e-13,0.001687641954049468,2.903620540620905e-13,5.222934529314216e-09,5.6663848960192276e-12,5.430906835357519e-10,0.9982841610908508,9.511067627920866e-11,2.817857966874726e-05,3.4549845623343955e-11,8.759707369188074e-13,4.336344651412194e-13,17,17
0.41848570108413696,7.467409886885434e-05,0.07586747407913208,3.3978653846133966e-06,0.19243545830249786,0.17062775790691376,0.0002665713254828006,0.0005240090540610254,0.0545477569103241,0.024205217137932777,0.0012491762172430754,0.0002558416163083166,0.00011998547415714711,0.006381269544363022,0.0345831923186779,0.019178839400410652,9.233044693246484e-06,0.0005585958133451641,0.0003442669694777578,3.6974997783545405e-05,5.043836154072778e-06,2.3893693651189096e-05,0.0002156250411644578,0,0
0.0006347376038320363,0.9916182160377502,0.0036894504446536303,6.413198150312382e-08,2.8309074195931316e-07,0.00010833323176484555,0.0010502506047487259,0.00012470220099203289,1.1482179615995847e-06,0.00074589136056602,0.0005320731434039772,2.9178968929954863e-07,0.00018608396931085736,0.000263239344349131,1.631464954243711e-07,9.143863621829951e-08,0.0005880925455130637,0.00016469422553200275,1.7689282685751095e-05,3.41874074365478e-05,0.0001305676851188764,5.694988885807106e-06,0.00010401457984698936,1,1
0.8882866501808167,5.073551889722694e-08,1.3214311366027687e-05,7.215651687264568e-11,7.333272151299752e-06,0.008525730110704899,2.336788156753755e-06,0.06878334283828735,0.00019289310148451477,0.019301235675811768,0.014347318559885025,7.751324119453784e-06,0.00035761541221290827,0.00013438575842883438,1.7699150589578494e-07,1.765674939591122e-09,2.7608937358536423e-09,3.290122378984961e-07,2.498438220754906e-07,1.616198801457358e-07,2.9172537324484438e-05,3.328535314039982e-08,9.988401870941743e-06,0,0
0.026796530932188034,2.750031455889257e-07,0.0010170554742217064,1.282598844909444e-07,0.003055245615541935,0.530509889125824,6.996394859015709e-07,6.0723912611138076e-05,4.198677743261214e-06,0.006422632373869419,0.018045006319880486,0.2019389271736145,0.003908674698323011,0.1883314847946167,5.987479380564764e-05,1.0655415962901316e-06,5.911726361773617e-07,0.01978384517133236,5.112349390401505e-05,6.653763193753548e-06,8.445329058304196e-08,1.7297163594776066e-06,3.615391278799507e-06,4,5
1.1293307579762768e-05,1.480014543631114e-05,6.522704643430188e-05,3.4146225402764685e-08,2.17558913107041e-08,3.9542590002383804e-07,9.890182894878308e-08,6.652828233200125e-06,1.7205184121849015e-05,1.7331237813777989e-06,1.259130954167631e-06,1.5036238210086594e-07,0.15458928048610687,4.29011407732105e-07,3.496196825381048e-07,2.0612478124348854e-07,0.00014471916074398905,0.8400710225105286,2.325437208128278e-06,0.004068645182996988,0.0009161893394775689,8.20167115307413e-05,5.923601747781504e-06,12,17
0.7835292816162109,6.145863881101832e-05,0.003789374837651849,5.602709407526163e-08,0.007117139641195536,0.012360424734652042,3.0495948522002436e-07,0.00014599718269892037,6.388066685758531e-05,0.00022473945864476264,0.0002473593922331929,0.0015722843818366528,0.002481867792084813,0.18662704527378082,1.8295206245966256e-05,1.4336659148739272e-07,0.00065003422787413,2.3881935703684576e-05,4.983157850801945e-06,0.0004548130091279745,0.0003487441863398999,0.00012530483945738524,0.00015259817882906646,0,0
4.663245434244345e-08,3.311035641218041e-07,5.932627755100839e-05,1.1143365119536952e-09,5.559456894843606e-08,8.487886304919812e-08,2.2018482592756072e-09,1.0473261369270404e-08,9.163748093676816e-10,3.9697087572676537e-07,8.075865531864679e-10,1.193797487530901e-07,0.24052903056144714,2.1241694980744796e-07,3.4509008401073515e-05,1.1235419705712957e-08,0.0003482045140117407,0.7545681595802307,7.640820598453502e-08,0.004114869982004166,6.571261474164203e-05,1.2042034995829454e-06,0.00027761232922784984,12,17
0.007853781804442406,0.050411149859428406,0.0001621749106561765,5.153074744157493e-05,0.00015229781274683774,0.020796949043869972,4.211132818454644e-06,0.0026449912693351507,0.008301367983222008,0.001139692380093038,0.004682554397732019,6.388608017005026e-05,0.002663485938683152,0.0908612534403801,7.291200017789379e-05,1.0518117505853297e-06,0.0013394610723480582,0.00046906148781999946,0.00021980967721901834,0.0031163326930254698,0.7861976623535156,0.00797306839376688,0.010821357369422913,1,20
1.1581520631409603e-08,1.9660587824432696e-08,1.0769482372552375e-07,1.5101056256155987e-12,1.5027339372863935e-07,9.916030103340745e-05,2.7893685139446234e-09,6.23877724592603e-07,3.5400213871383812e-09,4.206582957522187e-07,3.836481937469216e-06,4.510136430990741e-10,0.0017051819013431668,8.09960098990814e-10,1.0205558176323848e-08,1.1417458978257855e-08,7.561223810625961e-06,0.9979422688484192,7.327890472197396e-08,4.391969559947029e-05,1.800532845663838e-05,2.0716427684419614e-08,0.00017855188343673944,17,17
1.956399042768453e-09,3.5625126315608213e-07,1.339298449920534e-09,2.3206039520551336e-11,3.79352591006743e-11,1.687536395345024e-11,0.9999561309814453,4.4797582310351913e-11,2.705718982198846e-10,3.454038596828468e-05,1.5210092740858272e-08,4.360886998733271e-11,3.66733887702253e-09,2.9529101084335707e-06,5.71243830016499e-10,3.927445313411937e-10,7.031959459169457e-09,3.472696574746692e-09,3.38544997591228e-10,3.887862021656474e-06,2.057142864941852e-06,3.3099082502596744e-11,5.036674632918903e-09,6,6
0.00010140654921997339,1.4886384633427951e-05,0.000822944741230458,4.6259280850335927e-08,6.284984010562766e-06,0.007805380504578352,0.0006456731352955103,0.001424502581357956,9.686209523351863e-06,0.0002751583233475685,0.00010140770609723404,1.1250668876527925e-06,0.20926989614963531,6.437434421968646e-06,0.0005913068307563663,5.548356512008468e-06,0.00020901284005958587,0.7634549140930176,3.2133664262801176e-06,0.003295134985819459,0.0009993140120059252,3.249555447837338e-06,0.010953417047858238,17,17
2.287021970914793e-06,8.958118996815756e-06,4.3242521314823534e-06,9.601419878890738e-05,5.2110415538209054e-08,2.2925730718270643e-06,7.822740677454476e-09,8.152645705195027e-07,2.0227091113156348e-07,1.2857428373536095e-05,0.00016836993745528162,2.565177419455722e-05,0.07109689712524414,1.0806872552393543e-07,0.12023812532424927,3.3009621347446227e-06,0.05351826921105385,0.0008095885277725756,0.00015942419122438878,0.7463217377662659,0.004157373681664467,0.00038764896453358233,0.002985643921419978,19,19
9.722610411699861e-05,3.183005503615277e-08,0.9913881421089172,7.446159140667152e-12,7.293609201042273e-07,0.00035254695103503764,9.200850570323382e-08,6.212688674622768e-08,1.4363878975132138e-08,0.0016251932829618454,0.00023134412185754627,7.99488952907268e-06,0.006282675080001354,4.178777999186423e-06,5.544559371628566e-07,9.923133495459702e-12,6.603236215596553e-07,1.8676038280318608e-06,4.574999366013799e-06,1.8416782268104726e-06,8.028274045557282e-09,4.13411740396441e-08,6.292111720540561e-08,2,2
1.706478180985016e-09,2.977743349674711e-07,1.640345999476267e-06,4.464981995244699e-10,2.3644159963254197e-09,6.159630316915354e-08,3.2949745332189195e-07,2.03250944963429e-08,2.6429241017922322e-09,2.401603296675603e-06,8.191435085791454e-08,1.035296381957096e-08,0.009345248341560364,2.864692305593053e-07,0.00071889185346663,2.8424086195855125e-08,7.384556397482811e-07,0.979391872882843,4.225649092859385e-07,0.01050197146832943,3.3391393117199186e-06,1.0932364347127077e-08,3.238255885662511e-05,19,17
0.0011064049322158098,0.0005038301460444927,0.0002738421899266541,2.408127954822703e-07,1.4021553397469688e-05,0.006151326932013035,3.006049337272998e-05,0.008731870912015438,0.0003906273632310331,0.000415648624766618,0.9771540760993958,2.600677908048965e-05,0.00015889661153778434,1.9591110685723834e-05,8.576714208174963e-06,0.0001815661962609738,1.0460316843818873e-05,0.0023246346972882748,1.8677583284443244e-06,0.0021611349657177925,0.0002063043648377061,8.653480472275987e-05,4.238061228534207e-05,19,10
6.11640189163154e-07,4.1958911900508156e-09,1.3716168825728126e-11,1.0585877063817861e-08,1.382250758297232e-07,1.9290267161409247e-09,2.1253217935557345e-11,4.0552791347181483e-07,1.771855856480542e-10,4.309354295628509e-08,2.688924430338524e-11,3.811709559098375e-10,0.9999233484268188,2.59862131812838e-10,2.510745673589554e-07,1.8846295191110585e-08,2.379264060436981e-06,1.5924031686154194e-05,5.4529397885971775e-08,4.127618740312755e-05,1.365520006402221e-06,4.2702461655608204e-07,1.3677845345227979e-05,12,12
3.9404952190125186e-07,1.7509620420241845e-09,2.2510173948830925e-05,1.823111084320317e-08,4.692968502695294e-07,0.0026341744232922792,1.659136855680643e-10,6.364077043130578e-10,2.008989197221922e-09,2.439296849843231e-06,7.067159799589717e-07,9.490899174124934e-06,0.0010956510668620467,9.90593207461643e-07,5.359321221476421e-06,1.11489983911639e-09,0.9946326017379761,0.0007875394076108932,0.0004324237524997443,1.8789651221595705e-05,3.204015956725925e-05,3.2573201025343224e-08,0.00032423139782622457,16,16
6.855095193714078e-07,1.398211338710098e-06,0.9999803304672241,2.6273827558043195e-10,3.1159981972450623e-07,1.176562909677159e-05,3.575981466497069e-08,1.2978162988730446e-10,1.1981886316458912e-10,4.187259889931738e-07,9.310147675023472e-08,1.8437265936199765e-08,1.7330056607534061e-06,1.1428650914524496e-08,1.7423269771388306e-10,1.7050949541186355e-10,7.207032695077942e-07,1.3918480590291438e-06,1.1643624020507559e-07,2.701907817481697e-07,4.501560724179399e-08,5.64561162263999e-07,9.402548073467187e-09,2,2
0.0021570571698248386,3.2140312669071136e-06,0.0001308731152676046,9.174355719565597e-10,0.005143392365425825,0.5257561802864075,3.5204454889026238e-06,1.2262276868568733e-05,2.4574199414928444e-05,0.003004254074767232,0.0004206249432172626,0.24457815289497375,2.634402335388586e-06,0.2186625599861145,7.880936027504504e-05,2.576025735834264e-06,2.455514049870544e-06,1.4178394849295728e-06,1.3595313248515595e-06,1.1259464116619711e-07,1.2814286492357496e-05,4.252106862168148e-07,7.227264973153069e-07,11,5
4.1609305867496005e-07,3.7437305309140356e-06,0.9995920062065125,3.781372548417039e-09,3.486465232072078e-07,2.0389979908941314e-06,1.3588774550044036e-09,2.0414758239439834e-07,1.3209425560489763e-05,4.11490617580057e-07,4.01750725131933e-07,1.4366563050316472e-07,2.0227571440045722e-05,1.1637193892966025e-05,7.835089490981773e-05,4.696428490547078e-08,4.990046136299497e-07,0.00020656535343732685,4.798282660090081e-08,1.641796188778244e-05,2.6335535494581563e-06,5.043857163400389e-05,3.5036541135013977e-07,2,2
9.155691316209413e-08,8.523559699824546e-06,1.300687017646851e-05,5.621928949040012e-07,1.887737610672957e-08,1.0942723349671724e-07,2.6247389541822486e-06,1.47819775975222e-06,1.7972621435546898e-07,8.443540195912647e-07,5.346075795387151e-07,7.885969210974508e-09,0.020856235176324844,1.7042638411624011e-09,6.196185950102517e-06,5.914077519264538e-06,0.0027090220246464014,0.005986116826534271,9.010252597363433e-07,0.9484614729881287,0.00043814248056150973,3.2642512906022603e-06,0.02150467224419117,19,19
0.2140459269285202,0.0032193572260439396,0.05020679906010628,5.2271225285949185e-05,0.07229352742433548,0.06510822474956512,1.0681471394491382e-05,0.00023174089437816292,0.005612356588244438,0.0022480867337435484,0.04744408652186394,0.03868861868977547,0.0033524660393595695,0.0007566940621472895,0.32390454411506653,0.04244520515203476,0.0005791219300590456,0.12702088057994843,0.0006334975478239357,0.0010832874104380608,0.0001742016029311344,0.00020520476391538978,0.0006832286599092185,0,14
1.8184596939363473e-08,5.271339986734347e-08,1.334145016684829e-10,7.589206347802246e-07,5.918494707657374e-07,4.231314960634336e-05,4.629131922229135e-08,9.791478738918613e-09,2.194053161375109e-09,2.0616009805962676e-06,8.178247412615747e-09,2.4677217425050912e-06,0.0002367718843743205,2.9833976441295817e-05,0.0012982921907678246,3.232635137351281e-08,0.033231839537620544,1.5088980944710784e-06,0.00015952938701957464,8.430847810814157e-05,0.0002133078669430688,1.4265707193317212e-07,0.9646961688995361,5,22
1.9199690086679766e-06,0.0028460118919610977,0.0007188683957792819,1.2021948350593448e-05,5.419461103883805e-06,2.5186243874486536e-05,2.9740083846263587e-05,2.3160008311151614e-07,3.658163905129186e-08,5.038588824390899e-06,0.00012883143790531904,6.295728667282674e-07,0.015223336406052113,8.333124128512281e-07,1.5975034330040216e-05,3.393495489945053e-06,0.5634792447090149,0.05352412909269333,0.000822372967377305,0.0482800267636776,0.009170490317046642,0.001854140660725534,0.3038520812988281,22,16
0.007664976641535759,0.3157852292060852,0.00011759641347452998,0.03929964825510979,0.00018711827578954399,0.0031059286557137966,3.7110735320311505e-06,0.060488417744636536,2.9206394174252637e-05,0.00028732800274156034,0.0008054425707086921,1.8879629351431504e-05,0.0023934836499392986,0.00014018185902386904,0.00020940690592397004,6.738872616551816e-05,0.033441316336393356,0.0008375177858397365,0.0021359422244131565,0.001481790328398347,0.13483892381191254,0.39608466625213623,0.0005759730702266097,21,21
8.369628631044179e-05,2.5530083255786984e-11,1.2161622180428822e-05,5.598005782883608e-13,3.2474071076649125e-07,0.05759374424815178,6.485922767751617e-07,5.504098155029169e-08,3.7370404015746317e-07,0.5071656107902527,0.025114277377724648,0.10345599800348282,6.756804850738263e-06,0.30656611919403076,8.341790191934706e-08,6.302438015914902e-10,1.0170911335372068e-10,1.9349664626133745e-07,6.177323541578517e-09,1.8965481962673891e-10,1.8372415810929965e-09,3.382778432370337e-12,1.9453387789525323e-09,9,9
0.9865013957023621,9.92921300735361e-09,0.003272072412073612,4.314322163412321e-11,3.92177898902446e-05,6.660585540885222e-07,5.821902959723957e-10,7.135185775553055e-10,7.437339490934392e-07,0.009865013882517815,5.4798256314825267e-05,4.6866873162798584e-05,3.166005058119481e-08,5.215556029725121e-06,0.0002137587871402502,1.4706543538522965e-07,6.522133527697704e-11,8.198263401482109e-09,3.325381303653785e-09,2.8639144389330795e-09,2.4849842669705247e-11,1.688920808762262e-10,4.076176729483905e-09,0,0
0.01587888039648533,2.494693717380869e-06,0.0010103934910148382,5.722753485315479e-06,0.058368414640426636,0.0023212414234876633,2.506009195712977e-07,1.3342676538741216e-05,0.0056048426777124405,0.0015853429213166237,0.0008832872263155878,0.0001550671149743721,4.06194294555462e-06,0.00015752979379612952,0.017950981855392456,0.8958965539932251,1.0357839528296608e-06,7.663665746804327e-05,6.79782751831226e-05,2.1385467334766872e-06,2.3812059168903943e-07,9.024697646964341e-06,4.5538045014836825e-06,15,15
3.1406651146426157e-07,1.737492851816569e-07,2.5484080197202275e-06,4.1910766523933773e-10,8.10339262358184e-09,3.0071284982113866e-06,1.990704561194434e-07,1.8395738266008266e-07,7.070001970532758e-07,6.800117262173444e-06,6.168582444843196e-07,1.0509976888783967e-08,0.002781244460493326,1.880460898107117e-09,2.8985579092477565e-07,1.234161391039379e-05,1.4123285154710175e-06,0.9926820397377014,2.859692482815035e-09,0.004467394668608904,3.334003486088477e-05,2.475641025512232e-09,7.176343842729693e-06,17,17
6.402954833006902e-10,1.4282844906787773e-09,1.1491724762890954e-05,3.148129814559836e-13,5.777924319549932e-11,1.5165264599659167e-08,2.4643049753581003e-11,3.208037568230848e-12,7.095323772965401e-10,5.36797106764908e-10,2.828456219239328e-11,5.492748617053067e-12,1.635312582948245e-05,7.536714585754112e-10,6.01153293811052e-10,7.5559515241852e-12,2.1012077411342034e-08,0.9999645948410034,8.119974137521524e-11,7.376253961410839e-06,1.8729414819063095e-07,9.796052857780069e-11,1.4139807102964141e-09,17,17
0.00020758122263941914,9.013851922645699e-07,0.011509031988680363,2.4919746266505172e-08,0.00022551711299456656,0.9870434403419495,2.512577520974446e-05,2.948606550035038e-07,4.942267423757585e-06,5.808707282994874e-05,2.0404640963533893e-05,4.1480387835690635e-07,0.00022029932006262243,2.1233552160992986e-06,5.72805561205314e-07,6.452408030099832e-08,5.5665819672867656e-05,0.0006070472300052643,8.407716904912377e-07,4.5244619286677334e-06,1.2180601515865419e-05,4.611230863815763e-08,8.792392236500746e-07,4,5
0.7690241932868958,1.4504953469440807e-05,3.244127219659276e-05,1.7538562246954825e-07,3.311590262455866e-05,0.0003677287604659796,8.70319581736112e-07,0.08295530080795288,0.000644028652459383,0.002915087854489684,0.004010058008134365,0.00037321323179639876,2.138641502824612e-05,0.0007208563038147986,0.13849709928035736,0.0003411744546610862,7.285407832569035e-08,2.9407583497231826e-05,1.9065264496020973e-06,4.365173481346574e-06,4.217277194129565e-07,6.662517648692301e-07,1.1823129170807078e-05,0,0
0.0009674971806816757,1.3703096435335738e-09,5.472327870847948e-07,1.492139189984698e-10,3.607256644500012e-07,0.01654292270541191,1.3914276841830997e-08,1.4601820112147834e-05,2.4772885808488354e-05,0.0010959405917674303,0.9810312390327454,0.00018309206643607467,4.930293016514042e-06,0.00013028443208895624,1.5444209466863867e-08,5.2043781610666695e-12,1.212199118860724e-09,2.2959599732530478e-07,9.797561517643771e-08,4.9410791014281585e-09,2.430253971397178e-07,6.449641376526927e-10,3.1526653856417397e-06,10,10
0.12520968914031982,5.36396328243427e-06,0.0008804167155176401,1.0162353625275955e-08,0.0003310382890049368,0.012505855411291122,9.848738045548089e-06,1.2946503375133034e-05,1.2460959624149837e-05,0.0006177526665851474,0.00010813160770339891,0.0008640234009362757,3.207722102160915e-06,0.8591088056564331,0.00031012308318167925,8.87034218521876e-07,7.095549108271371e-07,1.7303893400821835e-05,6.53078444656785e-08,7.401135917461943e-07,6.703700705656956e-08,2.1225051938245088e-08,5.825901325806626e-07,13,13
0.0010299072600901127,3.6395657321275365e-11,3.9186590583994985e-05,4.539333047903077e-13,0.9980143308639526,0.0007008803659118712,7.562694914753365e-11,2.087128692096485e-09,2.487393579997388e-08,0.00013101920194458216,1.5466466720681638e-06,2.762644271570025e-06,1.7978188679990126e-06,6.849465717095882e-05,9.87329531199066e-06,4.532794761757941e-08,4.8758210802191115e-09,1.281735251268401e-07,1.2307104668707325e-08,4.685279364480266e-08,1.5853435231250046e-09,1.0962037944040048e-09,1.1210662620442235e-08,4,4
0.00012013719970127568,3.3398295240516518e-09,6.041487381480692e-07,2.1615071954528275e-09,4.850711476933611e-08,0.00016238525859080255,0.0008247335208579898,0.0006950621027499437,4.045269861308043e-07,0.9981661438941956,3.0700816751050297e-06,2.9867329942590004e-08,1.45741014421219e-05,1.0718249541241676e-06,1.9602040879362903e-07,6.061221569098052e-08,6.605935354286885e-09,7.41673815696231e-08,7.851415830373298e-06,4.2625060814316384e-07,2.574268137323088e-06,1.100240343276937e-08,4.0510914800506725e-07,9,9
0.21945933997631073,9.858534212980885e-06,4.3446769268484786e-05,1.3757459171870323e-08,0.00010377072612755,0.10677453130483627,6.0703223425662145e-05,0.6342725157737732,0.0003368240431882441,0.026474222540855408,0.005577918142080307,0.0058511714451014996,0.00011623654427239671,0.0001290382642764598,0.0003835508250631392,4.109208930458408e-06,3.1670249427406816e-06,3.4284614685020642e-06,0.00012528174556791782,2.647686869750032e-07,0.00014308129902929068,1.7119199355875026e-06,0.0001258489937754348,0,7
0.003212408861145377,1.3176814661619574e-07,2.129435738851271e-09,8.20667366951966e-07,0.0003723583649843931,0.003162633627653122,2.3863485409947316e-08,4.090449510840699e-05,3.8483442210690555e-08,6.024110916769132e-06,5.982779072155608e-08,3.71964006262715e-07,6.596323510166258e-05,3.733316944476428e-08,8.314524535535384e-08,1.4750980881217401e-06,0.0008410838199779391,8.724984290608973e-09,0.9922088384628296,2.9600963902254307e-09,8.585690920881461e-06,7.75044463807717e-05,6.483376182586653e-07,17,18
8.29853477601894e-11,3.0569026043120173e-12,3.1227396224409176e-09,2.369394090651067e-11,9.612047963125647e-11,6.307999012022947e-09,1.750700062350119e-12,2.6808008937728722e-12,1.3656392030127022e-14,2.816636923697047e-10,3.80561034074578e-12,4.417735708500681e-12,1.2968651041944668e-08,7.987868179404334e-12,1.9325334221775847e-08,6.127551938073239e-11,0.9999995231628418,2.4570589118866337e-08,1.6723703311072313e-07,5.669710811950779e-10,1.99194385430701e-08,2.315840921807144e-11,3.1367892461275915e-07,16,16
0.0001906599645735696,3.9192591394510146e-09,2.158414281439036e-05,8.87232474988675e-12,4.7368285294169254e-08,0.004764531273394823,8.638524741400033e-05,3.9890852576718316e-07,2.3031725504552014e-05,0.9697154760360718,0.02262905240058899,0.0016507335240021348,0.000853666162583977,1.4177328012010548e-05,8.187889761757106e-07,2.028493373273932e-09,1.1517064990584913e-07,5.2871223488182295e-06,5.201180215408385e-07,2.5282752176281065e-06,1.520686964795459e-06,5.879870368374895e-09,3.932757317670621e-05,9,9
0.8457575440406799,0.000623201543930918,0.11133065819740295,9.810478818206292e-11,5.728873293264769e-05,0.0014366554096341133,0.00713749835267663,2.1682848455384374e-05,7.04872036294546e-08,0.029569393023848534,0.0006085134227760136,4.521660684986273e-06,1.3342944839678239e-05,0.003396437270566821,2.66382897962103e-08,1.2921263987664133e-06,3.925136979887611e-07,3.9799819205654785e-05,8.780543936381946e-08,1.4450868093263125e-06,1.3699747114515048e-08,3.1606942063611143e-10,3.89109935383658e-08,0,0
4.723689016827848e-06,5.292566385151076e-10,0.9999874830245972,7.765333265297159e-09,1.4526311815643567e-06,1.307639308834041e-06,5.69225049040778e-12,4.123239250475308e-06,1.656549031281429e-08,1.1052315329607154e-07,1.2505272195539874e-07,1.0362380953310435e-09,3.6958621763005794e-07,4.919275298220782e-08,4.678184950535069e-08,4.622306443852198e-12,2.1593649535134318e-08,5.60480302169708e-08,7.360294773661735e-08,1.4463870101621978e-08,4.846127388269394e-10,8.008626650735096e-08,5.421111823333824e-11,2,2
0.00021149769600015134,6.692533354758778e-14,3.9431563436664874e-07,1.024223261270659e-14,0.1386754810810089,0.8572665452957153,4.8597022239693644e-11,5.322874363500318e-10,2.491078232580435e-09,5.9013756981585175e-05,3.4105962640751386e-06,4.3190129872527905e-07,1.0775877967716951e-07,0.003783061169087887,1.4195457254118082e-07,6.789163675691157e-11,3.8232060746434815e-12,4.987949608903364e-09,2.3659385561813906e-10,7.192661743982143e-11,6.002805891247576e-12,5.086540997428779e-13,3.361291800452193e-10,4,5
6.53996248729527e-05,1.5941928666052263e-07,0.9871434569358826,1.8076937280397942e-08,8.60657678458665e-07,0.0060439333319664,7.536957014053769e-08,0.0019521743524819613,0.00019532264559529722,0.00015438435366377234,0.001264506601728499,5.995858032292745e-07,0.001218927907757461,5.058908527644235e-07,9.602100180927664e-05,1.8766696712191333e-06,1.158822669822257e-05,0.001768553163856268,3.202011430403218e-05,4.4749533117283136e-05,7.024416390777333e-07,2.561741894169245e-06,1.4458184978138888e-06,2,2
1.0402097814221634e-06,1.9245891280661453e-07,0.0007972767343744636,4.999372649194811e-08,1.70593978054967e-06,0.0006219613132998347,6.3010525082063396e-06,3.500985101823062e-08,1.5861939539618675e-10,0.00013163298717699945,9.517255421087611e-06,5.0943210538889616e-08,0.8156273365020752,1.0727399057941511e-07,1.990466898860177e-06,1.2016884376464532e-08,3.89370288758073e-05,0.17073316872119904,0.00013180458336137235,0.011826441623270512,1.714420704956865e-06,2.796949956973549e-06,6.587422831216827e-05,12,12
0.9855013489723206,2.4400295672855066e-10,8.423214239883237e-06,1.1022882606681605e-09,0.000531973026227206,9.025416511576623e-05,2.9562468029098454e-09,0.012986131943762302,1.1289778001355444e-08,0.00044650177005678415,3.901010859408416e-05,5.828242137795314e-05,6.340309823826829e-07,0.00033702582004480064,2.2388856990573913e-08,1.1853750692125686e-07,4.587236146491591e-10,6.3633831537401875e-09,2.813025812287151e-09,1.8748051999750714e-09,2.432083192616119e-07,1.5961599819647176e-09,6.874393831957093e-10,0,0
1.0051080323592032e-07,2.3445015813194914e-06,2.052725358225871e-05,4.5091655409557063e-10,6.355323733941987e-08,1.4343360987822962e-07,2.2659153720017144e-10,9.232296349637181e-08,9.526186506292333e-10,2.596589609993316e-08,6.007045953992929e-07,4.819172838566033e-10,0.00474747596308589,4.830107425135566e-09,2.663153463799972e-05,1.0088379553963023e-07,3.5979547874376294e-07,0.9947062134742737,4.3764956103586883e-07,0.00043706028372980654,4.0321972960555286e-07,5.464712012326345e-05,2.6310410703445086e-06,17,17
0.0038323928602039814,8.601163115073973e-10,2.1916156356382999e-07,9.235840536803153e-09,0.9422423839569092,0.053731221705675125,1.3447440383451692e-10,4.381868379255138e-08,6.71799080009805e-06,3.4306562156416476e-05,1.6845080608618446e-05,1.2022040891679353e-06,7.633453691369141e-08,0.00012194950977573171,1.2070527191099245e-05,6.443352962293147e-09,1.3447914781750114e-08,1.8483920172229773e-08,3.7000677366449963e-07,3.2603766908501086e-10,4.116462903880347e-08,9.381467691582657e-08,3.486113175910077e-09,4,4
0.00027312475140206516,2.7628135512713925e-07,7.376199937425554e-05,1.0705870912008919e-10,0.002500724047422409,0.9947132468223572,8.934906503554885e-08,1.1580462341953535e-05,0.00021663779625669122,5.639048686134629e-05,0.0006903067696839571,2.6313673515687697e-05,0.00015831174096092582,0.0012345704017207026,3.0281449880931177e-07,5.79713166359852e-09,1.565007778481231e-06,1.0451914022269193e-05,1.3478748996931245e-06,2.923852889580303e-06,7.881561941758264e-06,2.7942004976466706e-07,1.9887527741957456e-05,5,5
7.022655950095213e-07,1.5224811428932172e-13,9.119807131696689e-10,5.018857576169662e-14,0.9999988079071045,1.0526577653990898e-07,3.567049287916306e-15,3.716538188314189e-11,9.678461374354463e-13,8.168416165688086e-09,6.153440779144148e-08,2.1873472477729194e-10,2.0804000655516575e-07,2.8819959752013347e-09,2.0809942213873e-08,2.300764266605082e-11,1.8994580908149317e-10,5.2050939558512255e-08,6.231683502555541e-10,2.557191125518443e-09,2.1399104710440042e-11,1.3143190702447072e-10,3.091793210341365e-10,4,4
0.04506427049636841,0.00015024197637103498,0.0003619235067162663,4.930959221383091e-06,0.0017043061088770628,0.0038183038122951984,3.2621142054267693e-07,4.028818875667639e-05,0.016210542991757393,0.0006727749714627862,0.0009522796608507633,0.004246372729539871,9.169719851342961e-05,4.074125172337517e-05,0.8820066452026367,0.021436266601085663,5.870599125046283e-06,0.023087644949555397,7.87041244620923e-06,4.1726019844645634e-05,6.159861641208408e-06,4.591247943608323e-06,4.429871478350833e-05,8,14
4.6495230896729384e-14,9.33864899197669e-22,1.011300428995491e-17,1.3359876791405205e-19,4.4679243079793e-14,2.4048333311689485e-13,1.1187911013844501e-20,3.5618639514603456e-20,8.428244132338905e-14,2.8908943110455415e-14,4.452751089157778e-16,7.13447487021943e-16,2.373757722301586e-17,1.0,1.4454142327480213e-09,1.0905136898062547e-19,8.09082366039462e-19,6.219850199242952e-18,3.1656664504221446e-21,1.4352555068706412e-16,4.91354018883767e-16,1.0675405981398627e-22,1.6087762321264471e-18,13,13
1.5244830819938215e-06,2.6312564865675625e-13,9.051375116087002e-08,6.695529818512985e-14,6.791335908928886e-05,0.9997252821922302,1.0358974962543233e-12,8.937088916138869e-12,1.6469904606797314e-10,1.708414174572681e-07,1.6197037666643155e-06,2.6251490226059104e-07,2.779560226429112e-08,0.00020294549176469445,1.9721465349675782e-08,2.6696449006513925e-14,1.0034430886207701e-07,7.987715378021676e-09,3.7787852846804526e-08,2.0018901467078187e-11,4.717763957273746e-10,8.230813600129672e-12,5.63814828158371e-10,5,5
0.26823723316192627,0.00012204986705910414,0.012735250405967236,1.2749004781653639e-05,0.11726397275924683,0.310072660446167,9.529964154353365e-05,0.004838047549128532,0.05480628088116646,0.005340867675840855,0.07419611513614655,0.00068820477463305,0.001759032253175974,0.11887624859809875,0.0036807116121053696,0.0007365046185441315,0.0007004290819168091,0.010136754252016544,1.2057766980433371e-05,0.004392488393932581,0.0005539655685424805,3.383988223504275e-05,0.010709336958825588,0,5
0.008287552744150162,4.208448899589712e-06,0.0027814030181616545,4.415194876372652e-09,3.48189496435225e-05,0.6885952949523926,0.00014303460193332285,0.0021452910732477903,0.0009078689035959542,0.030835764482617378,0.19100312888622284,0.03450309857726097,0.027370870113372803,0.000468269718112424,8.433667244389653e-05,0.0002802160452120006,2.0161339762125863e-06,0.011527329683303833,6.486720849352423e-06,0.0004286495968699455,2.0633775420719758e-05,4.86441877001198e-07,0.0005691732512786984,5,5
3.215444905890763e-07,1.5348646832669122e-12,1.9085968361309824e-08,4.559360837009044e-14,2.827409559813532e-07,0.02574455738067627,3.0039741527598807e-11,2.268800926685799e-06,0.9692060351371765,2.87655620923033e-05,0.00032359964097850025,2.8567629328790645e-07,8.856145261582071e-10,0.004689525812864304,4.434236416273052e-06,8.754191149762391e-09,9.683515111730961e-14,3.3056801740372066e-09,9.410501267126392e-10,1.517220897528926e-11,3.885167743078455e-09,6.74212950551277e-14,5.221394427934456e-10,8,8
0.0002818141074385494,0.2328372597694397,7.94778679846786e-06,2.81260181509424e-05,5.398910047915706e-07,0.0007768150535412133,3.607883854783722e-06,0.0011254260316491127,6.413379651348805e-06,3.122763882856816e-05,4.492356674745679e-05,1.1329111657687463e-06,0.00068009237293154,0.00041589903412386775,0.0009388801408931613,7.741714398434851e-07,0.08995924890041351,2.3201320800581016e-05,8.966125460574403e-05,0.0002873001794796437,0.6128658652305603,0.05901411548256874,0.0005796653567813337,7,20
0.0636793002486229,7.075004759826697e-06,0.0001378168526571244,6.038496991322972e-08,0.4904933273792267,0.3090435862541199,7.290990652109031e-06,5.055024303146638e-06,0.006635747384279966,0.010081863030791283,0.0791696086525917,0.029997210949659348,0.002143546473234892,0.002823094604536891,3.745959111256525e-05,5.082958523416892e-05,6.226565005817974e-07,0.0056106396950781345,6.493714408861706e-06,1.2603277355083264e-05,6.431883775803726e-06,7.8426506888718e-07,4.959561556461267e-05,5,4
0.5279114842414856,1.3094954738335218e-05,0.044803082942962646,1.6220799636812444e-07,0.00015269301366060972,0.14951255917549133,7.499714411096647e-05,0.00014433925389312208,0.009248281829059124,0.02318468876183033,0.24408912658691406,7.885655941208825e-05,0.00021163189376238734,8.646091009723023e-05,6.326566108327825e-06,4.479195922613144e-06,7.81446069595404e-05,1.4351659046951681e-05,8.471485671179835e-06,1.4025742530066054e-05,0.00012415488890837878,6.031629163771868e-05,0.0001781830214895308,9,0
0.05944585055112839,3.870158707286464e-06,0.0341879278421402,1.4645138435298577e-06,0.2950841188430786,0.03677057847380638,4.864580205321545e-07,0.00017164328892249614,0.12419392913579941,0.035328902304172516,0.10736321657896042,0.14238134026527405,0.03692781925201416,4.541982343653217e-05,0.0731164813041687,0.013856337405741215,4.23307646997273e-05,0.022424358874559402,0.00025925124646164477,0.018053123727440834,7.398358320642728e-06,0.00022984208771958947,0.0001042346193571575,4,4
1.2626746865862515e-05,9.055079353004203e-09,5.025207883591065e-06,1.004709426766226e-09,0.0001848052052082494,0.9994388222694397,8.141810781125969e-08,1.2679206520260777e-06,1.3451481208903715e-06,0.00011662167526083067,0.00010604528506519273,2.0297538867453113e-06,1.1586893151616096e-06,0.00012677369522862136,1.1941470923204633e-08,1.3300093471002583e-08,1.5179676404741826e-09,2.762632448138902e-06,1.5896038263463197e-08,2.2776335129037761e-07,7.1848589300316235e-09,2.4633489692504895e-10,3.219454924874299e-07,10,5
0.0004743437748402357,0.006345429923385382,0.0904480367898941,4.9907073844224215e-05,7.182860372267896e-06,6.170976121211424e-05,2.6634813465875595e-08,4.408639597386355e-06,2.9562306735897437e-07,1.034769866237184e-05,0.001797716598957777,8.337116241818876e-07,0.0015602404018864036,8.689707442499639e-07,2.8082905600967933e-07,1.3299715817538527e-07,0.007113114930689335,0.0013137031346559525,0.0007362744654528797,0.0002115944225806743,8.811138286546338e-06,0.8893972635269165,0.00045752321602776647,21,21
0.00010381970787420869,0.0007246428867802024,0.0014554784866049886,2.016074240884791e-08,5.886093390472524e-07,0.0010629181051626801,2.789168149774923e-07,4.428075499163242e-06,7.875520168454386e-06,0.0009197753970511258,0.020435534417629242,0.5634377598762512,0.000344099011272192,0.4096023142337799,0.0002505742886569351,1.0916513915049109e-08,0.0001743857137626037,4.710765279014595e-05,0.00018508727953303605,4.7613833885407075e-05,0.00023417806369252503,0.0009557631565257907,5.8086948229174595e-06,10,11
0.9981836676597595,1.582400988020538e-09,2.3736535581520002e-07,6.537149836206846e-13,7.695861859247088e-05,0.0009732467588037252,1.1189107418374533e-08,6.420023623832094e-07,3.314214680472105e-08,0.00013988120190333575,0.0006089635426178575,6.289706107054371e-06,1.834458696059471e-09,1.0001012014981825e-05,3.9924459294127246e-09,2.441598312419302e-10,5.054375668001043e-11,3.0800006989295525e-10,3.4467224629963766e-09,9.629128223942462e-12,1.055055209864264e-10,1.273401800672147e-10,2.3621446465504903e-10,0,0
0.039129387587308884,2.233769919257611e-05,4.153743793722242e-05,1.4650559023721144e-06,0.052418302744627,0.6965360641479492,2.558678897912614e-05,0.0008284730138257146,0.0001931688020704314,0.0036166668869554996,0.005291374400258064,0.023585407063364983,4.946014450979419e-05,0.17171558737754822,0.0007887636311352253,8.293828432215378e-05,5.0638341235753614e-06,0.0003613055741880089,5.603705631074263e-06,8.085713488981128e-06,0.0052789621986448765,1.2879281712230295e-06,1.313621578447055e-05,9,5
0.0001748455106280744,0.7078020572662354,0.0008549148915335536,1.5378629996121163e-06,2.9731545510003343e-05,0.0020058711525052786,3.124014028799138e-06,0.00020840391516685486,5.860999294782232e-07,3.215172910131514e-05,0.00010705658496590331,1.7636470147408545e-05,0.015790309756994247,4.891710887022782e-06,1.320509454671992e-06,4.553451435640454e-05,0.042002834379673004,0.022617530077695847,6.331875192699954e-05,0.003000970697030425,0.17788414657115936,0.02518554963171482,0.0021656611934304237,21,1
0.279512494802475,8.138295015669428e-08,0.00020268411026336253,1.1287185630592944e-09,0.0645352452993393,0.1678074151277542,1.4907102752204082e-07,2.8583001039805822e-05,4.8720671657065395e-06,0.03473366051912308,0.00072727125370875,0.44689491391181946,4.202618947601877e-05,0.005439714062958956,6.568825028807623e-06,1.1418254871387035e-05,1.249389015356428e-06,2.144603422493674e-05,1.7903797925100662e-05,2.052686483011712e-07,6.78715394997198e-08,1.805387626063748e-07,1.191620140161831e-05,11,11
6.755165486538317e-06,7.530902166763553e-06,1.0535063665884081e-07,1.282191686158285e-08,4.313505428399367e-07,5.6344684708165005e-05,1.5169486005106592e-06,1.0323664355382789e-05,8.075822961473023e-07,0.00011805933172581717,3.3150206490972778e-06,6.322391982394038e-06,0.20293483138084412,6.421896614483558e-07,1.4549429579346906e-05,8.302906735480065e-07,0.00021685936371795833,0.0013750494690611959,3.994514088390133e-07,0.00015008464106358588,0.001238145399838686,4.4873510773868475e-07,0.7938566207885742,12,22
1.5034441958050593e-07,0.9761995673179626,4.0404131596005755e-07,3.362744527279915e-10,8.073438584332848e-10,2.4169083189917728e-05,1.6887426568246156e-08,0.0010629181051626801,5.801644054059807e-09,1.3609054803964682e-05,0.021775567904114723,5.137815506373045e-09,2.7794747836651368e-08,1.086457473320479e-06,3.300714524812065e-06,1.050881673347881e-10,5.736974344472401e-07,3.747395282971411e-09,0.0008777696639299393,5.64056978902272e-09,1.71038045948535e-08,3.6802386603085324e-05,3.967507382185431e-06,1,1
2.830927492425417e-08,1.17580032110709e-06,1.1801945021261417e-07,8.371402770990244e-08,1.2888332179272766e-08,3.313978780283833e-08,2.4278500632135547e-07,3.124037539237179e-05,2.5639610434780025e-09,1.4910010293078813e-07,3.3750813255295498e-09,5.157931415311623e-09,0.006534763611853123,7.960765060488484e-07,1.660943053138908e-05,8.409342555637522e-09,0.23646433651447296,9.033763490151614e-05,7.406636086670915e-06,0.0027492211665958166,0.4036502540111542,1.3177565961086657e-05,0.35043999552726746,20,20
4.053535667480901e-05,0.10495008528232574,0.00017430042498745024,6.389653572114184e-05,1.1491421219034237e-06,1.6011103070923127e-05,4.383000629104572e-09,5.70128531762748e-06,4.6309742174344137e-07,5.283908990350028e-07,7.032229859760264e-06,1.4332968021335546e-06,0.004069523420184851,7.375580821644689e-07,2.199522714363411e-05,2.6489467927603982e-05,0.024376418441534042,0.008403520099818707,5.4984004236757755e-05,0.0024837006349116564,0.003420964116230607,0.8518064618110657,7.409491809085011e-05,21,21
0.9603973627090454,7.120854661479825e-06,0.0007865203078836203,1.7556174292110427e-09,0.0007674709195271134,0.0011878611985594034,3.7277727642504033e-06,0.017110951244831085,9.828503607423045e-06,0.0012967978836968541,0.0007259570411406457,0.016383714973926544,4.3582556827459484e-05,0.000925989355891943,0.00027341459644958377,3.965895302826539e-05,2.526234510469294e-08,1.3907189895689953e-05,1.1996741704933811e-05,1.3170504644222092e-05,6.719343446093262e-07,1.142941528087249e-07,9.743910567294733e-08,0,0
0.6054044961929321,1.1319841632939642e-06,0.0003396518004592508,5.3479894290831e-08,0.008305827155709267,0.07306699454784393,3.522493408070204e-09,0.00011882874241564423,0.1886337399482727,0.0008625095942988992,0.0017286669462919235,0.003945549950003624,0.0007504841778427362,0.0005608131177723408,0.10607115179300308,1.5825091395527124e-05,1.0050040373243974e-06,0.010150879621505737,1.1647411156445742e-05,5.34717310074484e-06,2.3749480533297174e-05,2.3750226318952627e-07,1.4070154747969355e-06,8,0
9.232197771780193e-05,2.8975071018066956e-06,6.848559223726625e-06,2.5642215017995795e-09,8.900567536329618e-07,0.00017608040070626885,3.655267209978774e-05,1.1847578207380138e-05,5.073557645118854e-07,0.009100784547626972,0.12652136385440826,0.02187369577586651,7.505262146878522e-06,9.860570571618155e-06,0.2404392957687378,0.6016301512718201,5.58937756522937e-07,9.937050435837591e-07,8.553416409995407e-05,1.9239405446569435e-06,3.13929120920875e-07,8.303234011464156e-08,5.7243707551890566e-09,15,15
2.2002016875077857e-10,6.772416354387974e-15,7.040225347143547e-11,8.099854120757755e-10,2.9565924708485625e-10,5.7334723635449336e-08,1.525229595400468e-11,2.0269537159833817e-08,3.381584079420463e-08,3.807807297562249e-05,0.007221726235002279,1.6553726709389593e-06,1.2231873292023465e-09,2.2799174104193298e-08,0.9927374720573425,9.77993408923794e-07,1.443803437266647e-13,1.277003724986514e-09,1.858935783083382e-10,1.2962936279947712e-11,1.573302577627389e-12,7.265268248124457e-12,4.234721462381685e-09,14,14
9.243881701759271e-13,1.2086127454749573e-13,2.2064937225431402e-15,1.1136488259344546e-10,4.1900517615007377e-14,1.1339469641047373e-10,2.7703834608045885e-15,2.8936113487948445e-12,1.6091278128381036e-16,2.4955957439454224e-12,6.152792271713666e-15,1.8152737342805314e-13,2.5929063583729484e-12,1.3010142962954774e-10,6.810660542477809e-12,1.1098588004578372e-15,2.9390714306742893e-09,3.008714391722952e-15,1.0,4.358838428713326e-16,1.0904707692382942e-10,5.97589061568371e-11,1.331327192585774e-12,18,18
0.24171403050422668,0.00018515581905376166,0.00011741853813873604,1.1099562380323391e-09,3.133857171633281e-05,0.014223812147974968,0.039330024272203445,0.5774174928665161,3.7707523006247357e-05,0.10161474347114563,0.0014681167667731643,3.85021667170804e-05,7.32093849364901e-06,0.0003465471090748906,1.3605073945655022e-05,5.464676178235095e-06,1.2271359537407989e-06,1.874792019407323e-06,1.0130869441127288e-06,2.610273895697901e-06,5.281954713609593e-07,4.846559704674291e-07,0.023441007360816002,0,7
0.48571252822875977,5.5602853876735026e-08,0.002221603412181139,3.050961936423846e-07,0.04958603158593178,0.00018731581803876907,3.750848875938573e-08,1.2590740880114026e-05,0.1823197305202484,0.09337026625871658,0.17195066809654236,0.0002466036530677229,0.00011874760821228847,1.0178459888265934e-06,0.010954960249364376,0.002922924468293786,2.877890779018344e-07,0.00032349981484003365,5.2850955398753285e-05,9.43662325880723e-06,2.0035619741065602e-07,7.62353602112853e-06,7.758014248793188e-07,0,0
0.9297580122947693,1.0010979167418554e-05,0.002662095706909895,2.4447522264381405e-06,0.0015419104602187872,0.02243601158261299,0.0012819523690268397,0.001553814043290913,0.000374197872588411,0.023597292602062225,0.0016857903683558106,0.0006054987898096442,2.9507529688999057e-05,0.0080940630286932,0.0004946633707731962,0.004921152256429195,1.635550802348007e-06,0.0008757550385780632,2.1784801447211066e-06,1.3055482668278273e-05,4.0601497630632366e-07,9.921871679807737e-08,5.8385980082675815e-05,0,0
2.81748917529967e-08,4.517329219022592e-11,1.642351344344206e-05,9.02562135252083e-07,4.531053036771482e-06,5.2535018113530896e-08,3.521496635960908e-11,2.2673481148149932e-11,8.280795493753601e-11,4.3729090748456656e-07,8.084152014475876e-09,2.794122622162831e-07,0.9937763214111328,9.112094412344618e-10,5.215108103584498e-05,1.9869228484736823e-09,0.00014946515148039907,1.4676664250146132e-05,4.140698365517892e-06,0.00597649160772562,1.503982538508808e-08,3.928935711883241e-06,6.373358019118314e-08,12,12
0.09283048659563065,1.1984460797975771e-05,0.006620111409574747,1.5848443126742495e-06,0.09836744517087936,0.7076523303985596,0.00046380297862924635,0.01178703736513853,9.642540135246236e-06,0.04181448370218277,0.011343889869749546,0.0033183100167661905,0.016929659992456436,0.0035675037652254105,3.117635060334578e-05,8.93187170731835e-05,6.183046207297593e-05,0.0011749091790989041,0.0003627765690907836,0.0012468406930565834,3.31036644638516e-05,4.694066592492163e-05,0.002234743908047676,5,5
0.0004159465024713427,0.0015677639748901129,6.56823831377551e-05,1.3080918506602757e-05,1.9656411041069077e-06,0.0006998280296102166,6.767076854430343e-08,0.00018582066695671529,2.8115227905800566e-05,1.4959236068534665e-05,2.4996830688905902e-05,7.322986675717402e-06,0.0002818819775711745,7.34435670892708e-05,1.6147449059644714e-05,1.2044696973134705e-07,0.3712959587574005,1.534143666503951e-05,2.036946898442693e-05,7.544621439592447e-06,0.6236964464187622,0.001338992384262383,0.00022815735428594053,21,20
3.660175096342755e-08,5.305519934495351e-08,2.679725330523297e-09,3.4346897548331867e-10,1.687138606598637e-08,4.5250119001138955e-05,1.8809013226928073e-06,0.9424363374710083,3.2927584214803574e-08,0.025225995108485222,1.5685810694776592e-06,4.561998139251955e-07,9.371272426506039e-06,0.02750101312994957,0.002737443195655942,1.6559871696131268e-08,3.624499589349739e-09,1.0790913052005635e-08,0.0019929867703467607,3.731433295683928e-08,4.105659536435269e-05,9.280568313840831e-09,6.44413603367866e-06,9,7
9.971621329896152e-05,5.705215244233841e-06,3.7954978324705735e-06,0.8486729860305786,7.356740638897463e-08,3.078949521295726e-05,1.023910613184853e-06,0.02745840884745121,7.113956712601066e-07,0.00018151543918065727,0.1158875823020935,1.1808207034391671e-07,4.958320641890168e-05,0.0001892801228677854,9.700405598778161e-07,3.3736341720214114e-07,7.284236198756844e-05,3.6185978387948126e-05,5.694919380516694e-08,0.00019913852156605572,0.00022018128947820514,0.00012383921421132982,0.006765262223780155,7,3
0.9565678238868713,2.289880143280243e-07,0.038165900856256485,2.45769848916666e-10,0.00024041917640715837,0.00035226656473241746,2.680230011264939e-07,1.0705965536317308e-07,1.9079505975128086e-08,0.0044141109101474285,5.913606173635344e-07,0.0001338027068413794,7.503772849304369e-06,0.00011531588825164363,7.952827729695855e-08,4.983740975461615e-09,2.8797947493330867e-07,6.061370640964014e-07,8.107858207040408e-08,5.199379415898875e-07,1.2409045346828407e-08,8.589839950445821e-09,9.975837045317348e-09,0,0
0.9474029541015625,3.222158682092413e-07,0.002280195476487279,1.8569404347523744e-10,0.047722987830638885,0.0013843076303601265,8.215324243110445e-08,4.852670826949179e-06,7.409353656839812e-06,0.0003044285986106843,1.893537410069257e-05,2.6767180315800942e-05,0.0006768348976038396,8.327943214681e-05,6.460673375840997e-06,1.1806877182607423e-06,8.865276868164074e-07,4.7631183406338096e-05,1.7387953903380549e-06,1.1811635886260774e-05,1.5802565030753613e-05,7.093547083059093e-07,3.3530753285049286e-07,0,0
0.0010138045763596892,0.00047221255954355,0.00043365484452806413,3.6870747862849385e-05,1.2495107739596278e-06,6.8604938860517e-05,0.6570678949356079,1.170452651422238e-05,0.14582224190235138,0.03008701279759407,0.10037415474653244,6.3134689298749436e-06,5.240355312707834e-05,0.0017101819394156337,8.494347639498301e-06,0.0001824748032959178,9.663158380135428e-06,0.0005328788538463414,9.462407319915656e-07,0.04729210585355759,0.001980263739824295,1.1387937774998136e-05,0.012823524884879589,6,6
3.135842974177905e-10,2.912931285070641e-10,1.1764599294750155e-09,1.4133341608157934e-08,3.4735783693840006e-10,4.698758715449003e-09,2.2357427909014405e-08,1.1414857774283416e-11,2.8222531950339302e-11,9.676949019876702e-09,2.1292469227773836e-06,7.088955644718453e-09,1.9223660441269885e-09,1.4437270934308799e-08,0.9999969005584717,4.3150075157427636e-07,2.429600556297373e-07,1.2484094868980833e-09,1.2870671639575448e-07,5.78472247880768e-09,6.29075280755842e-09,7.720023731394576e-09,3.9018005493218766e-10,14,14
0.0008741780184209347,0.0005280927871353924,0.0002504270523786545,6.818146403020364e-07,7.336720591410995e-05,0.04253952577710152,1.8658698763829307e-07,0.02067750133574009,5.478258026414551e-05,7.724175520706922e-05,0.00504023302346468,2.016395956161432e-05,0.02910691127181053,0.0028028518427163363,0.0012655728496611118,1.4165208312988398e-06,0.04380238428711891,0.009241815656423569,0.0005738343461416662,0.003320748684927821,0.8151364326477051,0.019322354346513748,0.005289299879223108,22,20
0.0005478868843056262,5.612148379441351e-05,0.00012705271365121007,6.548463034050656e-07,0.00014093313075136393,0.0008812807500362396,1.0476156830918626e-06,3.6450974221224897e-06,1.475329867162145e-07,0.0006100240279920399,3.8506201235577464e-05,1.2330581739661284e-05,0.9855322241783142,3.060113442643342e-07,9.43742463732633e-07,1.3090382822156243e-07,0.0025788985658437014,0.00211934931576252,0.0027920652646571398,1.3895996744395234e-05,0.002631428651511669,0.0017533248756080866,0.0001577086659381166,12,12
0.00034627586137503386,4.4045162212569267e-05,0.00692437868565321,4.069115959737246e-07,6.608709372812882e-05,0.004356645047664642,3.7821993714715063e-07,1.3283816997500253e-06,2.6883266400545835e-05,5.897582013858482e-05,0.0022323515731841326,4.117267963010818e-06,0.03872019797563553,5.639030291604286e-07,1.185477594844997e-05,2.056445055131917e-06,0.011961144395172596,0.9249293804168701,0.00013108263374306262,0.005503682419657707,2.7553822292247787e-05,9.646613762015477e-05,0.004554461687803268,12,17
4.478036164101695e-09,1.2266289373119577e-10,1.8620178252604092e-06,2.370375770666122e-11,6.567779653465777e-10,5.033120142883263e-09,7.0157768483625205e-12,2.564852627159886e-13,1.8140439150826637e-10,2.840471609033557e-07,5.810742891299014e-07,3.7119547435793265e-09,0.045945797115564346,2.434446533250423e-10,5.757067356171319e-07,4.293798389759518e-12,3.150761074266484e-07,0.24824635684490204,4.5242519064458975e-08,0.7058041095733643,1.673917537914349e-08,8.209850221874149e-08,2.173465318833223e-08,17,19
0.006084634456783533,6.709348667754966e-07,7.399191963486373e-05,9.190326295538398e-07,0.0050259665586054325,0.010045288130640984,5.8880125664018124e-08,5.118419721839018e-06,0.9306707382202148,0.000613772717770189,0.00020518922246992588,4.3774343794211745e-05,1.8368114069744479e-06,0.0019419542513787746,0.04462362825870514,0.000587597256526351,4.82974016335902e-08,7.171419565565884e-05,1.0048036074294941e-06,9.004820071822905e-07,6.268812171583704e-07,5.308017421157274e-07,1.4894136768361932e-07,8,8
1.7141663875008817e-06,1.251167225380101e-10,2.328639766346896e-06,3.359107436651243e-10,0.9931447505950928,0.006813878193497658,3.909157797465923e-08,2.4172754908846628e-09,1.9394516925785865e-07,2.120407225447707e-05,1.2032572158204857e-05,6.687895961476897e-07,1.8981249638727604e-07,1.1097060905740364e-06,6.845743882877287e-07,2.3578658669975994e-07,7.432338300361607e-09,3.7340367953220266e-07,4.814382350559754e-07,9.633104092188205e-09,9.23886833703591e-09,1.2592384912579746e-09,1.7915803951495946e-08,4,4
7.573749627454163e-08,3.886337296421516e-08,2.325653003509842e-09,1.7057576054760326e-12,6.728598234140293e-10,1.5502777728215733e-08,4.657031427157676e-10,3.129052129224874e-05,1.840656338458757e-08,3.729350694925415e-08,3.774343892981591e-10,2.7415291370402883e-08,0.0003833065275102854,5.050497797753906e-09,2.0765794417343386e-08,5.241316824999842e-10,0.0002665496140252799,2.1582148690413305e-07,1.1847228753580907e-09,3.0250180316215847e-06,0.9962835907936096,6.559740199918451e-07,0.0030312573071569204,20,20
1.974239421542734e-05,2.8346550801083836e-11,4.3640408620149174e-08,8.189250059326136e-14,1.8565143022897246e-07,0.036247797310352325,1.0588773413644503e-08,8.633836614535539e-07,0.9535066485404968,0.0002456588263157755,0.009422801434993744,2.2580252334591933e-06,1.9061654477070533e-09,0.0005527175962924957,1.0111551773661631e-06,5.70435680913306e-08,3.81336715676861e-12,2.3732219744942995e-08,4.463069844251599e-11,3.442781060236655e-10,1.0259169069826157e-09,1.3353994559456295e-12,9.304316961333825e-08,8,8
0.00017163052689284086,2.751743159024045e-05,0.0058266459964215755,5.8523543344790596e-08,1.7967146277442225e-06,6.59832512610592e-05,0.06825871765613556,1.1963620636379346e-06,6.541371840285137e-05,0.758243978023529,0.10251064598560333,0.000297916674753651,0.001092282123863697,0.0022333376109600067,6.902148015797138e-06,1.625035537244912e-07,0.00014038861263543367,0.0006690763984806836,0.00027800328098237514,0.009226618334650993,7.675265078432858e-05,1.3901475313105038e-06,0.050803590565919876,6,9
7.576025382149965e-05,3.3708231761409024e-09,8.52007906360086e-06,8.170842988874938e-07,0.0051447669975459576,0.013673199340701103,7.36156096081686e-08,0.0011821921216323972,4.154564976488473e-06,0.0035557763185352087,1.2728521141980309e-05,3.417414700379595e-05,0.9169143438339233,2.2873000489198603e-05,0.00016671842604409903,1.8515798956286744e-06,0.0005711193080060184,0.003182845190167427,3.7644351777998963e-06,0.009980293922126293,0.04531209170818329,8.578123811275873e-07,0.00015104663907550275,9,12
0.00995892845094204,1.9469953258521855e-06,1.788266672519967e-05,8.282209362775461e-10,0.7787874937057495,0.20718270540237427,6.540227559526102e-07,1.6932364133026567e-06,1.8459670172887854e-05,0.0013734090607613325,0.0009201254579238594,0.0014839842915534973,9.991472325054929e-06,0.00010331671364838257,6.217964028110146e-07,8.40635649979049e-08,1.8300621604794287e-06,7.93638355389703e-06,7.652979547856376e-06,4.5416580718438126e-08,1.9266808521933854e-06,3.148090627291822e-06,0.00011612256639637053,11,4
0.9752591848373413,7.675458846279071e-07,1.1255766594331362e-06,1.899277402017674e-10,0.0028214796911925077,0.0036371592432260513,1.9791455997619778e-05,0.0007751595694571733,5.165507559468097e-07,0.004478922579437494,6.206908437889069e-05,0.0010475143790245056,1.0481333447387442e-05,0.011850190348923206,3.28242117575428e-06,8.709142093721312e-06,2.5406262693650206e-07,9.891755325952545e-07,1.9256813033052822e-08,8.555524004805193e-07,6.930064500920707e-06,1.4773107182008971e-08,1.4812419067311566e-05,0,0
6.242145786927722e-07,4.227053906902256e-08,5.567553307628259e-05,3.985729524202952e-09,6.315943323897955e-07,1.3815511010761838e-06,8.478034385639432e-10,2.3541856819520035e-07,4.764562078207746e-10,1.8663405398910982e-06,2.112060428771656e-07,3.891616415785393e-06,0.9975541234016418,1.5253654339630884e-07,0.0005064852302893996,4.925193142213402e-09,3.0161811537254835e-06,0.0013775365659967065,4.879619518760592e-05,0.0004353053809609264,4.246037406119285e-07,3.90587592846714e-06,5.702184807887534e-06,12,12
3.7525445804931223e-05,7.02899615134811e-06,8.201511082006618e-05,1.616197309317613e-08,9.326259231556833e-08,2.0230538666510256e-06,2.3346051758466047e-09,3.75662295937218e-07,1.5016876631079867e-08,1.1406081057430129e-06,3.5658608794619795e-06,1.4345229892853695e-08,0.048954784870147705,1.3219075611914377e-08,1.2018269899272127e-06,6.913764991622884e-07,9.520944149699062e-05,0.9474533796310425,8.890289393548301e-08,0.003163265762850642,1.8002020851781708e-07,1.0423516414448386e-06,0.00019642118422780186,12,17
0.003204404143616557,0.0018892954103648663,0.000795534229837358,4.205322693451308e-05,0.0007879838231019676,0.026648271828889847,9.754234633874148e-05,0.001577042625285685,3.6633311992773088e-06,0.00024077732814475894,0.0009258678182959557,0.015221670269966125,0.05187750235199928,0.009673187509179115,0.47121644020080566,1.223627168656094e-05,0.17005693912506104,0.0019156025955453515,0.046945586800575256,0.00043118777102790773,0.11717268079519272,0.02988952025771141,0.04937509819865227,18,14
3.731958713615313e-05,1.5861161273278412e-08,1.0134680223927717e-06,1.6391631385559435e-09,6.363552984112175e-06,3.3575248380657285e-05,8.440368759465855e-08,6.386616178133409e-07,3.315580397611484e-05,0.00022461690241470933,0.0006188690313138068,4.133068796363659e-05,1.0226511193422994e-07,1.7370850400766358e-05,0.9989707469940186,1.3404002856987063e-05,3.68856034604903e-09,1.292582737733028e-06,4.9506255095366214e-08,1.688753314965652e-08,3.230872636095228e-08,5.250967216596791e-09,2.785484021217144e-08,14,14
0.00410672090947628,0.0013089817948639393,0.02397012896835804,3.881753400492016e-06,3.197549085598439e-05,0.012938853353261948,0.0047213356010615826,2.056966877717059e-06,4.259872525835817e-07,0.857231080532074,0.04043818637728691,8.859053923515603e-05,0.0008652674732729793,0.00010276956163579598,3.440850605329615e-06,0.00023104394495021552,0.0014158841222524643,5.292081186780706e-05,0.05073772370815277,0.001523172133602202,5.544038867810741e-05,9.655531903263181e-05,7.353405089816079e-05,13,9
0.0005831679445691407,6.092869142548807e-08,0.00025178948999382555,1.710464991866445e-09,0.060057200491428375,0.3214609622955322,0.00010458831820869818,0.00030159304151311517,2.951067017420428e-07,0.0688469260931015,0.00243962905369699,0.0007030139677226543,0.015033850446343422,0.5135829448699951,0.011628604494035244,1.765828528732527e-05,9.738857443153393e-06,0.004410460591316223,2.342505922570126e-07,0.0005131437792442739,4.211584018776193e-05,6.680982522766499e-08,1.195398363051936e-05,9,13
0.0008678028243593872,1.053315923371656e-08,0.002549701137468219,2.8390305514477965e-13,0.0067154220305383205,0.984591007232666,1.4396944152395008e-06,2.544326416220599e-10,1.1629612345132045e-05,0.0019815266132354736,7.309109264497238e-07,0.0001630095357540995,1.6009677210604423e-06,0.0031157725024968386,2.4114496000038343e-07,5.793003410303754e-09,2.317742797686151e-08,9.739151352050612e-08,1.8706918236688352e-09,4.662192853999159e-09,5.347843412550901e-08,4.025325212042574e-11,8.80892958576851e-09,0,5
5.331947505737844e-08,1.9209594581248018e-13,6.4518381748257525e-09,3.4029869850835115e-13,2.7183694545026595e-14,1.2982489749902015e-07,2.2857529202724436e-08,1.146978775068419e-05,0.00022310158237814903,0.9997609257698059,4.319981599110179e-06,3.915802057607998e-11,1.8307098892389462e-10,5.150159054778669e-08,3.5886980886967734e-11,4.262074720928766e-11,7.445963825033911e-16,8.002787614449364e-14,3.685534516462141e-12,2.260476094501085e-12,6.544605413161264e-10,2.027158009596658e-13,2.98271476961709e-11,9,9
1.5492572502662227e-11,9.89361544079248e-12,1.1355186756156765e-11,2.6481169687619932e-12,9.683403384697087e-11,2.3793358394641473e-09,2.145337731993143e-15,4.4100552203107934e-12,8.50451487526124e-15,7.334750168341841e-11,3.871856307791077e-11,1.0681589640570976e-10,4.760398297776192e-09,5.842552136536838e-12,4.950182486140875e-09,8.425144499971723e-15,1.1225513389945263e-06,1.2596573090162266e-11,0.999998927116394,7.912314466812509e-13,1.2753721689851005e-10,7.3626220675748755e-09,2.7457352363979837e-11,18,18
7.240552122311783e-07,9.511451935395598e-06,2.0031282588206523e-07,1.2327632838149416e-11,9.913357956747859e-08,5.778052809546352e-07,1.5165837474739874e-09,7.656179690229692e-09,1.5482251036758043e-09,7.460648276946813e-08,7.419501679706286e-10,1.9628009795269463e-06,0.9736904501914978,2.019879730141838e-08,4.2340153072473186e-07,8.685174748279678e-07,6.497824415419018e-06,0.0255530197173357,9.886921503721169e-08,0.0006510888924822211,7.06241189618595e-05,9.776023034646641e-06,3.951562575821299e-06,12,12
1.212530150951352e-06,9.406161960434645e-11,2.158316014799766e-08,8.152104615270425e-14,2.4959186717410375e-08,0.0022127500269562006,8.419456243302648e-09,4.095326389119691e-08,3.274726259405725e-05,0.0008043849957175553,9.07845314941369e-05,9.242556552635506e-05,4.39100267257686e-09,0.9967356324195862,2.987276457133703e-05,5.190755603123876e-10,5.798041907700835e-11,3.9776311133721265e-09,9.419530044851854e-09,1.1085472123584239e-10,2.4318772773312958e-08,5.684341343979715e-13,2.3645444713338293e-08,13,13
0.014249601401388645,8.712577326264181e-10,1.0326275514671579e-05,6.659695572786006e-10,0.06532793492078781,0.8985431790351868,4.440841223640746e-07,7.625894068041816e-05,0.00010784203186631203,0.004481378011405468,0.0008296904852613807,0.0005064966389909387,8.423909457633272e-05,0.007367708720266819,4.232624178257538e-06,3.8417033465520944e-07,1.923332820297219e-05,1.6641605498080025e-06,1.9231254555052146e-05,6.92226478804514e-07,0.005430401302874088,9.840661050475319e-07,0.0029381101485341787,11,5
5.300859307055816e-09,1.653693891892627e-12,4.4264432119689445e-08,9.093708425167435e-11,2.1110844627969527e-08,6.998356525400595e-07,4.600120284692366e-09,4.911836562482286e-12,2.4899657891097604e-09,4.201493538857903e-06,0.00013401504838839173,1.178623350028829e-07,1.2352816156635527e-06,0.9998266100883484,1.0395117897132877e-05,8.544931429099734e-11,4.865947644816515e-09,2.113767186529003e-05,5.05530465488846e-07,7.579442922178714e-07,3.044184495593072e-07,1.0880651241107486e-10,3.5282304855499547e-10,13,13
0.3998348116874695,3.724341113287011e-10,9.439718269277364e-05,1.547441108584735e-08,0.020066767930984497,0.00295110116712749,9.639591347365695e-10,4.848601020057686e-05,5.086853889224585e-06,0.005290664732456207,0.0028108502738177776,8.32824571261881e-06,4.2492145439609885e-05,0.5688117146492004,3.3106236514868215e-05,4.9076165353767465e-09,8.476254365064051e-09,3.265491557158384e-07,3.466535147822469e-08,1.048776994139189e-06,4.312327632760571e-07,9.179479576459926e-08,1.8879974561514246e-07,0,13
7.85380027679139e-09,1.1997295246146678e-07,1.2961872464245516e-08,6.977031841159942e-09,1.762092870194465e-05,6.888813004479744e-07,9.466050687478855e-05,2.099381823938984e-08,1.4136544450593647e-06,1.4719917089678347e-05,1.2539420822577085e-05,1.0351457149226917e-06,0.00031437817960977554,0.00028392422245815396,0.8393210172653198,7.593414920847863e-05,0.00011658608127618209,0.007300917990505695,9.403811986885557e-07,0.000845047936309129,0.006439573131501675,1.3953964206336877e-08,0.14515891671180725,9,14
0.6283347606658936,6.40201562873699e-07,0.00014520157128572464,4.0223248731763306e-08,0.05500849336385727,0.21551544964313507,2.468471166139352e-06,0.0007050529820844531,0.015063665807247162,0.04068581387400627,0.04012028127908707,0.0013471221318468451,0.00014930329052731395,0.0024038844276219606,0.00037346850149333477,7.752647661618539e-07,7.764929819131794e-07,0.0001156385478680022,7.435570751113119e-06,5.75012450099166e-07,1.2094656085537281e-05,1.963574959518155e-06,5.201613930694293e-06,0,0
7.522870419052197e-06,0.00012965156929567456,0.0010398535523563623,1.650619651627494e-06,3.158265471370214e-08,0.00020770551054738462,8.205418271245435e-05,3.5222302585680154e-07,5.565480591940286e-07,0.9980248212814331,2.398627430011402e-06,8.592555111874844e-09,3.486773857730441e-05,5.111762584419921e-05,0.00017251426470465958,1.271807370528677e-08,3.2755331631051376e-05,1.72501330553132e-07,2.172757922380697e-05,4.074212847626768e-05,0.00012338448141235858,1.8709928326643421e-06,2.4408482204307802e-05,9,9
0.00010604190174490213,6.636382022406906e-05,2.50236589636188e-05,8.510721272614319e-06,0.0002137486299034208,0.0006276322528719902,5.154243254423818e-09,7.367104990407825e-05,1.95319462363841e-05,3.361798371770419e-05,0.00015891359362285584,0.00022103675291873515,0.44287005066871643,2.0545656298054382e-05,0.005061003845185041,2.2279098629951477e-05,0.1662462204694748,0.012096601538360119,0.04628464952111244,0.20710459351539612,0.03841960430145264,0.039425961673259735,0.04089432209730148,19,12
5.763974399997096e-07,6.759110874554608e-06,8.391921113570788e-08,3.2966253424998593e-12,7.582752203916243e-09,1.5950057274949359e-07,2.532608789351798e-09,2.3203444925457006e-06,4.4803485366173845e-07,4.185218358543352e-07,2.112683361588097e-08,4.5686590510740643e-07,0.5634799003601074,2.817776589836285e-07,4.466779301992574e-08,7.290078762878238e-09,0.001132261473685503,0.0017722726333886385,3.19373718582483e-08,0.0007008000393398106,0.21476347744464874,7.640119861207495e-07,0.21813884377479553,12,12
0.00023157094256021082,5.28437794855563e-06,2.0100542315049097e-05,0.00011353390436852351,7.368477099589654e-07,0.00012473874085117131,0.001234727562405169,0.3077903687953949,1.016439182421891e-05,0.12165661156177521,0.001123274676501751,1.780851926014293e-05,0.00010584511619526893,0.5659676194190979,0.0015606142114847898,4.210080817301787e-08,5.3238480290929147e-08,4.483899118667978e-08,2.213483639934566e-05,8.00314765569965e-08,2.423872274448513e-06,6.11191308053094e-06,6.096637662267312e-06,9,13
0.004137713462114334,0.00010352222307119519,0.12248806655406952,6.702410360048816e-08,1.6726738977013156e-05,0.0060513317584991455,1.494149955760804e-06,0.6448730230331421,0.0016179784433916211,0.00044312275713309646,4.7652656576246955e-06,1.0323847163817845e-06,0.02480766549706459,0.012419137172400951,0.010671079158782959,1.5799425909790443e-06,0.00038086913991719484,0.14900743961334229,4.658555141645593e-08,0.004722731653600931,0.017521262168884277,5.8593119319994e-05,0.0006707481807097793,2,7
4.223054683727412e-10,1.550991002297053e-09,4.579236900781325e-08,3.008233306900365e-08,7.057177064950793e-11,2.583803171418708e-09,4.00438814052162e-11,3.855289698595499e-11,4.312234125336545e-09,2.760020656467077e-08,1.7006199115598974e-08,1.4567655970409987e-09,0.004125244449824095,1.1136877531292555e-10,4.6592547732871026e-05,9.30044574687372e-09,0.00024167067022062838,0.00124258641153574,2.501994913473027e-07,0.9942247271537781,1.5387399798783008e-06,1.0209033973751502e-07,0.00011716370499925688,19,19
8.920442856608091e-11,2.9949090082914687e-13,6.411262631900172e-10,4.097829187088564e-09,1.1664452737036868e-09,1.3220387451440274e-08,2.074418978606496e-12,1.0920344489795397e-10,9.277628144899186e-12,1.259843229739488e-09,2.0451992877035252e-10,3.815107951776753e-11,2.598077628590545e-07,2.033366183762375e-11,6.242464110073342e-07,4.869407307928064e-11,0.9940975904464722,1.1954843159855955e-07,2.406779458397068e-06,6.752519432495774e-09,5.919832801737357e-06,1.8046902861001968e-09,0.005893108434975147,16,16
1.0209430456598056e-06,0.9993553757667542,0.00023573181533720344,3.5116309166083326e-11,1.2485282141483367e-08,2.266028964470479e-08,4.85562479113355e-10,1.338513605508851e-10,2.918672595275673e-11,8.128645276883617e-07,7.524832881244947e-07,7.952372094166549e-09,1.138123977284522e-07,1.2464491305763659e-07,9.091204589140034e-08,1.5427553679003836e-09,7.982339411682915e-07,4.248334661838271e-08,1.8037171685136855e-05,7.380292288416967e-08,1.7909293603679544e-08,0.00038701383164152503,1.3550408017870552e-10,1,1
0.5129281878471375,6.817012035753578e-06,0.001445533474907279,1.2108675173649885e-09,0.23652759194374084,0.15603457391262054,1.3972780834592413e-06,0.00040079772588796914,0.0009920804295688868,0.011507945135235786,0.06099633872509003,0.016312191262841225,5.486623922479339e-05,0.00020540383411571383,0.0003079210000578314,0.0012404471635818481,2.57524902735895e-07,0.0009886925108730793,3.566664599929936e-05,3.2287803719555086e-07,3.780908173212083e-07,2.559722815931309e-07,1.228496512339916e-05,4,0
0.020991643890738487,5.797811581942369e-07,0.009087703190743923,5.899603028325373e-09,0.06870367377996445,0.8705058693885803,5.159145075595006e-07,1.2992899428354576e-05,0.0004316141421440989,0.004404393956065178,0.0030928344931453466,0.009367932565510273,0.008745886385440826,4.431681372807361e-05,0.00024011997447814792,0.00013120386574883014,3.1825957194087096e-06,0.003682903479784727,4.535328571364516e-06,0.0005169837968423963,6.871198365843156e-07,1.0329188881996743e-07,3.034901419596281e-05,4,5
1.0910956689258455e-06,5.451538331868733e-09,0.0007878153119236231,2.926573219874662e-11,0.000225308453082107,2.1234702217043377e-05,1.2581509167830518e-08,1.9616452906490167e-10,3.2499128388430165e-10,3.061629740841454e-06,7.256583245407455e-08,4.157919647695962e-06,0.8452339768409729,1.441899598830787e-06,5.564791990764206e-06,1.1464075910794236e-08,1.9843598693114473e-06,0.1409158557653427,0.00015252373123075813,0.012645615264773369,1.1808755751019362e-08,4.565457345506729e-08,1.2614820832368423e-07,12,12
6.176079477882013e-05,4.4504734641494237e-13,7.915786776058198e-11,2.5989863473158126e-12,0.9997252821922302,0.0002096050448017195,9.825295552200533e-14,1.1838498931160402e-11,1.1362218543808922e-07,1.0845363931366592e-06,3.2237176128546707e-07,6.664477609774622e-07,1.1203683814020593e-10,8.609448798324593e-08,8.947148444349295e-07,8.763298420255694e-11,5.550561746336946e-12,7.695477588498534e-10,2.4107221108238264e-08,2.3903262995252778e-14,4.604487364306964e-14,1.2552604788940158e-10,8.655388905598471e-11,4,4
3.9611758317903423e-10,7.019664849394758e-09,1.0429189067906464e-08,2.7892674281382313e-11,3.4573854890140865e-10,5.187227730685251e-11,6.465920247139545e-12,5.8296739831320554e-12,3.161327753395393e-12,1.9326891476101338e-10,2.0439398437654965e-11,1.6093897048374828e-13,0.0004482686927076429,3.0097078258448096e-13,9.857730631779305e-09,7.032419091501652e-10,2.448842451485689e-06,0.9972506165504456,3.7572518013506695e-11,0.0022960880305618048,3.4173260132774885e-07,2.381659869321595e-10,2.140002379746875e-06,17,17
0.00021252194710541517,4.501932604483727e-09,0.0011548949405550957,5.8818063267129794e-12,5.532546651920711e-07,0.15756815671920776,1.1799991625593975e-05,9.736343997701624e-08,3.970157922594808e-05,0.21161600947380066,0.47068941593170166,0.12440856546163559,0.000403156183892861,0.03387216478586197,7.063435077725444e-06,6.44429398732882e-09,9.613257745400006e-09,1.541451820230577e-05,1.5850186940724598e-08,2.136540366848294e-08,1.126086530689463e-07,1.39516298514053e-09,3.561637527127459e-07,10,10
2.736345834364329e-07,3.6397153735379106e-07,3.753493960090282e-09,8.399374706868912e-08,1.7230986082417132e-10,2.432042833788728e-08,3.5716684578801505e-06,0.9999417066574097,1.103075963904132e-09,4.4083276407036465e-06,2.3151033019530587e-06,1.3241135299324469e-08,2.1422061763587408e-05,1.0140000085812062e-05,1.5971189668562147e-06,1.972478402834099e-09,3.1989156212830494e-08,1.629003776315585e-07,2.0951127055468532e-08,1.317839860348613e-06,1.1664079124784621e-07,1.874460364703623e-09,1.246279316546861e-05,22,7
0.6242107152938843,0.00011915843060705811,0.02261272817850113,5.834638159285532e-06,0.017880814149975777,0.037460483610630035,5.02961702295579e-05,0.004444693680852652,0.06488650292158127,0.01999250240623951,0.08613411337137222,0.0012553189881145954,0.00020066519209649414,0.00033638012246228755,0.09335901588201523,0.011614467948675156,8.188705578504596e-06,0.015119590796530247,1.5700055882916786e-05,0.00012533091648947448,8.774773959885351e-06,1.657707616686821e-05,0.00014212408859748393,8,0
0.29561808705329895,5.898692165828834e-07,6.6218049141753e-06,1.3475334181833887e-09,0.00010519357601879165,0.3794434368610382,7.346402242092154e-08,0.0004148685547988862,4.276333129382692e-06,0.00013128585123922676,0.009352319873869419,0.0007191364420577884,1.7339412806904875e-05,0.308643639087677,8.062067536229733e-06,8.544660090592515e-09,2.4336075512110256e-05,1.1188943062734324e-05,3.032572237771092e-07,1.2801745015167398e-06,0.005488138645887375,8.591517541844951e-08,9.655825124355033e-06,0,5
1.2807850335860849e-09,0.9999992847442627,4.547555221279254e-09,3.4116464824241648e-15,1.5115900198203747e-10,9.444055953933272e-11,2.9990341807173415e-12,3.334405776662941e-13,8.120056954304469e-14,5.462686969437414e-10,2.1095389324266023e-10,3.741628118447693e-10,6.442169575571199e-10,4.960240858054021e-07,3.183773383819144e-11,3.1305907437781735e-14,2.3459492126676196e-09,2.405450005849019e-10,1.796442461454717e-07,6.059027585214594e-11,2.884479981257737e-11,3.18233972507187e-08,6.920098608725889e-12,1,1
0.00012765283463522792,0.9107463955879211,6.6017478275171015e-06,2.5570633610527693e-08,9.148136115300076e-08,3.844833554467186e-05,0.0002861585817299783,0.05652535706758499,3.485825743609894e-07,0.00018310168525204062,4.647836249205284e-07,9.424928038015423e-08,0.001330094295553863,4.6310697143781e-06,5.993612148813554e-07,9.81048469839152e-06,0.0007472268771380186,6.906228372827172e-05,0.00036172420368529856,0.0007094715838320553,0.027254188433289528,0.0014381619403138757,0.00016038591274991632,1,1
0.0009305047569796443,0.004505572374910116,0.0005565331666730344,0.0008731476846151054,0.0001768485817592591,0.038773827254772186,0.0002470815379638225,0.27598223090171814,0.00029478673241101205,0.00231748865917325,0.028569085523486137,0.017565257847309113,0.11436497420072556,0.0009121961193159223,0.0003083179472014308,0.0018330556340515614,0.008693397976458073,0.003787382273003459,0.00034210452577099204,0.04790288209915161,0.006182790733873844,0.006563964299857616,0.4383166432380676,12,22
0.027339067310094833,2.107456793964957e-06,0.03902328759431839,5.7659487850969526e-08,0.3315418064594269,0.5343503355979919,3.8374444557121024e-05,1.881305706774583e-06,3.196196485077962e-05,0.01290877629071474,0.002623911015689373,0.00015643959341105074,3.9976621337700635e-05,4.611019903677516e-05,6.338556704577059e-05,0.0006426887703128159,7.77119566919282e-06,0.051169250160455704,7.837749762984458e-06,1.346870021734503e-06,1.695109972388309e-06,1.6097782662427562e-08,1.943478991961456e-06,4,5
7.600272411423248e-09,6.134328600637673e-10,5.633161159757094e-10,7.323148164262161e-13,3.088179489907361e-09,2.9384492616912894e-09,2.8793370465685086e-11,5.5672305876441897e-08,5.438991834694207e-08,7.023799497574146e-08,1.8735510820988566e-05,8.351578799192794e-06,2.019902717309563e-10,1.1644996078530312e-09,0.005627204664051533,0.994345486164093,1.2953773253707168e-12,1.9230983472340313e-09,7.64596066460399e-08,4.477317405715553e-10,2.4206235973989187e-12,6.255907684243889e-12,1.0232191482995034e-10,15,15
5.7113713410217315e-05,0.00017291001859121025,0.00046967892558313906,2.5642082164267777e-06,1.217129101860337e-05,0.0015145473880693316,4.1874259295582306e-06,0.002357957186177373,4.045818786835298e-05,3.564815779100172e-05,0.000966927851550281,3.9892429413157515e-06,0.01865175925195217,1.5670879065510235e-06,0.00027314474573358893,0.001284942147321999,0.0004923301166854799,0.9131212830543518,5.301372584654018e-05,0.023473123088479042,4.658085890696384e-05,4.3839114368893206e-05,0.03692018240690231,19,17
1.6534872315787652e-07,5.6658898017758474e-08,0.9999957084655762,2.941306365134011e-10,1.570993057864456e-10,2.0493931884857375e-08,8.243430243970451e-11,5.396794122702886e-09,7.370720140897902e-07,3.886706778644111e-08,2.0409752323757857e-06,2.410976418509847e-10,3.8404275315429e-09,1.2444806296585398e-09,4.61726941125562e-08,1.5104174855284924e-10,2.1835409924619853e-08,1.1101628842880018e-06,6.2506951004071e-11,6.820420850317532e-08,1.7077129710330041e-09,2.432785306538676e-09,2.9282190561197297e-10,2,2
0.0019924624357372522,0.05983714014291763,0.06447818130254745,0.0016647011507302523,0.00021240227215457708,0.0016042530769482255,6.0974518419243395e-05,8.193202666006982e-05,5.9861693443963304e-05,0.0004503628588281572,0.00024305218539666384,0.0018667876720428467,0.10567094385623932,0.00025733219808898866,0.04308583214879036,0.0004316018312238157,0.005531185306608677,0.5547718405723572,0.0025497034657746553,0.014325061812996864,0.00020674739789683372,0.14001815021038055,0.0005994330276735127,17,17
0.09830170124769211,0.0007305575418286026,0.002808756660670042,6.212588050402701e-05,9.979429887607694e-05,0.011704863980412483,0.0002676380972843617,0.004294609650969505,0.21337854862213135,0.03239819034934044,0.019611723721027374,0.00018448430637363344,0.0006368549074977636,0.0005815814365632832,0.5608716011047363,0.001379263587296009,6.923283217474818e-05,0.04677720367908478,3.310887768748216e-05,0.00046552569256164134,4.011107648693724e-06,0.00014704473142046481,0.005191519856452942,8,14
1.7419580444766325e-08,1.1166513935734201e-08,5.414892978450325e-09,4.6605388819009885e-12,6.320203471688046e-09,2.0988073501371218e-08,4.742878832730835e-12,8.246279747936569e-08,3.8935990542832144e-10,1.1422923718029665e-09,2.0811090697958612e-11,7.46740863588613e-11,3.581277951525408e-06,4.17345713543682e-09,2.736853188523014e-09,1.2976317242952007e-10,0.01895286701619625,1.968385454631516e-08,2.3335456717177294e-05,2.129026377417631e-08,0.9810195565223694,2.7407006086832553e-07,9.078696905362449e-08,16,20
0.00020374861196614802,0.9979909658432007,5.565703759202734e-06,2.58046561896208e-09,3.8020477433065025e-08,3.0252371288952418e-05,2.181317704241792e-08,9.072466127690859e-06,0.00011916158837266266,2.395493174844887e-05,2.8104399461881258e-05,2.17292956961046e-08,4.766135589306941e-06,0.00031954137375578284,1.931360458229392e-07,6.546028163967321e-10,0.00018359239038545638,5.1875336026796504e-08,5.927454913035035e-05,1.2212169167469256e-05,0.0007590674213133752,6.304221460595727e-05,0.00018752900359686464,1,1
0.00014394115714821965,0.9969724416732788,4.867555617238395e-05,2.022897760411979e-08,1.9315939425723627e-06,6.713160109939054e-05,1.6954137436187011e-06,8.825339136819821e-06,4.485384508257084e-08,1.8975866623804905e-05,0.00032872220617718995,5.138883238942071e-07,1.5545591622867505e-06,0.00020984238653909415,4.981249546176514e-08,2.618407046739435e-09,2.4431717974948697e-05,7.5228113018965814e-06,0.0017676114803180099,6.05611262471939e-07,4.3499906610122707e-07,0.00039469750481657684,4.370724013824656e-07,1,1
3.5935687492383295e-07,7.513578204054738e-09,0.999996542930603,2.8317545530676114e-10,5.014292869809367e-10,1.706930419231867e-08,4.278129933643626e-12,1.2805952132044496e-10,7.723909902779269e-07,1.7277562491813114e-08,1.2616970934686833e-07,1.1797671728430714e-09,1.1382694786732372e-08,1.6772327526837216e-08,7.907367205461924e-08,1.0319382067608407e-12,1.9069045720243594e-06,1.0392566807126968e-08,2.13603073007107e-08,3.219110755736665e-09,3.637540046952381e-08,4.3002515326406865e-08,2.336528470703314e-10,2,2
2.6389574486529455e-05,7.292960901850165e-08,8.345214155269787e-05,3.2127592253239357e-10,1.9806643649644684e-06,0.00043728671153075993,0.000470058701466769,2.030381267559278e-07,4.4595799408853054e-05,0.9146896600723267,0.07718987762928009,0.0028817113488912582,0.0002471787156537175,0.0009978321613743901,0.0006883229943923652,7.682375326112378e-06,5.6485955468588145e-08,0.0019672454800456762,3.259575896663591e-05,4.981019628758077e-06,2.9955240279377904e-06,6.587862344531459e-08,0.0002255230792798102,9,9
5.0999933591810986e-05,4.089491483227903e-07,0.00014433515025302768,2.8683302844001446e-07,6.166535371221471e-08,4.724648078990867e-06,1.8722332129073038e-08,1.3085954378766473e-05,9.970081919163931e-06,2.5932466087397188e-05,0.001639553694985807,2.3569853055960266e-06,0.03374011442065239,5.31001802528408e-08,0.019227640703320503,9.453153779759305e-07,0.0003797585959546268,0.9260736703872681,1.82884059540811e-06,0.0071445428766310215,0.0006178093608468771,0.00010842210031114519,0.010813534259796143,20,17
2.3535455966339214e-06,1.592031573238728e-08,4.2907689845606e-08,1.060347143422291e-09,1.8541372881486495e-08,1.4751636001619772e-07,3.453974439793228e-09,7.009355584841614e-08,1.6486029208451214e-09,1.0117008059751242e-05,1.3282222433019797e-08,2.0278637435922064e-08,0.997599184513092,2.384609523731207e-11,9.75033458416874e-07,2.5851639293250628e-05,2.2922786229173653e-06,0.0016091207507997751,4.711526102596508e-08,0.0007471454446204007,2.514336074455059e-06,9.813390988711035e-08,1.2422680661927643e-09,12,12
9.867912353911379e-08,9.930062414703622e-13,9.944909606929286e-08,2.8308628330364627e-08,1.4279578630649326e-09,1.2722226756523014e-06,1.4246095622616473e-12,2.832686973874843e-09,1.210707315651982e-12,1.4552832272585192e-09,1.596318736918345e-11,3.3385341713376704e-10,1.814777533581946e-05,4.675469456039139e-10,7.131841925911431e-07,6.848512729140666e-11,0.9999133348464966,3.1247061826888967e-08,3.317479468023521e-06,4.850271295708808e-10,6.292051693890244e-05,3.575501228425537e-09,8.241864080105188e-09,20,16
8.392667950829491e-06,0.00012548158701974899,0.00015941141464281827,1.01500745586236e-05,2.7834298066409247e-07,1.1309276715110173e-06,0.0004003799404017627,3.4544973459560424e-05,2.5439987894060323e-07,0.0007428938988596201,0.0002620132581796497,1.370874969097713e-07,0.012506464496254921,5.484778498043852e-08,0.00010077566548716277,2.001210532398545e-06,0.0967404842376709,0.14455437660217285,3.401864603347349e-07,0.6003546714782715,0.0005830610170960426,2.9025588901276933e-06,0.14340971410274506,19,19
1.5620301718755059e-09,5.651017076502285e-08,7.0245023131576545e-09,2.439705338794229e-12,2.509159457986243e-08,7.917290645309549e-08,1.6277652559182343e-09,1.7506193161764827e-09,1.1460404565448445e-13,9.145830404122535e-08,8.68480027477192e-12,1.898227963703647e-10,0.9904211759567261,7.57437168541486e-11,1.0919178450308209e-08,2.154094264072981e-10,2.696614274100284e-06,0.009214491583406925,1.5439307787801226e-07,7.369957529590465e-06,2.313317759572442e-09,8.43778380499316e-09,0.0003538808086887002,12,12
3.393487020275643e-07,1.137028925873862e-11,5.4496303303341875e-11,1.3796168651936114e-09,9.100417901891644e-13,7.877694052638162e-09,2.953825969598256e-05,0.003128851531073451,3.3918489544815245e-11,0.9968374967575073,5.000764957685533e-08,6.522655748852912e-10,2.2565550352737773e-06,2.927598163893208e-09,3.8167766169827644e-10,5.672756153707326e-10,2.8330812088667168e-12,3.3213504863072174e-11,1.4224926871975185e-06,1.2774352242672649e-08,7.008858077250935e-11,3.829287581469387e-11,4.129252495488345e-09,9,9
1.649235673539806e-05,4.909493611648941e-08,5.1137640184606425e-06,7.137356483610802e-09,9.315276656707283e-06,2.917371830335469e-06,1.159052203547617e-06,1.9646648070192896e-05,5.905134457862005e-06,0.0008753150468692183,0.01613798551261425,3.7969280697325303e-07,1.9442354641796555e-06,3.351913235860593e-08,0.9823560118675232,0.00042725467937998474,7.11076850734571e-08,0.0001300611038459465,3.669580905807379e-07,2.6282461931259604e-06,9.526114119751128e-09,5.058916840994243e-08,7.318823008972686e-06,10,14
1.4898203914981423e-07,0.00010459433542564511,9.538261110719759e-06,3.1412806578146046e-08,3.9204400081871427e-07,2.506962459847273e-07,2.5601099906680247e-08,2.4840982604246165e-09,2.934289256018019e-09,2.959787479994702e-06,1.9942311269005586e-07,6.870751008136722e-07,0.31702980399131775,9.525788158271098e-08,8.177485869964585e-05,5.012057613384968e-07,0.27689921855926514,0.08520299941301346,0.0008370443829335272,0.30633410811424255,0.009206797927618027,0.003304379992187023,0.0009843399748206139,19,12
5.4604006436420605e-06,3.1395097632724855e-10,2.8246013243915513e-06,5.453503967856044e-12,1.3107222684993758e-06,0.08909245580434799,2.632692119863833e-10,5.375604246182775e-07,0.8842645287513733,0.0003245418192818761,0.00010983313404722139,0.00045184142072685063,2.353450589964723e-08,0.02574361488223076,2.5981300950661534e-06,1.0514541770589858e-07,2.9321556294092943e-10,2.1888560297611548e-07,2.3672130922136603e-08,6.260060025908842e-09,3.719612706731823e-08,3.3484254865351337e-12,3.682186644482499e-08,8,8
1.0223302382428301e-07,0.9999877214431763,7.74715687157368e-08,2.8974183620932015e-13,2.2453180981152343e-10,1.0849343823338131e-07,1.6403696179168037e-08,8.354798097798266e-08,4.56213011812423e-10,7.425743433486787e-07,3.5589846447692253e-07,6.886000103456524e-11,4.0463163486492704e-08,3.4388983749522595e-06,2.0595249949906247e-09,2.1556203003147978e-12,1.2270917295609252e-06,1.2225513934538412e-08,2.6271795832144562e-06,1.509266667198972e-08,3.030236257473007e-06,3.7376676687017607e-07,1.778329372648102e-09,1,1
0.00023090298054739833,4.67020072392188e-07,7.901780918473378e-06,1.1767685437202857e-10,8.92082852033127e-08,0.0003554370778147131,3.1555543955619214e-08,0.038014475256204605,0.0002993742818944156,0.0022402338217943907,8.412750503339339e-06,0.0005424096598289907,0.9065111875534058,0.0006228907150216401,3.143790308968164e-05,2.6508699235705535e-08,1.6426500224042684e-05,3.09396164084319e-05,2.6477711799088866e-05,3.813597868429497e-05,0.050625991076231,1.818369099737538e-07,0.00039661178016103804,12,12
4.501179137150757e-05,0.002356329234316945,0.0005980015848763287,4.354212705948157e-07,1.0002734143199632e-06,1.5414832887472585e-05,8.122212875605328e-07,6.958467110962374e-06,3.688754532049643e-06,1.1338154763507191e-05,0.0011788631090894341,4.664617279104277e-07,0.009511183016002178,6.287211817834759e-08,1.2238214139870252e-06,9.5061177489697e-06,0.03182213380932808,0.25331971049308777,3.609431951190345e-05,0.0240358617156744,0.00661593908444047,0.013809350319206715,0.6566206812858582,12,22
0.00016052971477620304,1.5542750420038942e-09,9.756920189829543e-05,9.728885752569028e-11,0.9757218956947327,0.023666497319936752,4.718171409123784e-10,2.192264858535964e-08,6.391273200279102e-05,2.910277726186905e-05,0.00014707620721310377,6.020768068992766e-06,1.2257348203092988e-07,8.916939259506762e-05,1.5786341464263387e-05,2.2134756250125065e-07,2.972220691788152e-09,1.872639927569253e-06,1.0320727739099311e-07,7.964944259697404e-09,1.187967779703314e-10,1.1387820464392462e-08,4.941617248732655e-08,4,4
2.8113833282867803e-14,4.929588404145591e-10,3.521373459752092e-13,3.3292815119351227e-12,3.17101386652658e-14,1.3058339547278677e-15,1.0722116725186655e-18,1.1137953013769068e-14,1.430445550870319e-16,2.495587337990454e-15,2.5644520144571525e-13,9.559445494913767e-16,9.809290966306117e-13,6.46247920628451e-14,1.4597517801733656e-13,1.0301029722377603e-16,1.1029972490916862e-09,3.427653287544903e-16,1.1554478207553842e-10,1.083511264651088e-13,7.583109695730172e-10,1.0,5.289954932430341e-11,21,21
0.9566784501075745,9.189551342103641e-09,0.02907828986644745,1.1964231827477079e-09,0.00023301942565012723,5.459479143610224e-05,2.0578859221132006e-06,0.0009062708122655749,2.0036071646245546e-07,0.01036356296390295,0.0019000208703801036,8.933675985645095e-07,0.0006715402705594897,4.4206893790033064e-07,3.5385251976549625e-05,1.9197536005322036e-07,2.0234034892041564e-08,6.901862798258662e-05,7.39481549771881e-07,4.571701992972521e-06,9.117898436272753e-09,6.664819807156164e-09,7.007229214650579e-07,0,0
5.697372884583274e-08,1.3412949639857175e-09,3.9123723705181135e-10,8.134740103749039e-11,1.0395406063734569e-10,3.652053592873017e-08,1.297401214239713e-10,8.021224857657216e-06,1.7039515631811497e-10,2.6290838377462933e-06,1.2044888419993072e-09,3.835663342499629e-09,0.999405026435852,6.923671358460837e-11,1.258431581163677e-07,3.976146523143598e-09,1.2158847084720037e-07,0.0002932180359493941,1.9242143878273055e-08,1.6325458318533492e-06,1.227951429427776e-07,2.241794749835435e-09,0.0002889640745706856,12,12
0.001649407553486526,0.0001284779136767611,0.00038223250885494053,3.976203515776433e-06,1.6678445717843715e-06,0.008817855268716812,0.0003674505860544741,0.9453405737876892,1.5349300156231038e-05,0.003710751188918948,0.011854483745992184,6.211083018570207e-06,0.011894691735506058,1.715462417450908e-06,1.7339556507067755e-05,0.00019890852854587138,0.00046879114233888686,0.0030347362626343966,0.004538385197520256,0.004812333732843399,0.0008871446480043232,0.0007146861171349883,0.0011528681498020887,9,7
2.3766901904309634e-06,4.1536888512050396e-11,9.634779019052075e-08,3.9341807589465816e-10,0.9993333220481873,0.0006153933936730027,4.874853298808546e-11,1.1346010936330586e-10,4.173922718564427e-08,5.635551588056842e-06,4.029546835226938e-05,1.652856980172146e-07,8.9255124180454e-08,1.4246031021514227e-09,6.2922794086262e-08,2.659277420491435e-08,3.1632872321551986e-08,1.7154603426661197e-07,2.1558255411946448e-06,4.247726059780632e-10,4.8894898546647525e-12,1.1188706627862643e-09,1.989808318114683e-08,4,4
2.0183341575830127e-07,2.8679926344921114e-06,0.9998176693916321,1.0944958273029215e-09,4.807400699746722e-08,2.073390419354837e-07,4.738482384247789e-10,1.4868005848711618e-07,8.974502030412168e-09,5.635736766151922e-09,9.096927100493701e-10,1.8123347267362533e-09,1.2534482038972783e-06,2.1362517088618915e-08,1.5175891121543827e-07,1.6272053704469158e-09,3.795262841777003e-07,0.0001737956772558391,2.3294997042455634e-09,1.2755388070218032e-06,5.382706724788022e-09,1.4869488040858414e-06,5.287145654619962e-07,2,2
2.4886119831535325e-08,1.921037547786275e-12,4.2625325491485455e-10,9.571591783053002e-12,4.3052167386647966e-10,1.5971538402936858e-07,4.169210809923385e-10,1.7956770648197562e-07,1.9468249234932955e-08,5.446382260743121e-07,2.406205339866574e-06,9.374022447161678e-09,2.923309372349081e-09,7.632387166722765e-09,0.9999936819076538,2.9558159440057352e-06,3.4949512034421204e-11,1.6684813530787324e-09,7.78453274064006e-11,2.2476540073590456e-10,4.4707865187731954e-10,5.721392110080714e-12,3.081827293360817e-10,14,14
0.28023025393486023,0.00024259410565719008,0.001210417365655303,1.3696987934963545e-06,0.0023042242974042892,0.0024165997747331858,0.0001070250291377306,7.145603740355e-05,6.949562521185726e-05,0.046831730753183365,0.0850047916173935,0.49722355604171753,7.196361548267305e-05,1.658803921600338e-05,0.00011734452709788457,0.08297155797481537,1.0206109664068208e-06,0.0009856487158685923,3.613529770518653e-05,6.864563329145312e-05,1.4642124597230577e-06,2.277347306289812e-07,1.589611201779917e-05,9,11
0.09380447119474411,3.4771110222209245e-06,0.00040960012120194733,2.0745073925354518e-07,0.003368087112903595,0.007770251482725143,2.6835255084733944e-06,6.793283682782203e-05,0.02471853606402874,0.00484453933313489,0.0013084441889077425,0.01481197401881218,1.912713059937232e-06,0.0033249512780457735,0.104952871799469,0.7404568195343018,7.472515051176742e-08,0.00014006019046064466,7.730897664259828e-07,7.526349236286478e-06,8.281960361955498e-08,2.9650172095330163e-08,4.68307143819402e-06,11,15
1.0535300631886457e-08,2.851377018942003e-07,1.2519656138465507e-06,2.2455145298749812e-08,1.1690175938383618e-08,8.837647946791094e-09,1.0782401638209649e-08,3.1390626986649295e-08,3.977475060423785e-08,3.911465285000304e-08,3.721640595699682e-08,2.2919171005497674e-09,0.004442167468369007,4.0910630438872886e-09,1.5099147276487201e-05,1.4785182429477572e-06,0.003956294152885675,0.0036072537768632174,5.134197067491186e-07,0.863170862197876,3.364806616446003e-05,0.0001782605395419523,0.12459264695644379,19,19
8.183365571312606e-05,0.00010976033081533387,0.00016375684936065227,2.9634200473083183e-05,8.319971129822079e-06,5.356366455089301e-05,2.4955736080300994e-05,0.6560530662536621,0.0019125371472910047,0.00020567681349348277,0.008810962550342083,6.344048983919492e-07,0.0073966761119663715,1.1206115857476107e-07,0.01818430796265602,0.006857150234282017,0.00012923100439365953,0.23624944686889648,2.8725189622491598e-05,0.04700009152293205,4.424393773660995e-05,7.049027772154659e-05,0.01658480241894722,19,7
0.00951843336224556,0.00017659811419434845,0.010702885687351227,1.4536603885062505e-05,0.0026141819544136524,0.14183193445205688,1.0587208265633308e-07,0.0473913736641407,0.03230472281575203,0.0023844155948609114,0.3193857967853546,0.00019597355276346207,0.23322813212871552,0.0005826534470543265,0.0006154733709990978,3.4147601581935305e-06,0.003692597383633256,0.020310021936893463,0.03677774593234062,0.029147014021873474,0.07678070664405823,0.0023926731664687395,0.02994852513074875,10,10
0.46626365184783936,8.277307728121741e-08,0.004010309930890799,1.490454053509893e-07,0.01750299707055092,0.0696413516998291,2.840842853402137e-06,2.4565397325204685e-05,4.748084393213503e-06,0.3719395697116852,0.04501979798078537,0.010690595023334026,4.49724611826241e-05,2.608487193356268e-05,0.00012630870332941413,0.014400370419025421,7.744702656964364e-07,0.00028962636133655906,9.301228601543698e-06,1.0153071343665943e-06,3.408774063018427e-08,1.3549814070756838e-07,8.233035941884737e-07,0,0
1.4081781962715922e-08,1.9072410850640154e-06,4.594369329424808e-07,5.980658443149878e-06,5.8643858658058434e-09,1.0460940984557965e-06,2.379492713977527e-10,5.6249131574759303e-08,6.3948761841459145e-09,3.4702896556382257e-08,1.3560430556225356e-09,2.2858090176214318e-07,3.4429228890076047e-06,1.4226037592379726e-06,3.4165695979027078e-06,2.212718896998922e-08,0.9971112012863159,6.849355486338027e-06,0.0015593559946864843,6.80977473166422e-06,2.492822750355117e-05,2.1252619717415655e-06,0.0012704640394076705,16,16
0.0008673507836647332,0.00022960688511375338,2.6718334993347526e-06,2.7923759262193926e-05,2.348219595660339e-06,2.066648994514253e-05,0.9462491869926453,0.020704397931694984,7.672882202314213e-05,0.013540956191718578,0.0003068028890993446,3.834968447335996e-05,1.7235763152712025e-05,0.004091273061931133,0.0003933435946237296,3.0840487852401566e-06,5.722366950067226e-06,7.056445952002832e-07,7.519955397583544e-05,3.507866131258197e-05,0.005943906493484974,8.7505341070937e-06,0.00735876988619566,6,6
0.9785577654838562,3.5372003992506507e-08,1.6557820345042273e-05,1.0451433052338643e-09,0.0015850443160161376,0.00013445534568745643,4.549717047552804e-09,1.5803981057160854e-07,4.604766274951544e-07,0.0014681927859783173,0.00020459745428524911,0.018001485615968704,1.0973303687933367e-05,3.361770041010459e-06,1.4847181546429056e-06,9.847025239650975e-07,3.6209118547958496e-07,1.0631400073179975e-05,9.3099018272369e-08,1.396481223991941e-07,5.170409167476464e-07,2.204657221227535e-07,2.5336794351460412e-06,0,0
1.1803803268151114e-08,7.048564043543593e-08,2.7087621035093434e-10,2.4313626112437703e-10,3.3308194247183565e-07,1.7677106001201537e-08,6.675840324987803e-08,4.039064638305945e-09,4.3005151439956535e-08,2.2551223537448095e-06,5.356139531897952e-09,2.2323962678427733e-09,0.00036644135252572596,1.070234265793113e-11,6.3345910739087685e-09,3.1218689855450066e-08,9.236266487278044e-05,4.208779864711687e-05,2.129681142548634e-08,1.6048510588007048e-05,0.0005718708271160722,3.1612648054846204e-09,0.998908281326294,22,22
8.798664202913642e-05,2.5336514681839617e-06,0.04161892831325531,1.5486608617720776e-07,1.4231030036171433e-05,0.4381326735019684,0.0002952441282104701,6.6872612478618976e-06,1.573964073031675e-05,0.0030284766107797623,0.0010574409971013665,0.00012225921091157943,0.3922114670276642,0.00019729378982447088,4.975170213583624e-06,2.9975439019835903e-08,0.00011416219058446586,0.1205606535077095,0.00019904049986507744,0.0014312135754153132,1.1155208312629838e-06,1.4687105931443512e-06,0.0008963842410594225,12,5
0.024064412340521812,0.0009274453041143715,0.03785363584756851,5.899334610148799e-06,0.024077748879790306,0.061475999653339386,0.0023367293179035187,0.0003276387869846076,0.0005071102059446275,0.009248988702893257,0.0041310046799480915,0.0030190811958163977,0.001762482919730246,0.0010586061980575323,0.7458422183990479,0.05831705033779144,1.760587838361971e-05,0.022562259808182716,0.0005126936594024301,0.0005956449313089252,1.590786087035667e-05,8.711814734851941e-05,0.0012527648359537125,0,14
0.26042574644088745,1.987576615647413e-05,0.0057244859635829926,1.2572722596360109e-07,0.029324563220143318,0.05717300996184349,4.000296758022159e-05,0.000632764829788357,0.0005123565206304193,0.01068133395165205,0.0079207057133317,0.005667141638696194,3.267432839493267e-05,0.0015219745691865683,0.5868857502937317,0.032484013587236404,1.9278470517747337e-06,0.0005790774011984468,0.0003125547955278307,1.5439060007338412e-05,4.861102524955641e-07,2.025499952651444e-06,4.201176489004865e-05,5,14
2.537138971092645e-05,7.141313108149916e-05,2.0579379622631677e-07,0.03288576006889343,9.830774843067047e-07,0.0016248013125732541,6.6021002567140386e-06,0.00046184976235963404,7.870509648455482e-07,0.00012360989057924598,3.3387661915185163e-06,2.118516931659542e-05,0.00022768884082324803,0.8976070284843445,0.006868539843708277,1.826834790108478e-07,0.019014516845345497,3.399901106604375e-05,0.03490522503852844,3.141331399092451e-05,0.004104395397007465,1.5010955394245684e-06,0.001979564083740115,3,13
3.597841425825865e-12,1.4451717600394431e-09,2.3281256922302873e-09,2.368679474784585e-09,1.6249734891005119e-10,1.9155486918887021e-10,3.928462763425067e-11,4.536148746122487e-13,3.969245505192065e-12,1.168896868186664e-09,6.339282571099503e-11,3.480117886575651e-12,0.0003535325522534549,6.9384346358669635e-12,2.692881651000789e-08,1.1773571007012151e-09,3.741173350135796e-05,0.012434701435267925,7.918741218304604e-09,0.987159013748169,2.5275385340250978e-08,1.911995362036123e-08,1.531077032268513e-05,19,19
0.7045929431915283,3.564204598660581e-05,0.00012667597911786288,3.4479856481084425e-07,0.17310695350170135,0.09804107248783112,1.3986606973048765e-05,4.324260225985199e-05,0.0007589484448544681,0.010474137961864471,0.008898496627807617,0.0009472814854234457,1.2492124369600788e-05,0.00021448441839311272,0.0017154787201434374,0.0004399784957058728,9.610545021132566e-06,0.00030477260588668287,0.00016199308447539806,6.422681053663837e-07,3.5534442304197e-06,2.136679768227623e-06,9.507247159490362e-05,0,0
0.00017730923718772829,0.0025274434592574835,0.010699598118662834,0.0002900407125707716,4.731392255052924e-05,0.001022420939989388,0.0003254376060795039,0.014394025318324566,1.5518868167418987e-05,0.0005498509854078293,0.00011155070387758315,9.480801236350089e-05,0.007839517667889595,0.07533670961856842,0.026304511353373528,6.651461444562301e-05,0.0009313786285929382,0.00206780550070107,0.0006328710005618632,0.0026879925280809402,0.8436936736106873,0.009931081905961037,0.00025261551490984857,12,20
0.028830967843532562,0.00024558434961363673,0.6790997982025146,3.064590146095725e-07,0.02039588801562786,0.14289280772209167,0.0002660535683389753,0.0005327219842001796,0.06276480108499527,0.011332526803016663,0.002724193502217531,0.0007517110207118094,0.004695903044193983,0.0011691022664308548,0.011085011065006256,0.006032796110957861,3.873607965942938e-06,0.02411283180117607,0.00011179049033671618,0.0027671789284795523,9.154068720818032e-06,1.859874464571476e-05,0.00015645433450117707,8,2
0.0016016124282032251,0.0002168380015064031,1.1955014088016469e-05,1.7804569552026805e-06,4.377704499347601e-06,0.00017537950770929456,1.0809841910486284e-07,0.1182890459895134,4.0440085058435216e-07,4.600099418894388e-05,0.004564945586025715,2.695771854632767e-07,0.0005840648082084954,0.000394978909753263,1.341985262115486e-05,2.0016049973037298e-07,1.2080971828254405e-05,4.305939910409506e-06,0.0017421471420675516,1.1855724551423918e-05,0.0010626264847815037,0.8711076974868774,0.0001538710348540917,21,21
0.04593965783715248,0.00017560065316502005,0.8273607492446899,3.1264801236829953e-07,0.0006111732218414545,0.11616533994674683,0.00731841754168272,1.1160520443809219e-05,6.385559458976786e-07,0.0010776944691315293,5.423612037702696e-06,0.0001165617723017931,4.4135915231890976e-05,0.0006350927869789302,1.2840848739870125e-06,5.342572876543272e-06,4.80296257592272e-05,0.0003641775983851403,4.9243884859606624e-05,9.299866178480443e-06,5.9075926401419565e-05,6.354807169373089e-07,1.046699935614015e-06,9,2
1.6231768262386231e-13,1.7344669034358162e-09,4.371585125145794e-12,3.063956380278121e-11,1.0331093619475595e-12,4.202458422485761e-13,1.5595839293109135e-16,1.0541946411949873e-13,2.1249516871257613e-16,4.565668589723293e-13,5.58079450707627e-12,5.951154825011018e-13,1.6385583168077034e-10,7.637999607790213e-12,1.8449908267825776e-11,1.201720455323808e-14,2.2896917695192087e-10,3.0570635405719956e-14,2.3918963165669993e-07,6.346412653214506e-13,1.2729776122100134e-09,0.9999997615814209,7.1480811721091886e-12,21,21
0.10868965089321136,1.444283803664348e-09,0.36712646484375,3.805425974334753e-10,0.01102882158011198,0.21092958748340607,4.024752797704423e-07,1.933413159349584e-06,3.025727210115292e-06,0.046730365604162216,0.008345263078808784,0.01623668521642685,6.2258230173029e-05,0.23079341650009155,3.807147095358232e-06,1.7101781324413423e-08,2.4611821913822496e-08,2.7904225134989247e-06,4.5381388190435246e-05,3.840488105311124e-08,8.369015203069097e-11,2.778360208566255e-09,1.5621445470515027e-08,10,2
1.6279574310829048e-06,3.3946637358894804e-06,4.62673006040859e-06,7.885470949986484e-06,3.4045260690618306e-06,0.00011966647434746847,1.7212821603607154e-06,7.449690286875921e-08,3.876269602187676e-06,2.3671864255447872e-05,2.4060270789050264e-06,5.7491124607622623e-05,0.003775692544877529,0.00012561946641653776,0.7730951905250549,2.3064424112817505e-06,0.017901508137583733,0.0008665940840728581,0.0024518645368516445,0.0009210447315126657,0.012954465113580227,1.9839695596601814e-05,0.18765594065189362,18,14
4.803948037979122e-13,4.433666113367159e-16,3.061586357697155e-14,1.0605264369394443e-15,6.983277289762668e-10,6.751755187925368e-13,2.7960859344351914e-16,1.065108355788498e-14,2.19021764564847e-14,1.6921018622731432e-13,5.903631316445113e-12,2.6191397141384076e-13,4.61630896269466e-13,3.3517333353216827e-09,1.0,2.1728636667717183e-09,9.595363715283849e-15,2.8704266394341538e-11,6.1117611487157206e-15,8.624153908370902e-13,1.2798571271256491e-14,4.0001889875605073e-14,1.2434103158448333e-14,14,14
0.00041697820415720344,0.0007369862287305295,6.553140701726079e-05,2.8033034027430404e-07,5.6321749042353986e-08,0.0005924559663981199,4.139597876928747e-05,0.9931204319000244,0.0005902615957893431,0.000308830029098317,0.0010183939011767507,1.369860342492757e-06,0.00011231387179577723,0.00041246568434871733,0.00012664716632571071,4.138115855312208e-06,2.776886867650319e-05,0.00021042971638962626,6.067323738534469e-06,0.0003743231645785272,0.0014740104088559747,5.046348178439075e-06,0.000353791139787063,7,7
0.0026898907963186502,0.01763143390417099,4.2906533053610474e-05,3.139689681574964e-07,3.408575537378056e-07,0.0003331654006615281,0.0002636726712808013,0.9779756665229797,1.833089663705323e-05,6.234284228412434e-05,8.06797561381245e-06,9.362219088870916e-08,6.246163684409112e-05,0.00014337070751935244,1.1308289913358749e-06,8.24330328441647e-08,8.687848458066583e-05,3.845389073831029e-06,5.22992024798441e-07,2.6833635274670087e-05,0.00019254368089605123,0.00019880539912264794,0.00025724826264195144,7,7
0.8901400566101074,0.00037686675204895437,0.0005080110859125853,7.84906095674387e-09,0.0029914972838014364,0.0948924571275711,0.0012042276794090867,0.0025532860308885574,7.156329502322478e-07,0.006642248947173357,1.7083556258512544e-06,0.00016847871302161366,3.0195951694622636e-06,0.00018759271188173443,2.604676581086096e-07,0.0002873094636015594,1.7810252472827415e-07,4.1609672507547657e-07,3.541887053870596e-05,4.6374143636285226e-08,5.862509624421364e-06,3.896391547186795e-07,2.1746609846218234e-08,0,0
1.5288138532909556e-09,6.463100193920823e-11,1.2605001487031586e-09,6.714586785888654e-12,1.917258574124503e-09,2.3418750272341526e-10,3.1591833316024776e-11,5.317324011655522e-11,3.4148756739016406e-11,1.4176219309547378e-08,2.8518959638290653e-08,8.066419532326563e-09,4.840050027432596e-10,2.2216158079846338e-10,0.9999572038650513,4.2800580558832735e-05,3.784871721590477e-11,7.043762795255759e-10,2.311630054041558e-11,1.7074680558337718e-09,1.6035388294977082e-11,3.969978165652144e-11,1.924607417880253e-10,14,14
2.376563315920066e-06,0.9995582699775696,1.656884705880657e-05,1.2906450352900833e-09,2.7873545693779533e-09,3.23388485412579e-05,1.3811507415084634e-05,2.0135075828875415e-06,1.895898193993162e-08,0.00026993759092874825,2.9896684281993657e-05,1.2744862942781765e-07,9.541771532894927e-07,2.9482986064977013e-05,1.5030234834512157e-08,4.99459540392877e-09,1.7985843442147598e-05,1.3784715235942713e-07,8.138025805237703e-06,1.6068919421741157e-06,1.3439594113151543e-05,1.4820587921349215e-06,1.41907560191612e-06,1,1
3.779918552027084e-05,2.8901735049657873e-07,0.00019113888265565038,6.363098509609699e-05,8.157560841937084e-06,6.211860181792872e-08,6.49636300309453e-09,3.5726881719710946e-07,4.4896355575474445e-06,4.461956996237859e-05,0.007419568952172995,1.212998995470116e-06,0.0723743662238121,3.130987380473016e-08,0.012679142877459526,0.00010126415872946382,0.010109446942806244,0.026631701737642288,0.0001869015977717936,0.4170116186141968,0.4420344829559326,0.009160389192402363,0.0019393071997910738,20,20
3.7948422182410013e-10,1.5642696027384773e-08,1.7409115815603116e-10,2.5037480769207754e-11,8.271747176102906e-11,1.9096356496106637e-08,1.7296980514558413e-10,5.52988632662732e-09,4.5387942293473316e-09,2.162513279557743e-09,4.01688851070503e-08,3.915635177209609e-12,5.6164615671150386e-05,1.5354372287501583e-11,3.282577820673538e-10,7.010081959357706e-10,0.00020778481848537922,0.00015786028234288096,2.0602362038601996e-09,4.168190935160965e-05,0.0003205812827218324,2.226548474482115e-07,0.9992156028747559,22,22
1.2243045466320268e-09,1.644737541691213e-13,1.2840661693658273e-13,5.14886244751267e-10,2.0232006716670858e-13,9.570134398492747e-13,2.4162902310508744e-14,1.8409837210242586e-08,3.385240230293512e-16,8.447435639880041e-09,1.1319808285170652e-10,2.217306199758795e-12,0.9999964237213135,4.2484374351836607e-10,1.1115154130436622e-08,2.169878859925589e-12,1.0236316595789788e-13,3.5477025903674075e-06,1.461643306388538e-10,2.8458062573122334e-09,2.074673542500332e-14,4.663706573704296e-11,8.090052065756748e-12,12,12
1.0095316156366607e-06,1.920145820122343e-08,0.9999947547912598,1.9652618074572636e-11,1.46107848042476e-09,7.921471478766762e-07,4.267926290157931e-12,2.4007282828364396e-09,3.064389986207061e-08,9.48140623791005e-08,7.041670357921248e-08,1.1331502403066906e-09,1.5061024427609482e-08,1.3046759761436988e-07,3.457114594596078e-09,8.120996144436385e-14,3.0180033263604855e-06,1.9998029898715686e-08,1.3928851849698276e-08,3.6596545793798896e-09,3.397681425099108e-08,6.944194552715999e-09,6.320550749450149e-10,2,2
0.0005498315440490842,5.742010955600563e-08,7.115256721590413e-06,2.647918828646567e-10,3.60673620889429e-05,4.465266829356551e-05,8.813355378833876e-09,3.6936775416052114e-08,7.502004336856771e-06,0.0012047572527080774,0.9941476583480835,0.00015466917830053717,1.7893508896804633e-08,0.003839742625132203,6.376167789312603e-07,1.3033760737357625e-09,1.4969525619079604e-09,1.213972353752979e-07,9.998623085039071e-08,7.502329424369236e-09,4.0738493112257856e-07,6.630441021115985e-06,3.567241080304484e-08,10,10
0.3988642692565918,9.905457432068943e-08,1.7829321450335556e-06,2.2772763674794305e-09,0.03806288540363312,0.004749766550958157,2.224948758566825e-08,2.1055984689155594e-05,6.3662473621661775e-06,0.0014997604303061962,2.1949659640085883e-05,0.36775755882263184,1.039914650391438e-06,0.18897563219070435,3.3768974390113726e-05,1.805364320262015e-07,4.3577696828833723e-07,2.1530009775005965e-08,3.9132146412157454e-07,8.605472778810963e-09,1.8050373284950183e-07,6.154190828056016e-07,2.163915041819564e-06,9,0
0.08698727935552597,0.02078991010785103,0.4796440601348877,0.00019831683312077075,0.00047125478158704937,0.01006335113197565,0.00010963915701722726,0.00016355514526367188,0.00021845789160579443,0.0156547874212265,0.0015611507697030902,0.006322723813354969,0.07491443306207657,0.000995003036223352,0.012738507241010666,0.00031356667750515044,0.010680720210075378,0.001500167534686625,0.004402754362672567,0.15853406488895416,0.0014070718316361308,0.1109621599316597,0.0013671561609953642,13,2
9.852605217020027e-06,0.0022552513983100653,1.2320672340138117e-06,2.7299785188006354e-07,1.4335721516545163e-06,0.00012730929302051663,7.1637495935306106e-09,0.00016924187366385013,4.440383236214984e-06,2.4103630494209938e-05,1.9344356587680522e-06,0.0003018850111402571,0.040905971080064774,0.00015752956096548587,0.00020928909361828119,1.3272974683786742e-06,0.07621743530035019,0.0036310579162091017,0.0001225440646521747,0.0015738571528345346,0.056864045560359955,0.3640402555465698,0.4533798098564148,21,22
0.0002886344154831022,1.7713858158074913e-10,4.438771611603443e-06,2.2543497017052383e-12,0.6431887149810791,0.35631605982780457,5.835867900039204e-10,6.527695717295501e-08,7.17255375093373e-08,1.8188015019404702e-05,1.2657280876737786e-06,4.626567897503264e-05,2.2409412849810906e-05,0.00011293738498352468,1.7694324228045843e-08,9.130708966686996e-10,5.874063457866896e-09,6.298357675404986e-07,6.818352460413735e-08,6.510909145163168e-08,7.844474403384538e-09,5.2063557909320934e-09,1.9483417190713226e-07,5,4
2.7295171678431984e-10,4.4131019194537657e-07,5.3335069694071535e-09,1.2871427014504722e-11,2.666045162413866e-09,4.685237442458856e-08,5.865487082701293e-07,1.455857017162998e-07,7.611358654457945e-09,2.9643655580002815e-05,1.6098095079186692e-09,3.0544228479811864e-08,0.020312519744038582,0.00015275705663952976,2.1715629827667726e-06,1.7170818011891242e-07,2.3342559529737628e-07,0.03134853020310402,4.754192417522063e-08,0.9479468464851379,8.100797685983707e-07,4.009433896001724e-10,0.00020509127352852374,19,19
2.8571096208906965e-06,7.599544187542051e-05,6.967245280975476e-05,1.030760017783905e-06,5.2157356549287215e-06,4.812589509128884e-07,2.1458781418459694e-08,1.7140378005819912e-08,2.807901466894691e-08,4.435770733834943e-06,3.233606184949167e-05,4.464879168608604e-07,0.5218833684921265,5.457638785344443e-09,0.0005728460964746773,9.416781540494412e-05,0.0005211852840147913,0.4444131851196289,5.8503814216237515e-05,0.029848357662558556,2.9039978471701033e-05,0.0010624576825648546,0.0013243480352684855,12,12
0.31576117873191833,4.0470146700499754e-07,0.0013512782752513885,4.6306968926046466e-08,0.000317063502734527,0.050456807017326355,6.720141391269863e-05,0.5089647769927979,0.0002720265183597803,0.0006694149342365563,0.07949229329824448,6.69359797029756e-05,0.00016741504077799618,7.3296541813761e-06,9.573643910698593e-05,0.000946548767387867,4.122804966755211e-06,3.280195960542187e-05,0.041291993111371994,5.684879056389036e-07,1.0182312593087772e-07,5.016175350647245e-07,3.3391392207704484e-05,9,7
2.522984914321569e-06,1.7999801116275194e-07,7.428038770740386e-07,3.4008996863121865e-06,3.752987254301843e-07,1.6571855667280033e-05,3.270728399229483e-08,1.2148100267950213e-06,8.342994419763272e-07,7.701853064645547e-06,3.337123075652926e-07,1.6305770600411051e-07,0.8102713227272034,1.4112498547547148e-06,0.0017864975379779935,2.721970382424388e-08,0.0222343597561121,0.0011383112287148833,3.6919072954333387e-07,0.008883830159902573,0.00014796643517911434,1.6741626041039126e-06,0.15549999475479126,12,12
0.008962494321167469,1.1797339539043605e-05,0.030498754233121872,1.1760685083572753e-05,0.005800671875476837,0.06826712191104889,0.00046942016342654824,5.124860308569623e-06,0.0017206970369443297,0.019274109974503517,0.0014311313861981034,0.000138066679937765,0.00021616971935145557,8.431053720414639e-05,0.15807029604911804,0.7027909755706787,1.5291356248781085e-05,0.0014031081227585673,0.000250647688517347,0.0005450505414046347,5.812718427478103e-06,7.3515116127964575e-06,1.9828326912829652e-05,5,15
3.9886818847811867e-10,0.9999953508377075,3.1056462956868813e-11,8.062189154126043e-13,2.8000508162095983e-11,1.4015603998565607e-12,1.3191735030726459e-11,2.841705169787101e-11,6.082169311549563e-16,5.992824986256196e-11,7.126122608669405e-11,7.33433875698547e-13,8.421208175235506e-12,1.3438290480394244e-09,8.726247502366391e-11,1.9291710590119138e-11,2.374227037194032e-09,3.9436223384092806e-12,7.231247423078457e-08,3.057386982474597e-11,6.216504633109465e-13,4.58740896647214e-06,3.271888593392447e-10,1,1
1.9745830570627732e-07,2.2843197200472787e-07,1.708305353531614e-05,6.525511242472248e-09,9.302542736122632e-09,8.254252747974533e-07,1.4982919083195156e-07,6.19895217823796e-07,2.5570956907472464e-08,3.852334430121118e-06,7.705411348979396e-07,1.5771533981023822e-06,0.047652583569288254,5.1984447857478244e-09,9.643850944485166e-07,1.9635556327557424e-06,0.0004397075972519815,0.03126302734017372,3.925856333353295e-07,0.9204624891281128,3.6512326460069744e-06,7.562856580989319e-07,0.00014915864448994398,19,19
2.4961277631518897e-06,9.417660180588427e-07,3.726357681443915e-05,5.685653832188109e-07,2.8324459435680183e-06,2.720009206313989e-06,4.6148471155582627e-10,0.0002415127819404006,2.878612349377363e-06,1.3704423906801821e-07,7.202552296803333e-07,3.850003338357055e-08,0.1489645093679428,5.380045990932558e-07,0.0004431737179402262,0.00015823048306629062,0.0033202008344233036,0.6563029885292053,1.0461109241077793e-06,0.18673166632652283,9.164211951429024e-05,8.60035652294755e-05,0.003607909195125103,17,17
3.109285171376541e-05,0.0002614237309899181,6.416057294700295e-05,1.309991226605689e-09,6.39660768797512e-08,6.55125359116937e-06,1.2110176861312993e-08,2.2114929379313253e-05,8.619954749988779e-10,2.9273267045937246e-06,7.032645754634359e-08,1.2929797321703518e-07,0.026716085150837898,2.9950675525469705e-05,8.667375368531793e-05,1.2221511802579244e-08,9.4176784841693e-06,8.032932237256318e-05,2.212817889812868e-05,0.0003164866066072136,0.00012960669118911028,0.9721935391426086,2.728203071455937e-05,21,21
2.751645240550715e-07,7.532834160883795e-07,3.5171495937902364e-07,2.3743587096447527e-09,7.248478262056324e-09,4.7054385277078836e-07,8.856095717879597e-11,0.00013563137326855212,2.038974855622655e-08,3.2749831007095054e-06,6.060964174992023e-09,2.890619832385255e-08,0.9841746687889099,9.143817258916442e-09,2.770715218503028e-05,4.409302221120015e-07,7.788907532813028e-05,0.011416511610150337,3.2349828416045057e-06,0.0015848472248762846,0.001992262899875641,8.838905159791466e-06,0.0005727632669731975,12,12
0.525173544883728,3.147580855511478e-06,0.0014725897926837206,1.3520415009793396e-08,0.23898540437221527,0.04381033405661583,2.0637928628275404e-06,7.860034384066239e-05,0.0004157315706834197,0.035604365170001984,0.04608222842216492,0.08651647716760635,0.00044112480827607214,3.755114448722452e-05,0.010162999853491783,0.008032728917896748,5.182769200473558e-07,0.0031428434886038303,5.4073102546681184e-06,1.0670421943359543e-05,1.0770367708801132e-07,3.6752319942934264e-07,2.138985655619763e-05,0,0
0.2484951913356781,7.737613216818318e-09,0.0003528095840010792,2.2435212088112166e-07,0.04951868951320648,0.20927439630031586,6.943654984326031e-09,2.0428722564247437e-05,0.0036743711680173874,0.20134437084197998,0.0016163017135113478,0.28006792068481445,9.99897820292972e-05,0.0025383136235177517,0.002800569636747241,2.1387566448538564e-05,7.667136259215113e-08,0.00014730122347828,2.3288719603442587e-05,1.5596027651554323e-06,2.7361600132280728e-06,1.521768311363303e-08,6.99348774446662e-08,0,11
0.9977626800537109,3.0154780894520172e-09,2.4576507712481543e-05,3.143694332630176e-11,0.0004337583377491683,0.0013422553893178701,1.8214056041188087e-08,2.155173206119798e-06,1.2412712635523349e-08,5.657803558278829e-05,1.7785012573767744e-07,7.700055903114844e-06,3.905671746906592e-06,0.0003660113434307277,1.2862892972975715e-08,5.337053021747806e-09,1.5970616829008577e-08,2.038438395857156e-08,1.998717991114063e-08,4.183686730385716e-09,1.2671789306750725e-07,2.6349182391527393e-08,6.141782638025006e-10,0,0
0.0003923953918274492,3.34722978501123e-11,1.691117631708039e-06,8.716652074615416e-14,0.0026998715475201607,0.9922985434532166,6.689810483351266e-09,7.599798568236338e-10,4.94506991799426e-07,0.0007886746898293495,0.00036777599598281085,0.001417261199094355,8.982151484815404e-07,0.00203126878477633,4.670993405397894e-07,5.253136148297699e-09,6.501270632952583e-10,6.399865242201486e-07,1.0089903135224176e-08,1.920622549889117e-09,1.5648836670933974e-09,4.35681803134802e-11,1.9393198158468294e-08,5,5
1.6604953856358406e-08,4.810645631847521e-11,6.008480823993523e-09,1.3120211861394893e-10,7.478291763618472e-08,3.564374537745607e-07,4.001057124503049e-11,8.932274364603643e-10,3.0608099388373944e-10,1.8101638488587923e-05,2.8705127164130317e-08,1.0042640496976674e-06,0.9980467557907104,8.782789336692076e-06,5.9495116147445515e-05,1.4879969478798216e-10,3.993671725766035e-06,0.0008292681304737926,1.2138449392296025e-06,0.001017375267110765,3.2608827496005688e-06,5.748936882099542e-09,1.023867753247032e-05,12,12
0.006353374104946852,5.652800894040411e-09,0.4821629226207733,9.21931544439758e-08,1.1687620826705825e-05,0.004281486384570599,2.078998295473866e-05,2.048941041721264e-06,0.0001335488195763901,0.5042150020599365,0.0021419848781079054,0.00010834107524715364,4.5274326112121344e-05,1.8002494471147656e-05,0.00019682396668940783,8.68797505972907e-05,4.3702840457626735e-07,0.00019988852727692574,1.3889668480260298e-05,6.923840828676475e-06,3.5424696420705004e-07,9.90282522650432e-09,1.770370943177113e-07,9,9
2.0975721781724133e-07,2.0487464098550845e-06,2.011535798374098e-06,2.850670277609879e-08,9.674177903207237e-09,9.356700502394233e-06,0.0003514516865834594,0.00163056212477386,2.078555007756222e-05,3.543704588082619e-05,5.055522365182696e-07,2.0089310215354317e-09,0.00012597069144248962,4.9657506906442e-07,8.195283044187818e-06,5.942055381069622e-08,1.7828062482294627e-05,0.00013983501412440091,2.1286949447585357e-07,0.0009360360563732684,0.00027697710902430117,1.4446473528550996e-07,0.9964419007301331,19,22
4.461848224224241e-09,4.283314680719741e-08,5.0318206490373996e-08,1.6753080700482315e-08,1.470121469004937e-09,3.681309479475203e-08,1.3946745668069749e-11,1.0948602441329669e-10,1.1110062869690296e-09,9.905233300244731e-10,3.978049833985864e-10,5.125848190346005e-09,4.592270670400467e-07,2.356393899449749e-11,2.820333065756131e-06,1.1561812840454877e-08,0.9998916387557983,1.2448122532759953e-08,9.341235909232637e-07,1.0507833394513e-06,0.00010233456123387441,3.2954622497527453e-07,4.4774881757803087e-07,16,16
0.0001426476810593158,2.6384111606603255e-06,2.6413265459268587e-06,2.392584352861604e-09,0.000134667701786384,0.0017407155828550458,1.4527468117364606e-08,0.0016719031846150756,8.808044960062489e-09,1.4405118236027192e-05,1.8277405615663156e-05,1.1083919844168122e-06,0.1306900531053543,3.801803904934786e-05,3.9563074096804485e-06,3.1425931865669554e-06,0.33229729533195496,0.04862755909562111,0.0002599917643237859,0.0018218307523056865,0.46993812918663025,0.00023937897640280426,0.012351668439805508,20,20
9.223570240912693e-10,1.3856567282477528e-10,1.9558550334863867e-08,7.614159157370197e-16,1.792743065109903e-09,3.3001277266464513e-09,9.431702380907625e-13,4.4302783663852097e-11,7.523155709510121e-12,1.4650792801162993e-09,3.21856534479803e-11,7.446891193974015e-12,0.0008009551675058901,2.681909139212735e-10,9.930557487436431e-10,1.1063698568403169e-10,2.1271704397918256e-08,0.9990923404693604,2.1046909874644637e-12,0.00010651663615135476,5.472978514831084e-08,1.513967597122079e-11,2.8930250550729397e-07,17,17
0.3111017644405365,1.0308110631740419e-07,0.0002644444175530225,8.563369457981196e-10,0.0001445908419555053,0.0004619442333932966,1.4366736422743998e-07,0.008309444412589073,0.002083857310935855,0.6437374949455261,0.007854651659727097,0.022579679265618324,0.001219182275235653,4.452545545063913e-05,0.0016970616998150945,0.00012723071267828345,2.310488689261092e-08,1.6264748410321772e-05,6.101596227381378e-06,2.2837450615043053e-06,1.1116257780940941e-07,1.2738501808939873e-08,0.000349115754943341,9,9
3.042744944892206e-09,5.97800671811588e-13,8.830836756290594e-11,4.1733654726483493e-11,2.242224361737044e-08,6.832905907749875e-10,2.479797443777354e-11,2.3649430937883187e-12,9.079514917686993e-11,1.2236614566063508e-07,1.4148332638797e-06,2.0250318755188346e-08,5.170609079785393e-11,1.137774228131272e-12,0.9066166877746582,0.09338168054819107,5.596135534136071e-12,8.047967847701898e-10,4.497191785635124e-10,3.454521946277822e-10,1.2601607040849117e-12,1.9821403633019097e-12,4.51102974419193e-11,15,14
1.6148726444953354e-07,1.094910134780136e-10,2.9837833608326036e-06,5.034017473704022e-12,1.552061590359699e-09,2.731913584241852e-09,9.990007952820346e-13,1.0678500618477305e-11,3.246960686431599e-11,6.93411994490134e-09,2.1072585454362525e-08,1.0836087582788423e-09,0.00021316595666576177,2.734399891842626e-13,9.53709822226756e-09,7.496609444324065e-10,1.995940465349122e-06,0.9995405673980713,4.36274705251094e-09,0.00024107091303449124,5.260292468278749e-08,2.8469335222602865e-10,8.69024177063693e-08,17,17
3.017420979745111e-08,1.6349459980302683e-11,1.131067347159842e-05,5.529327609110624e-07,3.881568133579094e-08,3.6528731470752973e-06,2.2073959820385555e-14,1.1025520940677325e-08,8.396733308657645e-10,1.4027324857224244e-09,6.632719262711362e-09,1.8787149258514546e-07,0.0005142451263964176,3.764357359159476e-07,7.8024777394603e-06,1.7978379895922103e-10,0.9988735318183899,0.000127366729429923,0.00032292312243953347,2.099459834425943e-06,2.346254859730834e-06,1.1396400623198133e-06,0.00013239297550171614,16,16
1.5257599443430081e-05,1.3669526843784752e-08,0.0003483057953417301,3.5011141208407537e-10,4.651589915738441e-05,0.9952583909034729,7.011935394984903e-06,1.0959335838833795e-07,4.894984158454463e-06,0.00012398030958138406,8.2773833128158e-05,7.000152209002408e-07,0.003939642570912838,2.922952262451872e-07,9.993211591563522e-09,2.1407537076356675e-08,2.5842521012009456e-08,0.0001479475322412327,2.150927684851922e-05,3.883688464156876e-07,2.3328311726800166e-07,3.152021754715406e-09,2.044974735326832e-06,12,5
0.0064711314626038074,6.09665676165605e-07,0.0010225799633190036,6.555816445263929e-10,1.1644587175396737e-05,0.94808030128479,0.008530070073902607,5.775519093731418e-05,0.0002990999782923609,0.03258485347032547,0.000701576704159379,1.9449835235718638e-06,0.0017586878966540098,1.5789766621310264e-05,2.900979723108321e-07,1.7943352759175468e-06,9.3651289034824e-07,0.00016455637523904443,1.0090109014981863e-07,0.00010768984793685377,1.5185679558271659e-07,9.536005762811328e-09,0.00018836978415492922,0,5
1.238729341324074e-09,9.271197698446088e-10,6.531075769089512e-08,5.788760137903637e-09,2.4697801137563147e-08,4.231933470322247e-09,1.0923228543902042e-08,2.349193728434784e-09,6.06227082422528e-11,9.821057744829886e-08,4.506092210476709e-08,3.6249065971105665e-08,0.006925326772034168,3.7102159122781586e-09,3.888731043844018e-06,2.6304867617454875e-08,2.144293148376164e-06,0.0005209929659031332,7.059683412080631e-06,0.9925343990325928,1.6197964214370586e-07,5.612802311816267e-08,5.6436279010085855e-06,19,19
1.0573941835900769e-05,0.9951273202896118,0.004716850351542234,2.477133165257328e-09,1.1959190082677651e-08,4.038348834001226e-06,8.84142878021521e-07,7.728107931370687e-09,1.046850162111923e-08,3.7742302083643153e-06,1.3180345376895275e-05,1.0589294774376867e-08,4.1483031054667663e-07,0.0001103059112210758,1.55420631919867e-09,7.016776604196195e-10,1.1896761407115264e-06,1.059151236404432e-05,1.0203987699242134e-07,2.924577700014197e-07,1.7108675365307136e-08,2.7660496471071383e-07,5.294435467817493e-08,1,1
0.5788160562515259,5.672034149029059e-07,0.001172371907159686,8.518060562456853e-11,0.003681108821183443,0.3943367302417755,2.3939361426528194e-07,9.157080967270304e-06,0.000249111297307536,0.010073698125779629,6.530246901093051e-05,0.009788170456886292,0.0012184096267446876,0.00046261382522061467,9.275555612475728e-07,6.512225780852532e-08,2.8697727429971565e-06,7.025281229289249e-05,3.2560726026531484e-07,1.4807721527176909e-05,3.217938865418546e-05,1.4575541662509295e-08,4.942367013427429e-06,0,0
1.1952845824225733e-08,5.176667606946253e-14,2.3278028810080897e-11,4.069121496286243e-05,8.277042384818856e-10,1.7749241578712827e-06,1.3766722872787795e-08,9.316595242125914e-05,2.10489958796245e-12,0.9991437196731567,2.181346872021095e-07,2.6595858798827976e-05,0.00041416313615627587,9.51334550336469e-06,1.1365142427166575e-07,5.123743207491316e-09,7.556484327153612e-10,1.1753972795069956e-10,0.0002700869517866522,2.553406597272101e-09,1.241985680966451e-10,5.604700348271763e-08,5.725659946165251e-09,9,9
0.017590755596756935,0.0001891940919449553,0.03495590016245842,2.1008265775890322e-06,0.0036081785801798105,0.7521474957466125,0.019137270748615265,0.0014128807233646512,4.73451436846517e-05,0.09889014810323715,0.016428163275122643,0.00013986504927743226,0.028790628537535667,4.955552503815852e-05,2.619962288008537e-06,5.468915696837939e-05,0.0001188768437714316,0.00023409254208672792,0.012318148277699947,0.0002700967015698552,1.2520549717009999e-06,9.03420805116184e-05,0.013520287349820137,17,5
0.03975042328238487,0.0003353642823640257,0.0020127645693719387,2.4010116703720996e-06,0.10335800051689148,0.06792886555194855,2.3407166736433282e-05,0.00029991334304213524,0.0002414267073618248,0.002002759138122201,0.001145752496086061,0.05542188882827759,0.6568460464477539,0.0010048281401395798,0.002526613650843501,0.00013938821211922914,0.001148950424976647,0.00716785155236721,0.0009619795600883663,0.030193181708455086,0.008087978698313236,0.0172298401594162,0.0021704183891415596,17,12
0.05648019164800644,0.00016665436851326376,0.0030470374040305614,8.884850331014604e-07,0.0655888095498085,0.8442919850349426,0.00016508281987626106,0.0008869747980497777,0.0024509902577847242,0.006752165034413338,0.0022884916979819536,0.008294472470879555,0.0003714184567797929,0.0066922688856720924,0.0003089042438659817,0.00011413772881496698,9.54230927163735e-06,0.0018844250589609146,2.703356403799262e-05,6.364194268826395e-05,0.00010016762098530307,2.4959849724837113e-06,1.221872753376374e-05,0,5
0.9997419714927673,3.1518912479988614e-10,7.36539274015513e-09,5.835905977219502e-12,0.00014071552141103894,0.00010886021482292563,5.081897680447867e-10,6.860903454253275e-07,1.4932162450964626e-10,2.019955672949436e-06,2.880910976443829e-08,7.07521223830554e-08,1.9665600703433483e-08,5.381003575166687e-06,7.05337316331267e-11,1.431383123140506e-09,1.3025207301620156e-10,6.131338492476601e-11,4.1575894726975093e-08,3.19565589268489e-11,3.3894925755006966e-10,1.3636949902640083e-10,1.2364880230819608e-09,0,0
0.007135823834687471,7.127012313645764e-09,0.0022347555495798588,6.729417023620954e-09,0.06665489822626114,0.04309668764472008,6.867014121780812e-07,6.596270054615161e-07,0.005647922400385141,0.7784732580184937,0.07547211647033691,0.0010015215957537293,1.6462579878862016e-05,0.015506934374570847,0.004643878433853388,5.73858997086063e-05,1.1810000088985362e-08,4.949716094415635e-05,8.483100373268826e-07,4.723887741420185e-06,2.8030885346197465e-07,1.2626807119886507e-06,5.303978696247214e-07,9,9
0.0003690089506562799,5.037895789428148e-07,0.0017010151641443372,6.591397649913233e-09,0.0006178266485221684,0.9595625400543213,0.0005692503182217479,1.6614121705060825e-05,0.00016660810797475278,0.011520132422447205,0.01989424228668213,0.001428724266588688,0.00036724848905578256,0.0020507625304162502,4.964540039509302e-06,1.1184343975401134e-06,2.8516674319689628e-06,0.000150279636727646,0.00041415795567445457,1.5039031495689414e-06,0.0006324535352177918,5.84306405926327e-07,0.0005275691510178149,9,5
1.1414120848485254e-07,5.028721830058203e-07,2.85776809505478e-06,2.4929756037295192e-09,4.7281261572607036e-07,0.00027846256853081286,1.1177266401318775e-07,7.202099823189201e-06,3.8280528968925864e-08,1.9062392311752774e-05,3.7187605812505353e-06,5.17255323018162e-08,0.9103947877883911,4.621090710088538e-08,1.3560992329075816e-07,1.3528762110581738e-07,4.203729076834861e-06,0.08186156302690506,5.950487889094802e-07,0.001601155148819089,7.618763220307301e-07,3.530835002152344e-08,0.005823845509439707,19,12
2.9426461267689774e-11,8.742313107159075e-14,4.764338923379796e-11,4.350719545916093e-13,2.5631994304831096e-09,5.1566229064548e-10,3.37183324880877e-13,1.750681821732769e-10,1.7667910867658065e-07,9.123706651292807e-11,2.462157340232807e-07,1.9735388670505394e-11,7.01309930267735e-12,7.9707690447961e-10,0.9999518394470215,4.763635297422297e-05,4.385706641601983e-12,2.306641683214039e-10,1.4203747769961361e-12,4.810588732917509e-11,3.577807809133221e-13,4.728342283683018e-12,1.6873788477589358e-10,14,14
1.006738511932781e-05,2.668665501914802e-06,0.002329091541469097,2.31008698392543e-07,1.8474165699444711e-06,0.0002043956337729469,6.75090905133402e-06,6.127262395239086e-07,8.665999473578267e-08,0.00034022078034467995,3.8963080442044884e-05,9.8939381132368e-06,0.02716406248509884,9.25374308735627e-07,0.25842443108558655,2.7249268896412104e-05,0.4838354289531708,0.17334720492362976,1.7147653124993667e-05,0.051217690110206604,0.0004276562249287963,3.5085085414721107e-07,0.002592989709228277,17,16
0.5394101142883301,6.667418347205967e-06,2.899972787417937e-05,3.683244598207125e-09,0.008320186287164688,0.018229804933071136,7.316963888115424e-07,0.0017861862434074283,6.196682079462335e-05,0.0026233999524265528,0.0029450494330376387,0.3224322497844696,0.0007283004815690219,0.07871311902999878,0.024517247453331947,5.206509740673937e-06,1.3726125871471595e-06,3.3805786188167986e-06,1.0000088877859525e-05,1.0082330845762044e-06,5.269869870971888e-05,3.3532824090798385e-06,0.00011903479025932029,11,0
0.010826261714100838,3.221287458998745e-09,7.275491498148767e-08,2.615089700341855e-09,0.7435489296913147,0.1542094349861145,2.5169541117975314e-07,1.8295641268650797e-07,6.729130836902186e-05,0.03458336368203163,0.015401549637317657,0.04131337255239487,4.445786089490866e-06,5.608734682027716e-06,1.7236359781236388e-05,4.828854685001716e-07,2.6594717539296653e-08,1.5838362742215395e-05,4.092573362868279e-06,1.535459426271757e-09,2.0586581328529974e-08,8.538624030052233e-08,1.518463363936462e-06,4,4
9.991956062549434e-08,0.9835673570632935,8.587137926951982e-06,2.1378030012897398e-08,2.6647986040018168e-09,2.572442481252324e-09,1.1986123205076638e-10,6.021361742547526e-10,4.972667069780279e-11,6.92390642598184e-08,2.1921030111116124e-06,1.4341604570589084e-09,6.933458394087211e-07,1.1803277466526652e-08,4.061131875232604e-09,3.2681923833877136e-10,2.4816376026137732e-05,4.180124335562141e-07,2.7865196443599416e-06,1.2312154922256013e-06,4.304275535105262e-06,0.016387106850743294,7.664997525580475e-09,1,1
0.0001569411251693964,0.3129695951938629,0.004812439437955618,2.9231956432340667e-05,5.860917099198559e-06,0.0023816304747015238,0.0003459028375800699,0.002008928917348385,9.863526884146268e-07,0.000847154064103961,0.0011469090823084116,1.7502421201243124e-07,0.284671425819397,1.4436408491746988e-05,0.015375775285065174,6.359878170769662e-06,0.000548498472198844,0.03689227253198624,0.007781574502587318,0.1447335034608841,0.00020888230937998742,0.16922688484191895,0.015834640711545944,12,1
1.433214293911078e-07,2.8332459578450653e-07,1.3579887081505149e-07,2.82348411317912e-09,1.7750850789255423e-10,8.504460247138468e-09,0.9953235983848572,3.054936925650509e-08,2.139881338791838e-08,0.004647467751055956,1.7449837059757556e-06,4.50155042130973e-08,3.118961444670276e-07,1.1701917657092054e-07,2.1812752493133303e-08,2.921666748534335e-07,5.593877361320665e-08,4.437418965608231e-08,1.2861145926024165e-08,2.3471888198400848e-05,2.0725003651023144e-06,3.741049137140351e-10,1.2609328337020997e-07,6,6
1.189656825741764e-13,5.615816420327735e-20,4.298810990451537e-17,4.43819539044203e-18,5.5800069426181764e-12,5.480164065596593e-12,1.1390714613399232e-17,3.310247822960447e-19,3.5463588988170203e-13,5.023474258097904e-12,2.811039432910195e-14,9.514708899233115e-13,8.252268251810672e-16,0.9999997615814209,2.203463509431458e-07,6.584403733338607e-16,4.601106130542511e-18,9.418923787755462e-16,1.9456527485696333e-19,1.6916028285771036e-15,1.8292470589344667e-15,3.518887718111668e-21,5.023962580215293e-16,13,13
0.0004973612958565354,1.7184852152407615e-10,0.00012120760948164389,1.11224920829045e-07,0.3709798753261566,0.5865456461906433,4.855829960348501e-09,2.2480040939854007e-08,1.2911530120618409e-06,0.0006181879434734583,5.89032206335105e-05,7.236574310809374e-05,0.000697009265422821,0.04014269635081291,2.9065422495477833e-05,3.7135589536774205e-07,1.0026150221165153e-06,0.00020489688904490322,1.978784530365374e-05,9.967828191292938e-06,2.8796646844853058e-08,1.8626872488880508e-08,1.4877294063353474e-07,0,5
0.6781917214393616,2.4270347509514067e-08,0.009515471756458282,9.910104736832182e-09,0.031873174011707306,0.012129050679504871,1.551111417086304e-08,1.757322820594709e-06,0.1519463062286377,0.07331567257642746,0.0007879147888161242,0.0037813670933246613,5.018348019802943e-05,0.0001392729755025357,0.009278200566768646,0.028806259855628014,4.820975263442051e-08,0.00014233012916520238,5.570344910665881e-06,1.102073656511493e-05,2.4228156689787284e-05,1.1923430065508e-07,4.0075093465929967e-07,5,0
0.00831008143723011,0.0016895760782063007,0.3228115737438202,9.850299420577358e-07,0.03519688546657562,0.17777962982654572,0.0014411082956939936,0.0004812093684449792,0.0002878547820728272,0.0019500880734995008,0.1524888426065445,0.1753775179386139,0.07488421350717545,0.0004282359732314944,0.009140325710177422,0.003552949521690607,0.0056320116855204105,0.009809848852455616,0.0008386044064536691,0.002072943840175867,7.273518713191152e-05,0.0023381079081445932,0.013414709828794003,5,2
1.734622856019996e-05,1.2258818092580892e-12,4.4476053950859296e-09,3.1539402166325115e-12,8.323846714120009e-07,0.14443452656269073,2.2696442503189473e-09,3.0865346389852277e-10,4.49834897153778e-06,0.0045141917653381824,1.0473805645005996e-07,2.1929349713900592e-06,5.928404434030199e-10,0.8510246872901917,1.620748207642464e-06,1.9922447691556044e-08,7.708885613189054e-11,5.248667472868007e-11,5.926256707589062e-10,1.0920359061472595e-10,4.1442682618964e-11,6.229502455329036e-14,4.655462237934671e-09,13,13
0.00016227281594183296,0.0007247429457493126,0.01191813312470913,5.783198503195308e-06,4.436441940924851e-06,0.0032591111958026886,2.449684325256385e-05,7.774340701871552e-06,5.642344603984384e-06,1.4424055734707508e-05,3.0612616683356464e-05,1.2624856253751204e-06,0.23192550241947174,1.5458497728104703e-05,6.536815817526076e-07,1.870056507868867e-06,0.0023852456361055374,0.7461556792259216,2.3889311705715954e-05,0.0019571289885789156,0.0002861657412722707,2.850417877198197e-05,0.0010612222831696272,12,17
1.0040534448307881e-07,6.177395292343568e-13,8.134430351525168e-10,8.703912699088712e-14,1.0527115845704316e-09,3.9376394056489517e-07,4.601643502008534e-13,2.118345360235807e-10,2.8005406882414263e-09,1.3428283374139482e-08,4.460682864748655e-11,6.987007861170014e-09,3.4385940275716287e-12,0.9999995231628418,2.3270232407668345e-09,1.1940257539210658e-13,3.306342965256684e-14,4.547722875364313e-12,3.5191677859574416e-14,1.9534755757444344e-12,2.5605456340296873e-13,9.231951852560916e-16,2.886326973868675e-13,13,13
0.00012824780424125493,1.1255768019025059e-11,1.6335226504793354e-09,7.503594100233268e-12,1.9996070577121827e-08,3.1563417905999813e-06,3.5452717150885604e-12,5.970085314999096e-09,9.599074957122866e-08,6.043550371259698e-08,5.733925334538981e-08,2.651800627972989e-07,2.4310359281187743e-10,0.9998681545257568,1.5050906299052258e-08,9.65056767138206e-12,4.0940677497464106e-13,4.693789246168478e-10,2.442195480133885e-13,5.98395361040005e-11,8.275787173606108e-12,1.3473526934177239e-14,8.065242917965065e-12,0,13
0.9878115057945251,5.618253418049335e-09,3.167986903918063e-07,1.1128598736975803e-10,0.0019925576634705067,0.009198651649057865,6.738575031306482e-09,2.0246875465090852e-06,6.349478644551709e-05,0.0003002754529006779,1.4121455023996532e-05,3.3999065180978505e-06,8.103261706082776e-08,0.0006048623472452164,8.486599654133897e-06,1.924231085581596e-08,4.623547766868796e-09,4.537321629527469e-09,5.207527209449836e-08,8.142808649580502e-10,7.23658200030286e-09,3.5859687441686106e-10,5.12832762922244e-08,0,0
0.11812986433506012,0.0010233594803139567,0.004818667192012072,4.033917775814189e-06,0.024419840425252914,0.3195783793926239,0.11497296392917633,0.012190315872430801,0.02046864479780197,0.20267938077449799,0.013540135696530342,9.022059202834498e-06,0.00035358985769562423,0.00677489722147584,0.14652417600154877,0.010045221075415611,3.1499392207479104e-05,0.0009833455551415682,3.820080019067973e-05,0.0019747999031096697,4.015308877569623e-05,5.9762060118373483e-05,0.001339658978395164,5,5
0.0003132057609036565,2.3171085558715276e-05,3.768906708501163e-06,4.41001901663185e-08,2.2266821986249852e-07,2.8156641747045796e-06,3.514778654789552e-05,0.9836218953132629,3.122459790727561e-10,1.3482308531820308e-05,2.454775653859542e-07,9.628650765591829e-09,0.006456534843891859,7.110503474905272e-07,4.138809117648634e-08,2.1696897078982147e-07,1.5233106296363985e-06,4.335323922077805e-07,1.1249178442085395e-06,2.6602085199556313e-05,8.43790257931687e-05,0.009403582662343979,1.0788779036374763e-05,0,7
9.724590910309416e-08,3.3189419923473906e-07,1.595262943965281e-08,3.0380430809939796e-11,2.4185142777355395e-08,2.4048688374023186e-06,2.548006694524929e-09,5.843853614351247e-07,3.913558884960366e-06,4.846555157200783e-07,3.2164268759515835e-07,2.189474018754467e-10,0.0001231658097822219,7.969164883547819e-09,1.7373675120779808e-07,3.5983216406521024e-08,0.00254987389780581,7.719881978118792e-06,9.265593803320371e-07,7.318407733691856e-05,0.3812614977359772,2.171957902419308e-07,0.6159750819206238,20,22
0.998556911945343,1.1205787409096502e-08,1.630018414289225e-05,1.0412855473707072e-12,0.00013824929192196578,0.0012275326298549771,1.7475713320891373e-08,9.336269499726768e-07,6.487101131824602e-07,4.723154415842146e-05,5.821850209031254e-06,3.0795897600910394e-06,1.9430453903623857e-06,5.50810966615245e-07,2.3843167440418256e-09,5.315000439765072e-09,2.34515979968819e-08,3.889973072546127e-07,6.630158089215854e-10,3.8936008195378236e-08,4.2380460740787385e-07,3.223905864491172e-10,1.4564586203746899e-09,0,0
1.3660533113579731e-06,3.1513461284937705e-10,0.00011199413711437955,8.771367632220972e-09,5.00493456456752e-07,2.217213250332861e-06,4.543258214084744e-09,2.3286286250367993e-06,7.719889794088886e-08,0.0001326540659647435,2.725067679421045e-05,1.8064356481772847e-05,0.9164027571678162,1.3907966831538943e-06,0.00029598487890325487,2.2958926138016977e-07,5.4783786396228606e-08,0.04054250940680504,4.1743402334759594e-07,0.042458049952983856,2.95980754572156e-07,4.144142735640344e-07,1.3972364740766352e-06,12,12
4.142546094954014e-05,0.11147237569093704,0.0022772785741835833,1.2555857153984107e-07,9.49063291955099e-07,4.317641014495166e-06,6.871919921991321e-09,1.2476284005913385e-08,5.4279958305869513e-08,7.936715519463178e-06,0.00018828839529305696,1.6362383803425473e-06,0.00014495549839921296,8.002119284356013e-05,3.6337227356852964e-05,1.2933818460680868e-09,0.0013728816993534565,3.2398259008914465e-06,0.13981229066848755,7.70264432503609e-06,1.3539024621422868e-05,0.7445314526557922,3.275194330853992e-06,1,21
1.758362486725673e-05,1.7691644815798213e-09,4.577285892537475e-07,4.723813784579534e-09,3.556755778788556e-09,2.976767427753657e-05,2.2568974600289948e-07,0.605742871761322,2.8878216085104214e-07,0.30056777596473694,2.0791811039089225e-05,1.049270576913841e-05,1.4144095530355116e-06,0.09360399842262268,2.578656221885467e-06,1.6760915988456304e-09,1.3584746660910696e-09,4.606305559207158e-09,1.1916815765289357e-06,7.022481440799311e-08,2.209971512456832e-07,4.36319247398842e-09,2.219791497282131e-07,7,7
0.023068247362971306,0.00019929690461140126,0.018724216148257256,5.864787544496153e-10,0.0002024728455580771,0.006223160773515701,5.082894105612468e-10,8.922114602682996e-07,2.0645541098929243e-06,0.0006518824957311153,3.4652875910978764e-06,2.1474159439094365e-05,0.00028103627846576273,1.4775205272599123e-06,7.644863444511429e-07,1.4504904299883492e-07,0.9480376839637756,0.0003179972409270704,1.0055334314529318e-05,3.417582775000483e-05,0.0016796516720205545,0.0005380762740969658,1.891014221655496e-06,12,16
0.0003049142542295158,0.004396352451294661,0.0016509606502950191,0.021357720717787743,5.480827098836016e-07,9.290211164625362e-05,0.002276546787470579,0.005920185707509518,4.849905508308439e-06,0.8494921922683716,0.0012224236270412803,1.5947302017593756e-05,0.07009079307317734,0.0007620773394592106,0.0007801055908203125,3.478049279692641e-07,0.0019746546167880297,0.0002577286504674703,0.0017856028862297535,0.03396173566579819,0.0003009142819792032,0.0005914003704674542,0.002759146736934781,9,9
0.013184300623834133,2.5606689177948283e-06,0.04019174724817276,1.6493957588625818e-10,0.0001892075379146263,0.9085085988044739,3.5785394629783696e-06,2.379704255872639e-07,1.0563802788965404e-05,0.003077182685956359,3.684250623336993e-05,0.00010041303175967187,1.4783687220187858e-05,0.03466523438692093,2.098523054883117e-06,2.8092400627954817e-10,3.0534176858054707e-06,1.572129519900045e-07,8.76453395903809e-06,5.3013270218116304e-08,3.2651544756845396e-07,2.595590160581196e-07,1.6344100117748894e-07,5,5
0.008217848837375641,6.704362749587744e-05,0.04978025704622269,2.0800414404220646e-06,0.0009864530293270946,0.05875375494360924,0.0004102711973246187,0.006345802452415228,0.00020960338588338345,0.007281346246600151,0.022136492654681206,2.2878157324157655e-05,0.012790749780833721,0.0002880625834222883,0.03672810271382332,8.847379649523646e-05,0.0005030646570958197,0.7927670478820801,0.00040550646372139454,0.0019360545556992292,2.141057666449342e-05,3.1336451229435625e-06,0.00025460400502197444,9,17
0.1808541715145111,3.4335663201545685e-08,0.0002512782230041921,9.164514980231075e-11,0.001080354442819953,0.00899846013635397,1.5497336391945282e-07,3.656250555650331e-06,8.538530528312549e-05,0.3357365131378174,0.0017893747426569462,0.44518133997917175,1.1850873306684662e-05,0.014095223508775234,0.0118856905028224,7.1293084147328045e-06,4.3346828348944655e-09,1.0757986274256837e-05,1.5230759231599222e-07,1.9217729629872338e-07,1.8712262317421846e-07,1.9354007285699026e-10,7.960239599924535e-06,0,11
4.340578527717298e-07,1.7579654354449303e-07,1.8062810624996928e-07,4.152155099745869e-07,7.651645717032807e-08,1.7175591437990079e-06,2.894481987425479e-08,9.924622190737864e-07,1.606370325646367e-08,4.851864105148707e-06,1.7578360989034536e-09,1.510357505729587e-09,0.9993948936462402,4.040970669194621e-09,4.358456351383211e-07,2.889167717512464e-06,1.1368351806595456e-06,0.0004114196926821023,5.0544520490802824e-05,8.364219684153795e-05,1.0072584700537845e-05,3.5839893826050684e-05,1.064792556348948e-07,12,12
0.9288133978843689,1.2078164857154405e-10,0.027709458023309708,1.6621635179348004e-09,0.0007822694024071097,0.0027682462241500616,1.2223634371366643e-07,9.679341417268006e-08,9.591005891707027e-07,0.03852220997214317,0.0013363596517592669,3.4858410799643025e-05,2.365486216149293e-05,4.210246515867766e-06,5.046591127211286e-07,4.995868252422042e-08,1.921923740155762e-07,2.563911948527675e-06,1.7493692894277046e-07,3.543521813753614e-07,1.1978174896398741e-08,4.329560709948055e-09,1.2062504595178325e-07,0,0
5.118578769724991e-07,2.216006222965916e-08,5.787169357063249e-07,4.819937089450832e-07,7.917435868876055e-05,0.0029275917913764715,1.5270799849531613e-05,5.526694124569076e-08,8.892063192433852e-07,0.00122847652528435,6.722343641740736e-07,2.9539637580455747e-06,0.00021981178724672645,0.6932686567306519,0.018114188686013222,9.317411553411148e-08,1.1934898793697357e-06,8.020254426810425e-06,0.2841111123561859,1.1811067452072166e-05,7.861723133828491e-06,2.0940316858286678e-07,2.987491711792245e-07,13,13
0.002588324947282672,0.00032474356703460217,0.05189395323395729,1.81274710797652e-08,0.013016659766435623,0.7874587774276733,0.07381901890039444,2.8464459319366142e-05,0.00025368959177285433,0.051793720573186874,0.003235091455280781,0.00011005462874891236,0.0028039547614753246,1.3570966075349133e-05,2.2577944037038833e-05,0.0003819938865490258,0.00013050902634859085,0.0066704899072647095,5.0249444029759616e-05,0.00041273797978647053,0.00020988086180295795,4.430606168170925e-06,0.004777046386152506,12,5
0.0003347001620568335,0.00031230077729560435,0.998767614364624,9.729452798978855e-10,2.9208865726104705e-07,0.00013397847942542285,5.6969330586298383e-08,0.0002164096658816561,7.241832918225555e-06,3.162238499498926e-06,2.9323775379452854e-05,1.1541324965946842e-05,9.500468149781227e-05,1.5603941392328124e-06,3.3540518984409573e-07,2.8319480094296523e-08,4.266061296220869e-06,4.0047798393061385e-05,2.726087586779613e-06,2.8869385459984187e-06,1.6183520301638055e-07,3.598506373236887e-05,3.4764278211696364e-07,2,2
0.022994566708803177,1.7202311937580816e-05,0.8740939497947693,9.458565273234854e-07,2.5340776119264774e-05,0.0009178872569464147,2.736681381065864e-06,0.00013182120164856315,0.083125539124012,0.0027067658957093954,1.2309576050029136e-05,0.0001755238336045295,0.003623652271926403,4.7254576202249154e-05,5.62382374482695e-05,2.634898373798933e-05,0.00040880980668589473,0.0065662129782140255,8.409525662500528e-07,0.0031088688410818577,0.0019240531837567687,1.3093213055981323e-06,3.191953874193132e-05,2,2
0.0009697471978142858,1.1595448906609462e-10,5.37587493454339e-06,8.996290041043964e-13,0.10505296289920807,0.8786184787750244,1.6519096845968306e-07,1.323669351904755e-07,3.015008687157206e-08,0.004025751259177923,2.594517354737036e-05,8.448038897768129e-06,4.422902929945849e-05,0.01119393203407526,1.3154964335626573e-06,3.8667057111752e-08,2.6355166937719332e-08,5.312496796250343e-05,1.315254305467306e-08,2.0649126497573889e-07,9.105392884123376e-09,2.0116816545900917e-10,1.0212402656861741e-07,5,5
0.0005695088184438646,0.00034928455715999007,0.019997328519821167,1.1601076765899165e-09,1.9371996984318685e-07,0.0024187706876546144,2.077061617455911e-05,2.7724319807020947e-05,3.6838697269558907e-05,4.0493981941835955e-05,3.780506085604429e-05,1.5033826628041425e-07,0.00185445009265095,1.0446323358337395e-05,2.016486178035848e-06,1.1901739753739093e-06,0.24384798109531403,0.030427254736423492,3.421427265948296e-07,0.0021962604951113462,0.696433961391449,1.0036574167315848e-05,0.001717170118354261,12,20
0.20902618765830994,9.524612210043415e-09,0.018313663080334663,1.8398841749190514e-13,0.0016087231924757361,0.735557496547699,1.0615264045554795e-06,2.70844680017035e-06,4.70877739644493e-06,0.007593040354549885,0.025042597204446793,0.0005393447354435921,0.000154276451212354,0.002153507201001048,2.016780769054094e-07,3.4942251314618034e-09,3.304431839268318e-09,2.185107632612926e-06,1.5476787851298468e-08,6.213196712678837e-08,2.0499346220503867e-08,5.192473673254483e-10,1.0784862070067902e-07,0,5
8.679989349502648e-08,2.0484813489929365e-07,1.540582883485797e-09,6.47506423478994e-11,3.348938140690372e-11,3.2019309514907945e-07,2.8060810564056737e-06,0.9996341466903687,1.0164260544343051e-08,2.045957080554217e-05,3.8748353858863993e-07,2.8879045821383897e-09,9.668210623203777e-07,6.384710786733194e-07,1.3035688084528374e-09,2.0919910248551332e-10,5.370571987128869e-09,3.1354603358124677e-09,3.4502058099405986e-08,9.418166246888404e-10,0.0003144022775813937,3.7402372754513635e-08,2.5409999580006115e-05,9,7
1.184741449833382e-06,1.0861875125556253e-05,5.347133580357877e-08,5.902354160980394e-09,5.3613188555345914e-08,2.6245033950544894e-06,1.3826104705572106e-09,2.857079016393982e-05,3.934600954380585e-06,2.93803054773889e-07,4.059583247340015e-08,4.878548409692485e-08,0.5278882384300232,9.55686800807598e-07,4.375453499960713e-05,4.248795093531044e-08,0.00014026282588019967,0.002117142314091325,2.916106609518465e-07,0.0004458948678802699,0.45332011580467224,3.302371987956576e-05,0.01596252992749214,12,12
1.512275815684916e-08,3.75850506273423e-09,6.759175885662216e-09,1.093712231892141e-09,4.216863302985985e-09,1.5353488480585042e-09,1.1838542299247301e-11,4.264048669710974e-09,1.805045973801711e-10,1.9590132183111564e-08,1.7028026124549234e-12,1.9096420278419401e-10,0.9977801442146301,7.125338513658264e-11,2.0624399965640805e-08,2.8290709774836387e-09,3.47342478335122e-07,0.002085567219182849,4.761065319769386e-09,0.00013228828902356327,1.058122922614757e-09,8.292738584714243e-07,8.195632972274325e-07,12,12
0.011134427040815353,0.00013209778990130872,0.020402904599905014,2.1753107830591034e-06,0.014363034628331661,0.6878693699836731,0.00043121157796122134,0.0002040993276750669,0.00327506591565907,0.0010160015663132071,0.0011127267498522997,2.427712570352014e-05,0.1416626125574112,0.00042007083538919687,5.068069413027843e-07,0.00010896306048380211,0.00049727683654055,0.02753482758998871,7.834701136744116e-06,0.056663334369659424,0.0011994788656011224,1.8745566194411367e-05,0.031918928027153015,5,5
1.3674279486508567e-09,3.582709129368311e-10,3.874809806347912e-09,1.1430246506238806e-11,7.774664939619313e-11,2.318094327602438e-11,3.5901342662625346e-12,4.086335270159225e-09,2.7396916115959846e-13,7.905184133960574e-07,4.2416709034043265e-11,1.9814130780559935e-08,0.9995893836021423,9.658703524484391e-12,1.790155863545806e-07,8.69276828296961e-09,1.7819068887092726e-07,1.7269475165448966e-06,1.5894721627773833e-06,0.0004060822247993201,2.6115161144701915e-09,9.804834277815644e-09,2.2359208928790508e-10,12,12
3.560827743775974e-10,2.5961898646523207e-13,6.202881195349619e-07,7.210187308315241e-13,7.327361495335083e-10,1.209004896196575e-08,2.318871657192023e-12,3.4263335224604674e-11,1.49756118617006e-09,2.9529676481843126e-08,5.2567006303405606e-11,4.2077577533383703e-10,0.012328130193054676,1.0281398843403622e-08,2.482823546756663e-08,1.25859311861376e-09,6.603158297924239e-11,0.9869476556777954,1.646871194971311e-09,0.0007236228557303548,1.460043641543507e-09,4.308736960972892e-12,4.725531771443414e-11,17,17
3.530478576152518e-09,6.062995244748848e-11,5.396107738420142e-08,3.209917665003559e-09,1.4081387167408366e-09,8.636933529482249e-11,1.9126089600973728e-10,7.0393404646984514e-12,4.225820388059631e-11,6.354253400786547e-06,6.478179326308009e-09,3.8470943763968535e-06,0.6133067607879639,2.47180692580784e-10,1.8407649804430548e-06,4.147292287370874e-09,1.8716116656491977e-08,0.00011591537622734904,3.2307553965438274e-07,0.3865647315979004,2.262365184080295e-09,5.4672806726330236e-08,2.5983862173006855e-08,12,12
0.0004237322718836367,0.000398620730265975,1.6185043705263524e-06,3.7557805626420304e-05,1.3538046914618462e-05,0.000685757608152926,0.0003255339106544852,7.280457793967798e-05,1.8676971649256302e-06,0.18722057342529297,4.7844109758443665e-06,0.00032122901757247746,0.0032126305159181356,0.0068290820345282555,0.0008751584682613611,1.61417992785573e-05,1.8522625396144576e-05,1.9987253381259507e-06,0.7877174615859985,7.469457159459125e-06,0.00753907673060894,0.004234111402183771,4.077895573573187e-05,9,18
0.000495852145832032,0.005238398909568787,0.0006681111990474164,1.3057348951406311e-05,5.894398418604396e-05,0.0008903889101929963,3.1180576343103894e-07,1.3335570656636264e-05,2.37595236285415e-06,6.139887409517542e-05,0.1759927123785019,2.263832175231073e-05,0.0006353720091283321,2.520773136893695e-07,2.9566906960099004e-05,1.0376980753790122e-05,0.012381741777062416,0.0004050065763294697,0.001824675826355815,0.0012250188738107681,0.0002794545143842697,0.7989540100097656,0.0007969932048581541,21,21
0.003594732377678156,7.008879379100108e-07,7.045840902719647e-05,3.338066489888547e-09,2.2195175915840082e-05,0.0018534970004111528,1.8138709947379539e-06,7.144446385609626e-07,5.0361075409455225e-05,0.019139863550662994,0.8357828855514526,0.013621502555906773,2.4673422558407765e-06,0.12309758365154266,0.002753998851403594,2.0233100883615407e-07,4.5497976941533125e-08,9.616268243917148e-07,4.030417130707065e-06,7.937993018458656e-08,5.822125217491703e-07,1.493689751441707e-06,5.6365937695090906e-08,10,10
1.9533493400558655e-07,8.720585364940803e-10,5.64479378795113e-08,1.1428331170293404e-08,1.108943353811398e-10,6.65712907021998e-09,0.998970627784729,3.851034762192285e-06,6.616191594588372e-09,0.0009756247163750231,6.549440172420873e-07,1.183020070794072e-10,2.0154304365860298e-05,5.084146323497407e-06,8.708903820320302e-09,2.8041302613246444e-08,1.363868240567001e-09,7.177112024692178e-07,3.984401075740607e-08,2.28068238357082e-05,5.284588411313962e-08,4.685013835215024e-11,9.82972636620616e-09,6,6
2.1836691303178668e-05,0.0032610418274998665,0.0010527620324864984,4.9209202188649215e-06,1.5971570974215865e-05,0.0009719377267174423,2.7671747375279665e-05,3.073083280469291e-05,2.2054443888919195e-06,0.000434680754551664,6.961859617149457e-05,0.00039365413249470294,0.5525013208389282,0.00013388860679697245,7.44110147934407e-05,1.9455101210041903e-05,0.01475067064166069,0.35101860761642456,0.0002675705763977021,0.06603767722845078,0.0038091226015239954,0.0003044149198103696,0.004795783199369907,12,12
0.00010218145325779915,2.319447048648726e-06,7.991469465196133e-05,3.297501294241556e-08,1.59321916726185e-06,4.872617500950582e-05,1.5866037372802566e-08,1.798254561435897e-05,5.665049229719443e-07,2.1064274733362254e-06,3.5637376072372717e-07,1.160510123554559e-07,0.0507458858191967,1.532018103489463e-07,2.3729198801447637e-05,7.370934326900169e-06,0.11738664656877518,0.38324612379074097,1.5035256240025774e-07,0.0470317006111145,0.0030803545378148556,2.9587097287731012e-06,0.3982190489768982,17,22
0.004164606332778931,0.00042706471867859364,0.011310694739222527,3.568886677385308e-05,0.7906513810157776,0.08536290377378464,0.0006225056713446975,2.641019364091335e-06,0.000150687264977023,0.012229601852595806,0.09095287322998047,0.0025824224576354027,8.914133650250733e-05,0.00021688226843252778,2.096556272590533e-05,2.685943582036998e-05,5.5587315728189424e-05,0.0003429987409617752,0.00020504335407167673,4.754050314659253e-05,2.3987628082977608e-05,0.0004556923231575638,2.2187425201991573e-05,4,4
0.00474942522123456,2.946092536149081e-05,0.020215120166540146,1.3430510080070235e-05,6.611384742427617e-05,0.49269312620162964,1.8852528228308074e-05,2.035246870946139e-05,3.458740138739813e-06,0.0031896610744297504,0.02305634692311287,0.00013066457177046686,0.29344597458839417,1.7634352843742818e-05,0.00015691177395638078,6.041606184226112e-07,0.012456363067030907,0.11691825836896896,0.03216766566038132,0.00037037080619484186,2.761932819339563e-06,1.75393888639519e-05,0.00025989944697357714,12,5
5.346467157885115e-10,7.966390741520613e-11,5.955235948817972e-08,4.32958096457936e-12,4.279307186383363e-10,1.0843754782996484e-09,2.278657405992146e-13,6.215195892667058e-12,7.2138389012321724e-12,1.89190572930098e-11,4.310388934669618e-09,2.5529077116170917e-11,6.603281508432701e-05,1.1258995125107418e-10,7.726691251264128e-07,1.8815426994223117e-10,1.4884428765071789e-06,0.9999083280563354,3.191442249361742e-11,2.2754396923119202e-05,3.4465358567103976e-07,8.11911871068105e-10,2.0695917157809163e-07,17,17
0.8883327841758728,8.432436970906565e-10,0.005960728507488966,2.695950129805169e-10,0.03927251324057579,0.05269487947225571,2.6886597392916656e-09,5.298472416370714e-08,5.695485015166923e-06,0.011297912336885929,0.0014726656954735518,1.5135746252781246e-05,2.167790626117494e-06,0.0009440429857932031,2.1256315108075796e-07,4.515678497796216e-09,2.199867843444281e-09,1.0249129900330445e-06,2.1852500253771723e-07,2.187237946316145e-08,6.405054958635858e-11,1.7438139821024379e-09,1.9977763443534968e-08,2,0
5.9445806499525133e-08,2.4220290129051136e-07,3.377597934672849e-08,4.971259954800189e-07,4.7153672966260274e-08,2.231795903639977e-08,2.376018218980258e-13,3.2997270693613245e-08,1.8381052235838524e-09,8.955288177681098e-10,8.980505867839383e-07,6.788318518413661e-11,2.7125128099214635e-07,5.032411376504342e-09,4.433631239919578e-09,1.7438572808003983e-10,2.3117578962228436e-07,1.6665930857584499e-09,1.8533188267610967e-05,9.635626740944758e-10,2.203483120410965e-07,0.9999790191650391,3.5377312190831844e-10,21,21
0.0022541102953255177,5.3338066408059603e-08,0.0025955750606954098,2.389445752370989e-09,0.03863460198044777,0.904451310634613,1.1789686595875537e-06,2.9034522412985098e-06,1.1151930721098324e-06,0.0022097742184996605,2.3470856831409037e-05,0.034213822335004807,1.8220693164039403e-05,0.015529039315879345,1.134227090915374e-06,2.435077476548031e-05,3.087154709646711e-07,3.317492883070372e-05,4.365849235909991e-06,9.592080232323497e-07,1.246759495643346e-07,8.199812384646066e-08,1.8769235055060562e-07,17,5
1.6805339328129776e-05,0.00043019390432164073,0.0008710018591955304,6.596516044510281e-08,3.296362410765141e-05,0.002754066837951541,0.8837219476699829,0.0002173144166590646,7.698548142798245e-05,0.005223629996180534,5.852712547493866e-06,6.623041315378941e-08,0.005179068073630333,1.5092753528733738e-05,3.0597150271205464e-06,1.1626893865468446e-05,0.003433134639635682,0.0014347601681947708,3.0489782147924416e-06,0.01866677962243557,0.06285753846168518,5.401477665145649e-06,0.015039578080177307,6,6
6.2537153233677145e-09,1.165607876885133e-08,3.468292675279372e-08,1.1854216609208379e-05,5.859361607019054e-11,1.1913147801578816e-07,2.017881968185975e-07,0.00013490801211446524,3.1806894185137935e-07,0.00025929042021743953,0.9995183944702148,3.6205947129275273e-09,5.51922418878803e-08,1.0290363405829339e-07,4.0378317862632684e-06,6.247238282242051e-10,5.596947794117568e-09,2.289874512229062e-09,4.7683461161796004e-05,9.492877666161803e-07,1.6749622773204464e-06,1.5456877008546144e-05,4.9414311433793046e-06,9,10
2.818626754219622e-08,1.613671520317439e-05,1.9654296920634806e-05,1.0310747455832825e-07,8.91316318529789e-08,4.0883571728045354e-07,2.9425585232334406e-12,4.744492798636202e-08,2.2129183818719866e-08,9.940659850826705e-08,9.74940803644131e-07,1.0219470823358279e-05,0.0037958265747874975,3.3510015782667324e-05,0.0015053170500323176,8.914536664406114e-09,0.06585020571947098,1.109258028009208e-05,0.0013213739730417728,0.00020218107965774834,0.027612673118710518,0.8992410898208618,0.00037895439891144633,21,21
0.001046228688210249,1.3927314856942985e-10,5.48987145521096e-07,1.308440578107195e-09,7.837171551727806e-07,0.11079919338226318,1.5700747368896373e-09,3.19674427373684e-06,0.8562249541282654,0.003939969930797815,0.006400425452739,0.0002001292014028877,1.933556319499985e-07,0.021380560472607613,2.572730636529741e-06,1.1612522055060026e-09,2.973192525512758e-10,6.096099269825572e-08,1.191443743664422e-06,3.045424468162139e-10,2.5727364683092446e-09,4.190608623999559e-11,2.266348708701571e-08,8,8
0.0014920373214408755,1.534844926709411e-07,9.703169780550525e-06,3.7347341219629016e-08,0.0477042980492115,0.8706069588661194,1.7315296645392664e-05,9.534477612760384e-06,7.745117909507826e-05,0.06881546229124069,0.008310257457196712,0.0020529439207166433,4.774063563672826e-05,1.2012816341666621e-06,4.004285437986255e-05,0.00014466569700744003,3.8416948200392653e-07,0.0006358513492159545,2.866707836801652e-05,3.754577733161568e-07,2.5746649612301553e-07,6.668992114100547e-08,4.51291771241813e-06,5,5
0.0001635287335375324,9.943540499079973e-05,0.01955031044781208,2.794503052427899e-05,5.204210538067855e-05,0.0003627344558481127,0.00017930680769495666,0.0002703869540710002,0.0009308460867032409,0.000909005175344646,1.5615743905073032e-05,8.31915622256929e-06,0.21960178017616272,0.00013686093734577298,0.007349945604801178,0.0002367551060160622,2.4787692382233217e-05,0.6862814426422119,2.5226518118870445e-05,0.06348960101604462,4.229291153023951e-05,1.086925021809293e-05,0.00023102234990801662,17,17
0.0994892343878746,1.3360307304921548e-10,0.0015133677516132593,1.674001715024076e-09,0.5016441941261292,0.39370957016944885,2.7134557711860907e-08,1.2216951006394083e-07,2.580691500497778e-07,0.0014723576605319977,7.373494008788839e-05,2.727886021602899e-05,0.00041940706432797015,0.0016342431772500277,1.3678221648660838e-06,1.7611262137506856e-07,3.30585976371367e-06,7.51371544538415e-06,8.50808760333166e-07,2.4526964352844516e-06,4.677284337617493e-08,9.507760267979393e-08,4.5648434365830326e-07,5,4
0.00010090005525853485,4.1673361983463053e-10,1.8509339497541077e-05,1.4735007880517514e-07,5.2253890316933393e-05,0.00028422236209735274,5.396764368725826e-09,3.223193061785423e-06,5.237389814283233e-06,0.00012671330478042364,0.03083937056362629,5.316686838341411e-06,1.880576547819146e-07,1.4709102913457173e-07,0.954532265663147,0.014026286080479622,7.706842097832123e-07,2.011310243688058e-06,2.2585061287827557e-06,3.677237003785194e-08,1.8783234967401086e-09,1.2318594144744566e-07,2.2562389290214924e-08,0,14
8.088313547573167e-14,1.2062458237122042e-12,3.316842356326788e-10,1.477782197827071e-12,1.165095363936386e-12,3.149102479433827e-15,3.2358341808987057e-13,3.456960164298759e-17,8.838376934828022e-16,2.2041887412505012e-11,2.4827991225440105e-13,2.9533274155217615e-13,6.715278232150013e-06,1.2377454441968912e-14,1.1675725664073155e-10,8.236866863488984e-14,1.5987059498456802e-07,9.720238267618697e-07,5.921960144483762e-11,0.9999922513961792,1.3035762790394867e-12,2.617084500500244e-11,1.933144200272352e-10,19,19
9.889120772266224e-11,6.309862842727304e-14,1.4160135564100784e-10,2.6561294735384135e-14,2.1638628389109016e-10,2.8649907446443024e-10,2.2960179764386357e-12,1.3384165997720743e-10,9.496190639390889e-11,5.587503348891687e-09,7.78010633695203e-09,1.0317287024719235e-09,4.840969747461898e-13,1.8853666457901985e-12,1.2148947803325427e-07,0.9999998807907104,1.0461540454179043e-14,9.110367842068978e-12,8.05315354874582e-14,2.791024139234266e-12,7.130699432615281e-14,2.4161787615150157e-14,1.3354761903543871e-14,15,15
8.906019388632558e-07,1.419078632380888e-09,0.9999986886978149,4.860186282292303e-14,4.3751571254802e-09,3.2759619017497243e-08,2.1290716745170357e-08,1.2172734608489888e-12,1.3703315392132875e-11,3.680059137423086e-07,7.391937062450893e-11,7.522279465987936e-10,2.7219597686922725e-09,3.698232275972657e-10,5.011628048320893e-13,3.29206106819413e-11,6.802553659257526e-11,5.390387580739286e-10,3.1770988617729756e-11,1.1289905121891763e-10,2.392637140930659e-13,6.93478315137025e-13,3.181608839233907e-12,2,2
9.091759807233757e-07,6.748093255737331e-06,3.384207332146616e-07,0.0005216700956225395,4.179868540177267e-08,7.66081029723864e-06,8.092175818319447e-08,5.792974116047844e-05,0.00196767202578485,3.220604867237853e-06,4.016343882540241e-05,9.312350357504329e-08,0.00012972905824426562,3.777203892241232e-05,0.00013521785149350762,3.862328958348371e-05,1.1897451258846559e-05,0.00014183066377881914,4.405309823596326e-07,0.9908726811408997,0.0003927075013052672,3.6432406886888202e-06,0.005629163701087236,3,19
0.8817309737205505,7.086311961757019e-05,0.010261975228786469,1.810150074277317e-08,0.0019946179818361998,0.05936846137046814,0.00010272901999996975,0.00022201873071026057,0.013013608753681183,0.014230788685381413,0.0003950754180550575,0.008417331613600254,3.518915400491096e-05,0.009086822159588337,0.000838319945614785,0.00018400770204607397,3.509773804921679e-08,3.333816130179912e-05,1.8303126125829294e-06,2.6360271476733033e-06,2.483863454472157e-06,3.4223563716295757e-07,6.533688065246679e-06,11,0
1.0812985923314145e-10,2.0481148667908207e-15,1.4588693100781036e-11,2.083797273188387e-13,2.296645540411646e-09,2.9664015528396703e-06,1.1280300923961653e-15,8.20824658243069e-12,0.99998939037323,9.32804269382359e-08,4.655528869079717e-07,1.3207582583163457e-07,1.8542561149720305e-12,6.263997420319356e-06,7.552008014499734e-07,7.095445342386597e-10,5.714357006786526e-15,6.714323541601175e-10,4.0479728943831894e-13,2.6490146339507026e-13,2.5384154413859994e-12,5.2577295917347316e-15,8.121107952785422e-14,8,8
1.899314702313859e-05,1.5251230252033565e-06,4.502525371208321e-06,2.332637052404607e-07,3.819014182226965e-06,0.007273613940924406,1.3194013263273519e-05,0.0002512436476536095,3.858117906929692e-06,0.0018315917113795877,0.00040243848343379796,1.0889541954384185e-05,0.0002563544549047947,9.62538251769729e-07,0.9875591397285461,0.0009809121256694198,2.674683855730109e-06,0.0002423210971755907,1.2357108062133193e-05,5.8338682720204815e-06,1.0693272542994237e-06,3.9437369991901505e-07,0.0011220737360417843,14,14
0.9413750171661377,3.5510769880175985e-09,0.0009457368869334459,6.337228519726068e-10,0.04525870829820633,0.0026814271695911884,1.492484358323054e-07,2.165800287912134e-05,3.4781660218641264e-08,0.009616740979254246,1.8829956388799474e-05,2.5985575575759867e-06,5.238321318756789e-05,2.373223651375156e-05,8.075726753986601e-08,2.219332273512009e-08,1.248688050736746e-07,1.7237410929737962e-06,2.507883607449912e-07,7.371290848823264e-07,5.492676979912403e-09,1.065500798702601e-09,1.976039420981124e-08,0,0
0.002379304962232709,0.00017462295363657176,9.778500680113211e-05,3.397445470909588e-05,0.00026628596242517233,0.017130820080637932,7.3233218245150056e-06,0.05239662900567055,0.001183801330626011,0.0002018746017711237,0.0003199621569365263,2.902696178352926e-05,0.013068465515971184,0.00029930344317108393,0.022030623629689217,5.067629899713211e-06,0.010253763757646084,2.193092313973466e-06,0.1016470268368721,2.07650191441644e-05,0.6587873697280884,0.10610309988260269,0.013560900464653969,18,20
1.3187913872059198e-08,2.9482407626346685e-08,6.384289763516904e-10,6.649744932474277e-08,8.989375910317676e-10,3.4470908349959473e-09,8.890591735033482e-11,1.1853535397676751e-07,3.380240531924983e-11,5.009861183680187e-07,2.543141253141812e-09,9.242069154424826e-08,0.9823709726333618,1.3474545035307983e-08,0.00037470299866981804,6.797652645218477e-07,2.1076250050100498e-05,0.003682259237393737,6.389659574779216e-07,0.013451822102069855,9.215530735673383e-05,4.548522611003136e-06,2.8834065801675024e-07,12,12
0.061658825725317,7.088930260579218e-07,7.996924978215247e-05,7.1809309609705e-09,0.19687092304229736,0.0872400775551796,9.077612958208192e-06,0.00020157310063950717,0.0018949382938444614,0.04830050468444824,0.257309228181839,0.3153482973575592,3.7162208172958344e-05,0.002068972447887063,0.023771433159708977,0.00023913918994367123,3.457278126006713e-07,0.00019392733520362526,5.435219645733014e-05,7.44546696296311e-06,7.032899134173931e-07,3.053189630009001e-06,0.004709321074187756,4,11
0.0002202472824137658,8.520929739574967e-09,5.570661869569449e-07,2.337295287868635e-12,2.468644561304245e-05,0.0055041140876710415,3.300068829314995e-10,1.5696419723099098e-05,7.20972238923423e-05,4.0297265513800085e-05,3.9482042666350026e-06,0.0013550006551668048,7.58152737034834e-07,0.9927343130111694,2.3152848370955326e-05,1.3792043773719342e-06,2.0257286958980103e-09,3.227191200494417e-06,1.3810325327767714e-08,9.0651944617548e-08,3.940085093745438e-07,1.1112528258694354e-10,9.343486340185336e-08,11,13
2.7698510166374035e-05,0.9983030557632446,0.00020936854707542807,4.333384993060463e-07,1.7095634063934995e-07,5.91121624893276e-06,5.222613253863528e-06,8.637334394734353e-05,2.3700049496255815e-06,1.5107910257938784e-05,1.1185416042280849e-05,1.216246801050147e-07,5.289996988722123e-05,0.0005219715530984104,7.055901960484334e-07,5.43312914658145e-08,3.6765093227586476e-06,0.00014475120406132191,1.0400783594377572e-06,0.0005911887856200337,1.3363961443246808e-05,2.1913026557740523e-06,1.186766212413204e-06,1,1
0.006433384492993355,0.03305960074067116,0.012750990688800812,0.00013626828149426728,2.1512136299861595e-05,0.0017993185902014375,0.00028220718377269804,0.0019094864837825298,0.1309286653995514,0.001765674795024097,3.460351217654534e-05,0.00020504475105553865,0.07754683494567871,0.003150851232931018,0.005689718760550022,0.0001256821269635111,0.010161072015762329,0.4107334017753601,3.4847747087951575e-07,0.13506720960140228,0.11077389121055603,4.791977335116826e-05,0.057376228272914886,17,17
2.2815376254925468e-08,9.07463792998442e-09,1.7985725207836367e-05,1.7461128029583328e-11,4.214887638909204e-08,5.386426304987424e-10,1.6786391165979353e-09,4.004444345562241e-12,2.9400266943202524e-11,4.9876558705364e-07,1.449475828252389e-08,6.862554524644793e-09,0.00031042026239447296,3.659611991224665e-08,1.9741703738418437e-07,2.3282848982120186e-09,6.043020306378821e-08,0.0026818623300641775,7.817964053913329e-09,0.996988832950592,2.2330748361554242e-10,5.491972987492488e-10,2.3656955505657606e-08,19,19
0.01222917065024376,0.0006977480370551348,0.005832239054143429,1.1326065759931225e-05,5.8832138165598735e-06,0.01568153314292431,0.00016826073988340795,0.0010826492216438055,0.00011626139894360676,0.01246439479291439,0.9425665736198425,0.001331319916062057,0.0002733429428189993,0.0009448394412174821,2.8826156267314218e-05,1.8372240447206423e-05,0.0013877826277166605,0.00022289907792583108,0.000748373509850353,0.0007986316340975463,0.001609006547369063,0.001690939418040216,8.951366908149794e-05,9,10
4.010919596453277e-09,1.7099014426591452e-09,4.88373341767101e-10,3.7607555958274475e-11,4.5082045193288456e-13,6.7855832064367405e-09,2.3653663472344988e-09,0.9996552467346191,4.287197441499302e-08,2.369432792193038e-07,8.258522754545083e-09,2.3193140463728668e-10,1.6396928259609922e-08,0.0003415587416384369,1.8761435285341577e-06,1.899291834916994e-09,3.797234054969678e-11,3.1308755588099757e-10,1.3687745381574246e-11,1.9382486016183975e-07,7.025474815236521e-07,4.4260514697747055e-10,8.411892338244797e-08,7,7
7.97410848463187e-08,1.7682225461612688e-07,4.754977922516446e-08,1.8489980657676597e-09,6.25233642637113e-09,1.820488315651403e-09,1.223955242712904e-10,3.5229983375018037e-09,3.5706693157777636e-10,5.799843805220917e-08,1.5823184429386572e-10,1.0698281149856825e-09,0.9694640040397644,4.69894349125477e-12,2.405245709269366e-07,3.020436523115677e-08,4.095962140127085e-05,0.02561287023127079,2.9691657132957516e-08,0.0047177658416330814,1.2985192654468847e-07,2.8628477366510197e-07,0.0001633637148188427,12,12
7.254187039507087e-06,9.385006705997512e-05,0.0016334443353116512,5.314661393640563e-06,6.612231686631276e-07,0.0001179004175355658,1.87739515240537e-05,0.0008884974522516131,7.651761535498736e-08,0.0003160498454235494,0.001060331822372973,9.612445239781664e-08,0.44789746403694153,1.1155311341326524e-07,0.02516307681798935,2.381897866143845e-05,0.00016128613788168877,0.3194388449192047,3.141809065709822e-05,0.01901218853890896,1.477441310271388e-05,0.00047683066804893315,0.18363799154758453,12,12
0.0013781699817627668,0.6191264390945435,0.02098134346306324,0.0028768733609467745,0.0004132593749091029,0.00020860752556473017,0.049329038709402084,0.0001054786698659882,4.743601039081113e-06,0.0004931212170049548,0.0009265014668926597,3.609844497987069e-05,0.022031323984265327,0.0063482304103672504,0.2236362099647522,0.0019790534861385822,0.009677374735474586,0.019462011754512787,0.0019356475677341223,0.015670733526349068,0.00026634312234818935,0.001143674016930163,0.001969612669199705,7,1
7.149736120481975e-06,1.9681417597894324e-06,0.00021014193771407008,1.3575270713772625e-05,7.82631614129059e-05,9.83241989160888e-07,2.4019897182370187e-09,1.3415758076007478e-05,1.4036054096777661e-07,4.376493961899541e-06,2.9055991035420448e-05,5.706780257241917e-07,0.002662069397047162,7.8939894621044e-09,0.0001246410101884976,0.0001057515837601386,0.0016506370157003403,0.0008402604144066572,2.209102831329801e-06,0.9908612966537476,4.589090167428367e-06,0.003275742754340172,0.00011317554890410975,19,19
1.7890521064600762e-07,1.7911869463205221e-06,1.3961448530608322e-06,1.399599653950645e-07,7.187587858226152e-09,4.217397986394644e-07,2.900528897953336e-06,0.005444008391350508,8.81218056747457e-07,0.0003162771463394165,0.001503375475294888,8.89089619704464e-07,0.0006077048601582646,6.870480007137303e-08,0.0001904231758089736,6.0802793910852415e-09,1.0663547072908841e-05,1.7119086237471492e-07,5.2609295380534604e-05,4.9230711738346145e-06,0.002923628082498908,5.8453577366890386e-05,0.9888790845870972,9,22
0.055782437324523926,1.901837691775654e-07,0.004542906302958727,1.2058159803984836e-08,0.15203304588794708,0.03573770076036453,5.341476935427636e-05,1.535053002044151e-06,1.4075158105697483e-06,0.7242460250854492,2.0973415303160436e-05,0.001774099888280034,0.00020603671146091074,0.02498527616262436,0.0003279639931861311,0.0002445413265377283,3.310616136786848e-07,3.8186321944522206e-06,1.5179773981799372e-05,1.486502583247784e-06,1.5105561033124104e-05,9.865404990705429e-07,5.6210124057543e-06,9,9
1.3536599681174266e-06,6.086148459871765e-06,0.00012998048623558134,1.8977393878572002e-08,1.8905546994574252e-07,1.9265027731307782e-05,4.660203103412641e-06,5.163587047718465e-06,7.283018931047991e-06,0.000268687930656597,2.9510018066503108e-05,5.803894055134151e-06,0.10461431741714478,5.489482646225952e-07,0.04585578665137291,2.5915624064509757e-05,0.00012149194662924856,0.7678260803222656,2.9658731364179403e-05,0.07131855189800262,0.00047117381473071873,2.252880221931264e-06,0.009256204590201378,12,17
5.923088224335515e-07,6.348295755742583e-07,1.7002582453073956e-08,2.1012303363932006e-07,1.1414498857220678e-07,8.008457371033728e-06,1.8301083315463984e-08,0.0007321718730963767,2.780122656531603e-07,2.499028414604254e-05,0.9729595184326172,2.1548683548644476e-07,3.8768547483414295e-07,3.077934573880725e-09,0.0009476554114371538,0.0003226763510610908,2.878589839383494e-05,7.192610951278766e-08,0.019933344796299934,1.104305198396105e-07,2.857190679605992e-07,2.3831960788811557e-05,0.005015963688492775,10,10
0.00046793126966804266,0.004022644367069006,0.9109832644462585,4.802564944839105e-06,0.0006959407473914325,0.01963045448064804,0.0002935578813776374,1.8312161046196707e-05,1.2160088544987957e-06,0.001181436120532453,0.0002146091719623655,1.29176050904789e-05,0.025161005556583405,1.3766951269644778e-05,2.598301762191113e-06,4.1114690247923136e-06,0.0009918422438204288,0.029075538739562035,0.00041992016485892236,0.006212090142071247,0.00029013724997639656,0.0002586896298453212,4.3274358176859096e-05,12,2
0.042820774018764496,4.820410140382592e-06,0.003154323436319828,7.611882892888389e-07,0.0027064860332757235,0.05347147956490517,0.0006844360032118857,0.0013023241190239787,2.4722735361137893e-06,0.25643959641456604,0.05765552818775177,0.19916564226150513,0.00203216471709311,0.0040194252505898476,0.3422255516052246,0.03318731114268303,2.3636043806618545e-06,0.0008297950844280422,1.2656006219913252e-05,0.0002643938933033496,1.072876329999417e-06,1.4986463838795316e-06,1.509004596300656e-05,9,14
0.11711589246988297,5.511764175025746e-05,0.2761300504207611,8.146880645654164e-06,0.15544471144676208,0.2032722532749176,7.007007297943346e-06,9.785547445062548e-05,0.07333310693502426,0.02134162373840809,0.004165504593402147,0.06419213861227036,0.001377796521410346,0.0012116339057683945,0.03220914304256439,0.003964345436543226,6.908897921675816e-05,0.04548220708966255,1.8545601051300764e-05,0.0004347102658357471,6.159475015010685e-05,3.4394688555039465e-06,4.206865469313925e-06,11,2
1.8541383042247617e-06,8.731387879379326e-08,1.0580609341559466e-05,6.231445581761363e-07,1.6225518493229174e-06,4.4442066382544e-07,6.456117307429565e-10,3.5704547940440534e-07,7.782367528186285e-10,1.0455266163944543e-07,2.8229382564859407e-07,5.091450525074315e-11,0.0006798728718422353,2.1949846384927696e-09,8.645479709912252e-08,1.2497131107735981e-09,8.180928489309736e-06,0.9990097284317017,2.4245805363420914e-09,0.0002492566709406674,6.7798379177475e-07,1.626362688966765e-08,3.6203440686222166e-05,17,17
1.1696226465574e-05,2.20331571654242e-06,6.41280275885947e-05,4.8819934761468176e-08,2.1952551776394102e-08,3.2420433626612066e-07,6.331107194057495e-09,3.3027426979970187e-06,4.268754238978545e-08,1.8467692086687748e-07,6.65170830416173e-07,2.930841791481953e-09,0.020923955366015434,4.633974128864793e-07,8.810876352072228e-06,6.233479155071109e-08,4.7613659262424335e-05,0.9198681712150574,7.481797403841028e-09,0.057823847979307175,0.0012242774246260524,2.106925478528865e-07,1.9911554772988893e-05,12,17
0.9999051094055176,1.5472391368120952e-08,4.959839543516864e-07,1.8221326682742178e-13,1.253815571544692e-05,1.754393451847136e-05,2.327002202040518e-10,5.569788299908396e-06,2.5166800696752034e-06,9.527298061584588e-06,2.537832699545106e-07,3.1399467843584716e-05,2.386010010013706e-06,5.723724370909622e-06,4.542480169789087e-09,1.0973880137932213e-10,6.186796075446921e-10,8.16280731896768e-09,2.474725535606126e-09,1.7167478549851012e-09,6.995986495894613e-06,2.3679440630530735e-09,7.12700176652703e-11,0,0
7.270113542290346e-07,2.821723410484367e-10,1.5145057430387965e-09,9.91197524058407e-09,2.286759004377359e-09,8.614326816314133e-07,0.003623463911935687,3.877726703649387e-05,1.0370779079948989e-07,0.9963059425354004,1.6544837722065608e-09,7.035259130816485e-08,1.65689652931178e-05,1.036947469401639e-05,1.4989691408118233e-06,1.7191527490467706e-07,9.315928028996723e-10,2.963093104213499e-09,1.698079898915239e-08,9.852705034063547e-07,5.0086503833313145e-09,1.5005938158729748e-10,3.805830033343227e-07,9,9
0.34240904450416565,7.956374226125718e-09,0.6397824287414551,2.192507286835621e-10,0.01699097827076912,0.0004353014228399843,1.22711618644189e-09,3.3752955985733024e-09,6.12607163930079e-06,0.0002224842901341617,1.509476078354055e-06,7.237356385303428e-06,4.528553176896821e-07,0.00014373319572769105,2.25231282513505e-08,4.105609630045137e-09,1.8518717226356785e-08,6.35384310498921e-07,1.739320687477175e-08,2.4946668730763122e-08,7.621609121599704e-09,1.1781230213614435e-08,8.832417575099782e-10,0,2
2.353494164708536e-05,1.7131383811541667e-10,1.4663615388599283e-07,9.421745161830586e-09,2.086955191771267e-06,0.0014434922486543655,1.1673244593168874e-08,3.109558388558753e-09,2.1685045794583857e-05,0.005275937728583813,6.846394171589054e-06,0.0008190334774553776,5.634942681354005e-07,0.992405354976654,4.1212248902411375e-07,2.9208269580749402e-08,1.5148303722511969e-09,4.761553213938896e-07,1.362605228649727e-08,2.8120263095843256e-07,6.796072593573399e-09,1.7226076121090728e-10,2.7561840809653404e-08,13,13
2.6598858312354423e-05,2.9453934985212982e-05,0.00048399579827673733,9.090411978718294e-09,1.0552236062721931e-06,0.00021767124417237937,6.545218411702081e-07,0.0001690448261797428,0.0037127407267689705,8.872774196788669e-05,0.0038142988923937082,3.177612597937696e-05,0.0006996890297159553,9.749199307407252e-06,0.0021069070789963007,6.110515823820606e-05,2.5046816517715342e-05,0.9869076013565063,5.886145117983688e-07,0.0015197707107290626,5.862409307155758e-05,4.0320577454622253e-07,3.448575080255978e-05,19,17
2.335942497211363e-07,1.2060530707458383e-07,4.1492472746540443e-07,3.3582403524690108e-09,2.1640040870352095e-09,2.8599377088767142e-08,6.496512128251197e-07,2.0629082442269464e-08,7.172151761380974e-10,1.2820396477764007e-05,9.573633178661112e-06,1.3155167835066095e-06,0.035687405616045,7.773786059317445e-09,9.542102930026886e-08,3.160620565267891e-07,8.819063623377588e-06,0.017760097980499268,1.4407878552447073e-06,0.9463546872138977,3.7193346997810295e-06,2.9042067239970493e-07,0.00015787301526870579,19,19
0.0011539481347426772,0.000246540701482445,0.9777259230613708,5.890688044019043e-07,0.003555741161108017,0.004882116336375475,0.0003887646889779717,6.278000341808365e-07,5.726587460230803e-06,0.000887914327904582,0.0013007557718083262,9.980519280361477e-06,0.006348276976495981,2.553818774231331e-07,3.374405252998258e-07,1.303330918744905e-07,0.0005862982361577451,3.693706094054505e-05,0.0006521395989693701,0.0004366232897154987,0.00010857213783310726,0.0010782862082123756,0.0005934223299846053,2,2
9.192442362859765e-09,1.7045376221602737e-10,3.542130366795959e-09,1.9489417024676214e-11,1.7150778020003088e-10,1.7725445555782926e-09,2.4394391021087536e-11,2.6846080913855985e-10,1.664823556790651e-10,2.3522432002209825e-07,8.656232848569534e-12,3.2269429350861856e-09,0.9976838827133179,4.8442982958363245e-09,2.3730182263648203e-08,7.504842081118568e-09,4.708527789887285e-09,0.0005164778558537364,7.425636283642234e-08,0.0017991367494687438,1.5462620694961515e-07,2.326762671422955e-10,4.552932697521328e-09,12,12
3.325372017570771e-05,7.961339920647958e-12,1.554853838570125e-06,1.9305188914131577e-07,0.00030424335272982717,0.0019550216384232044,1.3455424552333284e-09,0.0002776215551421046,8.201684331687886e-10,0.0002430993627058342,2.9411799005174544e-06,7.333323281955018e-08,0.9971024394035339,2.72163333647768e-06,6.566897354787216e-07,2.5151077807095135e-06,2.1827941676377804e-09,5.6929569836938754e-05,1.4895872482156847e-05,1.386547182846698e-06,8.606709234193488e-10,1.9681144181049604e-07,1.3187060687869234e-07,18,12
0.04246758669614792,7.96131935203448e-05,0.06530484557151794,1.7219217340880277e-07,0.0006708551081828773,0.012045025825500488,0.013314027339220047,0.0001111550081986934,0.00010334004764445126,0.0008428510627709329,0.10410570353269577,0.0010368640068918467,0.13689492642879486,0.005005815532058477,0.00029045878909528255,9.314921953773592e-06,0.0004304186732042581,0.31064730882644653,3.2938678486971185e-05,0.08315802365541458,0.21642284095287323,2.558121195761487e-05,0.007000326178967953,10,17
1.8443496729858566e-09,1.027758543858438e-15,1.944633039666077e-12,1.4734026986765875e-13,3.97613986180545e-09,1.1219567568332423e-06,1.0331900268274205e-17,1.1993025496315202e-11,0.9999983310699463,4.9681889713326655e-09,5.400710847425216e-07,6.865987778326144e-09,7.448851106241217e-13,7.345473673758818e-10,3.2812244032953686e-09,1.3261908932138411e-11,2.519160264912541e-15,1.2327912302101396e-10,3.965999403887643e-12,2.5130330826819876e-14,1.16834254944298e-12,8.433278896177385e-14,3.938009586392649e-13,8,8
1.1063716165438109e-08,4.482447941468737e-13,3.055806928387028e-06,8.121249948089826e-07,2.500012499240256e-07,7.792596790068274e-08,7.763518716785711e-10,4.2769151775701175e-08,4.2773526691061714e-13,9.045500064530643e-07,8.900973291758874e-09,2.5121495595553656e-12,0.6107938289642334,2.909344765100741e-09,2.8960865705585093e-08,5.623724055880963e-11,1.6900102650652116e-08,0.0029703977052122355,1.0759600627352484e-05,0.38621973991394043,6.903209254227605e-11,7.265261725564187e-09,6.097638305391229e-08,12,12
0.0010051565477624536,1.7578461353195962e-08,0.9461010694503784,1.2847350960853987e-10,0.00016274066001642495,0.0400751493871212,1.0174738918067305e-06,2.6452156021150586e-07,1.319121594178796e-07,0.008826173841953278,0.00047848038957454264,5.2004721510456875e-05,0.00042618357110768557,0.0025681050028651953,9.9236274309078e-08,1.94328730884763e-09,2.0786724519439304e-07,0.0002609492221381515,7.69964643154708e-08,4.1603856516303495e-05,1.741627499995957e-07,1.584952613598034e-08,4.851516450798954e-07,2,2
4.343039108789526e-06,1.8255411760037532e-07,0.004282470792531967,1.171064354821283e-06,1.4413571989280172e-06,7.049862324493006e-05,2.2820145773039258e-08,0.00038657200639136136,2.910792886723357e-07,0.00021792588813696057,2.1973848561174236e-05,0.0025125506799668074,0.7753555178642273,0.000270954507868737,0.0628766119480133,2.9533168799389387e-07,0.08170893043279648,0.002052636817097664,0.0005248025991022587,0.006072691176086664,0.06302464008331299,0.0004685120075009763,0.0001448018738301471,16,12
0.9999990463256836,2.6779798864562387e-11,7.828787063068887e-10,6.526558265183835e-16,3.1199355987610033e-08,5.402963054734755e-08,3.0580722398809712e-09,4.0380818688845466e-08,1.3581473445878345e-10,9.085135275199718e-07,6.208999980827912e-10,7.103371668648606e-09,5.174272815766656e-11,4.344515414089756e-09,1.542815625688726e-13,5.056375457224149e-12,6.89990165697596e-13,8.6302341141542e-13,1.7903538894470383e-12,5.200844095665236e-13,6.112166883731618e-10,1.6895275326347936e-12,1.7766100006075258e-13,0,0
3.3989481380558573e-06,7.431400113333542e-12,1.2502278323722749e-08,2.6801737912363066e-12,1.6367297575925477e-05,0.00010369578376412392,1.2758792286571286e-11,1.3604608758988057e-11,1.7462429013903602e-06,1.8790251488098875e-05,1.8756485076210083e-07,0.00031093801953829825,2.1141379757949608e-09,0.9995406866073608,4.228425495966803e-06,3.5283986843381854e-10,7.74743394438282e-11,4.698763045318799e-10,1.5732619651487312e-09,1.4846884138774996e-11,3.58621443652396e-09,1.4272752424382418e-10,2.6365604144373833e-11,13,13
0.0075007095001637936,0.0004785664496012032,0.45755064487457275,2.2366398297890555e-06,0.009470945224165916,0.20237521827220917,0.0003480248851701617,1.891124838948599e-06,9.237180051968608e-07,0.014089391566812992,0.003234775271266699,0.009953091852366924,0.20671513676643372,0.0028092048596590757,0.0040709348395466805,2.5093422664212994e-05,0.01038293819874525,0.037748973816633224,0.0002032958873314783,0.031039370223879814,0.00036358594661578536,8.165430335793644e-05,0.0015534732956439257,9,2
0.08005136996507645,1.0893936632783152e-06,0.006367444526404142,1.1051167619902103e-10,0.00047354106209240854,0.8681802749633789,4.41969223174965e-06,9.824339031183627e-06,0.0014044601703062654,0.04198167473077774,0.00012530370440799743,4.483409156819107e-06,8.659900231577922e-06,0.0013433557469397783,1.0301392876499449e-06,1.1686918988118578e-08,9.616239360354939e-09,4.6813366338938067e-07,4.253075167071074e-05,1.0520518678447388e-08,1.8571492788055366e-08,5.221631571572516e-09,1.799564586235647e-08,2,5
0.0011004391126334667,3.231388632229937e-07,4.1229548514820635e-05,5.56562740339217e-10,0.001957271946594119,0.09278888255357742,3.599086255690054e-07,9.627688268665224e-05,0.0017190155340358615,0.031192446127533913,0.0019953628070652485,0.8676633238792419,0.0005649267113767564,0.00019794449326582253,6.812725041527301e-05,4.986389740224695e-06,2.115893494192278e-06,0.00018205786182079464,9.542147745378315e-05,6.117241809988627e-06,6.824468437116593e-05,1.9690949102368904e-06,0.00025308504700660706,11,11
4.176901029495639e-07,2.3936802540092117e-10,6.401434075087309e-05,1.2461974563393596e-07,9.288806523954918e-08,7.78016673308457e-09,4.960671630416247e-12,2.0655537280589442e-09,2.180406272200841e-10,2.443140090235829e-07,5.150116635377344e-07,5.099840905131714e-08,0.10377703607082367,5.4056713966188497e-11,8.804885146673769e-05,1.1473613170664976e-07,0.0008220258168876171,0.5682872533798218,5.1220352403902325e-09,0.32690638303756714,3.323654240716678e-08,3.9338468127425585e-07,5.314612644724548e-05,12,17
7.735370309092104e-05,2.894930003094487e-05,0.9975700974464417,3.2970500996043484e-08,0.00014244303747545928,0.0003064844640903175,0.00012955369311384857,6.426122922675859e-08,5.937495757279976e-07,3.288055813754909e-05,9.526035137241706e-05,5.242457973508863e-06,0.0013684328878298402,4.704925515852665e-07,9.484376306545528e-08,6.522791977658926e-07,1.3721408322453499e-05,4.331009404268116e-05,2.2288661057245918e-05,0.00010057641338789836,1.34375204652315e-05,3.161208951496519e-05,1.64810389833292e-05,2,2
0.0007798325386829674,3.1241768738254905e-05,0.013767290860414505,4.654503005241395e-09,3.2148785976460204e-05,0.9445099830627441,0.0037803822197020054,4.380047175800428e-05,8.788180275587365e-05,0.014856548048555851,0.017714081332087517,3.2555115467403084e-05,0.0021684046369045973,0.00019688354223035276,5.643700205837376e-06,1.738111734539416e-07,6.366221441567177e-06,0.001286697923205793,2.954672936539282e-06,4.8444431740790606e-05,1.6602696632617153e-05,3.226624016861024e-07,0.0006316025974228978,5,5
0.015857720747590065,1.220530094769856e-07,0.9805380702018738,8.218018487937684e-10,1.7015194316627458e-05,0.0031354345846921206,1.7864715573523426e-06,4.685483872890472e-06,3.9043502511049155e-06,0.00020383106311783195,0.00015814662037882954,1.323957258136943e-05,3.265641498728655e-05,2.3005884941085242e-05,4.430123112797446e-08,1.0534619576674231e-07,1.9895402658676176e-08,9.682815289124846e-06,6.84272833950672e-08,2.717653728723235e-07,4.3054080300919395e-09,3.1537150668725644e-09,3.746801535697841e-09,2,2
0.00021325606212485582,0.0003524177591316402,0.6560946106910706,1.1018670420526178e-06,2.1512735202122713e-06,0.06372986733913422,0.025351332500576973,0.013525094836950302,6.406351167242974e-05,0.0999942198395729,0.024756351485848427,2.2665317374048755e-06,0.02947951667010784,0.009083008393645287,0.00244498485699296,8.321739528582839e-07,0.04467563331127167,0.018022051081061363,0.0011810766300186515,0.001413527294062078,0.008737943135201931,4.4567965232999995e-05,0.000830208184197545,2,2
2.8193483103677863e-07,0.9999884366989136,1.5003135445113003e-07,1.1349886959097222e-12,2.3318470418476345e-11,2.5781069723507244e-08,6.280873737773973e-11,5.649198087098739e-08,2.3497168655239875e-09,4.362196825979936e-09,3.002466257839842e-07,1.605093169487759e-09,2.3226576217894035e-08,6.211440251036038e-08,2.775699114998531e-11,8.712071619676465e-10,4.16235002020926e-09,6.244939868338406e-06,7.966922260793652e-11,2.4545971655243193e-07,4.369085360167446e-08,4.20180458604591e-06,4.819041832249127e-10,1,1
0.004726795479655266,3.272336834925227e-05,0.00038555622450076044,9.650844731368124e-05,0.025063885375857353,0.3186871111392975,0.002548740478232503,0.001441611093468964,0.003222664352506399,0.5289710164070129,0.06321293115615845,0.005521893035620451,0.000394322065403685,0.043963897973299026,0.00034316550591029227,1.8224296582047828e-05,2.585178890512907e-06,0.0005367803969420493,0.0003265576669946313,0.00012453987437766045,7.355746492976323e-05,0.00019509377307258546,0.00010977416241075844,17,9
4.3112120806654275e-07,6.87205153893089e-11,1.031184915234462e-09,2.3813790939186674e-09,1.4282607097015898e-08,7.395155989797786e-07,6.623428341163626e-14,0.9999494552612305,2.5262006028703432e-12,7.198302398592205e-08,9.957763040802092e-07,4.774008410812769e-10,3.172607102897018e-05,1.6024461729102768e-05,4.304002043653554e-09,1.1706594027494077e-11,5.28651344922082e-10,2.7940783020596882e-09,3.3799612414453506e-11,1.8884065866586752e-08,1.7205594815550285e-07,3.0149510621413356e-07,4.156557409373818e-08,7,7
0.03397037833929062,0.0013661441626027226,0.008752185851335526,2.5173874291795073e-06,0.0017138187540695071,0.002396451774984598,1.5025212860564352e-06,3.883330919052241e-06,0.0002783436793833971,0.00039885955629870296,0.020164266228675842,0.011204181239008904,0.0001441644853912294,6.488731742138043e-05,0.9140837788581848,0.0004925344837829471,8.787144906818867e-05,0.004602547734975815,4.5094646338839084e-05,5.100865746499039e-05,1.780201301926354e-07,0.00011487986921565607,6.0440059314714745e-05,0,14
5.0869628466898575e-05,0.004653502721339464,0.0005070799379609525,2.1525180272874422e-05,8.147025801008567e-05,2.4869168555596843e-05,0.000264385889749974,0.02635256201028824,2.3583543224958703e-05,3.683530303533189e-05,0.00048777172924019396,1.190500370285008e-06,0.07066679000854492,0.00013143937394488603,0.003707651514559984,4.44875295215752e-05,0.00018418637046124786,0.018834808841347694,6.430866051232442e-05,0.022545088082551956,0.038484178483486176,0.006038365885615349,0.8067930340766907,19,22
3.784049809607559e-11,3.2443554509598016e-09,3.733347408996224e-09,3.2713157183117403e-10,2.1130134100766362e-11,4.17201724556282e-11,1.0028097796599411e-10,8.847207363417431e-13,3.807550455481312e-11,8.480228186336092e-10,9.15088060882141e-10,2.5177884950544627e-12,0.0002202999748988077,4.090010014695666e-12,3.624837972893147e-06,8.105193849416992e-09,2.8750813285682852e-08,0.9992196559906006,1.5077664117235656e-10,0.0005559386336244643,3.046909569093259e-07,3.0309940668438173e-10,1.273512708621638e-07,17,17
3.332069900352508e-05,0.0029855237808078527,0.000644089188426733,0.08004993200302124,6.320498505374417e-05,0.008759060874581337,3.438209660089342e-06,0.0002926225133705884,1.0592754051685915e-07,0.0004571721365209669,0.0017321569612249732,2.831255733326543e-05,0.0009427705081179738,0.0023171205539256334,0.0028992376755923033,6.587099778698757e-05,0.0006495708948932588,0.00023243956093210727,0.8971545696258545,9.960472380043939e-05,1.2531945685623214e-05,0.0005507306195795536,2.6658386559574865e-05,22,18
1.2534073334791174e-07,3.549671646396746e-06,1.0562500563082722e-07,5.302939953821806e-08,9.0990901924215e-08,8.477056326228194e-06,0.000505656935274601,6.900426342326682e-06,0.0050941468216478825,0.00021414642105810344,0.1961974948644638,5.925859358768548e-09,0.00048026072909124196,7.99416000063502e-08,8.70269832375925e-06,2.2736840037396178e-06,2.6711728423833847e-05,0.0003901631571352482,5.99372810938803e-07,0.009351938962936401,0.0072963363490998745,9.098978807742242e-06,0.7804030179977417,6,22
0.03565933182835579,3.771936462726444e-05,0.2631854712963104,1.0431752173190034e-07,0.004411050118505955,0.4013092815876007,4.169890416960698e-06,0.00981700886040926,0.0050204722210764885,0.004244837444275618,0.08830292522907257,0.006302736699581146,0.027868453413248062,0.1405636966228485,0.002512960694730282,1.1706770237651654e-06,0.00012957410945091397,0.002414976479485631,0.0016409558011218905,0.0014084209688007832,0.0044061667285859585,0.0001290359505219385,0.0006294443737715483,0,5
0.701790452003479,1.700288521089277e-11,2.4085380573524162e-05,8.093158920807753e-10,0.13724032044410706,0.15231934189796448,5.655610202381922e-09,1.6694826854291023e-06,1.4791303293293367e-08,0.0011673651169985533,0.005018371623009443,8.298914508486632e-06,1.575153146404773e-05,0.002412848873063922,5.826946676279476e-07,5.772348155019813e-10,7.424296732949642e-09,6.581697675756004e-07,2.223051325245251e-07,7.338892604735747e-09,1.2223277945366817e-09,2.9689326552784223e-09,3.107875201635579e-08,0,0
8.260059845312251e-13,1.0267812668900492e-13,1.0555759391572828e-11,3.0071300165951127e-15,1.3373565276031396e-11,1.6783368314912672e-14,0.9999996423721313,2.9099932099402315e-12,4.997458068027594e-13,2.2042000225042102e-08,8.684600594222047e-09,7.673649584684361e-14,1.9441367959949218e-10,7.399537094165964e-10,1.8492516816893262e-13,4.691334126727398e-11,5.39119692898743e-13,2.008671978748211e-10,6.590532156472428e-13,2.767478690657299e-07,3.453900498939788e-10,9.6999852015222e-16,1.4858157759700674e-10,6,6
0.010965974070131779,0.0006684542167931795,0.02071518450975418,6.987417577875021e-07,0.029007576406002045,0.06543682515621185,0.0009166913805529475,2.0161509382887743e-05,0.0006752297631464899,0.0017128910403698683,0.0022403686307370663,0.0006944420165382326,0.0006315469508990645,0.6521909832954407,0.20378848910331726,0.00016596501518506557,3.0089086067164317e-06,0.009891283698379993,2.7199550459044985e-05,0.00015980194439180195,3.2809923141030595e-05,4.898442966805305e-06,4.953815005137585e-05,9,13
0.5261898636817932,0.0003844013554044068,0.14472167193889618,7.004561375367757e-09,0.06563995033502579,0.22194619476795197,0.00022961272043175995,4.549749519355828e-06,0.000923835439607501,0.009025019593536854,0.00034669277374632657,0.00973785575479269,8.203779725590721e-05,0.019969036802649498,0.00020079300156794488,0.0004100943624507636,5.904093995923176e-07,0.00016269653860945255,2.006629074458033e-06,1.7818460037233308e-05,1.0598968174235779e-06,3.3109492392213724e-07,3.910289706254844e-06,11,0
2.5484368961770087e-05,0.0021400589030236006,0.042362574487924576,6.736482191627147e-06,2.0618501821445534e-06,4.9622442020336166e-05,0.00020412591402418911,0.0053671495988965034,0.001251548994332552,4.760888623422943e-05,7.807402653270401e-06,9.321060133515857e-06,0.011198095045983791,2.170798325096257e-05,0.006307156290858984,0.00015168126265052706,0.022715281695127487,0.04754634574055672,2.1781932446174324e-05,0.2586556077003479,0.026011114940047264,0.005211230367422104,0.5706859230995178,19,22
0.004794572480022907,2.131607529376467e-10,1.782204208211624e-06,7.213580427434252e-11,0.006739391479641199,0.9855727553367615,4.7738688557785736e-09,4.511531733442098e-05,8.123514021463052e-07,0.0009575231233611703,0.00025155048933811486,0.00010751896479632705,7.591394478367874e-06,0.0015172584680840373,5.604853186014225e-07,3.0457674711215077e-06,7.108063027061462e-10,2.8138819629930367e-07,8.417519836712017e-08,4.281931964555952e-08,2.465704584952988e-10,8.231523102031346e-11,1.2500704826834408e-07,0,5
7.715016181464307e-08,0.8213655352592468,8.371987973987416e-07,2.263393028556493e-09,4.682871312944314e-10,8.66149605371902e-08,3.4615646460345317e-10,0.055467136204242706,2.085792694117572e-08,3.876718892570352e-07,3.9857361116446555e-05,2.1170556863125967e-08,1.689911300672975e-06,7.426021511491854e-06,4.116195828629543e-09,2.0023351865461336e-09,8.585081559431273e-06,1.2774891047229175e-06,1.1009478839696385e-05,3.3307678677374497e-06,9.131518891081214e-05,0.12279345840215683,0.00020791616407223046,1,1
0.0006579842884093523,0.002314175246283412,0.00044293454266153276,2.1685741558030713e-06,9.2459804363898e-06,0.00014652848767582327,7.688138794037513e-06,0.0010706369066610932,5.097534813103266e-05,8.981450810097158e-05,1.4036642824066803e-05,3.613597243656841e-07,0.37040579319000244,1.1675118685161578e-06,2.1421815290523227e-06,1.4866354831610806e-05,0.000672741502057761,0.46443256735801697,4.4917382524545246e-07,0.114488884806633,0.04455035179853439,1.2082366083632223e-05,0.0006123377825133502,17,17
0.0005055787623859942,8.157661213203937e-10,8.539838169951963e-09,3.2497973062595165e-11,3.148230831584442e-08,0.00012664457608480006,0.057192087173461914,0.09877647459506989,2.7553545578484773e-07,0.8432366847991943,2.669129753485322e-05,4.896037353319116e-08,1.176032242256042e-06,1.1941851880692411e-06,1.756028211730154e-08,3.2948258876785985e-07,5.971925037817627e-11,1.8271886226273182e-09,2.1041936193455513e-08,1.9900609160572458e-08,5.807889724707138e-09,4.5848110030721756e-11,0.00013268554175738245,9,9
1.4733662965227268e-06,0.0003016121918335557,5.2598732480646504e-08,1.869215005001479e-09,1.577372358951834e-06,9.44121893553529e-06,4.834327382852166e-10,1.8296128700967529e-06,2.9823194580558265e-08,3.361224543141361e-08,2.3099749668631375e-08,5.827826399240621e-08,0.0001700433494988829,4.428862894201302e-07,6.378693910846778e-07,1.9394748562717723e-07,0.10281646251678467,5.454791789816227e-06,1.6527204707017518e-06,4.110328973183641e-06,0.711155891418457,0.18081648647785187,0.004712511319667101,21,20
0.25857168436050415,0.02376905083656311,0.4712856709957123,3.641521107056178e-05,0.00022706804156769067,0.004245186690241098,0.004134729504585266,0.000516790896654129,0.0001467653491999954,0.021340887993574142,0.002822838257998228,0.0005543484585359693,0.06972281634807587,5.312797293299809e-05,1.8219244566353154e-06,0.00033962540328502655,0.0014092987403273582,0.09602191299200058,0.00017001599189825356,0.04265964776277542,0.0010946444235742092,0.00034956634044647217,0.0005260949255898595,17,2
2.9656659072951896e-11,4.30631988401764e-11,2.4797067611076473e-12,2.8769889248714264e-11,2.133131995693538e-12,1.9380627658271976e-10,1.6813036423160566e-12,4.2901429964103954e-08,5.093028429548063e-12,1.720098374846657e-08,2.0411627845839247e-13,5.169269179372549e-11,0.9998955726623535,1.6784007994194439e-12,2.268547632411355e-06,2.314111213763681e-08,4.2721048032490216e-08,9.424518066225573e-05,8.636921222660021e-08,7.331255346798571e-06,8.608135537713224e-09,2.289068934402394e-10,3.404650499305717e-07,12,12
1.1468613614340484e-08,2.7701581029049294e-09,7.89368982623273e-07,2.082146954851538e-12,2.206028026918716e-09,1.8357614095521058e-08,9.713511106568262e-10,1.219662704166069e-10,2.3152259189668234e-12,2.2114258868555225e-08,5.636449973422941e-09,2.1082453560694603e-09,0.023045096546411514,2.282336541981067e-09,4.91720264506057e-09,1.190299081521573e-09,1.955712832568679e-06,0.974963903427124,3.734620668272015e-10,0.0019849042873829603,5.180769448998035e-07,3.00656943785782e-10,2.807039891195018e-06,17,17
0.1913582980632782,0.0009117340669035912,0.0030881857965141535,2.485048980815918e-06,0.023541361093521118,0.010762701742351055,5.9139556469745e-06,0.00028935939189977944,0.0014287601225078106,0.0010121036320924759,0.000822268018964678,0.059490811079740524,1.692983460088726e-05,0.46438324451446533,0.01869133673608303,0.22369828820228577,5.509524498847895e-07,0.00042416961514391005,1.512499056843808e-05,4.011434793937951e-05,2.3697198230365757e-06,4.960354999639094e-06,8.957928002928384e-06,13,13
1.6755095202825032e-05,0.0011577162658795714,0.00426870072260499,0.000140759875648655,2.7324315965415735e-07,5.705719104298623e-06,2.960367510240758e-06,0.00011465556599432603,8.590674951847177e-06,0.0003035609843209386,0.00026626329054124653,0.00028653928893618286,0.04575560986995697,4.013167563243769e-05,0.008429363369941711,1.9576505110308062e-06,0.6538518667221069,0.0007532555609941483,0.004423495382070541,0.03081364370882511,0.0984446331858635,0.10389601439237595,0.04701762646436691,19,16
0.04891755431890488,0.0022057178430259228,0.3356889486312866,1.057518375091604e-06,0.002914031269028783,0.021636679768562317,0.00010486775863682851,0.0007165655260905623,0.00024820942780934274,0.0038244903553277254,0.5608672499656677,0.0011677175061777234,0.009642171673476696,0.00014804923557676375,0.00016792888345662504,3.417660991544835e-05,0.00010967368143610656,0.007755506318062544,0.0002445426653139293,0.0018283864483237267,0.00012080454325769097,0.0006342355627566576,0.001021424774080515,9,10
0.002444440731778741,0.0025356689002364874,0.024109411984682083,2.9993516363902017e-05,0.0004734396352432668,0.013197720050811768,0.00038085959386080503,0.0033637883607298136,0.00011718826863216236,0.0010321330046281219,0.010447113774716854,0.0001437123428331688,0.009792380966246128,0.00038401345955207944,0.9121368527412415,0.00017462149844504893,0.0030238027684390545,0.0025201626121997833,0.006391237024217844,0.002947138622403145,0.0006509016384370625,0.001245421590283513,0.0024578666780143976,10,14
0.9720709919929504,4.6612718129779296e-09,0.00032041879603639245,8.499782475079876e-12,2.415147901047021e-05,1.4926231415302027e-06,5.617354359443993e-10,5.413544612586918e-10,1.5720448232059425e-07,0.02651911787688732,2.5759623895282857e-05,0.0010335826082155108,2.8872264579149487e-08,2.6990974220097996e-06,1.7619108803046402e-06,7.830767145833306e-09,5.586395061818461e-12,2.049181269114797e-09,8.898029868475987e-09,1.899789214832026e-10,4.235218512699257e-12,1.0655504256718018e-11,6.736133872919936e-10,0,0
0.006211258005350828,5.164393996892613e-07,7.885845843702555e-05,3.064986042744522e-09,0.7950744032859802,0.1736132651567459,3.169350009102345e-07,1.495650940341875e-05,0.001293754205107689,0.000223287774133496,0.00033017797977663577,0.00024303137615788728,0.0001890107523649931,0.0003341464907862246,2.0583192963385954e-05,1.2339684190010303e-06,3.086298602283932e-05,0.0075197345577180386,2.942764240287943e-06,5.276973752188496e-06,0.01480844896286726,2.0066137551566499e-07,3.757827244044165e-06,4,4
0.023666061460971832,0.03446272388100624,0.07417801022529602,0.0016674627549946308,0.002262313151732087,0.02449384704232216,0.008282892405986786,0.02197853848338127,0.0008630658849142492,0.05316614359617233,0.14023545384407043,0.11776906251907349,0.15901212394237518,0.032561045140028,0.009511977434158325,0.00033975468249991536,0.0011559565318748355,0.010261613875627518,0.003562656929716468,0.008698711171746254,0.0174347423017025,0.0049293856136500835,0.24950644373893738,12,22
2.6085806439368753e-06,4.28199018642772e-05,8.969519171841966e-07,2.415062226646114e-05,7.991076017788146e-06,1.6617350411252119e-06,1.7404895302775003e-09,9.614780719857663e-05,4.632236425550218e-07,4.3082420120299503e-07,1.352378973251689e-07,3.574447127174807e-10,0.000294883648166433,2.6441222544804077e-09,1.3322289760253625e-07,6.086016242079495e-07,0.00012999372847843915,3.45501689480443e-06,0.0003318758972454816,6.920232408447191e-06,0.00562559999525547,0.9934226870536804,6.664484772045398e-06,21,21
7.879265240262612e-07,3.0888118729421876e-09,6.5444460233266e-06,2.6985645718013984e-08,1.8395303058582613e-09,6.8952301646163505e-09,9.24049947670369e-10,6.772749117089916e-08,6.15239230228326e-07,5.659871362695412e-07,1.0307004458809388e-06,8.810659757330086e-09,0.0040549044497311115,4.058987590482843e-10,0.00048707026871852577,4.106473625142826e-06,7.2122425081033725e-06,0.4035842716693878,8.820681074439563e-09,0.591707170009613,0.00014338819892145693,8.493403313991621e-09,2.2260178411670495e-06,19,19
0.6992009878158569,2.1921265215496533e-05,0.24190382659435272,3.4235824841744034e-08,4.9470247176941484e-05,0.004686425440013409,5.8335019275546074e-05,0.0228340495377779,0.0005264744977466762,0.01036236621439457,0.0022913673892617226,1.089381748897722e-05,0.016663478687405586,2.0217514247633517e-05,4.061137133248849e-06,3.574361073788168e-07,1.8819939214154147e-05,0.00036863874993287027,1.72388411101565e-06,0.0006692906026728451,0.0002902114938478917,5.238298399490304e-06,1.1861813618452288e-05,2,0
6.246738394111162e-06,0.004894600249826908,0.0196181982755661,5.2820278142462485e-06,5.86580608796794e-06,1.5258626262948383e-05,0.0011324540246278048,3.0443720788753126e-07,3.310230169972783e-07,0.0004494129680097103,3.837097392533906e-05,3.68564951713779e-06,0.31878459453582764,1.1742216088350688e-07,5.443612462840974e-05,0.00011508904572110623,0.0005470406031236053,0.09167952835559845,2.7347048671799712e-05,0.5546385645866394,0.004215903580188751,0.00014774217561352998,0.0036196561995893717,17,19
1.1971911817454384e-06,8.1801379905877e-12,1.9513506686053006e-06,1.895507362181803e-11,5.8012840753463024e-08,2.450145984767005e-06,2.9153608780557727e-12,2.0972702685639888e-08,0.9998016953468323,1.863398665591376e-06,1.952047568920534e-05,1.6032386156439316e-06,7.790880440783354e-11,4.4204210780662834e-07,0.00014739825564902276,2.1888661649427377e-05,5.773739234112008e-13,8.146087537852509e-08,5.916429152152958e-11,6.784085793132277e-11,7.340580920889295e-11,9.612555976895587e-13,1.6453257159487755e-11,8,8
0.0011485267896205187,0.011175990104675293,6.375573138939217e-05,5.885454811505042e-06,0.0016674891812726855,0.0008026321302168071,0.0025602253153920174,2.637125817273045e-06,0.00034191954182460904,0.003527293214574456,0.00873181689530611,1.2198529475426767e-05,0.0002685368526726961,1.743841721690842e-06,2.263851229145075e-06,1.7360205674776807e-05,0.006142905913293362,1.8198467159891152e-06,3.2114396162796766e-05,6.541022594319656e-05,0.002935797208920121,0.006511968560516834,0.9539796113967896,10,22
2.037153080891585e-06,4.788354500233349e-13,8.237732629368111e-08,9.36543323361988e-14,0.01297636516392231,0.9868773818016052,7.056407541616849e-12,1.9353900704288662e-09,1.1493306750764987e-08,1.9303881799714873e-06,7.257384595504845e-07,1.359386146759789e-06,6.737961655289837e-08,0.0001400510227540508,2.933506992874868e-09,3.8297923860008964e-11,4.2088146856578135e-10,2.2300786994833288e-08,1.0957372786890573e-08,1.1121936011049272e-10,2.6599117873560285e-12,1.4612921983570004e-11,1.4600538555953335e-09,5,5
0.28301802277565,0.0003923966723959893,0.01201104000210762,1.7179837641378981e-06,0.09599540382623672,0.47660085558891296,5.428468284662813e-05,2.3365314518741798e-06,8.365924259123858e-06,0.01334973331540823,0.0009665738907642663,0.10935955494642258,0.0002832534664776176,6.152210698928684e-05,0.000843768531922251,0.0009422788862138987,6.989688699832186e-05,0.005652382038533688,0.00023985057487152517,5.151465302333236e-05,1.3973904060549103e-06,2.0225130356266163e-05,7.363934855675325e-05,11,5
0.9758167862892151,3.114022888439649e-07,7.648020073247608e-06,1.6446972672667926e-09,0.00010618312080623582,0.012098216451704502,3.0580210363950755e-07,1.5509922377532348e-05,7.594142971356632e-06,0.00012715013872366399,0.0005025359569117427,0.00023777414753567427,3.158410777359677e-07,0.011071127839386463,7.160415862017544e-06,1.1576620551068117e-08,8.024307440734901e-09,9.740541884184495e-08,6.132468683972547e-07,1.8763695042167683e-09,5.979765091979061e-07,2.2906172958414572e-08,4.5810008231228494e-08,0,0
0.9819128513336182,1.707798787720094e-06,0.00024067384947557002,5.506556877143964e-10,0.0026104168500751257,0.01124383881688118,3.7560416785709094e-06,0.00015568277740385383,2.7697637960955035e-06,0.0020443361718207598,0.0002370989677729085,6.791658961446956e-05,4.709220320364693e-07,0.0014713058480992913,1.5806220972081064e-06,1.6997590819300967e-06,8.84850148707983e-09,1.7269051113544265e-06,4.039580971948453e-07,2.554896028073017e-08,1.762657042547744e-08,2.026013845579655e-08,1.7903911384564708e-06,0,0
2.1335956262191758e-05,0.01342323049902916,0.003612685948610306,0.00013195048086345196,0.0011888709850609303,0.001143282512202859,0.08614371716976166,0.0004095527110621333,2.2386282580555417e-05,0.0025091879069805145,0.00016552301531191915,9.268358098779572e-07,0.1050851121544838,9.932380635291338e-05,2.4816768927848898e-05,2.802694871206768e-05,0.003260277211666107,0.001071913749910891,0.013458396308124065,0.09809821844100952,0.053453583270311356,0.004572632722556591,0.6120750308036804,12,22
4.7217479925976136e-11,2.8667108153968e-07,5.538277614292042e-10,3.9175013233361256e-10,3.985573260312236e-10,1.4486477295516664e-10,9.540558142497654e-15,1.477559914697668e-11,6.121900810720712e-14,1.1915132075435153e-11,8.468284962148687e-10,2.061739667880147e-12,3.2971087193800486e-08,3.0845270782009493e-10,4.271357934015896e-09,1.8503358567567574e-12,4.4833430301594035e-09,2.4202176721055402e-11,1.3321836377144791e-05,8.056436767711617e-11,1.9626522629323517e-08,0.9999862909317017,1.0160948471504838e-10,21,21
6.0866796047776e-08,1.2383175040930894e-10,2.0344530184956966e-06,1.744214661592025e-09,2.120884943224155e-07,2.2056172443996047e-09,1.3859862693296754e-12,2.276069555051663e-09,1.9935917500157885e-11,4.658095065224188e-08,1.2306944796591779e-08,1.793963068374982e-11,0.5199413895606995,1.0220450874509623e-10,2.4787300390016753e-06,2.996660271037399e-07,2.2331782929541077e-06,0.4462040066719055,1.5296475197601467e-08,0.033846575766801834,1.4302641204722022e-07,4.5893582978351333e-07,5.802115410347142e-08,12,12
1.1794228704786747e-08,1.1289049556273412e-11,1.665583049259567e-08,1.3871750156966428e-13,1.6315027551172534e-08,1.3551584743254352e-08,3.96652675982434e-12,9.07956709816915e-10,2.4870303039215003e-10,9.584366011949896e-08,1.112703284888994e-05,2.141614352524357e-08,1.0447068765628842e-09,8.444120402906208e-11,4.158523097430589e-06,0.9999845027923584,4.461941233158129e-12,6.229520721490189e-08,1.2741721566733588e-10,9.504311782038144e-10,7.441392337395603e-13,1.0430831545726882e-11,1.4194414740820172e-11,15,15
0.1065240427851677,9.51552351580176e-07,1.2655467571676127e-06,4.841504974706368e-10,0.6612460613250732,0.18035878241062164,8.794355039754009e-07,8.138259204315546e-07,0.00042842343100346625,0.009712033905088902,0.009345067664980888,0.01998966932296753,0.0001161709806183353,5.015337956137955e-05,0.0002521475835237652,0.005086330231279135,6.898240485497809e-07,0.0020389314740896225,4.224288568366319e-05,1.5942281379466294e-06,1.0590802048682235e-06,2.0185140670037072e-07,0.0048025487922132015,0,4
5.011499069951242e-06,4.617214472091291e-06,5.546742613660172e-06,3.849429575097929e-08,9.0549428932718e-06,1.6326736158589483e-06,2.5192302928189747e-05,3.10789488366936e-07,2.39569800442041e-07,2.5016619474627078e-05,1.0065125479741255e-06,8.03740363153338e-08,0.3183400332927704,3.836835915649317e-08,3.393371343918261e-07,1.484542337948369e-07,0.0003634612075984478,0.0003382236754987389,4.1154862628900446e-07,0.016395203769207,0.03610951825976372,3.824773102678591e-06,0.6283710598945618,12,22
1.1069881367120615e-07,8.782664735917933e-06,1.866316097220988e-07,2.7238618027780603e-09,5.134497405379079e-05,0.0007476329919882119,7.830762704941208e-09,3.3391968372598058e-06,5.6406395998465086e-08,4.1726307244971395e-06,3.980534529546276e-06,4.538878329185536e-06,0.2749031186103821,1.136584069172386e-05,0.00032113600173033774,1.2090661584807094e-05,8.440251258434728e-05,0.3294893205165863,1.3490468973031966e-06,0.1634555160999298,8.177476047421806e-07,2.6305037863494363e-06,0.23089413344860077,17,17
0.9182101488113403,4.094009042887592e-08,9.461410081712529e-05,4.681689347307838e-08,0.0007010038825683296,0.000732952612452209,1.0877362122130307e-08,3.0581455234823807e-07,3.963950348406797e-06,3.594562076614238e-05,3.0125097509881016e-06,4.6080629545031115e-05,7.068641934893094e-06,0.08015166223049164,4.744091256725369e-06,1.0006727668709914e-09,1.946211796166608e-06,8.453131954411219e-07,5.0042996413424135e-09,1.314625478698872e-06,4.031079697597306e-06,2.653640196470519e-09,2.728992001266306e-07,0,0
0.2230084240436554,1.0610348908812739e-05,0.0019986750558018684,1.6937802627126075e-07,0.003933004569262266,0.05216370150446892,0.002440332667902112,0.0001651645579840988,0.00015273985627572984,0.6905422806739807,0.02308460883796215,1.3474970728566404e-05,0.0010549628641456366,0.00013969185238238424,3.245178595534526e-05,2.722670615185052e-05,5.421676178229973e-06,0.00103707704693079,3.5154514534951886e-06,0.0001369177334709093,3.647434641607106e-05,6.167385436128825e-06,7.035795988485916e-06,9,9
0.0008498412207700312,0.22915376722812653,0.0004765590711031109,0.00012720689119305462,0.0003549015964381397,0.00321615906432271,2.4999644665513188e-05,0.001847908366471529,9.93645016933442e-07,0.0019566593691706657,0.005623767618089914,0.0006923314649611712,0.025816090404987335,4.8312176659237593e-05,0.008500494062900543,0.0027747186832129955,0.23007288575172424,0.005082904361188412,0.029528195038437843,0.035713568329811096,0.03207264095544815,0.3124443590641022,0.07362069934606552,1,21
1.0248750186292455e-05,0.014265994541347027,1.2595872931342456e-06,4.6685295274073724e-07,3.725780288732494e-07,1.7209909856319427e-05,4.923839114212569e-11,2.1917599042353686e-06,1.5672266329147533e-07,1.547666329315689e-06,1.4126208952802699e-05,1.478234281648838e-07,5.765730293205706e-06,3.7595259527734015e-06,5.749348019890022e-07,1.6670323454981428e-10,8.624640031484887e-05,4.689716170958036e-09,0.021112998947501183,8.03799338200406e-08,0.00014033324259798974,0.9643363952636719,2.603992186323012e-07,21,21
1.778524733708764e-06,1.5780644346818917e-08,1.2077559858880704e-06,2.1469372768478934e-06,7.319268746641683e-08,0.0001686041068751365,3.6828314478043467e-06,5.57476539597701e-07,0.0001824392966227606,0.014270271174609661,2.7615862563834526e-05,1.072639770427486e-05,0.8227828741073608,8.600137562098098e-07,0.0016691385535523295,3.4628405387593375e-07,7.763548637740314e-05,0.0036744961980730295,1.1038241609639954e-05,0.011229201219975948,0.0005369330174289644,4.123253916077374e-08,0.14534834027290344,12,12
0.014209981076419353,0.012473374605178833,0.010738354176282883,2.1436599695334735e-07,0.0012180787744000554,0.013667931780219078,0.00028831095551140606,1.5733430700493045e-05,4.6979121179901995e-06,0.0032909647561609745,0.0009075235575437546,0.00010988174472004175,0.7962985634803772,0.00022462397464551032,2.1010915588703938e-05,1.0915308848780114e-05,0.012883033603429794,0.09117335081100464,0.0009632782312110066,0.017827233299613,0.012096535414457321,0.00044556762441061437,0.01113080233335495,18,12
0.00020453617617022246,0.000373118236893788,0.039058052003383636,2.23442413016528e-07,7.255853233800735e-07,9.353704626846593e-06,2.0169598258235055e-07,2.483917796780588e-06,1.1379760422869367e-07,2.7755068003898486e-06,9.294239862356335e-05,1.1210677257622592e-05,0.05332884192466736,1.121960167438374e-06,2.8092174488847377e-06,5.045437205808412e-07,0.4438093304634094,0.1987118422985077,2.947195980596007e-07,0.259481817483902,0.00016037288878578693,0.0005594561225734651,0.004187951795756817,19,16
1.1558455581539562e-10,2.312623870182051e-09,1.9940181061883777e-08,5.116382872927261e-10,1.9412377261218694e-10,6.277223966316692e-12,2.2191059656506695e-08,1.699147279040497e-13,2.828082386330255e-12,7.788521116935954e-08,8.631002579306823e-10,3.15158732444587e-11,0.001839401200413704,6.999193434033268e-13,1.2693210464931326e-06,5.8284612691750226e-08,3.0471928766928613e-05,0.00032930527231656015,3.5583983759579496e-08,0.9977983236312866,2.643452887696185e-07,6.764302895589935e-09,8.635733479422925e-07,19,19
4.755447591264783e-09,2.8145743158347614e-07,6.012739390826027e-07,1.1724787363220912e-08,5.3995677262719255e-08,4.4988158975911574e-08,6.241386962813067e-09,2.4944023380157887e-07,2.0328607774899865e-07,5.073217579365519e-08,1.3737608384190025e-08,7.463083484537947e-09,0.007365948520600796,9.720208637986616e-09,0.0011508350726217031,3.3417220492992783e-06,0.012834398075938225,0.003558094846084714,6.299242159002461e-07,0.0197052713483572,0.0023500644601881504,3.889545041602105e-06,0.9530259966850281,22,22
0.02999134734272957,2.6607287395563617e-07,0.003935555461794138,6.523583895301499e-09,0.9260219931602478,0.03525632992386818,9.550269020053292e-09,9.506511133849926e-08,1.7942414842764265e-06,3.805267624557018e-05,0.00026659423019737005,9.09201116883196e-05,0.0005158063722774386,1.0993902833433822e-05,3.1737912649987265e-05,5.610337439065916e-07,0.0037466012872755527,5.438280641101301e-05,8.062834240263328e-06,1.0051665412902366e-05,1.7093054793804185e-06,1.4044087947695516e-05,3.0842236355965724e-06,4,4
0.4611636698246002,7.033253268673434e-07,4.875189551967196e-05,2.8222334691463402e-08,6.458484449467505e-07,4.186495425528847e-05,0.00022763587185181677,0.0050367326475679874,8.734917173569556e-06,0.09984051436185837,0.43352240324020386,1.82227431650972e-05,5.5823369621066377e-05,7.88581746746786e-06,1.8487286013169069e-07,4.134357922680465e-08,6.17303115291179e-08,6.661862698820187e-06,3.4946015148307197e-06,6.004497208778048e-06,8.865908966981806e-06,2.381886332614158e-08,8.699613545104512e-07,6,0
0.00013214480713941157,0.0071913376450538635,0.0001689120108494535,0.0007080308860167861,3.608006954891607e-05,0.00640860665589571,0.003159801010042429,0.001127558178268373,4.877373157796683e-06,0.003548477776348591,0.00048577116103842854,4.515877208177699e-06,0.9000311493873596,1.3158687579561956e-05,0.00014010429731570184,0.010922563262283802,6.155246228445321e-05,0.04169946536421776,0.0009089132654480636,0.022557595744729042,4.3816598918056116e-05,0.000536425388418138,0.00010922089131781831,17,12
0.058761391788721085,8.269736895272217e-08,0.0033808203879743814,1.7100708404882425e-08,0.010455035604536533,0.13443265855312347,6.265236152103171e-07,0.0007550783921033144,0.0019012418342754245,0.009838873520493507,0.003436137456446886,0.09491167962551117,6.169133121147752e-05,0.4905027747154236,0.0006293067126534879,0.19023115932941437,3.815365445802854e-08,0.0006700117373839021,2.530061635752645e-07,1.735714977257885e-05,8.901694855012465e-06,2.5261005021093297e-07,4.613987584889401e-06,13,13
3.1008696055323526e-07,5.56478880753275e-06,3.154061460008961e-06,4.207978747672314e-07,4.487833749067249e-08,6.210406695572601e-07,2.467836601738327e-08,3.2335910873371176e-06,1.2317768778302707e-06,1.3879086679935426e-07,2.569225898696459e-07,3.208185006542408e-08,0.011152751743793488,2.4783556540342033e-08,1.299453288083896e-06,0.0002096380339935422,0.0076913596130907536,0.6391417384147644,2.387725999142276e-07,0.32131442427635193,0.006957639008760452,1.1152001206937712e-05,0.01350464764982462,19,17
2.665452711880789e-06,6.132734415587038e-05,0.00017652130918577313,6.8352501330082305e-06,7.63803836889565e-06,0.0005250297836028039,1.054789251497823e-07,9.169917029794306e-05,1.0138650168300956e-06,9.086810678127222e-06,2.7126316126668826e-05,1.4981523008827935e-06,0.07285017520189285,8.067448789006448e-07,1.875127236417029e-05,1.3208515156293288e-05,0.0012903426541015506,0.654062032699585,1.5231016732286662e-05,0.26445743441581726,0.00035263222525827587,0.00081046880222857,0.0052183703519403934,19,17
5.2008836064487696e-06,3.4295666409889236e-05,7.009047294559423e-06,3.0100215653305895e-09,9.079281539925432e-07,2.1654059310094453e-06,7.73810793219809e-09,3.455612684888365e-08,1.6949037728863914e-08,1.4149154594633728e-06,1.519796342108748e-06,5.164941967450432e-07,0.9973449110984802,1.9596338063365693e-07,1.3581517350758077e-06,5.137475778127509e-09,4.887183240498416e-05,4.7982037358451635e-05,5.049960964242928e-05,0.0010897123720496893,4.725619419332361e-06,0.001182704116217792,0.00017589471826795489,12,12
2.5027175070135854e-06,5.897311528002547e-10,7.145960262278095e-05,8.96353321877541e-06,4.70468499713661e-08,0.0015570055693387985,1.3025536205191202e-10,2.018874283749028e-06,4.726924544229405e-06,1.9632452108453435e-07,1.467032780055888e-05,3.627566184150055e-05,0.001405825256370008,5.270377005217597e-05,0.0006983404164202511,2.3513813118825055e-08,0.9607517719268799,0.0024753157049417496,4.637586971512064e-05,5.3219609981169924e-05,0.004551732446998358,1.1686554444167996e-06,0.028265686705708504,16,16
3.4883888133663277e-07,3.8334789564942184e-07,1.4185009604261722e-05,5.440884895402398e-11,2.5121335056610405e-06,3.5795082453660143e-07,7.663540024793747e-09,2.836249635151944e-08,5.936391644922878e-08,2.869631714474963e-07,1.698337648292636e-08,2.0180264570512918e-08,0.028070054948329926,1.5694854482717346e-06,1.0032213140220847e-06,2.558924094842041e-08,9.549160040478455e-07,0.9435598850250244,4.528477504095463e-08,0.02832048572599888,2.3720784156466834e-05,1.3869342296857212e-07,3.8902076084923465e-06,19,17
7.263920997502282e-05,2.3670530936215073e-05,9.2372592916945e-06,3.5485616667330078e-09,3.161959938324799e-08,1.0879288083742722e-06,0.9433225393295288,4.644594810088165e-06,2.6428187638316558e-08,0.05640636011958122,0.00013967245467938483,7.074424956954317e-08,5.372447049012408e-06,9.407448260390083e-07,5.241354017471167e-09,1.923339851828132e-07,2.040989244278535e-08,4.888793228019495e-07,1.8618302988215873e-07,1.8548062143963762e-06,1.0912327525147703e-05,9.415857427086394e-09,2.0920058574347422e-08,6,6
1.763803822996124e-07,3.302697564322443e-07,0.00013244776346255094,1.0913683581748046e-05,8.014831109903753e-08,3.915198703907663e-06,4.1107146131480476e-08,1.9201901523047127e-05,9.272485840483569e-06,2.4290043256769422e-06,6.669880349363666e-06,9.932903388687464e-09,0.045852284878492355,1.3620353911392158e-07,0.00021312882017809898,1.06318748294143e-06,0.1935426890850067,0.2034151256084442,1.1121089755761204e-06,0.28944528102874756,0.2589784860610962,8.217388312914409e-06,0.008356950245797634,19,19
2.3216394140490593e-08,2.7199334908800665e-06,4.385613920021569e-06,6.663960494535104e-10,2.1179680231853126e-09,5.493119292765414e-09,7.095620535579883e-09,2.5687327820378414e-08,1.9713259913345382e-09,8.807295337476262e-09,4.109821105657829e-08,6.025507870432989e-11,0.00035241886507719755,3.583629393233423e-09,1.0322496990511354e-07,4.191429869848662e-09,0.0064091989770531654,0.9675654768943787,3.458529851396719e-10,0.0032757173758000135,0.0015140422619879246,3.0058592415116436e-07,0.020875439047813416,17,17
1.1249922434591886e-12,5.84937439739204e-14,2.9919837718495046e-09,7.226981328916499e-14,1.3662779241307987e-10,1.0827533536428291e-08,2.028684858990104e-11,1.0346000315145099e-12,4.423104406608286e-13,2.254314512839528e-09,1.5650815043954935e-07,1.7553724099284018e-11,1.062451792677166e-05,3.3621927464366763e-10,8.961513486838157e-08,5.857097445938209e-11,2.799471487957561e-10,0.9999881982803345,1.1914620401398679e-09,9.365884920953249e-07,1.010816852442531e-08,2.709285226720759e-11,1.1361710683388537e-08,17,17
0.0006891998345963657,9.21753508009715e-06,1.868391700554639e-05,2.0771312847500667e-06,0.0001001392665784806,0.0012120481114834547,1.0236958836173926e-08,4.087049455847591e-05,4.235719643475022e-06,2.623438740556594e-05,6.38209457974881e-05,1.4604378520743921e-05,0.006741771008819342,3.4689745120886073e-07,3.928360092686489e-05,4.913965767627815e-06,0.9445888996124268,0.0016102251829579473,0.015008089132606983,0.00011212006938876584,0.005971736274659634,0.0025391243398189545,0.021202249452471733,16,16
4.032604805637163e-11,5.509688885685371e-11,3.833548496007255e-12,8.283308663547401e-14,2.0727527333397333e-11,7.074034691356701e-09,5.281782823607362e-12,2.092305440015707e-09,3.82105724838766e-09,1.0191254062874577e-08,2.4189516167894e-08,6.653185780081117e-10,1.479881120758364e-05,5.491088139741862e-11,1.175616687332237e-10,5.8889850461374404e-12,1.1613769856921863e-07,6.971551780310392e-09,8.87694469042799e-08,3.905133105774894e-09,0.0001057139816111885,1.2245627845075546e-09,0.9998792409896851,22,22
1.410718330346894e-11,7.2437695841642835e-09,1.0571673744741439e-12,1.7344332914337457e-10,4.530722325091219e-11,4.264001911974402e-12,2.993315173923191e-16,1.27080346246089e-10,9.369797994397081e-15,3.554370339720059e-13,4.211563042755273e-11,1.7046478432373308e-13,4.208590098642162e-08,6.199863105543768e-12,4.857273472325119e-10,1.9276146976353326e-13,3.283547655996699e-08,5.558907826240522e-13,1.699816842837265e-09,2.528726394945835e-10,1.887115530507799e-08,0.9999998807907104,5.375476175295546e-10,21,21
0.005360105540603399,1.910111890879307e-08,2.5270169317082036e-06,4.000409603577282e-08,0.03274765983223915,0.9551048874855042,9.123316704062745e-05,0.00021385549916885793,0.0008806351106613874,0.0030416089575737715,0.0024974753614515066,7.148347322072368e-06,3.469036300884909e-06,1.577899638505187e-05,5.080813934910111e-06,4.389352397993207e-06,1.5712901131337276e-06,1.2926165027238312e-06,1.9131327917421004e-06,3.172319651412181e-08,1.4072829799260944e-06,2.0679170376070033e-08,1.7759712136466987e-05,5,5
2.019769951289163e-08,8.440093779427116e-08,3.739244647249507e-08,4.2550132861585155e-10,1.6880475683933582e-08,3.1608684366801754e-05,5.2199833788790784e-08,0.0004822939808946103,1.1209104755494081e-08,4.360374077805318e-06,6.739198976646321e-09,5.379312550957138e-10,0.06553995609283447,7.004226887374898e-08,6.810048216721043e-05,1.1162828741362318e-06,0.004700244404375553,0.35072213411331177,5.58737545119925e-09,0.010188156738877296,0.004503363743424416,8.790842542794053e-08,0.5637583136558533,12,22
8.275559681969469e-10,0.999994158744812,3.350924399070365e-11,3.9852503121620805e-16,1.3520538855171793e-10,3.104471679726828e-10,6.27831051036587e-11,1.2626388649905618e-11,9.668900151149152e-16,3.118364455545475e-10,4.430789502657406e-13,5.167407300665783e-13,2.526508724454146e-10,1.7640768013027497e-10,6.522616648185764e-13,1.6653065645216847e-12,6.552931086645231e-09,7.144119323898579e-11,4.46914789620223e-08,6.365586530110434e-11,5.2614971407516364e-11,5.7895172176358756e-06,7.634716747695336e-10,1,1
0.015888920053839684,2.40913504967466e-05,0.431098997592926,2.094654005801999e-09,0.0866098552942276,0.42827579379081726,0.00016500680067110807,3.580475436137931e-07,7.382217881968245e-05,0.009971478022634983,0.022199492901563644,0.0002714568399824202,0.0001230872585438192,6.264526018640026e-05,0.0006554565625265241,7.2009141149465e-05,4.1933258216886315e-06,0.004484453704208136,5.756746304541593e-06,8.636952770757489e-07,1.6611770092822553e-07,8.104118620622103e-08,1.1978425391134806e-05,2,2
2.402150016678206e-07,1.1834863755666447e-08,2.475781684552203e-06,6.889853665370538e-08,8.387655157093832e-07,9.164031666841765e-08,4.3084584294347805e-13,5.8723792051296186e-08,3.267374282245328e-08,5.442043971015664e-08,1.3239402907316844e-09,2.399514960416127e-05,0.9518147706985474,4.693543775857734e-09,2.577817031124141e-05,2.4118865127320532e-08,0.017146354541182518,0.0003053787804674357,0.0003143123467452824,0.029415812343358994,0.0004457867471501231,0.0005033817724324763,5.333964168130478e-07,16,12
3.13434278531588e-09,1.5768036973895505e-06,5.060770469356157e-09,8.060724780989403e-07,1.8208083651938267e-10,1.3146088384541343e-11,5.784518778686673e-14,5.69164604335981e-10,2.347853578221759e-10,2.720276504053487e-10,1.257659164366487e-06,1.714000989749831e-11,3.566911743746459e-08,5.006676184748926e-10,3.576005980221453e-08,3.8671312679872116e-11,5.094940433991724e-07,6.024745591304281e-09,1.2942928151460364e-06,4.970629106537672e-06,9.967606274585705e-06,0.9999794960021973,3.603241438554505e-08,21,21
1.8899430870078504e-05,1.1387816687899455e-12,5.3608437133867426e-11,4.189349978034329e-10,0.9998571872711182,1.191914088849444e-05,5.961208496231205e-14,6.371695272094913e-12,2.685798335733125e-06,8.639254360787163e-07,1.3909607332607266e-07,3.915942670573713e-06,9.806993439553935e-09,3.295211925546937e-08,0.00010432912677060813,3.9212338931449153e-10,5.845700812301402e-09,6.919340478361846e-08,1.0129617145082648e-08,5.6716586288585447e-11,5.379673373440141e-10,2.6411872688925087e-10,1.3625833794606024e-10,4,4
0.9292290806770325,3.8619336919509806e-06,2.457102709740866e-05,3.9219514746946516e-07,0.00613130908459425,0.009618345648050308,1.4890239071974065e-05,6.70136432745494e-05,0.0030319129582494497,0.0032302704639732838,0.0002344902604818344,0.00019073797739110887,5.527863891074958e-07,0.01562645472586155,0.031276997178792953,0.0012975754216313362,1.494216661512837e-08,1.6959353160928003e-05,9.86614395515062e-07,8.496404291236104e-08,4.859067530560424e-07,3.133173009928214e-08,2.827076286848751e-06,0,0
5.047924423706718e-05,0.00036143712350167334,0.0027715242467820644,3.5432512959232554e-05,3.763760332731181e-06,0.005661997478455305,5.834498097101459e-06,0.00032769812969490886,5.4102456488180906e-06,8.630134288978297e-06,0.00041407643584534526,5.9889476688113064e-05,0.0004260537389200181,1.152478034782689e-06,0.00012707593850791454,2.2903779608896002e-05,0.9751235842704773,0.006040001753717661,0.002436363138258457,0.0004120728699490428,0.001766165136359632,0.0008696113945916295,0.0030688100960105658,16,16
0.0007513444288633764,3.3176991820482726e-08,0.003904766170307994,1.7013368491802794e-10,0.0002562243025749922,0.9903004169464111,9.75057264440693e-06,1.1440366733950214e-06,2.6490890832064906e-06,0.0008177594281733036,2.5031931727426127e-05,8.07588094176026e-06,0.0035357167944312096,9.228465933119878e-05,4.234653715684544e-06,8.365773140894817e-08,2.4620132990094135e-06,0.00026940161478705704,1.3024415466134087e-06,2.141395725629991e-06,2.134107262463658e-06,2.5190896035809374e-09,1.3074986782157794e-05,10,5
0.30688074231147766,6.495335401268676e-05,0.006667116191238165,5.671524405670425e-08,0.00019277355750091374,0.008057596161961555,3.445808033575304e-06,2.7593766844802303e-06,0.00036038615508005023,0.0001330734376097098,0.0008523070137016475,1.3443042917060666e-05,0.00240427628159523,0.6735100150108337,9.852855328063015e-06,8.90353213378603e-09,4.842773250857135e-06,0.0002852828474715352,4.016781645077572e-07,0.0004864486982114613,4.290899084935518e-07,6.158659715538306e-08,6.961111648706719e-05,0,13
1.850748958531767e-05,0.00019415532005950809,1.2612503041964374e-07,5.482767301145941e-05,3.3440386015826107e-09,5.251400025940711e-08,8.864734809321817e-06,0.9070107936859131,2.151626716795363e-07,8.092837560980115e-06,1.4265141956570915e-08,3.915633612905367e-07,0.0005832634051330388,0.0185233261436224,0.005071674473583698,2.2724527752870927e-06,2.2736678147339262e-05,7.030973847577116e-07,9.694239366808688e-08,0.00010364800255047157,0.06837837398052216,8.977795914688613e-06,8.904023161449004e-06,7,7
0.001124692615121603,3.701169148939698e-08,1.1827019079646561e-06,6.781863959304246e-10,9.9160997706349e-06,0.005154420621693134,6.849109057682767e-10,1.326996698480798e-05,0.993230938911438,4.856234954786487e-05,1.52968023030553e-05,5.08367565998924e-06,1.5746516623948992e-07,0.0003477703139651567,7.645231562491972e-06,2.2875337180039423e-08,4.0462506234462126e-08,1.2411962124758702e-08,2.0830051994380483e-07,5.259376045785302e-09,4.0753482608124614e-05,2.3337728194405827e-08,1.8173743399074738e-08,8,8
0.02945401892066002,1.5422695298639155e-07,0.09426267445087433,1.8514435540240015e-09,0.031860560178756714,0.7121202349662781,5.621287982648937e-06,1.9259606176547095e-07,3.9497350371675566e-05,0.052729301154613495,0.019721010699868202,0.04893985018134117,0.010076647624373436,0.0005227653309702873,1.294531648454722e-05,5.798913704779807e-08,6.814491825934965e-06,0.00018727724091149867,1.0781994205899537e-05,4.495279063121416e-05,5.529414011107292e-07,1.719350620987825e-06,2.398340711806668e-06,5,5
0.0004104167455807328,5.050583786214702e-05,0.9989091157913208,5.439481642888211e-10,7.38070229999721e-05,0.0001983408146770671,2.7726535336114466e-05,1.5919738416414475e-08,1.2687964456858936e-08,7.059856579871848e-05,0.00021121144527569413,1.925577635120135e-06,2.5580080546205863e-05,4.059887430685194e-07,9.808338319317045e-08,2.4594784875375808e-08,4.373628144094255e-06,2.097143124046852e-06,7.061863129820267e-07,3.0911794510757318e-06,1.4600618669646792e-07,9.61419937084429e-06,1.3522358699447068e-07,2,2
0.993398904800415,2.1855397790204734e-05,4.442531462700572e-06,1.1996812397663259e-11,1.2880883332400117e-05,0.0036954416427761316,0.0001537208299851045,0.0014723764033988118,8.151728252414614e-07,0.0008306611562147737,0.0003770216426346451,1.3023791325394996e-06,2.7723501716536703e-06,2.5807958081713878e-05,1.0568826702694878e-08,9.206766904412689e-09,4.630848593478731e-09,2.1191794985497836e-08,1.0147674345262203e-07,4.9804835811073644e-08,2.336088442689288e-07,1.91247178094045e-08,1.6299904928018805e-06,0,0
1.997829457422995e-07,3.02967997356518e-08,2.2245767468120903e-06,7.596471895965351e-09,9.873546957805956e-08,1.7223072745764512e-07,1.4075157706017194e-09,2.8753053271657336e-09,2.3222481715379217e-09,4.6581594688177574e-06,1.3366069140374748e-07,1.260318605034172e-08,0.0046784053556621075,6.341757341488119e-08,2.208882278864621e-06,7.840077920207023e-09,2.856799937944743e-06,0.0009116615983657539,6.804053214182204e-07,0.9943963289260864,1.7452619260893698e-07,6.007299102606112e-09,3.039652796132941e-08,19,19
0.0001641907583689317,2.4618245220153767e-09,0.9981703758239746,1.0814448295204393e-12,9.569264420861145e-07,0.001456885482184589,2.774859897414217e-09,1.192619558665342e-09,3.5690168598279115e-09,9.942398901330307e-05,1.377057174067886e-06,5.10040592871519e-07,1.7200119373228517e-06,0.00010412620758870617,2.6477595671536847e-09,3.940398788510047e-12,2.2397247945171728e-10,9.303117387560178e-09,3.692184122883191e-07,1.193194570925371e-10,3.0564019197487635e-12,2.5610485954175033e-10,8.02430431129375e-12,2,2
0.8025322556495667,1.74445885932073e-05,0.0014615434920415282,2.482588579155731e-09,0.0001933933817781508,0.002540495013818145,0.0028453741688281298,1.5036095646792091e-05,0.007507233414798975,0.17958691716194153,0.0006244088290259242,5.8761674154084176e-05,1.4812111430728692e-06,0.0024394358042627573,0.0001643261348363012,9.025258805195335e-06,7.669902934992479e-09,1.4938708545741974e-06,6.197496418280934e-07,2.9346963970056095e-07,5.6461548325614785e-08,6.402664620708265e-09,3.118702238680271e-07,8,0
0.00012610295380000025,0.0005175217520445585,1.2708088434010278e-05,1.5837039768484829e-07,6.8745584940188564e-06,4.2262243368895724e-05,1.959665496542584e-08,3.5626696899271337e-06,1.8342865004683517e-08,6.478974228230072e-06,4.9566115194465965e-05,1.990800910789403e-06,5.186163616599515e-05,1.1262792213528883e-05,4.319431354815606e-06,7.976606930526486e-09,0.47832030057907104,2.5099487174884416e-05,0.00046185721294023097,2.6126506782020442e-05,3.096327418461442e-05,2.784658136079088e-05,0.520272970199585,22,22
6.938105070730671e-05,0.00010802974429680035,0.00019678697572089732,6.291489285104035e-07,3.4388240237603895e-06,0.0007960605435073376,2.639932290549041e-07,0.09967877715826035,1.7578113329363987e-05,0.0004693967930506915,1.569851337990258e-05,7.709188139415346e-06,0.13987477123737335,2.7819975002785213e-05,0.000883736414834857,0.00010147236025659367,0.0014189161593094468,0.008742814883589745,3.8463890632556286e-06,0.047515396028757095,0.0013168889563530684,1.968798096640967e-05,0.6987308859825134,22,22
0.05255574733018875,0.04649130254983902,0.016514470800757408,0.00023397535551339388,6.759078678442165e-05,0.00016559043433517218,6.795788067393005e-06,0.004441145807504654,5.577115302912716e-07,0.0008231504471041262,0.005271585192531347,0.00018976148567162454,0.243896484375,1.7644473700784147e-05,2.7977062927675433e-05,0.0003725788265001029,0.020038971677422523,0.12327754497528076,3.974208084400743e-05,0.40154144167900085,0.0006093823467381299,0.014964976347982883,0.06845153123140335,18,19
6.1268727868935e-09,5.361089847610856e-07,1.6788520724730915e-06,3.094083567134476e-08,1.2443443608844973e-08,3.698054362732961e-10,8.560956388237173e-10,7.665035273163312e-11,7.0216835817982215e-12,4.699493771909147e-08,1.428661107638618e-05,3.9988651678868337e-07,0.0015237126499414444,2.069669088888837e-11,0.008473013527691364,0.0005078272079117596,0.0002727773680817336,0.006407182663679123,2.866490831365809e-07,0.9827930927276611,4.593607982883441e-08,4.66079245597939e-06,2.9204835527707473e-07,19,19
6.761675308553095e-07,3.7952690989939697e-10,2.377720647928072e-06,7.622381417604629e-06,9.001651507523079e-11,0.0005342985969036818,3.7369565775158264e-10,1.0838196430995595e-05,2.1728547849875213e-08,2.2536862331890006e-07,5.205341722103185e-07,1.7907634264346939e-09,7.214812569600326e-08,1.2285643606446683e-05,6.719303200952709e-06,1.1939901324586888e-11,0.9989259839057922,1.2482696831739304e-07,0.0002470623585395515,3.90206489342404e-09,0.0002491147897671908,4.2589277882143506e-08,2.010024218179751e-06,20,16
9.478570746068726e-07,9.66634274846001e-08,0.0055679818615317345,1.636794311199452e-10,2.4398655540380787e-08,1.665345550350139e-08,3.4077414501343384e-11,5.844134989274608e-07,9.551881063885048e-09,7.606238483504058e-08,9.879613571683876e-09,5.786380055661233e-11,0.0033433656208217144,5.251405421624611e-10,1.1804345234622815e-07,3.950733784563454e-08,4.978813876732602e-07,0.9877505898475647,2.0864399097320074e-10,0.0033325375989079475,3.6406699877034043e-08,6.212260217353105e-08,3.0996686746220803e-06,12,17
1.0852797913685208e-06,7.982780658721822e-08,9.530363165310973e-09,1.547817429781162e-10,1.0811671002919354e-10,5.780491392215481e-07,6.473076741286832e-09,0.8694544434547424,2.479243448760826e-06,0.00024193996796384454,0.1302771270275116,2.537516508027693e-08,2.8915317784594663e-07,5.3099406613910105e-06,3.5018077326753883e-09,1.4109680437912608e-11,3.063442555184537e-10,3.4796746040122173e-10,1.093344394575979e-06,1.7670899465915824e-10,1.3317361663212068e-05,7.762775453556969e-07,1.4170358326737187e-06,9,7
0.0002612348471302539,0.0015446384204551578,0.0007479373598471284,1.8433046022892086e-07,2.67786999756936e-05,0.07820793986320496,5.908956882194616e-05,0.0017360246274620295,0.0012948334915563464,0.0006460942677222192,8.113291187328286e-06,8.991589311335701e-06,0.01879190467298031,0.0005548043409362435,5.458537634694949e-05,1.0662899512681179e-05,0.006817374378442764,0.06514303386211395,5.164373533261823e-07,0.004541551228612661,0.8050810694694519,8.229680474869383e-07,0.014461816288530827,17,20
2.56516864283185e-06,3.8397537927004066e-10,9.859166311798617e-06,3.0039819520766287e-09,1.1418609391355972e-09,2.0651493741752347e-06,0.007091502193361521,3.5155596833646996e-07,1.619196723368077e-07,0.02121642790734768,0.9716396331787109,2.2537731183547294e-06,9.601619694876717e-07,3.2705836929380894e-05,1.848812103411035e-09,3.978923857062e-09,1.962219009499222e-08,4.755028157887864e-07,2.6919948936665605e-07,3.1686798251939763e-07,1.1785390086060943e-07,3.251356128775029e-10,4.0093777897709515e-07,6,10
0.0014954947400838137,1.1596969218263808e-10,4.94416817673482e-05,5.1362464628668114e-12,0.9858107566833496,0.00038274237886071205,6.940062413640646e-10,7.84093623362736e-10,2.71851696709291e-08,0.010592780075967312,3.749623829207849e-07,0.00040497310692444444,8.244614377872495e-07,0.0006847493932582438,0.0005694986321032047,8.16581268736627e-06,7.945875069026442e-09,1.2790886572133786e-08,4.247186158323757e-09,1.1037717229100963e-07,1.1332199623126371e-09,1.0825662588587193e-09,5.593170371298584e-09,4,4
0.0006568407989107072,0.057192035019397736,0.10116232186555862,0.00011067858577007428,1.8537259620643454e-06,0.0003811391652561724,1.4397269296750892e-05,2.4273520466522314e-05,2.0717325242003426e-05,0.00022456693113781512,0.0031066061928868294,1.0363548426539637e-05,0.011388448067009449,4.3638924580591265e-06,7.540684237028472e-06,1.951955255208304e-06,0.2550891637802124,0.01762448251247406,0.0016431178664788604,0.0014211270026862621,0.0026256374549120665,0.5451608896255493,0.0021274236496537924,21,21
0.00044475047616288066,2.0127426125782222e-07,0.9988399147987366,4.584489472075903e-12,4.459908723219996e-06,8.07608594186604e-05,4.1113588622465613e-07,9.45054580370197e-06,3.656767262327776e-07,0.00014725392975378782,0.00039962015580385923,6.569225661223754e-05,4.239841189246363e-07,4.08703363063978e-06,3.692064751703583e-07,1.2161613085481804e-06,1.3365187179203986e-08,4.6388075247705274e-07,4.062227958456788e-07,2.066584769977453e-08,1.187071996255895e-09,6.362066873322192e-09,3.167685835858691e-10,2,2
7.920214557088912e-05,2.429872256470844e-05,0.0002977369003929198,6.255049811443314e-06,3.389348421478644e-05,0.0025328740011900663,2.9101877885295835e-07,7.56915915189893e-06,8.570248155592708e-07,1.6356199921574444e-05,0.00017525155271869153,5.8157289458904415e-05,0.20237857103347778,3.351565737830242e-06,0.00012103208428015932,7.12910114089027e-05,0.015894725918769836,0.7250130772590637,0.0011583548039197922,0.03880840912461281,0.0001367017684970051,0.0005192289245314896,0.012662503868341446,19,17
1.5565021271868318e-08,4.562951687603345e-07,0.00023955792130436748,1.192750481715521e-10,3.326276143411633e-09,4.5020502881243374e-08,3.7319178858297164e-08,1.0390217575206862e-08,5.960571591856478e-09,1.4075900480747805e-06,5.331142194364702e-09,2.6602975378153815e-09,0.0011913381749764085,2.561316159166438e-10,4.109175733901793e-06,1.4758418842575338e-07,3.950011432607425e-06,0.8567473888397217,8.598925660407986e-08,0.14180640876293182,4.7851281124167144e-06,2.150946309953383e-09,1.9624694402864407e-07,12,17
0.7933450937271118,9.789045179786626e-06,8.983229054138064e-05,2.807312382557825e-09,0.0035904226824641228,0.1663275957107544,0.000148009552503936,0.03427729383111,4.935527249472216e-05,0.0006247975397855043,6.029728865541983e-06,3.131059429506422e-06,0.0005985044990666211,0.00018713517056312412,3.885259502567351e-06,1.3724049097163515e-07,1.5616884411429055e-05,2.1231094251561444e-06,6.513560947496444e-05,1.8320089338885737e-06,0.0005866352003067732,5.4904423450352624e-05,1.2796126611647196e-05,5,0
0.000912675925064832,0.0023866784758865833,0.0079549765214324,4.93021980219055e-05,0.0011067840969190001,0.6311443448066711,0.14993040263652802,7.92324062786065e-05,8.011181489564478e-05,0.1468094289302826,0.0005683422205038369,6.789074541302398e-05,0.013535941019654274,0.0024800708051770926,0.016626613214612007,0.00010647924500517547,0.0003486653440631926,0.014329600147902966,0.00011504151916597039,0.006062216125428677,0.004428367130458355,2.4322002900589723e-06,0.0008744079968892038,17,5
8.429957253086595e-12,9.572102284728114e-17,4.282769343159909e-14,2.2519139331045324e-12,2.4297499776060327e-12,1.0024076837686358e-12,2.1575789928545558e-13,9.277149530626406e-15,4.446734213486847e-12,5.875393921384031e-11,4.710440371091806e-12,3.61840786012365e-14,1.0911239563238771e-14,2.0410695356076758e-08,1.0,1.702906371470192e-09,3.4418582418285944e-15,5.171595912471273e-14,5.054817343505807e-16,4.983122611377719e-14,2.2125129080729188e-14,7.994161298565628e-17,3.212107754665917e-15,14,14
5.142174330785565e-08,0.0023113188799470663,1.705117210804019e-05,3.2318716591817065e-08,3.0302537368243065e-08,4.306282335164724e-07,1.6767896795499837e-06,1.9317712940392084e-05,5.487245768875937e-09,8.839285328576807e-06,9.103575671076669e-09,2.921695552160486e-09,0.009935420006513596,1.1185257164925133e-07,1.3525652775570052e-06,7.745688179738863e-08,0.011804066598415375,0.009400419890880585,0.00018595291476231068,0.905602216720581,0.0004599470121320337,3.7981797504471615e-05,0.0602135993540287,19,19
4.786255885846913e-05,2.119054487437211e-09,5.414933184511028e-05,1.298297913621127e-09,3.5624530028144363e-06,0.00458430964499712,5.584370743605405e-09,7.73070496506989e-06,0.9938600063323975,0.00029170047491788864,0.0009056251146830618,4.045477180625312e-05,1.7437477026760462e-06,1.955357220140286e-06,8.145772198986378e-07,7.70370606915094e-05,1.1108580721952421e-08,0.00012183775106677786,1.0080772661069659e-08,4.310973338306212e-07,4.523517418419942e-07,3.614195609458193e-09,3.8003878444214934e-07,8,8
2.2695378447679104e-06,6.674952146568103e-08,4.773376716116218e-08,1.0828453923750203e-05,6.6525512920634355e-06,8.297710883198306e-05,2.0795407063012306e-10,1.5428838651132537e-07,1.6996439455851942e-07,4.8313665956811747e-08,1.1069787433370948e-05,2.049429895123467e-06,0.0001446587557438761,7.660113965357596e-08,7.380977422144497e-06,4.832401145904441e-07,0.0033469495829194784,2.8825427307310747e-06,0.9936394095420837,8.88280374056194e-06,0.0018163500353693962,0.0009075459674932063,8.988188710645773e-06,18,18
0.00012552045518532395,1.0255364486511098e-06,4.3368490878492594e-05,6.728349433160474e-08,5.242927203497061e-10,4.276540130376816e-05,2.5181837060017642e-08,8.174645336112007e-05,2.0791052520507947e-05,9.707177378004417e-05,1.8410017219139263e-05,1.2000957561042469e-08,5.547249770643248e-08,7.910264685051516e-05,4.4942453314433806e-08,9.488496099940846e-11,7.86630844231695e-05,7.53190843028051e-10,3.554403519956395e-06,4.27910595846015e-09,0.9994069337844849,8.609280826021859e-07,4.142541865093108e-09,20,20
3.785610047657428e-09,5.680001824784342e-13,1.3720905656100513e-07,2.269439844382326e-11,2.563899925700497e-10,7.892544950927061e-11,5.225837869534365e-14,5.466503118223276e-12,6.1331204871672984e-12,3.5067511117148342e-09,4.680463794315415e-10,1.3491809666005272e-12,0.0006459475262090564,5.454679134590801e-13,4.491178096088788e-09,2.6312360276725677e-11,8.479029034447194e-09,0.9988206028938293,1.0471930267375029e-10,0.000533294165506959,2.2667200061388115e-10,1.0761601679232236e-11,4.835233546884865e-09,17,17
0.9471405744552612,5.233480624156073e-05,0.0025969897396862507,2.696160805726322e-08,0.013311577029526234,0.01060508843511343,3.628923877840862e-05,0.002385741099715233,3.344609012856381e-06,0.0008306464296765625,0.0007167834555730224,1.0158208169741556e-05,0.02183036506175995,4.787912075698841e-06,3.103067001575255e-06,4.272935257176869e-06,1.5235125374601921e-06,0.0001462877553422004,7.07750950823538e-05,0.00023449485888704658,2.6496388727537123e-06,1.017048089124728e-05,2.038714228547178e-06,0,0
0.001003327197395265,3.775327783728244e-08,1.0345982445869595e-05,6.307124600368752e-09,1.751657691784203e-05,0.011081026867032051,4.093652421488514e-07,1.7629959074838553e-06,3.0436285669566132e-06,0.01036406122148037,0.0029399499762803316,0.9531590342521667,2.062379962808336e-06,0.021363424137234688,3.1003305593912955e-06,1.1458217841209262e-07,1.1814727685077742e-07,8.412808938373928e-07,4.427623935043812e-05,4.0373237197854905e-08,4.117216576560168e-06,1.281915906758968e-08,1.2262273685337277e-06,11,11
0.0013151855673640966,4.4913212038366623e-11,5.349557250156067e-05,2.189637360316965e-12,0.0007498340564779937,0.34679651260375977,5.47384848559318e-09,8.448083463008516e-06,1.145679834735347e-05,0.6331925988197327,0.0002797124907374382,0.016769299283623695,0.0004554390616249293,0.00035894906613975763,5.007858817407396e-06,2.0405474288054393e-07,1.587496800681265e-09,3.58269494427077e-06,3.134394077619618e-08,3.4395640113871195e-08,2.0955117641108245e-09,1.9476097123938274e-10,5.8588465634556997e-08,5,9
7.72178848640337e-12,3.857142063428201e-14,1.176522941570557e-11,3.740412114153907e-13,6.39829161874772e-12,2.9042915294930083e-10,6.681563939278656e-13,3.5708611068052676e-10,1.7422008280476575e-11,2.3159711648457204e-10,5.072674280626188e-09,1.8393063114241492e-11,1.9802817372016612e-11,2.1254279586324643e-11,1.0,2.4864499792442984e-08,3.5846967755270853e-12,1.1529206062066422e-10,2.66626889837418e-12,1.2736784717193306e-11,5.600768546859536e-12,3.9213411164029655e-12,5.5580443025782245e-11,14,14
0.028251994401216507,0.40153971314430237,0.016537876799702644,3.438057319726795e-05,0.0001919975911732763,0.0020845874678343534,0.003099600551649928,0.16270941495895386,2.5520832423353568e-05,0.0008022098336368799,0.1770937293767929,0.00023621288710273802,0.04867088422179222,0.00041644120938144624,0.0009975738357752562,2.1820258552907035e-05,0.0015646434621885419,0.0011189875658601522,0.0013095284812152386,0.013808872550725937,0.003740431508049369,0.007461710833013058,0.12828171253204346,9,1
1.3512525516914953e-13,4.012959208321382e-17,8.006467125572236e-15,8.946999804709203e-15,4.1043649598795917e-13,2.5357027675504407e-12,9.685022152750716e-14,2.448578279967261e-15,2.869351674664178e-12,4.5528056324961597e-10,5.04229435982495e-10,1.4340337251006474e-10,2.605023232446057e-14,2.1736840949415637e-07,0.9999997615814209,2.2410868300015707e-11,3.596881364802129e-15,1.9341146251846547e-13,1.280220588963316e-14,1.0782677749537461e-14,9.215386429211464e-15,5.633203865371055e-17,3.139208795796718e-14,14,14
1.9764881926676026e-06,7.03118008260617e-09,2.829315448593661e-08,4.4405146226722536e-11,2.484721317586036e-10,2.2139313387015136e-06,7.4384388426551595e-06,1.0840564073077985e-06,4.2658929166883297e-10,0.9993133544921875,6.515407591223266e-08,1.0613738332665434e-08,1.219102929717053e-09,0.0006713737966492772,1.74281815645827e-08,4.574468581708402e-11,2.3359286727142603e-11,8.779650183948773e-13,1.2342971444923023e-07,1.192629675572654e-11,2.2630767944065155e-06,7.839382615282275e-11,5.54168100297403e-10,9,9
0.02529061771929264,1.1955410172959091e-06,0.0006804209551773965,1.8598575124428862e-08,2.603898337838473e-06,0.0008826008415780962,6.862134614493698e-05,0.0011232831748202443,2.677394513739273e-05,0.026287412270903587,0.9447115659713745,0.0004834028659388423,1.460041221434949e-05,0.0003441187145654112,2.928113417510758e-06,1.6072908692876808e-07,2.9730760076063234e-08,4.367415726846957e-07,7.540491787949577e-05,1.7819650111050578e-07,3.110788213689375e-07,1.244775091890915e-07,3.0023638828424737e-06,10,10
7.043191203592869e-07,1.0907807990179208e-07,4.308196910329798e-09,3.1579616699417556e-09,3.1147134649245345e-08,2.11487048318304e-07,9.475273010650653e-09,4.707822540694906e-07,2.139540766776804e-09,6.732396286679432e-06,7.388898382032494e-09,3.05948244516685e-09,0.9972176551818848,1.3673505383504647e-10,3.687289762410728e-08,1.6623397414150531e-07,3.1387429544338374e-07,0.0027458840049803257,1.2640729210033896e-06,1.1195355000381824e-05,1.1993103044005693e-06,1.6989159803415532e-06,1.237355263583595e-05,12,12
0.000276727310847491,2.0792029431504488e-07,0.9983212351799011,5.901405752961608e-11,0.0002667478402145207,0.00073786242865026,1.7790938500183984e-06,7.932918211217554e-10,1.2887952038909134e-08,2.671647052920889e-05,7.549832844233606e-06,5.458432951854775e-06,0.00011868264118675143,0.00013350925291888416,3.1820587764741504e-07,2.3665810644502017e-08,9.242792309294146e-09,6.546200893353671e-05,5.4412964800576447e-08,3.757335070986301e-05,6.351547621186171e-10,1.4119134306156411e-08,5.135881053774938e-08,2,2
6.763452984159812e-05,0.9991543292999268,0.00036174547858536243,6.879000841175653e-11,6.461047252770413e-09,4.6828317863401026e-06,5.537223387364065e-06,3.8395279489122913e-07,1.7542090446909242e-08,6.36584882158786e-05,0.0001340349408565089,3.8511878130975674e-08,1.119017724704463e-06,0.0001970017037820071,1.99902849828959e-09,2.9622879149648895e-10,2.239019494254535e-07,3.678030452647363e-06,1.538223131092309e-07,3.044324557777145e-06,3.2664837590345996e-07,2.269790456921328e-06,1.4903582723491127e-07,1,1
2.23411277033847e-07,5.4821493904455565e-06,4.723963797914621e-07,5.0219668423778785e-09,1.6878955122479056e-08,2.453007436997723e-05,3.71795749742887e-08,5.539548146771267e-05,4.246020580467302e-06,9.105730782721366e-07,0.0030469680204987526,3.7588286261325266e-08,0.00028823429602198303,9.602543286746368e-06,0.0008560163551010191,3.0988591248615194e-08,0.0031932773999869823,0.0002969870693050325,8.07474680186715e-06,1.5122285731195007e-05,0.003162139095366001,0.0003210954018868506,0.9887111186981201,22,22
9.305541937010275e-08,2.7335163466091217e-08,2.2464480480266502e-06,1.2038523777846422e-07,5.285962288326118e-06,1.9096855652378508e-08,3.1794356036840554e-09,1.9062529332813938e-09,6.217980574874105e-10,2.4610588411633216e-07,2.2529798027193237e-09,8.776866877724387e-08,0.012134894728660583,4.937769517709967e-06,1.8697580799198477e-06,2.6340016390236087e-08,9.190738637698814e-06,0.0001016842361423187,6.761786153219873e-07,0.9877358078956604,9.069301398767493e-08,9.397793832022217e-08,2.595448904685327e-06,19,19
1.914967015181901e-06,0.9956108927726746,3.0086391689110314e-07,1.0073292422418945e-08,4.2265537558705546e-07,4.28061674995206e-08,1.0749503509543956e-08,2.3627729106578954e-08,2.0983182205669415e-11,3.187412644933829e-08,1.3312074109705918e-08,1.0533354100061842e-07,7.301451887542498e-07,2.5564253292031935e-07,1.3746936033953716e-08,1.5355282130258274e-06,5.715051884180866e-06,6.84868268763239e-08,8.448614607914351e-07,3.1664560538047226e-06,1.5125733909826522e-07,0.004373605828732252,9.32212529392018e-08,1,1
2.3737369403420416e-08,1.5240198968265173e-13,1.0,4.129137217692355e-14,4.17517576067894e-09,4.672680645190219e-11,4.917740942860459e-16,6.461154961751037e-12,5.039822031926988e-11,3.9560524300874533e-10,1.1987876837038502e-11,1.2877357600388217e-12,1.1424903245682572e-09,5.091507727580935e-13,4.294055389042484e-11,1.2650465527550003e-12,2.276551776952962e-12,9.55463086427244e-09,3.7549084393011245e-13,3.020544092624533e-10,2.3664548358409308e-15,9.891281587195988e-13,1.4863461413809446e-14,2,2
3.2933499483078776e-07,2.864691817094922e-11,1.2409501550791902e-06,2.7917100922647542e-11,5.290150056680432e-06,0.0001536261261207983,3.294956485433431e-08,7.690342584965038e-08,9.571547998632468e-09,0.004847691394388676,1.4530975533944002e-07,2.3716676878393628e-05,0.9938534498214722,1.7551363953316468e-06,8.558858098695055e-06,1.822092032810474e-09,4.6959755195530306e-08,0.0005446698050945997,3.993928839918226e-05,0.00040530733531340957,1.7000431284941442e-08,6.387232409643673e-10,0.00011415914195822552,12,12
2.229382334917318e-05,3.4609277008712525e-06,0.0035426756367087364,0.0005541396676562726,1.1668579418255831e-06,4.902050477539888e-06,1.8774799423471045e-11,8.704559490979591e-07,0.0002774295280687511,1.551222158013843e-05,0.010593359358608723,5.436994342744583e-06,0.00413703266531229,0.0007855325820855796,7.296824333025143e-05,1.9895827207960792e-08,0.0006855971296317875,0.00010730016947491094,0.0021580979228019714,0.0008754945592954755,0.18897266685962677,0.7871126532554626,7.145353447413072e-05,21,21
0.002844177884981036,1.9663053535623476e-05,0.060112349689006805,6.913504080330313e-07,0.008395170792937279,0.16410860419273376,2.1733963876613416e-05,6.291540194069967e-05,0.0005183188477531075,0.015835685655474663,0.018204152584075928,0.04987948760390282,0.44331708550453186,2.8693730200757273e-05,0.003919862676411867,0.0012734952615574002,0.0003414222737774253,0.16682416200637817,0.00025419550365768373,0.05816059932112694,4.3426967749837786e-05,1.988461008295417e-05,0.005814292002469301,5,12
0.001198478159494698,0.00013142768875695765,0.5975465178489685,2.2761853415431688e-06,0.00018645610543899238,0.30059123039245605,0.0004493328742682934,0.0002892455959226936,5.177536195333232e-07,0.024997487664222717,0.0656643658876419,0.00011790925782406703,0.005185841117054224,0.0005692800623364747,8.171550871338695e-05,4.794341634806187e-07,0.00019637033983599395,0.0007047075778245926,0.0011933805653825402,2.2653846826869994e-05,5.640289600705728e-06,0.0008408832945860922,2.3882728783064522e-05,18,2
0.00024340208619832993,2.1506507437152322e-06,5.2960473112761974e-05,1.3799940461467486e-06,1.7082403473978047e-06,5.795219522042316e-07,7.981187932770695e-11,8.625234841019846e-06,3.082723924308084e-05,3.229369838209095e-07,6.015837061568163e-05,3.342370575865061e-07,0.10439609736204147,1.120209081051371e-08,4.756459384225309e-05,1.7270411262870766e-05,0.11705497652292252,0.5161980986595154,5.696030711987987e-06,0.20653623342514038,0.002284503309056163,0.0047651794739067554,0.04829198494553566,17,17
4.885351245320635e-06,0.0003663068637251854,0.0003144724469166249,4.2676241013284155e-11,1.173699160972319e-06,2.4503284294041805e-05,4.426491884146344e-08,5.331649845174979e-06,1.2918881964196771e-08,3.4936479096359108e-06,2.685557376480574e-07,1.7102068738950038e-07,0.0729815736413002,1.6552142767523037e-08,1.3637436495628208e-06,6.365716672007693e-06,0.00048156167031265795,0.9216242432594299,3.303851059399676e-08,0.003787588095292449,0.00018167449161410332,8.21100184111856e-06,0.00020674047118518502,17,17
0.0007727228803560138,2.106502083876194e-09,0.00010174191265832633,2.817111544040074e-10,4.597405620643258e-07,0.000648996967356652,3.842857040581293e-06,1.5365785088761186e-07,2.4619217242616287e-07,0.012523626908659935,0.9851747155189514,0.00032210961217060685,0.00015845001325942576,0.00028936954913660884,1.4587460839265987e-07,2.1765558244624117e-09,1.5960814891968766e-09,1.633377792131796e-06,3.214540456042414e-08,2.1781693249067757e-07,3.6781837575716736e-09,4.072092441020914e-09,1.5923241107884678e-06,10,10
1.7339741589239566e-06,1.608998601021483e-09,3.716688734556328e-09,3.2119114479201016e-08,1.3003365745278828e-11,1.75845834746724e-05,5.921064083480587e-09,0.9998227953910828,1.0309608455827401e-07,0.00010115223994944245,4.479398739931639e-06,9.026582148408124e-09,3.1597297493135557e-05,1.017707836581394e-05,1.5870126901518233e-07,6.736218693959017e-09,3.6719836771226255e-07,2.8789988846256165e-06,1.9017609247384826e-06,2.0036442549553612e-07,1.0726530774718412e-08,2.2762246254526275e-10,4.803975116374204e-06,7,7
1.668435345436592e-08,0.9999027252197266,2.984610958378653e-08,1.5851056361579352e-12,3.2931471438679694e-10,5.291342972668645e-07,1.677667900434887e-11,4.583988300055353e-08,1.2853108577459693e-09,6.931914242613857e-08,9.428544700540442e-08,7.391985461235873e-12,4.322494007169553e-08,3.866781028705191e-08,9.21814534426968e-12,9.62846555957464e-13,5.10626268805936e-05,1.8357332320917408e-09,2.520848511267104e-06,1.942167671131756e-08,2.8827940695919096e-05,1.3966283404442947e-05,1.010188910299803e-08,1,1
2.1816326523094176e-07,1.5087557869719603e-08,1.1597342108871089e-07,2.4886134819546157e-12,9.65452051637783e-10,1.928787685123723e-10,3.736848937924142e-12,1.1576557312764635e-07,2.9094326947642912e-09,1.6299416927267885e-08,2.4320317894982457e-12,7.798066081754484e-10,0.9964169263839722,1.0355868246270106e-10,9.187014029521379e-07,5.1441424453457785e-09,1.1663108807624667e-06,0.001613003434613347,5.928940449706488e-09,0.0019625634886324406,2.7119920105178608e-06,6.727673280693125e-07,1.4791702369620907e-06,12,12
2.945000632248451e-10,1.3747001685593657e-14,6.6120140473913125e-09,1.4223061096940715e-11,2.290828388529925e-13,4.551369059413446e-08,2.6608909520220436e-10,5.110621259518666e-07,4.810757348039374e-10,0.9973691701889038,0.0025529300328344107,7.596155774081126e-05,1.0962315855067573e-06,3.9122691752879746e-09,1.1532156340976485e-09,7.7411820009754e-11,1.2875782254631596e-12,4.2303954783662334e-10,3.0338566148202517e-07,2.602722724842632e-11,2.667229501499002e-12,2.811781027196175e-13,1.745148053844403e-10,9,9
7.266376655934437e-07,0.0002677814045455307,1.1477654879854526e-05,3.8265904334089385e-10,2.408344634829973e-08,6.546772056026384e-06,4.66274686914403e-05,5.158872795618663e-07,2.8963857978681062e-09,0.0007940205396153033,3.6977252193537424e-07,2.194683759171312e-07,0.9549051523208618,9.756429619756091e-08,8.391620212933049e-06,1.1458094029137555e-08,0.0015355813084170222,0.004595070146024227,5.21771517014713e-06,9.625733946450055e-05,0.03170311450958252,3.2635814477544045e-06,0.0060195219703018665,12,12
0.9821387529373169,0.012186825275421143,0.0002840278611984104,1.700637297652463e-09,4.536958294920623e-05,0.0026565876323729753,0.0006588452379219234,2.737346676440211e-06,1.294220841607796e-09,0.0019384733168408275,1.7232976006198442e-06,2.316600784979528e-06,6.595405011466937e-06,5.5202322982950136e-05,1.9788846827850648e-07,5.156305249442994e-08,1.3593277117252e-06,2.3760252076954202e-07,3.388305458429386e-06,1.5541171194399794e-07,7.78988851379836e-06,9.238651728082914e-06,3.174787366333476e-08,0,0
4.988091859559063e-06,0.9988436698913574,9.610805136617273e-05,3.2905600022559156e-08,3.5688947264134185e-07,8.970951603259891e-05,5.0366718795658016e-08,6.516844223369844e-06,9.25574295251863e-06,1.1368808372935746e-05,4.446032835403457e-05,1.9502933810144896e-06,3.992136498709442e-06,6.979275440244237e-06,9.029902230395237e-07,2.5975718926929403e-06,0.00021845563605893403,7.111799732228974e-06,2.6956870442518266e-06,8.813721069600433e-05,1.757654536049813e-05,0.0005158735439181328,2.7289212084724568e-05,1,1
3.9005976759654004e-07,6.574965709660319e-07,5.534992305911146e-05,7.504222132581617e-09,1.1875922609760892e-06,6.895241000393071e-08,7.00360436312053e-10,2.0340251705164292e-10,1.0177062317873187e-11,7.875017615788238e-08,5.920351031818427e-05,9.904798616844346e-07,0.03293773531913757,9.503809295097199e-09,1.943975075846538e-05,5.386175061516951e-08,0.00015056118718348444,0.9640576839447021,5.699768735212274e-06,0.0026653907261788845,3.2146253943210468e-06,1.695988976280205e-05,2.5554802050464787e-05,17,17
3.135264137199556e-08,2.845834323750296e-08,2.125478204106912e-06,1.339216848528224e-09,1.958609914254339e-07,3.425221848374349e-07,3.3234453411523646e-08,8.946940965870454e-10,5.233893526912503e-11,3.461209644228802e-06,0.0802675187587738,2.645199117523589e-07,1.4392680895980448e-06,5.492249766092527e-09,0.919261634349823,0.00044248253107070923,1.0813448625413002e-07,1.393708544128458e-06,1.7359936464345083e-05,1.1310129366393085e-06,3.9424890019290615e-09,4.2315332393627614e-07,9.425480396174635e-10,10,14
9.419731213711202e-06,4.185656266031401e-08,1.4425422705244273e-05,3.7418743104034036e-10,1.1522566012445168e-07,0.0018441935535520315,1.4342862186822458e-06,1.0542256859480403e-05,0.3239361345767975,0.0033702324144542217,0.6635834574699402,0.0003315767680760473,1.9858491739910278e-08,0.006638065446168184,0.00014145163004286587,0.00011672658729366958,9.56511314598174e-10,2.0844911432504887e-06,1.2970212681651105e-09,9.69337250467106e-08,1.085502177033959e-08,1.5535775443886735e-10,2.1515225157031637e-09,8,10
0.6937944889068604,5.196024233100616e-08,0.21381933987140656,6.853484446622815e-11,0.004450221545994282,0.06780115514993668,3.764843725662104e-08,1.2459486242732964e-06,8.148074266500771e-05,0.01676591858267784,0.0001796457072487101,0.001485936576500535,0.0008718034368939698,0.0005893808556720614,5.625689482258167e-06,2.9466452389215192e-08,2.424078047624789e-06,0.0001460622006561607,2.2617992101459095e-07,3.2653554171702126e-06,5.793525019726076e-07,1.0973474928732685e-07,9.977279660233762e-07,5,0
1.386866529173858e-06,2.977938381998335e-11,5.565639060733929e-09,3.626773770193381e-09,9.489748396818154e-12,1.0942182715467652e-09,3.9092806218832266e-06,0.000651284062769264,2.2334603611007253e-10,0.9866740703582764,5.516361056834285e-08,4.405488652992062e-05,0.012614603154361248,3.5191780511922843e-07,8.139764759107493e-06,4.081795665356047e-11,1.1601657828874679e-10,2.9478712804120732e-09,4.062053449160885e-07,1.3238358178568888e-06,3.7965275367923823e-10,2.436606472144831e-12,3.8200244034669595e-07,9,9
4.5958761796249803e-10,1.780211347530026e-14,2.1571171515688548e-08,1.2887437783604128e-09,1.1442757852364593e-08,9.214830287707088e-12,3.167777726329618e-13,1.921579791174053e-15,4.8130915919486483e-11,2.2411623490370403e-07,2.2016939053154383e-12,6.680047487384044e-11,0.0006155043956823647,3.386286251405579e-10,7.2605690348837015e-09,8.256990895461058e-07,1.429060342283961e-10,5.185061672818847e-05,6.822725162614063e-10,0.9993315935134888,2.3192874704092148e-11,6.772132854493407e-11,4.719903396073477e-13,19,19
0.010093927383422852,4.6951945803508366e-11,6.611430580960587e-05,2.8200868289890435e-12,0.0010612007463350892,0.022808773443102837,1.1150130063697361e-07,1.388672199453822e-08,4.19755224356777e-06,0.964508593082428,2.017178303503897e-05,0.0005168028292246163,5.669073743774788e-07,0.0007193822530098259,2.9423520118143642e-06,0.00019336298282723874,5.858273588454921e-11,3.742252374649979e-06,1.1634058161291705e-08,1.3810200982788956e-08,1.419228762289393e-10,8.920643390641914e-11,1.1885845641046444e-09,9,9
7.357119802264833e-09,8.552447638976446e-09,9.027320402310579e-07,2.5045907570131476e-09,1.4066621645270061e-08,5.568618917095591e-07,7.933863344078418e-06,1.5683825438372878e-07,8.848537902395037e-09,0.0007869929540902376,1.0616509626970583e-07,1.0732084554376797e-08,5.484830126079032e-06,0.0008484012214466929,0.9946517944335938,3.6209405607223744e-07,0.00035551429027691483,9.678184142103419e-06,1.1455183468456198e-08,7.277349595824489e-06,0.00034206826239824295,7.122687439853337e-10,0.0029827032703906298,9,14
7.922241820779163e-06,0.004064584616571665,0.00016121755470521748,1.1268809430475812e-05,6.0861231609976585e-09,4.0439917938783765e-05,2.989913809869904e-07,0.06979110091924667,0.00022666747099719942,0.00524646183475852,8.078743849182501e-05,2.4612181732663885e-06,0.005455777049064636,2.059976577584166e-05,0.009443365968763828,5.401272673566382e-08,0.5456441044807434,0.00016482446517329663,0.00022322077711578459,0.0048050484620034695,0.020784100517630577,0.00012476000119931996,0.333700954914093,9,16
0.00011381033982615918,6.596592605490059e-09,4.092690687684808e-06,1.8286204772621772e-09,1.373488521494437e-05,0.9878118634223938,2.41956172430946e-07,8.398425052291714e-06,0.0034420376177877188,0.00020843083621002734,0.008120529353618622,2.0974589460820425e-06,4.106223786948249e-05,4.771980002260534e-06,6.605761626587991e-08,1.7713130517904574e-08,7.21699791483843e-07,5.882928689970868e-06,1.070781763701234e-06,6.676281145701068e-07,1.417982531393136e-07,1.4125263625430762e-08,0.0002203115145675838,5,5
0.008900973945856094,0.00040478090522810817,0.36631879210472107,7.00563191458059e-07,0.035443179309368134,0.5741814374923706,0.002694076858460903,6.087878773541888e-06,0.0001700046268524602,0.002484943252056837,0.002535250037908554,0.00037611357402056456,0.00230991723947227,0.0003111857222393155,4.536431788437767e-06,2.651416252774652e-05,0.0006159796612337232,0.0005067888996563852,7.207605085568503e-05,0.0006405052845366299,0.0003602218930609524,0.00011513262870721519,0.0015209257835522294,2,5
9.267702989745885e-05,0.006848745048046112,0.007420033682137728,1.7847980871010805e-09,1.7224219561740028e-07,8.23939117253758e-05,0.9434716105461121,1.0928600602255756e-07,1.206571027978498e-06,0.041793715208768845,2.1429286789498292e-05,8.489246852150245e-07,3.901601303368807e-05,0.00016913293802645057,4.911952942165954e-07,4.871764502922815e-08,1.4984962035669014e-06,3.771642514038831e-05,3.429306843827362e-06,7.400637514365371e-06,2.649015414135647e-06,1.5380919649032876e-07,5.594936737907119e-06,6,6
0.8466412425041199,2.0271751566269813e-07,2.6722222173702903e-05,7.473277108260845e-09,0.0017561669228598475,0.00019020163745153695,1.530162130336521e-08,1.654966217756737e-05,0.0001621188857825473,0.002248335164040327,0.00015294167678803205,0.01663513481616974,0.00013864634092897177,0.0001470413408242166,0.1309083253145218,0.0008946718298830092,2.849406541827193e-07,6.34476964478381e-05,1.0724380672400002e-06,1.4211595043889247e-05,1.4686643226013985e-06,9.214568308379967e-08,1.0809483228513272e-06,11,0
0.0005737558822147548,0.0019178849179297686,0.10017705708742142,6.0709471654263325e-06,6.816070253989892e-06,0.0004380561294965446,1.7074319202947663e-06,0.02485424280166626,0.0010447476524859667,0.00011900896788574755,0.0006517140427604318,5.108183245283726e-07,0.08944620192050934,4.561940386338392e-06,0.0002485133009031415,2.865219130399055e-06,0.012065380811691284,0.6331227421760559,1.1408261343603954e-05,0.10641791671514511,0.02610514685511589,0.0019500305643305182,0.0008335334714502096,17,17
0.006361435167491436,8.481317315123249e-10,2.6957326554111205e-05,3.7200500457856833e-09,4.154167982051149e-06,0.00034898536978289485,1.208962885357323e-06,0.0008543705916963518,7.406728400383145e-06,0.8232917785644531,0.005039123818278313,0.001836534938775003,0.00021917854610364884,2.623502552978607e-07,0.1619841605424881,3.0594944746553665e-06,4.5715702334803154e-09,9.68499421105662e-07,1.4549627849191893e-05,5.044061168746339e-08,1.56712900434286e-08,5.976866113144297e-09,5.77249329580809e-06,9,9
1.240940378011146e-06,3.004860360533712e-09,8.651745275756184e-08,4.186831437102967e-12,1.8998920836565958e-07,0.0033579221926629543,4.291868638262031e-09,3.974341211687715e-07,2.184887534895097e-06,6.60463483654894e-05,1.0900687811954413e-05,0.00015214575978461653,1.6032075222938147e-08,0.9962654709815979,0.0001432096032658592,6.790013440394205e-09,4.70197492052904e-10,9.591452254653632e-08,6.400237850812118e-08,8.464805523189511e-10,1.1108292952144438e-08,5.225407953557415e-11,2.0226782027066292e-08,11,13
0.031149156391620636,6.256528195081046e-06,0.14271123707294464,4.242362294792912e-10,0.00021048402413725853,0.5248363614082336,0.00019444082863628864,1.2104578672733624e-06,1.7207652263095952e-06,0.011471315287053585,3.0404815333895385e-05,3.090368409175426e-05,1.4112622011452913e-05,0.28933924436569214,4.108575808459136e-07,2.2980421121587824e-08,1.5886710613699506e-08,2.153959485440282e-06,1.3806517529246776e-07,1.9659168515318015e-07,1.0338133016318807e-08,2.822775568844804e-09,1.5164850708515587e-07,10,5
4.3698723857232835e-06,2.364909232710488e-05,5.803445674246177e-06,5.3874686045674025e-08,1.043136919065546e-07,1.6199821402551606e-05,5.563306785916211e-06,2.9787211133225355e-06,1.6242469769167656e-07,6.158039468573406e-05,1.1745989070277574e-07,6.366190063999966e-08,0.30659008026123047,4.5573688112199306e-07,3.056539298995631e-06,1.2338568922132254e-05,1.4782571042815107e-06,0.6922594904899597,8.927589988161344e-06,0.0007110750884748995,3.724397538462654e-05,0.0002500233531463891,5.085036264063092e-06,12,17
0.0416954904794693,3.9834631024859846e-06,0.0023453207686543465,4.870666714396066e-08,0.015189840458333492,0.7636151313781738,5.313814199325861e-06,0.0015413447981700301,0.0016901632770895958,0.0013068431289866567,0.0004768820363096893,7.838362944312394e-05,0.000930260750465095,0.14724528789520264,0.0012504918267950416,0.00034347950713708997,1.1489956932564382e-06,0.02219884842634201,4.13156112699653e-06,6.524945638375357e-05,1.1043927088394412e-06,7.535768276056842e-08,1.1166805961693171e-05,4,5
0.0013512367149814963,1.3679074072570074e-05,0.005089714191854,0.0014604807365685701,1.4201621524989605e-05,0.0005740483175031841,2.805848271236755e-05,0.22851060330867767,4.322229870012961e-06,0.6887779235839844,0.03063017874956131,0.02493237890303135,0.005723586305975914,0.004452626686543226,0.005652323830872774,0.00036173107218928635,3.515498246997595e-05,4.425756196724251e-05,0.0005320425261743367,0.001764098764397204,1.4182644918037113e-05,1.0126005690835882e-05,2.305045200046152e-05,7,9
0.004436935298144817,0.13569219410419464,0.08806227892637253,0.0006735489587299526,0.00024425997980870306,0.06323502212762833,0.0004935142933391035,0.0005925445002503693,0.00156730180606246,0.006215675733983517,0.04787973314523697,7.914751768112183e-05,0.16504208743572235,0.0002325155946891755,8.451315079582855e-05,5.530693215405336e-06,0.04320979490876198,0.03359508514404297,0.0029034975450485945,0.04696148633956909,0.16946420073509216,0.18644654750823975,0.0028825621120631695,12,21
5.915541834156102e-08,5.192071772519569e-10,4.659139449358918e-06,2.9926113670475374e-12,2.133205834198293e-09,1.0239823495794553e-05,4.0104769505333593e-10,3.696361972060913e-08,7.314984031836502e-07,2.009133140745689e-06,3.449771384111955e-06,1.4338601431518327e-05,0.030574651435017586,4.561591595120262e-06,5.822086222906364e-06,1.1214271289361477e-08,2.994079295604024e-08,0.9693360328674316,3.5596013248095915e-08,4.099149373359978e-05,1.1033284863515291e-06,3.993411379354939e-09,1.293704940508178e-06,17,17
0.2536965608596802,3.7128658732399344e-05,0.20831188559532166,1.7953793758351821e-06,0.1462394893169403,0.10892976075410843,6.389277405105531e-05,0.0011729472316801548,0.05972347781062126,0.04228830337524414,0.17330099642276764,0.0007558389916084707,0.000217505352338776,0.002713044872507453,0.0021149383392184973,5.9178288211114705e-05,6.1856435422669165e-06,0.000149298386531882,0.0001054801105055958,4.924122185911983e-05,1.759282213242841e-06,4.973697286914103e-05,1.1585380889300723e-05,2,0
0.0001962457608897239,0.22979794442653656,5.8808520407183096e-05,6.492283773695817e-06,5.091062575957039e-06,0.00014119691331870854,2.0150506315985695e-05,0.0004810286918655038,8.97850695764646e-05,0.00013908199616707861,0.0001001808195724152,2.4422232058896043e-07,0.001605293364264071,2.632837379223929e-07,3.956680757255526e-06,2.1702162484871224e-05,0.03979373350739479,0.002963959937915206,0.004974475130438805,0.001197920530103147,0.6972864270210266,0.017800474539399147,0.003315520007163286,21,20
6.164638034533709e-05,3.734459096449427e-05,0.0032121657859534025,1.1721386954377522e-06,1.5147857084230054e-06,6.165313970996067e-05,1.6199656727167167e-08,1.3096851034788415e-05,2.8042695703334175e-05,6.57164491713047e-06,5.77736682316754e-05,1.1630758081082604e-06,0.6474233865737915,1.986023079325605e-07,1.9118479031021707e-05,1.4388721183422604e-06,0.00195341557264328,0.2913760840892792,2.088910696329549e-05,0.05430811643600464,0.0003222634841222316,0.0009895379189401865,0.00010335913248127326,12,12
0.017228230834007263,6.1476730479625985e-06,0.0019733491353690624,4.629584182680446e-08,0.023729680106043816,0.4773408770561218,3.7124391383258626e-05,4.9894100811798126e-05,0.03782307729125023,0.03087165579199791,0.40856316685676575,0.0017055859789252281,0.00014193147944752127,0.0001077763008652255,0.00010802789620356634,4.684520899900235e-05,4.6461019564958406e-07,0.0002119457203662023,4.3864871258847415e-05,4.560117758956039e-06,1.8508865196054103e-06,6.739066975569585e-07,3.238700173824327e-06,9,5
0.9990929365158081,2.1630357505131315e-09,2.132964453949171e-07,6.227964650072637e-13,9.44260973483324e-05,0.0005002028774470091,1.3833404644003622e-08,7.84249948537763e-07,9.800274938243092e-07,0.00020110583864152431,8.549423000658862e-06,6.0557194956345484e-05,1.0935487182450743e-08,4.010759585071355e-05,1.7846993882741913e-09,9.738024830951986e-10,7.454862283040598e-10,8.352636804431768e-09,1.2409120397904871e-09,3.657091574016391e-10,1.124600079727145e-09,5.293681465401434e-11,7.469326490650019e-09,0,0
0.0007743378519080579,0.00010909727279795334,2.1128686057636514e-05,5.185167992749484e-07,0.00020319793839007616,0.00037358052213676274,3.6715382520924322e-06,1.0524009894652409e-06,1.4385611393663567e-05,3.875427137245424e-05,9.584167128195986e-05,3.917472713510506e-05,1.9730807707674103e-06,2.3023276298772544e-06,0.930149257183075,0.06812065094709396,1.945904386957409e-06,2.7912272344110534e-05,1.0040428605861962e-05,3.74707497030613e-06,2.1176312259285623e-07,6.941075412214559e-07,6.547653356392402e-06,15,14
1.0974979431921383e-06,2.553829574480915e-07,0.0001239792472915724,3.376815982392145e-08,7.039100751171645e-07,5.6622295232955366e-05,2.5159017980058707e-08,1.563097740131525e-08,4.7485958276638485e-08,8.932095738600765e-07,8.869544672052143e-07,1.1135642630222264e-08,0.021780692040920258,5.37075415252275e-08,3.393325641809497e-06,6.39407886637855e-08,3.892807217198424e-05,0.9754789471626282,3.4625504241603267e-08,0.0022885005455464125,7.701996946707368e-05,1.359765917641198e-07,0.00014749896945431828,17,17
0.8930771946907043,3.697259444379597e-06,0.06601209938526154,2.4014034352148883e-06,0.013167631812393665,0.0030628773383796215,9.975249213312054e-07,0.017101284116506577,2.837091415130999e-06,0.0014187400229275227,0.0002066805463982746,0.00047879735939204693,0.00023901007079984993,0.0029414657037705183,6.047162605682388e-05,0.0016307008918374777,1.5820124872334418e-06,3.2158040994545445e-05,7.194495265139267e-05,3.0735853215446696e-05,3.4457138099242e-05,0.0004218780668452382,2.6967651933773595e-07,0,0
0.013289550319314003,0.0006388746551238,0.004228397738188505,1.6555284787500568e-07,2.546044015616644e-06,0.011418568901717663,2.6361016480791477e-08,0.0553421676158905,0.401485413312912,0.009704850614070892,0.003188949078321457,0.0003085725475102663,0.0054823607206344604,0.050437215715646744,0.015184012241661549,3.030797302017163e-08,0.09574149549007416,8.704639185452834e-05,0.001622266718186438,0.005662523675709963,0.15467531979084015,4.267802432877943e-05,0.171456977725029,16,8
0.03567225858569145,0.0005784667446278036,0.11916612088680267,7.573116818093695e-07,0.048541806638240814,0.12860779464244843,4.997146163532307e-08,0.009983767755329609,0.0021022299770265818,0.0002849757729563862,3.828222179436125e-05,0.004062103573232889,0.32187652587890625,0.005797463934868574,0.00016716483514755964,1.3943760677648243e-05,0.13911540806293488,0.06663168221712112,1.947589589690324e-05,0.035918571054935455,0.08052127063274384,0.00027158408192917705,0.0006283285329118371,16,12
0.9904476404190063,3.8708103033968655e-07,3.7576907629954803e-07,2.25582719171058e-10,0.0037386140320450068,1.6226384104811586e-05,5.493734356321056e-09,0.00472570164129138,4.105928837816464e-06,0.00017169404600281268,4.935586912324652e-05,0.0006672036834061146,4.459724095795536e-06,2.4919052520999685e-05,0.00013703179138246924,2.047750513156643e-06,5.604888553278897e-09,1.1913262376594957e-08,3.844973434752319e-06,4.7715850826079986e-08,1.919494252433651e-06,5.676969294654555e-07,3.808817382378038e-06,0,0
8.456609634777124e-09,4.631524497256123e-09,3.013941451968094e-08,6.542343999882405e-09,4.160344069248367e-09,1.632003204576904e-06,5.810111858295386e-08,1.7174173194689502e-07,9.101423614765736e-09,9.187235150420747e-07,5.460664760903455e-05,1.3475633053872116e-08,5.9532286655894495e-08,5.151532604941167e-07,0.9999316930770874,8.007629759276824e-08,3.843206286546774e-06,1.9458568090158224e-09,1.4876602563163033e-06,4.203658221513251e-08,1.4788130897613883e-07,3.898565470450421e-09,4.787529178429395e-06,14,14
0.007951611652970314,0.002561904489994049,9.485652844887227e-05,9.021360369843023e-07,1.2118959602958057e-05,0.011439120396971703,1.6514133676537313e-05,0.03780435025691986,0.05475229397416115,0.004579443950206041,0.013892116025090218,0.0007551785674877465,0.005042906850576401,3.8226797187235206e-05,0.0020766134839504957,4.788125443155877e-05,0.017057396471500397,0.00459301145747304,0.00018967462528962642,0.0007732125231996179,0.7141727209091187,0.0002777503104880452,0.12187021225690842,19,20
2.047373345703818e-05,0.0005461503751575947,0.0007203134009614587,1.2972869001259824e-07,1.7405933760983316e-07,4.674947376770433e-06,0.0007745198672637343,0.00011112417269032449,1.559898578307184e-06,8.521120616933331e-05,7.225125045806635e-06,3.2974464829749195e-06,0.8831164836883545,5.468906965688802e-05,1.4096629456616938e-05,1.007793798635248e-06,0.0004679810081142932,0.04223380982875824,1.5620877093169838e-05,0.016837310045957565,0.04839039966464043,0.0010198679519817233,0.005573974922299385,17,12
8.52617267810274e-06,0.0002260208857478574,6.644291715929285e-05,2.2560093384527136e-06,1.8009087909831578e-07,8.082579370238818e-06,1.1741838790157999e-07,1.7137806480604922e-06,3.0344840524776373e-06,3.0213627724151593e-06,1.70536386576714e-05,2.111493984102708e-07,0.01078678760677576,6.722532816638704e-06,1.6429034076281823e-05,1.8703581190493423e-06,0.02039160579442978,0.8610219359397888,9.379475045534491e-07,0.08965562283992767,0.0012526360806077719,7.915042078820989e-05,0.016449660062789917,17,17
1.8061897208099253e-05,4.623075710696867e-06,0.0001062543160514906,8.324210654109265e-08,3.756625517326029e-07,1.248806711373618e-07,6.449651124285083e-08,3.1486235840816335e-09,1.2713858268398326e-06,3.741728505701758e-06,1.094397248380119e-07,1.9632234682376293e-07,0.02406393550336361,2.312931570713772e-07,4.941965016769245e-06,3.521200540035352e-07,3.684357807287597e-06,0.6856560111045837,5.760560028988948e-08,0.2901202142238617,1.3952108929515816e-05,2.5779863221941923e-07,1.3399318277151906e-06,19,17
1.029645257943912e-09,1.023624934815004e-11,1.434283247725432e-10,3.076444377025922e-10,2.1500630609239124e-08,2.2436809354875464e-10,1.9364974034041804e-12,1.294265250528781e-10,3.556311061608808e-13,1.8558094438958506e-07,4.0704015678849625e-12,1.5307696776822866e-10,0.9997237324714661,4.499368932986414e-11,3.415716598453855e-09,3.4231910639448415e-09,5.404839908962344e-10,1.2472279422581778e-06,6.070584035455795e-09,0.000274842866929248,1.1894164819725717e-10,3.108039658972217e-10,4.050357382823222e-09,12,12
5.873140168644042e-11,7.297908479787785e-13,2.8490225803534663e-11,3.102955446841055e-14,1.7681761610433e-10,1.2448144078025525e-11,9.191035953148852e-12,5.573467729003134e-11,1.875002540382975e-12,5.422088472650799e-11,1.4041875995296493e-10,3.8367486271395634e-11,1.4909932663509373e-11,4.288898056148405e-11,0.9999997615814209,2.0568451475355687e-07,1.0155591645411022e-12,6.060243973315949e-11,3.3738086651670385e-13,9.744213248785716e-12,7.897902573909474e-14,1.413313097196195e-13,1.170894717988924e-11,14,14
0.04537583515048027,5.547204182221321e-06,0.10998397320508957,9.469358275282502e-08,0.1004200354218483,0.5958060026168823,3.897704573319061e-06,7.291790211638727e-07,0.00039822858525440097,0.056059978902339935,0.037611447274684906,0.016950571909546852,3.104825509581133e-06,0.03728597238659859,4.025490852654912e-06,7.736641418887302e-05,2.120703790353673e-08,9.357065209769644e-06,2.989106860695756e-06,3.277384053035348e-07,1.1180568471047536e-08,1.803949913892211e-07,1.651918495326754e-07,2,5
7.651215661041988e-09,8.897850278799524e-08,1.0028629731095862e-06,1.750318423185404e-12,1.0902040514793043e-07,3.035189877209632e-08,2.3197783971529162e-11,5.43374456540846e-10,9.175304266362261e-11,4.6780598950135754e-08,7.111172761753437e-11,5.050799223305091e-10,0.5643289685249329,6.059274255676428e-07,1.0864219802897424e-05,2.1000168271001485e-09,1.1307552938433219e-07,0.4352640211582184,6.9158813857939094e-06,0.00038355556898750365,1.6034875898185419e-06,1.9575197711674264e-06,4.63881413281797e-08,17,12
0.0003140032640658319,4.5516548863311357e-10,1.6553700277199823e-07,1.7960823800455827e-12,0.015977967530488968,0.9835436344146729,1.609595656759666e-08,7.44326342783097e-08,1.4470552741840947e-05,0.00011532569624250755,1.192298896057764e-05,2.529808114104526e-07,9.51586685005168e-08,2.0505014617810957e-05,8.259612513938919e-07,4.505210995375819e-07,5.825231963463295e-10,1.310667272491628e-07,1.956520812029794e-08,2.329903825426527e-09,3.033802653540363e-10,1.983159469975959e-11,1.757454697326466e-07,0,5
0.0022886048536747694,0.0035064760595560074,0.005444263573735952,9.119424930759124e-07,0.020507026463747025,0.811217725276947,0.03421340882778168,3.37795790983364e-05,6.625661171710817e-06,0.041407715529203415,0.0014445687411352992,0.0003797156095970422,0.02641916461288929,3.1284474971471354e-05,9.431694707018323e-06,6.992079579504207e-05,0.0005401710513979197,0.0001871693239081651,0.04000011831521988,7.114397885743529e-05,3.3395906939404085e-05,0.0011002650717273355,0.011086951941251755,17,5
6.148104148451239e-06,2.3909276933409274e-05,8.980616712506162e-07,1.0912943253060803e-05,3.7447367873255644e-08,1.3970705367682967e-05,0.21050503849983215,0.012656031176447868,4.495887395705722e-08,0.7298517823219299,1.2362747838778887e-06,5.294310767567367e-07,0.0003194653836544603,0.0003229095018468797,0.019222596660256386,3.930668299290119e-06,0.0001869694679044187,4.5355307065619854e-07,1.855062146205455e-05,0.0009430433274246752,0.025869444012641907,3.573999265427119e-06,3.848884443868883e-05,9,9
5.103848454979243e-09,1.7482733483120683e-07,3.6820168247686524e-07,5.128444513502473e-07,5.517663126397565e-08,1.1860156234888564e-07,2.226041052877381e-11,2.3403751825412655e-08,1.0698859576052655e-09,4.725729141341617e-09,5.751116623287089e-05,3.393393299688796e-08,6.8955141614424065e-06,2.5632647115969576e-09,5.669242000294616e-07,1.4720707985915737e-10,0.00019388707005418837,5.169867378640447e-08,0.0006856098771095276,2.7146082715034936e-08,1.1698641174007207e-05,0.999037504196167,5.071338819107041e-06,21,21
2.6493052018849994e-07,7.594351245643338e-07,1.689582859398797e-05,2.1108418124526906e-08,3.8911710475986183e-07,0.0002475154760759324,3.9994046119318227e-07,3.631085405686463e-07,6.069892037885438e-07,0.0003199079947080463,2.7787407361756777e-06,5.7180447043947424e-08,0.3189958930015564,7.043947647389359e-08,0.0004795810964424163,8.626430485492165e-07,0.00011029501911252737,0.6527894139289856,1.1348690350132529e-05,0.022541135549545288,0.0011369636049494147,9.419652258202404e-08,0.003344221506267786,12,17
1.6212696209549904e-05,0.011892050504684448,4.426660780154634e-06,9.80616505330545e-07,2.8282025596126914e-05,0.0007022672798484564,4.7346676979032054e-07,0.0001744838518789038,5.141700398780813e-08,2.124406091752462e-05,6.3830175349721685e-06,6.269853201956721e-06,0.00016278533439617604,4.378440280561335e-06,3.5344812204129994e-05,7.674694302295393e-07,0.16622896492481232,4.302006573198014e-07,0.012649940326809883,1.1222069588257e-05,0.09632855653762817,0.7110602855682373,0.0006641749059781432,18,21
3.684689033889299e-07,6.518874897665228e-07,2.743266577454051e-06,1.1057725846086441e-09,3.360608902269746e-09,2.6621340687427164e-09,0.989276647567749,2.0533138922473881e-07,2.6931818553066478e-08,0.005494765006005764,2.5165360057144426e-05,2.2364513796446772e-08,7.994591578608379e-05,4.8633840066258927e-08,5.183141382758549e-08,6.613508048758376e-06,8.755067426591268e-08,3.0324968065542635e-06,2.7915014300106122e-08,0.005101738963276148,6.787092843296705e-06,1.3748082672293549e-08,1.0144658517674543e-06,6,6
0.00014178261335473508,2.8029994609823916e-06,0.9860675930976868,9.146921797764662e-07,7.049956184346229e-05,9.9039520137012e-05,1.0573018016657443e-06,7.154171157708333e-07,0.00017082590784411877,0.00040292294579558074,4.2007359297713265e-06,0.00015008857008069754,0.002584835048764944,9.354864118904516e-07,0.0009921081364154816,1.2378717656247318e-05,1.7349144400213845e-05,0.007871635258197784,3.691247229653527e-06,0.0013370099477469921,5.227464498602785e-05,9.140647307503968e-06,6.2367275859287474e-06,2,2
0.0281008742749691,0.1749732494354248,0.0007951434818096459,1.0288399607816245e-05,4.466695463634096e-05,0.014116350561380386,0.46163973212242126,0.004049934912472963,8.327705290867016e-05,0.22089502215385437,0.012392912060022354,1.2820786650991067e-05,0.0007399570313282311,0.00019406148931011558,2.8524782464955933e-05,0.0008200668380595744,0.0039046453312039375,0.0006222805823199451,0.0019605415873229504,0.05172784999012947,0.002669205889105797,0.0002767779806163162,0.019941814243793488,6,6
0.0027588768862187862,3.984120667155366e-06,0.0009043863974511623,4.298809752611987e-09,0.627718985080719,0.36349621415138245,1.1502611414471176e-06,1.353706551299183e-07,5.262792456051102e-06,0.0004544176335912198,0.00033217555028386414,0.003796494100242853,2.5822509996942244e-05,0.0002927615714725107,2.660933205334004e-06,1.5511798778788943e-07,7.877324969740584e-05,6.076588306314079e-06,0.0001067634075297974,5.14333919454657e-07,4.25934695158503e-06,3.850488155876519e-06,6.318181931419531e-06,17,4
0.00010037727042799816,7.44310727895936e-06,7.569593662992702e-07,3.0124467365055807e-09,3.1691615998141742e-09,2.8169318966320134e-07,0.8548435568809509,0.00017786469834391028,5.738216124484552e-09,0.14485964179039001,7.76495099330532e-08,4.980857948311268e-09,2.1740415832027793e-06,4.856143277720548e-06,1.3562825529334077e-07,3.7304190847464724e-09,2.2734587545869545e-09,9.094047181967824e-10,1.8090668163495138e-06,3.117146718523145e-07,2.2024237011919467e-07,5.2678834627784e-09,4.7505884026577405e-07,6,6
0.00010632384510245174,3.383885172070222e-08,0.0008946904563345015,3.487065358687147e-10,2.064302634607884e-06,0.20949801802635193,0.00015057832933962345,8.299938599520829e-06,1.2560178674903e-06,0.0017273541307076812,0.0001402225170750171,3.108967575826682e-06,0.7719005942344666,9.155112820735667e-06,2.4653065793245332e-06,5.784796641705725e-09,5.205430966270796e-07,0.003938669804483652,6.906152702867985e-05,0.00011654938862193376,1.7349442771319445e-07,6.880345893023332e-08,0.011430912651121616,12,12
9.370427767052547e-10,4.028010631746022e-14,2.248059018938875e-07,8.130471902017319e-15,4.146864871889394e-13,2.3759749376295325e-11,7.453288542445292e-15,6.085917902444449e-13,1.2121459218306097e-11,2.548127930879218e-09,0.9999997615814209,4.501059802652918e-10,1.9490331223948054e-11,1.705145085458687e-13,8.828477364311929e-14,2.019461859767576e-15,1.896227078623195e-14,1.9492749428473566e-11,9.963453402161287e-14,2.6472101420649263e-12,4.636154368666424e-16,4.789253845935426e-13,2.972114606291862e-14,10,10
6.504517844480029e-12,1.1313947174962369e-11,4.702436773307284e-10,1.3508542852700258e-15,5.0055244671387555e-11,6.051921117022907e-13,5.086912946536577e-14,1.6119765434583974e-14,1.1222502148498098e-14,1.570216873192365e-11,3.0726060584740367e-11,1.3881974996604596e-12,3.055014167330228e-05,4.709044569214949e-13,4.7761936627921386e-08,1.7941619023797983e-10,6.006896091648173e-10,0.9997385144233704,3.8849401473584066e-10,0.00023097357188817114,1.0544295298009487e-10,1.4287944438695632e-10,4.23454493692077e-10,17,17
0.9872803092002869,4.956798704824905e-08,5.125102688907646e-07,8.369049268701356e-13,8.370276191271842e-06,1.5698085917392746e-05,1.586099074302183e-08,0.0012208066182211041,6.03291264269501e-05,0.005156330764293671,0.004274087958037853,0.0016303296433761716,6.81395420087938e-08,0.000318031816277653,3.451641168794595e-05,6.168299759856666e-10,6.311154376881234e-11,1.8666503898145947e-09,1.0612393630538008e-08,1.6975398864360614e-10,6.2145034007699e-08,1.9163040043679302e-09,3.734036226887838e-07,0,0
0.25426387786865234,2.40247317151443e-07,3.6155895941192284e-05,6.373843510279475e-13,0.005684536881744862,0.7258821129798889,4.868272753810743e-07,1.349017338725389e-06,0.0004178369708824903,0.004067571833729744,6.597165338462219e-05,0.005519997328519821,2.673239691830531e-07,0.004056422971189022,2.339385360983215e-07,4.090842651294224e-07,9.289755809049893e-08,2.597417676497571e-07,4.230667727256332e-08,6.820460640710735e-09,1.4064644915379176e-07,6.3837841679514895e-09,1.947948248925968e-06,5,5
6.306690920609981e-07,5.2333147323224694e-05,1.4318803032153937e-08,1.9471703763263015e-11,6.342661151848006e-08,2.1627853641348338e-07,4.214787373280071e-12,1.984355094464263e-06,3.284435570738431e-11,1.292175610956292e-08,2.75247629133446e-07,2.241920121770491e-10,3.1014380510896444e-05,3.422910843653426e-10,7.918849465049504e-10,9.271605011518247e-11,3.5219636629335582e-06,1.926033093013757e-07,9.699492693471257e-06,9.25225762671289e-08,1.906364741444122e-05,0.9998807907104492,1.1004414268711571e-08,21,21
2.0496304653505604e-10,0.9999998807907104,1.9525405736686707e-09,7.838765825202436e-16,3.635503356691494e-13,6.852480249897042e-10,9.679017309860427e-11,1.4585168628400424e-08,5.993994883768394e-11,8.429807962784253e-09,5.528508761898365e-09,3.9544314545982007e-13,1.1076753958505492e-09,1.2062672283263964e-07,1.0850110957263959e-12,2.5727694036607393e-14,2.433970891502213e-08,7.212180852533834e-10,6.186677836694798e-09,2.671189713865374e-09,2.524146403004579e-08,2.413246491528298e-09,3.5930050046317774e-09,1,1
9.843315638136119e-06,0.00014184524479787797,0.00011263779015280306,0.00036319289938546717,4.824688062399218e-07,4.115861429454526e-06,6.181952812767122e-06,0.00010914917947957292,4.3459706944304344e-07,1.7812353689805605e-05,0.00023303130001295358,2.8123334772089947e-08,0.01713748276233673,8.844662602314202e-08,0.0006343058194033802,0.000278437917586416,0.00441420404240489,0.004692608490586281,1.8231874491903e-05,0.9712828993797302,0.00010221816773992032,0.0004200081166345626,2.0732488337671384e-05,19,19
0.009674005210399628,0.0018639619229361415,0.2569804787635803,7.736070074315649e-06,0.00011518563405843452,0.395016074180603,0.00824069045484066,0.0008672784315422177,8.28591437311843e-05,0.13664045929908752,0.011273795738816261,0.006429736502468586,0.0009455319377593696,0.16054145991802216,0.0014925168361514807,2.455344201734988e-06,2.6578607503324747e-05,0.0004657623649109155,0.007474689744412899,5.209032315178774e-05,0.00022758923296350986,0.0015068402281031013,7.220599218271673e-05,9,5
1.0654877087290515e-06,1.1846086611644324e-10,2.146901323385464e-08,4.984150245301855e-12,7.84970325184986e-07,3.1177855817077216e-06,1.5030970912377484e-10,5.783724191132933e-06,1.4121644964504299e-09,1.5816986831396207e-07,6.302353083853518e-10,5.37554445401156e-10,0.9824416041374207,9.012306456668284e-10,1.883968953064752e-10,3.103478007915328e-08,1.2452287201369927e-08,0.017536669969558716,1.9838886089473817e-09,1.0640706932463218e-05,3.586965036106449e-08,1.0431188551818238e-10,3.974295026409891e-08,12,12
0.000213728315429762,7.103557891241508e-06,3.60616686521098e-05,1.4141148767521372e-06,3.9335234760073945e-05,0.003138175932690501,5.3848125389777124e-05,0.00014559028204530478,1.3879945015560224e-07,0.0005349762504920363,0.517691433429718,3.4876149584306404e-05,0.37776127457618713,0.00024395868240389973,2.9394077500910498e-05,2.0596580441178958e-07,2.902850064856466e-05,0.0702337995171547,0.0004177314694970846,0.025231046602129936,0.0006231135339476168,3.500313687254675e-05,0.0034987987019121647,10,10
0.5972050428390503,8.504908691975288e-06,0.26776233315467834,2.9105667636031285e-05,0.01641523838043213,0.003227940760552883,0.00045810939627699554,0.0002723049256019294,9.840137863648124e-06,0.07134868949651718,0.010167309083044529,0.01063307374715805,0.0006020586006343365,0.000445847021182999,0.0005688228993676603,0.019417446106672287,1.0610021945467452e-06,0.0006561782211065292,5.00040732731577e-06,0.0007575533236376941,2.6144036837649764e-06,5.387160399550339e-06,5.809229151054751e-07,0,0
1.029417097896633e-13,3.048862271115148e-16,1.0475302780808235e-17,1.0,8.680564108842705e-16,2.3566726640913277e-14,7.037532193424456e-19,4.18918322253603e-09,9.966752934304022e-16,9.906626300543175e-14,1.877525912519218e-12,5.4274122477519475e-17,1.9649355113924433e-14,3.391625824633593e-08,7.147118313843848e-11,5.173479545662866e-18,1.8598438761285863e-12,2.162740225726552e-18,9.954543439549823e-11,2.215906085001928e-16,1.2271446066334374e-13,3.0811852635287407e-12,7.525945144859492e-11,3,3
0.0012681956868618727,0.004318968392908573,0.9147064089775085,7.359118825434052e-08,0.00036892277421429753,0.005016672424972057,4.2379974729556125e-06,1.2599012961800327e-06,1.6491498172399588e-05,0.0020774886943399906,0.06456249207258224,0.0001054056192515418,0.0012080083834007382,8.835377798277477e-07,8.13154770185065e-07,0.00011999416892649606,0.0005440192180685699,0.004416261333972216,0.00029832031577825546,0.0006636960315518081,2.139661773981061e-06,0.0001736887206789106,0.0001255271927220747,1,2
3.757220952138596e-07,0.0011400507064536214,6.747829047526466e-06,0.0007320900331251323,2.5683522153485683e-07,4.5613984411829733e-07,2.036593116372387e-11,6.703203894176113e-07,1.5116610185827994e-08,4.703471390143932e-08,0.00020439787476789206,2.019880440684574e-08,3.735647987923585e-05,1.3077869454036772e-08,4.307303242967464e-06,3.4452970254506e-08,0.0039489795453846455,1.050728201335005e-06,0.0004755242553073913,0.00013730819046031684,1.1364163583493792e-05,0.993289053440094,9.88953706837492e-06,21,21
0.9805794358253479,1.2583865327542298e-06,0.0009104483760893345,3.8071978902820547e-10,0.008085611276328564,0.008188590407371521,1.0685256235376528e-08,0.0003054065746255219,2.2779970095143653e-05,2.6646583137335256e-05,0.00016464063082821667,2.6333756977692246e-05,0.0010532643646001816,0.0005333356675691903,2.6721299946075305e-05,1.2738507848553127e-07,8.214761692215689e-06,4.194949269731296e-06,1.7957803777335357e-07,1.4230321539798751e-05,1.1774162885558326e-05,1.5036235708976164e-05,2.1678048142348416e-05,0,0
7.880008752181311e-07,1.813027807884282e-07,5.618954901365214e-07,7.68250307120466e-12,4.763758454373601e-07,6.177580507937819e-05,5.910220934879362e-08,3.9554763020532846e-07,1.443931418876332e-09,1.5020441423985176e-05,8.338817991671021e-08,2.3554747485832195e-08,0.0001269625936402008,9.041336284099089e-07,3.0159924335748656e-08,5.204020547822097e-10,7.0640899139107205e-06,2.6425946089148056e-06,3.263023972976953e-05,1.0736477662476318e-07,0.999736487865448,1.0628897143760696e-05,3.2034943160397233e-06,20,20
0.00016640550165902823,1.0210527735809993e-11,4.778716977682507e-09,4.38015856224494e-12,0.9994490742683411,0.00026963537675328553,2.3445355032403192e-11,2.167725057233838e-07,1.6771676270010971e-09,3.2947814361250494e-06,1.3097550208840403e-06,8.128736226353794e-06,1.3748420315096155e-05,3.753153805519105e-06,1.0620541615935508e-05,1.2172823637968122e-08,3.153613988615689e-06,1.4733642501596478e-06,3.6859478313999716e-07,1.545572203554002e-08,6.838482659077272e-05,1.3055225345226518e-08,3.208878638361057e-07,4,4
0.047649383544921875,7.500642595914542e-08,0.00013026547094341367,1.0684694240481463e-09,0.009727813303470612,0.9093797206878662,1.0144600537387305e-06,5.37425023594551e-07,0.0005966767203062773,0.011315308511257172,0.0010701324790716171,0.0005429824814200401,1.1549578857739107e-06,0.019261755049228668,0.000306781439576298,2.5418853510927875e-06,9.193836802978694e-08,1.1614464710874017e-05,1.3766414213023381e-06,1.4282118598885063e-08,4.188710533981066e-08,1.146991501776995e-09,7.308854037546553e-07,0,5
0.06621327996253967,2.061461579216939e-08,0.0005132864462211728,9.225441743865304e-09,0.023497581481933594,0.8534094095230103,8.0423774306837e-07,4.486099101086438e-07,1.938972854986787e-05,0.05514349043369293,2.4966355340438895e-05,5.992425212753005e-05,1.719555802992545e-05,0.0010763733880594373,6.539270543726161e-06,1.1035940588044468e-05,1.9058175837471936e-07,1.8257528608955909e-06,3.365867769389297e-06,5.638469247060129e-07,2.0149688850779057e-07,7.032308513288399e-09,1.4690475325096486e-07,0,5
1.5130392772011447e-10,2.6215862813927515e-11,1.2478783339986421e-08,1.069206789078292e-12,1.6369896757573166e-11,9.517367516309605e-08,6.333052029842967e-13,3.58226408536666e-08,8.707590854958869e-13,1.7757988413080739e-09,8.326518294299312e-12,1.725841800200023e-12,3.652301529655233e-06,8.288344233164935e-09,7.740394991628818e-09,2.420928258209387e-12,4.659318437916227e-05,4.5119044500552263e-08,1.051642129823449e-06,3.116158997507057e-10,0.9999485015869141,7.35511065386163e-08,1.2205620958383179e-09,16,20
0.7971148490905762,0.00012816146772820503,0.0004647689638659358,1.2004170102386524e-08,0.014118644408881664,0.01200815662741661,1.6921178030315787e-05,0.00012659600179176778,8.478359086439013e-05,0.0019102231599390507,0.0005355642060749233,0.10088764131069183,3.302790719317272e-05,0.00014888514124322683,0.07211016118526459,3.981438567279838e-05,1.2074771120751393e-06,0.00016821462486404926,4.4151278416393325e-05,3.9267197848857904e-07,2.3293559934245422e-06,1.2710831924778176e-06,5.4145904869074e-05,0,0
0.5776316523551941,1.4348722210399956e-08,0.0017504964489489794,6.1656728611581e-09,0.00028622036916203797,0.37314197421073914,3.4713517379714176e-05,6.764593854313716e-05,8.275121217593551e-05,0.03058883361518383,2.069624861178454e-05,1.886624886537902e-05,0.00016714340017642826,0.016193384304642677,1.2170597074145917e-05,2.4913578755558774e-08,8.313611488119932e-07,9.447952038499352e-07,7.468729563697707e-07,3.0018730967640295e-07,4.3551466433200403e-07,6.103189620354499e-10,8.861891132028177e-08,0,0
2.670544008154252e-09,2.4238726581415904e-08,4.6009784870904014e-10,1.7221810089118605e-10,1.61587887514969e-09,5.268833702665177e-10,8.411826790677424e-12,2.0983752619940788e-06,8.518819538672062e-10,2.887800008011254e-07,1.686660902090742e-12,2.373929106624928e-07,0.9998840093612671,5.577826645009054e-09,2.354386197112035e-05,5.033324868009004e-09,8.921548442231142e-07,1.4922796935934457e-06,1.789011605524138e-08,7.909551641205326e-05,7.862047823437024e-06,2.103075225079465e-08,4.7161447014332225e-07,12,12
7.950559655078848e-11,2.2485211256936463e-14,1.8833872873405934e-15,2.196806832073936e-18,5.728416439115813e-12,3.264681927572788e-12,1.945404922156185e-15,1.17261070695958e-16,1.188394954173427e-15,9.282221258982704e-13,1.8671985818944324e-15,3.9520191047644204e-13,5.74637077584668e-17,1.0,8.785167905644986e-12,7.09643624183224e-19,5.1212100027556405e-18,1.96388810750756e-16,8.533405633844867e-17,1.4352930277832266e-17,1.0565933453279873e-15,2.2802181534006194e-17,1.01093398798413e-17,13,13
0.031059451401233673,0.00013347041385713965,0.008597608655691147,2.2380441944136464e-09,5.517671161214821e-05,0.005894303787499666,5.286461964715272e-05,3.552935231709853e-05,4.6469363041978795e-06,0.007483610883355141,0.0021723227109760046,0.48855525255203247,4.98374029120896e-05,0.45585259795188904,2.4886426217562985e-06,1.8635356582308304e-06,2.5351710064569488e-05,3.5744637898460496e-06,1.6147672567967675e-06,7.691928658459801e-06,2.498332833056338e-06,1.7319858898190432e-06,6.537762146763271e-06,10,11
0.029614903032779694,0.00025585596449673176,0.00015449311467818916,3.220408384407847e-09,0.0006716493517160416,0.9495036005973816,1.3163611583877355e-05,1.2493021131376736e-05,2.9399366212601308e-06,0.01512907724827528,0.0003995274018961936,8.422216342296451e-05,1.1990543669071485e-07,0.004097370896488428,5.3771669627167284e-05,1.28663728560241e-08,6.947855126782088e-07,6.505584337901382e-07,4.4616622290050145e-06,7.61098561952167e-09,2.4859843961166916e-07,1.8655705957826285e-07,5.345604563444795e-07,0,5
4.8281087461354844e-11,5.425327964658777e-10,1.8082702979427268e-07,1.5813511524548352e-12,3.181267055341053e-11,1.3712517787922707e-09,9.716803750503544e-11,7.336811019831302e-11,8.312228943346822e-13,4.1180396870288405e-09,3.23221671649776e-10,3.5460568509337875e-11,0.00021792453480884433,2.718551772584732e-10,1.4996054176208418e-08,6.0442510371738756e-12,2.219090156074799e-08,0.9996352195739746,6.383615164251566e-11,0.00014146890316624194,1.586244247064883e-09,1.2739075350154394e-09,5.104699084768072e-06,17,17
0.024298008531332016,1.18926379855111e-06,0.33542653918266296,4.447076307201314e-08,5.879899254068732e-05,0.11358577758073807,6.898677384015173e-05,0.026837609708309174,0.00017687547369860113,0.1576567143201828,0.289747029542923,6.897289131302387e-05,0.05036735534667969,0.0005726602394133806,6.0269567256909795e-06,1.6887071296878275e-08,1.969565573745058e-06,9.706632226880174e-06,0.0008565967436879873,7.52625273889862e-05,2.2404221056149254e-07,1.954911112989066e-06,0.00018168817041441798,10,2
8.898673695512116e-05,1.4690438547404483e-05,3.623076918302104e-05,1.1924400133977997e-08,0.00011283811181783676,0.000636199489235878,1.1634737617782775e-08,3.3816359064076096e-05,2.3570314624521416e-06,7.769941475999076e-06,1.5599698599544354e-05,3.5880795621778816e-05,0.3541460633277893,2.126739495622587e-08,1.7064754501916468e-05,0.012185340747237206,0.489962100982666,0.07507304102182388,0.0026704121846705675,0.05460941046476364,0.005018122494220734,0.002286007395014167,0.0030479240231215954,22,16
0.00029211296350695193,0.9959138035774231,8.915515536500607e-06,1.0545495587876985e-09,1.0690958163195319e-07,1.0241467862215359e-05,4.331778935551256e-09,0.001346614328213036,8.848256243254582e-07,7.069608727761079e-06,0.00048317998880520463,2.9001663293115598e-08,2.0195158867863938e-05,3.3070757581299404e-06,1.1059898774590238e-08,5.559664728593816e-09,8.643361070426181e-05,1.1976595487794839e-05,1.3046231970292865e-06,3.941468457924202e-05,0.0013166757998988032,0.0004540489171631634,3.5112439036311116e-06,1,1
0.03564419969916344,0.003325053723528981,0.017858309671282768,7.934467248560395e-06,0.0020707310177385807,0.039723195135593414,0.00019520052592270076,0.0017708168597891927,0.0063754720613360405,0.004371013026684523,0.571553647518158,0.003478202037513256,0.024644214659929276,1.3249668882053811e-05,0.07367431372404099,0.01754794828593731,0.012239225208759308,0.16255545616149902,0.0012020940193906426,0.004801145289093256,0.0014393398305401206,0.0007610945613123477,0.01474812626838684,9,10
0.0003197811311110854,0.00011574069503694773,0.00015325994172599167,6.562022747402807e-08,1.8091677702614106e-06,0.0012496098643168807,7.590579571115086e-06,0.024612514302134514,2.34710423683282e-05,2.926031629613135e-05,0.00010004255454987288,5.137304469826631e-05,0.2912633419036865,9.881691767077427e-06,6.8034437390451785e-06,0.00025311962235718966,0.00021375814685598016,0.24630048871040344,1.3361897799768485e-05,0.012489760294556618,0.42115575075149536,0.0003962914925068617,0.0012329601449891925,12,20
9.314089499667944e-10,1.193245964259404e-07,2.7763252319346066e-07,1.6622482945649608e-08,6.844736444300281e-10,1.2163360596506578e-11,4.76464478982308e-10,7.2040071685819385e-09,1.5175084522311977e-09,5.971964589512879e-10,1.5849361822972696e-09,7.235649301939873e-10,0.006695173680782318,1.866151764368107e-12,0.0012409157352522016,8.538148540537804e-05,0.00044956919737160206,0.3021391034126282,1.3221738148772033e-09,0.6893519759178162,7.512606771342689e-06,1.7674523178357049e-06,2.8055956136086024e-05,19,19
8.941188752942253e-06,7.659464245080017e-07,1.0646473356246133e-06,5.676006935573241e-07,4.593391622620402e-06,9.973699661713908e-07,2.879566096680719e-08,1.1903890140274598e-07,1.3159388023709084e-09,0.00016110581054817885,1.9643462678686774e-07,1.625359828949513e-07,0.6669965386390686,1.970097329717646e-08,8.498760143993422e-05,2.7107202186016366e-05,2.7211324777454138e-05,0.001818403135985136,1.9211933249607682e-05,0.3308176100254059,2.378414683334995e-05,6.519566341012251e-06,6.829326082424814e-08,12,12
0.000130258355056867,0.00039253750583156943,1.3989782928547356e-05,7.046533028187696e-07,2.1969697172607994e-07,0.016974156722426414,2.28066692216089e-05,0.9662171006202698,5.1564704335760325e-05,0.004906138870865107,0.0012130610411986709,2.2227843146538362e-05,7.603201811434701e-05,0.0015115725109353662,3.7037978472653776e-05,5.374462034524186e-06,0.003337664995342493,0.00015942535537760705,0.00013543214299716055,0.0007433929713442922,0.003299411153420806,7.074463792378083e-05,0.0006790649495087564,6,7
1.4606635012626157e-08,7.427108233981627e-11,2.2980525216098613e-07,1.8424410441753025e-08,8.827025510527164e-08,1.4059528439247515e-06,1.7882517688860844e-10,1.1250195939283003e-06,1.2024672813026882e-08,8.703515845809306e-07,0.9961317777633667,4.1932786132292676e-08,1.2108350233575038e-07,5.985193674007405e-09,0.0034792327787727118,0.00037817531847395003,1.0448207854452107e-09,2.0393029487308922e-08,6.744082838849863e-06,4.566334510514025e-08,9.60924742554603e-11,2.215686834006192e-08,5.144475512253166e-09,10,10
5.395608013714082e-07,1.674329119794038e-09,7.575878839816141e-07,1.4213133781026954e-08,1.9640122417285966e-08,5.058935244051099e-07,1.3533013685368411e-12,2.5054198715679377e-09,1.5633357108857382e-10,2.080852965491431e-07,6.99063457432203e-06,8.005607732286535e-09,0.0006438846467062831,1.3043841562421221e-09,2.6638945200829767e-05,2.0172432613208002e-09,0.9709355235099792,0.0005185556947253644,3.193326165273902e-06,3.6726926282426575e-06,0.025891810655593872,4.954198084305972e-05,0.0019180688541382551,16,16
2.3869861820458027e-07,2.976456858760912e-09,4.238555284530321e-09,1.790474994829705e-12,6.717424128055427e-08,4.4975809743164064e-08,3.603620735148638e-10,2.9501777021323505e-07,9.86674830727452e-09,4.520224550219609e-08,6.244717224035412e-05,5.1666223299662306e-08,6.010311692783432e-10,3.111942925571043e-09,0.9994545578956604,0.0004822897899430245,6.814369624130734e-10,4.6347634063970133e-10,1.5213421633575308e-09,2.2131134702618738e-09,5.066238747963858e-11,4.310627854664517e-09,9.296750924647768e-09,14,14
7.912667206255719e-05,0.00016243172285612673,0.5797053575515747,5.582541575677169e-07,0.0011677553411573172,0.00015766923024784774,4.987965596114918e-08,1.1557514199012076e-06,7.136598583201703e-07,4.2596333514666185e-05,0.09911561757326126,0.0007987982826307416,0.00026781944325193763,0.00012048152711940929,0.27892231941223145,0.016328712925314903,0.00018206954700872302,0.01598556898534298,0.0001800015743356198,0.0013560960069298744,2.7643045541481115e-05,0.005392660386860371,4.892982360615861e-06,2,2
2.521750863682115e-10,2.8049060673391267e-14,1.5022720567525738e-10,6.250384931849595e-11,3.972181090994287e-12,1.678821881512249e-08,8.983196910677168e-15,5.7062544793484715e-12,1.4510834821603903e-14,4.3427688112274154e-09,1.0211541898522136e-13,1.229919464884599e-11,4.145574994396384e-09,7.847701932739426e-10,3.3572209456878e-09,1.621167359155875e-14,0.9999173879623413,2.268251558801282e-11,1.9835401872114744e-06,3.06326990683059e-12,8.045456343097612e-05,5.322459833978499e-11,6.789244366700586e-08,16,16
7.900006693262185e-08,2.832929377194482e-11,0.9999998807907104,5.444302235597942e-13,1.5132908259829492e-09,1.1747105510551137e-08,6.746621490638649e-12,1.0289838314747612e-08,2.4239291129823926e-10,6.116038520076472e-08,5.2847464182548265e-09,3.6283737125941684e-10,5.1808420664656296e-08,1.591089482388952e-10,8.568211029569284e-09,1.1594435828099492e-10,1.2325086784503725e-10,2.077973126901611e-09,4.413972225919549e-12,7.925448741730179e-09,1.8100631941648376e-13,2.584217735634997e-11,4.707646598933746e-12,2,2
0.7600800395011902,4.3542988237277314e-07,0.135942742228508,4.8698321819529156e-08,0.07877454906702042,0.008642124943435192,2.1683108286651986e-07,2.604271855943807e-07,5.339128620107658e-06,0.0008840459049679339,0.01129662711173296,0.0003683566756080836,0.0020700599998235703,3.3982812510657823e-06,0.0016085231909528375,2.8092534194001928e-05,6.234800821403041e-05,8.277543383883312e-05,9.838903451964143e-07,7.217240636236966e-05,1.1429639101834255e-07,7.405859651044011e-05,2.8678741728072055e-06,0,0
0.20157985389232635,2.91133960672596e-06,0.0005158866988494992,4.364078265428617e-10,0.0009140154579654336,0.1509716659784317,2.546945779613452e-06,0.005074695218354464,0.6363741159439087,0.0033432389609515667,0.0003829366760328412,4.459956107893959e-05,4.469462055567419e-06,0.0006621488137170672,1.3528204362955876e-05,9.372603381052613e-05,1.2430442097866035e-07,9.024308383231983e-06,8.145679686322183e-08,6.452431193793018e-07,8.00325688032899e-06,3.018365646312304e-08,1.6575330619161832e-06,8,8
1.501903744600963e-12,5.150561400990572e-12,2.0893193859033987e-12,3.752853063032635e-12,8.424944091976402e-14,2.6604623018511298e-11,1.630390429867984e-13,6.459744295028713e-09,9.504488938504724e-14,2.1117009529891817e-10,1.2452199861512359e-11,7.088462195686818e-12,2.016204689425649e-06,3.837636874948203e-09,1.3732069703564775e-07,5.620485088626836e-13,1.0348630041789875e-07,1.1806169375461195e-09,8.646813931534325e-09,1.4928118463597428e-10,0.9999974966049194,2.3582522601373057e-08,1.9328088285419653e-07,20,20
6.844071322120726e-06,6.872311608674408e-10,0.0023149726912379265,1.613831024371848e-08,8.903863090381492e-06,0.0017284046625718474,1.183852660346929e-07,2.23285101519366e-09,1.441172403637836e-09,5.668579888151726e-06,1.212682491313899e-06,2.6633562811184675e-05,0.9703876376152039,6.162584759294987e-05,4.405639174365206e-06,1.3002120269334227e-08,4.353350595920347e-05,0.006244546268135309,0.01909181848168373,7.336397538892925e-05,8.342746937728407e-09,8.459887368417185e-08,1.634647048831539e-07,12,12
6.426862000807887e-06,0.0005399214569479227,0.0015184589428827167,1.8450471543474123e-05,3.5273856724415964e-07,0.00011479153181426227,0.0002568031195551157,0.0011678591836243868,0.0014199032448232174,0.000751457002479583,3.453821591392625e-06,3.40119441943898e-07,0.003999217879027128,0.0002999167481902987,0.0001491695293225348,2.0721901819342747e-05,0.01054104883223772,0.0019596226047724485,2.8541595042952395e-07,0.006265334319323301,0.970705509185791,2.9145930966478772e-06,0.00025813421234488487,12,20
1.199337111756904e-05,1.358793156214233e-06,0.00019510573474690318,1.248849116564088e-06,2.5645562118370435e-07,2.665390638867393e-06,2.835450841134901e-12,0.0005531478673219681,7.390949008367897e-07,2.033387431765732e-07,0.00016861998301465064,4.4341352811727575e-09,0.00021741593081969768,2.3098953079170315e-06,2.6748595701064914e-05,3.5170671930373487e-10,0.0001476070610806346,3.17493436341465e-06,1.2088739822502248e-05,1.0628558811731637e-05,0.22938235104084015,0.7692587971687317,3.6347692002891563e-06,20,21
0.7612861394882202,6.027134418218338e-07,6.787527127016801e-06,3.853273256027023e-09,0.2134728580713272,0.0018036196706816554,7.99386361904908e-06,8.392439485760406e-05,6.712641607009573e-06,0.01687152311205864,0.004201279487460852,0.0016330849612131715,6.6171046455565374e-06,9.399018381373025e-06,9.477692219661549e-05,3.534324423526414e-05,1.9468920697818248e-07,4.015511876787059e-05,6.035823389538564e-06,1.0423944729609502e-07,8.499325332422814e-08,2.5896585498230706e-07,0.00043267288128845394,0,0
2.5930452229872003e-10,1.5579420349284834e-12,3.005574608638817e-11,1.453669996875906e-11,3.5756717586821196e-09,2.2263964283286697e-10,6.246610759035043e-13,1.939091075209287e-11,5.711899286886535e-10,6.319795797793404e-10,5.1294044567384844e-08,7.181195083028058e-10,4.7521212659384915e-11,1.9878069676404486e-11,0.9999762773513794,2.365930049563758e-05,9.039842659153141e-12,2.717634561832938e-09,1.3339676585566451e-11,6.862075907498877e-10,1.5664757902281168e-12,5.2225576294140375e-12,1.0313713078025089e-10,14,14
1.0684652096415448e-07,3.864859991153935e-06,1.819020489790546e-09,3.912585100351862e-08,3.262507819457028e-09,4.0596796679892577e-07,1.0659936044987717e-08,0.0002365917171118781,8.185136266547488e-07,2.0961522295692703e-06,3.900689080182929e-06,5.026425355936226e-07,3.366894816281274e-06,1.0003039960793103e-06,6.09439439358539e-07,4.484874693844176e-09,0.005823109764605761,3.2274169114998585e-08,0.0002931609924416989,5.045400826020341e-07,0.00307202129624784,2.1518451376323355e-06,0.9905557036399841,22,22
8.132037265795589e-08,4.4996983916689715e-09,1.5253941398896131e-07,3.0806771023073054e-10,6.33985166587081e-07,3.064117848339265e-09,2.871498594458899e-08,6.09199982126718e-11,1.537048488486903e-09,7.2655052463233005e-06,4.939935127623585e-09,3.808139226180174e-08,0.20653964579105377,3.529486889419786e-07,3.5556035982153844e-06,9.273130530118578e-08,1.147986168348325e-07,0.016455259174108505,1.4536297499034845e-07,0.7769920825958252,3.063685483084555e-07,9.955407165307406e-09,2.874470226288395e-07,19,19
1.2051943087953987e-07,0.998134195804596,3.2891446011262815e-08,4.3689403765763413e-13,9.4369123626592e-11,2.600265602836771e-08,2.4610038399514034e-12,1.497904911218484e-08,7.517826916547676e-10,3.558577787998729e-08,7.400039692129212e-08,2.877415283819573e-07,1.071970032739955e-07,0.00034350919304415584,1.891342016335784e-08,4.493598689762207e-13,4.32302931585582e-06,2.5658362101665944e-09,9.79452579485951e-06,9.374276466189713e-09,4.161433025728911e-05,0.001465985202230513,2.5312331786153663e-08,1,1
0.19939139485359192,9.294248229707591e-06,0.00026607615291140974,2.2324602610979127e-08,0.0001103534668800421,0.009602065198123455,0.0007746345363557339,0.009304030798375607,0.019918708130717278,0.75689697265625,0.0012278013164177537,0.0006647050031460822,7.998115324880928e-05,0.00012168739340268075,0.000959142460487783,4.99105553899426e-05,1.3334482673599268e-06,1.4127936083241366e-05,2.887716982513666e-05,3.1518275136477314e-06,1.4730656403116882e-05,5.332117325451691e-07,0.0005604184698313475,9,9
0.4898638129234314,3.0930859793443233e-06,0.0023396273609250784,2.3109120173003816e-10,0.027492623776197433,0.15786036849021912,0.0006407623877748847,1.364920080959564e-06,0.0003705723793245852,0.10606098175048828,0.0007466841489076614,0.2057553231716156,2.1143696358194575e-05,0.007944338954985142,0.0001410891709383577,0.0007415449363179505,8.83048514310758e-08,1.2888423043477815e-05,3.104513623952698e-08,9.528678219794529e-07,6.931765028639347e-07,6.039048816575132e-09,1.9759797851293115e-06,0,0
4.368291047285311e-05,0.0002996335970237851,0.0018451802898198366,3.745555829937075e-07,4.053224529343424e-06,4.9227735871681944e-05,7.688254868298827e-07,3.3935357350856066e-05,5.396942015067907e-06,9.010331996250898e-05,7.028612571957638e-07,4.0554536099079996e-05,0.22502686083316803,0.018454009667038918,0.007307973690330982,2.659788549408404e-07,0.003318097209557891,0.12111911177635193,1.289476927013311e-06,0.02961759828031063,0.5917308926582336,0.00044643020373769104,0.0005638825823552907,12,20
0.004853221122175455,1.972994034815656e-08,1.3062951893516583e-06,2.9275892643454426e-07,0.009747703559696674,0.007117799483239651,2.75355660050991e-07,6.981875685596606e-06,0.00027201315970160067,0.007615956477820873,0.002014866331592202,0.0004870636039413512,1.6261043356280425e-06,1.8203812715000822e-06,0.007274969946593046,0.9605452418327332,5.965710414557179e-08,2.3154059817898087e-05,3.348725294927135e-05,1.3268427778712066e-07,2.7968918292486933e-09,1.539038940734372e-08,1.99601890926715e-06,15,15
1.7127143792095012e-07,4.325861002740794e-09,4.282851762127393e-08,3.760884399045539e-12,1.0844784625874127e-08,0.00014900635869707912,2.6858408830321423e-08,2.0159856717327784e-07,1.2378973714144426e-11,1.795488060452044e-05,1.2427039841611531e-08,2.305613655551042e-08,0.999690055847168,4.230241046343508e-09,1.4626162503361684e-08,3.8694790427395986e-11,5.581288746725477e-07,4.291787990950979e-05,8.897741281543858e-06,1.265772084479977e-06,5.988990636751623e-09,5.190399221532971e-09,8.88624635990709e-05,12,12
0.9954649806022644,1.3429307728074491e-05,1.03840264387145e-07,2.409437094286204e-10,8.338056431966834e-06,0.00010248403123114258,8.980835445981938e-06,0.0032318199519068003,7.265182375704171e-07,0.00014515221118927002,2.3272863472811878e-05,0.000491087615955621,2.299325840837696e-09,1.7191456208820455e-05,3.985221042057674e-08,0.0004923507221974432,2.643884222663928e-09,1.0802287064848315e-08,6.949135666900474e-08,6.236211547161474e-09,5.876452657815889e-09,1.897523693727976e-09,8.834952325287304e-09,0,0
3.751280175379179e-09,7.371607352979481e-06,4.8849080336310635e-09,0.9918169379234314,3.40107142449142e-08,6.754259374019966e-08,5.207139111007564e-07,1.0888904853345593e-06,6.16893700566834e-08,2.1490268409252167e-05,4.353840267867781e-05,3.0965097153057286e-08,6.330177257041214e-06,2.132617055394803e-06,5.7357738114660606e-05,1.4397973302493483e-07,3.2643201848259196e-05,3.5100235606932984e-08,8.703998901182786e-05,9.089074410439935e-06,0.0008859576773829758,0.0024686413817107677,0.004559588618576527,3,3
3.4037970181088895e-05,3.403743120689029e-10,6.625635364798654e-07,3.0017893552780617e-13,1.0150678075859787e-09,2.539510933274869e-05,1.0639477493468164e-10,3.172410600882358e-08,3.0674018489662558e-06,1.638770118006505e-05,0.9999147653579712,5.168055395188276e-06,1.6384426260174223e-08,4.6169463985279435e-07,7.975644034097229e-10,1.2499705047061549e-12,4.2004569267284353e-10,1.1796729149082807e-09,8.741939949707955e-10,1.4592573815974674e-09,3.4738165122227826e-10,8.213013047431161e-10,1.8357317443928878e-08,10,10
0.038889314979314804,0.0005566154723055661,0.015128202736377716,8.914182217267808e-06,0.0001709241041680798,0.008313042111694813,2.1127383661223575e-05,0.6269091963768005,0.0013936808099970222,0.0015573217533528805,0.005852554924786091,2.939166188298259e-05,0.001377270556986332,0.10280733555555344,0.09979849308729172,1.2692851669271477e-05,0.0016088002594187856,0.01552276685833931,1.8622469042384182e-06,0.0017177719855681062,0.07790309935808182,5.569743734668009e-05,0.00036392553010955453,2,7
0.01792227476835251,0.00189447111915797,0.06658495217561722,1.6594252656432218e-06,0.07472250610589981,0.4064662754535675,0.008954301476478577,0.0017768815159797668,1.1713144658642705e-06,0.005978177767246962,7.584419108752627e-06,9.9595396022778e-05,0.23373615741729736,0.0002703084610402584,0.0009463299647904932,6.295165803749114e-05,0.04154135286808014,0.00625919084995985,0.006025360897183418,0.0009896373376250267,0.11760634183883667,0.007930558174848557,0.00022191613970790058,17,5
0.4253806173801422,6.149231921881437e-05,0.006809764076024294,3.217845545577802e-08,0.000159816539962776,0.10509943217039108,0.00038680530269630253,0.0003194025775883347,0.00013036806194577366,0.4053536653518677,4.789555896422826e-05,0.0028616676572710276,0.00021256334730423987,0.052839841693639755,0.00020461308304220438,2.289748863404384e-06,5.957161192782223e-06,5.673390660376754e-06,9.682766540208831e-05,7.770870070089586e-06,1.1223964975215495e-05,2.294030387872681e-08,2.323554554095608e-06,9,0
0.0003762065607588738,0.0004492041189223528,0.9888784885406494,3.046921392524382e-06,1.6101066648843698e-05,0.0005811556475237012,0.0019852505065500736,0.004864021670073271,4.4096126657677814e-05,0.0010938472114503384,1.0935842510662042e-05,1.0179870457704965e-07,0.0003228971909265965,1.3998071153764613e-05,3.366227019796497e-06,4.5100223360350356e-05,8.535214419680415e-07,0.0008451390312984586,1.5246939710777951e-06,0.0004606884904205799,2.0437448711163597e-07,1.6673714071657741e-06,1.933828571054619e-06,2,2
0.0006480091251432896,0.3191260099411011,0.12472085654735565,0.00038246874464675784,1.9861754481098615e-06,0.0030046652536839247,9.085923011298291e-06,0.00018119534070137888,3.2589757665846264e-06,0.0014615008840337396,2.104410668835044e-05,5.600768986369076e-07,0.022268256172537804,0.00011280111357336864,0.00014403492968995124,2.5504918994556647e-06,0.002972198650240898,0.002682935679331422,0.0008385669789277017,0.033159881830215454,0.00012753512419294566,0.4871382415294647,0.0009924108162522316,21,21
1.134313265538367e-06,1.4908750900488599e-09,2.04535346992607e-10,3.0855488303282996e-11,1.547447325833673e-08,5.188521612353725e-09,4.550547161308316e-10,2.984968006103372e-08,3.765995959525981e-09,1.399870654950064e-07,7.006090818606481e-09,5.831545379919589e-08,1.180148756496635e-09,2.1645071512921277e-07,0.9998698234558105,0.00012852325744461268,6.783461292680926e-11,2.5901754074908467e-09,5.325070245865149e-11,7.482137576175774e-09,2.508869778594658e-10,3.9830628378867416e-11,9.86058790175548e-10,14,14
0.009470085613429546,0.05898443982005119,0.05814530700445175,4.606490256264806e-05,0.000560025277081877,0.0040714312344789505,9.995079744840041e-05,0.0006147929816506803,0.000257167179370299,0.0009014916722662747,0.02093002386391163,0.00021342358377296478,0.06254135072231293,1.383045491820667e-05,3.6680378343589837e-06,1.4905875104886945e-05,0.3886304497718811,0.029303761199116707,0.004228030331432819,0.003221495309844613,0.030447453260421753,0.005640041083097458,0.3216608166694641,18,16
1.4533434011809732e-08,3.1982429504751053e-07,2.0072372652890635e-09,4.493284650602947e-12,2.731394450894431e-11,4.922653951133782e-10,0.9999769926071167,2.5149148541459e-08,1.7004353480842838e-10,1.9127310224575922e-05,3.0261840038292576e-06,2.0904535047439055e-11,6.727311763210508e-11,1.6021331816773454e-08,1.4178709317747007e-09,3.8963091086863244e-10,1.6833684446382335e-09,1.2100923561797483e-11,5.62327926445505e-08,4.064200087583458e-09,1.2976029140077117e-08,1.5850426873798007e-11,4.190909237422602e-07,6,6
0.0002786830591503531,2.6476854486645607e-08,7.242460924317129e-06,2.382215813501176e-10,3.634130996132967e-09,0.0012365831062197685,0.01952551119029522,1.812068876461126e-05,6.942828889577868e-08,0.9783937335014343,0.00045877054799348116,1.3099314344344748e-07,1.0389831913926173e-05,4.88647747260984e-05,2.6695474275584274e-07,1.466989196785562e-09,2.7230637744679598e-09,6.2676566159325375e-09,8.169671446012217e-07,5.9099178884025605e-08,7.163843740443099e-09,1.630029861088289e-10,2.0761568521265872e-05,9,9
2.023325436084633e-07,2.751369410081139e-10,3.3249467179530257e-08,1.4860384922599224e-08,5.885941511962756e-09,4.7061450914043235e-07,1.7703120913648007e-10,2.253550768216428e-08,1.3675913700106346e-11,1.7094642146275874e-08,2.7886001841004315e-10,2.5544116155629126e-08,5.980953119433252e-07,3.4064762122199e-09,6.656775042301888e-08,3.4697626993818176e-09,0.9998319149017334,3.2622771151125107e-09,0.00016177352517843246,3.916412527615876e-09,4.3690433813026175e-06,3.3439329172324506e-07,8.517604754842978e-08,16,16
6.293427645687188e-07,1.148045769561179e-09,1.1222660987186828e-06,6.5557387642911635e-06,6.404093966239088e-08,6.744172424077988e-05,2.2007713706972964e-10,2.556377332041393e-08,2.7304269956118787e-11,9.86227632893133e-07,3.233945449210296e-07,2.2514577702192895e-10,8.951018912739528e-07,4.413907461753297e-08,2.838024556695018e-06,9.945684553702705e-11,0.003804974490776658,2.3917745561874426e-09,0.9948486089706421,2.4790092201243397e-10,3.3934618386410875e-06,0.001262180507183075,2.3994968234575254e-09,18,18
0.12154945731163025,0.0019585571717470884,0.1761985421180725,5.90438321523834e-06,0.5403164625167847,0.05425461754202843,0.005449492949992418,9.957273141480982e-05,0.00014104845467954874,0.0058327107690274715,0.03310675919055939,0.00650501623749733,0.003503321437165141,0.02011284977197647,0.012210461311042309,0.006299643311649561,3.147551069559995e-06,0.011140337213873863,0.00024103428586386144,0.000687155406922102,1.7701218894217163e-05,1.620861075934954e-05,0.0003500086604617536,11,4
1.510108531277421e-11,7.000673098948168e-15,9.785068805570618e-13,2.0290517550381523e-15,8.996831057928034e-11,8.115565858224372e-11,2.0646424023565424e-13,1.968169183186319e-09,8.47906759995215e-13,4.3228856050347986e-09,5.4269502086645716e-11,6.864335488909745e-12,6.404866329141889e-13,4.093875585753359e-11,5.285183419800887e-07,0.9999995231628418,2.6050276370173826e-14,2.550889187380445e-13,8.257454507491768e-14,4.2892932586822974e-13,7.666366998691776e-13,4.019605693217007e-14,1.3548773953079522e-14,15,15
0.8069385290145874,1.2451107977540232e-05,0.003876072121784091,1.5307617395876605e-09,0.031953759491443634,0.13139823079109192,5.998356209602207e-05,2.4299910364788957e-05,0.00027275632601231337,0.01708848774433136,0.0004524289979599416,0.0071375928819179535,0.00031153298914432526,0.00011934606300201267,4.71549246867653e-05,5.533950024982914e-05,5.269042162581172e-07,0.00023734978458378464,1.9047361092816573e-06,8.299622095364612e-06,4.316845547691628e-07,4.7450239293311824e-08,3.5797208965959726e-06,0,0
0.21321789920330048,1.2732845888763222e-09,7.309952343348414e-05,6.4888910911165e-10,0.00046561434282921255,0.7850816249847412,5.462230490138609e-08,7.529102731496096e-05,5.267938263386895e-07,0.000737371330615133,0.00022910875850357115,4.0637496567796916e-07,9.768256859388202e-06,0.00010136405035154894,1.4258262126531918e-07,1.1360898000134512e-08,1.1059155724524317e-07,4.085680060939012e-08,7.223248758236878e-06,1.2991589137811843e-08,4.658716523664452e-09,1.1635256091935275e-09,2.32508483577476e-07,0,5
1.5912587220112684e-11,1.4763540867254732e-12,4.0526839696630734e-12,3.437490431732783e-14,3.4732544531429488e-12,2.6324291704793445e-11,1.0728824079153654e-11,8.61491433745698e-13,6.984435138536124e-14,5.580913509106722e-08,8.024647613069646e-11,2.469625892675964e-10,4.595365429328757e-13,1.7104739846729444e-10,1.5262977548502477e-09,1.0,9.06379971890494e-15,1.8691896988554113e-12,1.7246390405199763e-14,3.2386272483253542e-12,3.201137068636374e-14,1.089280465876539e-16,7.7491566215256275e-16,15,15
5.9365121707344315e-09,1.6662109203480213e-07,1.1474170378278359e-06,1.4749926613433217e-08,3.9714409538760265e-09,6.947077912933253e-10,6.40207331592535e-10,2.99997734987123e-11,1.9043898402681947e-11,5.6100624590271764e-08,1.4490525472865556e-06,2.6179148449045897e-07,0.004762456752359867,3.0044265686424154e-11,0.007155040744692087,5.266594143904513e-06,1.8698925487115048e-05,0.4013863205909729,2.613380161164969e-07,0.5866680145263672,1.5066589753587323e-07,6.578651436939253e-07,1.0932666327789775e-07,19,19
8.012362684439722e-08,1.1239985724387225e-06,1.7036770216805053e-08,1.1340502226175886e-07,1.8075976271347827e-08,1.4160766113491263e-05,3.0950477594160475e-06,6.727787695126608e-05,2.664753928627306e-08,0.00026901887031272054,2.471481366228545e-07,5.442709039016336e-07,0.0020367528777569532,3.7401789541036123e-06,2.768140348052839e-06,1.4647197232875442e-08,1.689055693532282e-06,3.844336788461078e-06,8.008681106730364e-06,0.0005409541772678494,9.759877684700768e-06,3.1759881835569104e-07,0.9970364570617676,9,22
0.00012322235852479935,1.0314561222912744e-06,0.00025631170137785375,1.0735893951618891e-08,1.4376294643625442e-07,0.6832512617111206,8.933739445637912e-05,0.005184749141335487,0.00034267903538420796,0.21239081025123596,0.08869857341051102,0.0012726620770990849,0.00031392782693728805,0.0031885337084531784,1.372230144625064e-05,2.761300379461318e-07,4.469931445783004e-05,0.00402897410094738,3.3655807783361524e-05,4.829713361687027e-06,0.0006121377227827907,8.047326787163911e-07,0.0001475291937822476,5,5
1.4693232230911235e-07,0.00010135024785995483,7.635139098738364e-08,2.562508427672583e-09,4.0163466996645525e-10,5.9596619195190215e-08,1.6660609523933e-12,1.0099562132381834e-05,5.582535678172462e-08,3.034672886315093e-07,0.00013341792509891093,1.884396860774018e-09,2.295653445116841e-07,2.3667269033467164e-08,4.128607429265685e-07,9.8236552226183e-10,2.8987004043301567e-05,2.6650939788375183e-10,0.0014343834482133389,1.2035190621872971e-08,0.0003167949034832418,0.9979733824729919,1.9669425910251448e-07,21,21
0.00044354540295898914,0.0048855324275791645,0.00018717000784818083,4.2462835381229525e-07,9.627148756408133e-06,0.0018866704776883125,2.2864018234258765e-08,5.816135853820015e-06,7.041724165901542e-05,2.4278256205434445e-06,5.677700301021105e-06,5.129088549438166e-07,0.0003471137606538832,1.9706400053109974e-05,3.861270272409456e-07,2.397015578026185e-06,0.8795787692070007,0.0008070144103839993,1.1353110494383145e-05,0.000971970206592232,0.09876523166894913,0.0016621846007183194,0.010336002334952354,22,16
0.2335060089826584,0.00016291496285703033,0.6293715238571167,1.233456828231283e-06,0.0010331765515729785,0.11171606928110123,2.615616176626645e-05,0.00018280406948179007,0.00029104616260156035,0.0012009302154183388,0.008871220052242279,0.0011893785558640957,0.008761551231145859,0.0002637295110616833,2.5040302716661245e-05,7.017513780738227e-06,0.00010308837954653427,0.002794292289763689,9.177959873341024e-05,0.00016799187869764864,3.0403460186789744e-05,9.0700043074321e-05,0.00011199148866580799,10,2
0.0005923923454247415,9.280746127160455e-08,5.592463367065648e-06,5.529638413825921e-10,1.7192631673879077e-07,0.0004800199531018734,8.084749936188018e-08,0.00025264991563744843,4.838948370888829e-05,0.0050422088243067265,0.9905716180801392,0.0012968655209988356,0.0014639118453487754,0.0001250580244231969,3.861637742375024e-05,5.391457280623513e-10,4.878265613683652e-08,3.1826202757656574e-06,4.2121774868064676e-07,1.935300360855763e-06,1.717759573693911e-06,7.238820387556189e-08,7.495681347791106e-05,10,10
6.575412925258206e-08,7.18281822909006e-11,7.93992285252898e-08,5.6143787434067855e-15,1.0341665301893954e-09,9.068260808930972e-09,4.8819528281063285e-11,1.494727432105325e-11,3.645471945146195e-12,1.5529039387729426e-08,7.655865941202933e-10,1.556659801060789e-10,0.000111405759525951,2.353193195858694e-10,7.944595536990562e-10,5.959879118000444e-11,9.021507096917958e-09,0.9998708963394165,1.1579520328708348e-11,1.735449768602848e-05,3.6902718658637923e-09,9.96434618844022e-12,4.71674610480477e-08,17,17
0.9010009169578552,3.5861895675282085e-09,5.099517511553131e-05,6.581635236813099e-09,0.03508145734667778,0.05733047425746918,2.173119639792276e-08,1.0612470759951975e-05,4.0195513975049835e-06,0.0001440163323422894,2.2356529370881617e-05,7.338152499869466e-05,2.3024509573588148e-05,0.006222000811249018,2.0009240415674867e-06,1.074820161761636e-07,1.8014174202107824e-05,2.746478457993362e-06,1.687863431243386e-07,4.0185602756537264e-07,4.728138264908921e-06,8.548195751245657e-08,8.525083103450015e-06,0,0
0.004557804204523563,1.6905667143962688e-10,1.7289023617195198e-06,3.3727719284115665e-08,0.012079542502760887,0.9788181781768799,3.979978568935394e-10,1.3695760117116151e-06,0.0004339837469160557,0.00037898318259976804,1.908891135826707e-05,0.000456598965683952,1.0305496289220173e-05,0.0008431540336459875,0.0023376615718007088,6.989625489950413e-06,2.1688084217430514e-08,1.0144853149540722e-05,3.1104474373933044e-07,3.148749527781547e-08,4.394623829284683e-05,1.6862273355400248e-08,4.877902171074311e-08,5,5
0.06613361090421677,0.03634112700819969,0.02228356897830963,0.00018084089970216155,0.0026618153788149357,0.006628108210861683,0.00010236090747639537,0.002340951468795538,0.00028999586356803775,0.0005925677833147347,0.21027977764606476,0.002188875339925289,0.0024462768342345953,4.4380703911883757e-05,0.002596294041723013,0.0065834904089570045,0.11832546442747116,0.0006562131457030773,0.0016456239391118288,0.005871213041245937,0.025818387046456337,0.46963030099868774,0.01635875180363655,16,21
2.517568873372511e-07,7.893476844378355e-11,1.9605581158543828e-08,3.2288687240415725e-13,4.379464257908694e-07,4.187000115507544e-07,3.029018702527253e-11,3.164755753459758e-06,2.1180498761125266e-12,1.8563369508228789e-07,3.876228504839929e-11,1.352239414192935e-11,0.9990870952606201,2.814142252560714e-10,3.147526683733304e-10,1.5366152794626942e-09,1.3528020303965604e-07,0.0009030872024595737,6.17760953502966e-10,4.97294695378514e-06,5.158343441280522e-08,9.102859022114274e-10,8.110276894512936e-08,12,12
0.0015689847059547901,0.0006670073489658535,0.6035863161087036,1.279257617170515e-06,0.0024914180394262075,0.018552808091044426,8.459651894554554e-07,2.5796936142796767e-07,3.833715993550868e-07,5.6708548072492704e-05,0.009886634536087513,3.068427031394094e-05,0.27351945638656616,0.0003353047650307417,1.4289644241216592e-06,1.517091341440846e-08,0.00041744712507352233,0.055047523230314255,0.0012248193379491568,0.02963542565703392,1.6916084177864832e-06,0.0005909352330490947,0.0023826048709452152,12,2
2.1684559214918409e-07,5.692121426981167e-11,2.0765065014693995e-11,6.043119477050496e-11,8.524412842270124e-10,1.4525519418384647e-06,4.853350499267606e-10,0.9999719858169556,2.735879434112576e-08,1.317051072646791e-07,1.2024147233447025e-09,2.3073822366659336e-11,2.8229962367731787e-07,2.0481073079281487e-05,4.463690217448857e-08,2.50149984060144e-10,1.2320487685624215e-10,5.327483593164928e-11,1.3976695356632263e-09,7.085341757750996e-10,5.1881388571928255e-06,4.000174497198472e-11,1.9076406942986068e-07,7,7
0.00015769970195833594,8.028337816767817e-08,0.0003394770319573581,1.5067103049659636e-06,6.31597577012144e-05,0.2732127606868744,0.0005569052882492542,6.634025339735672e-05,0.00025370961520820856,0.1636991798877716,0.11745942384004593,0.0009909176733344793,0.0004110891604796052,0.43890199065208435,2.3504928776674205e-06,3.3740261642378755e-06,1.3042766511262016e-07,7.562294285889948e-06,0.003297824412584305,5.3276639846444596e-06,2.5046446694432234e-07,2.427867400456307e-07,0.0005686856457032263,12,13
0.005539586301892996,5.879113814444281e-06,9.739285815157928e-06,4.860889646352007e-08,0.11164958029985428,0.1328456997871399,4.351630195742473e-06,7.381036994047463e-05,9.14137126528658e-06,0.0072798882611095905,0.006650984287261963,0.5406147837638855,2.350189333810704e-06,0.19466838240623474,1.0770535254778224e-06,0.0006122816703282297,1.5197525016219515e-08,3.0326866180985235e-05,9.231092690242804e-07,4.4135653354260285e-08,2.5135271641829604e-08,3.018331824478082e-07,8.793145411800651e-07,9,11
0.00024135674175340682,9.604796957773942e-08,0.05862969532608986,7.39268131155768e-08,0.00010499732161406428,0.05734552815556526,4.6388021246457356e-07,4.7271780090341053e-07,2.7168341603101e-06,0.004571045748889446,0.0004943956155329943,0.002813659142702818,0.7379310131072998,3.638926864368841e-05,1.2813769899366889e-05,1.529660380583664e-07,0.0003295842034276575,0.029232505708932877,0.0002821421658154577,0.10788152366876602,1.8878781702369452e-06,1.2790784467142657e-06,8.625188638688996e-05,19,12
0.012858503498136997,0.0008608364732936025,0.004226351622492075,8.846832497511059e-05,8.341869397554547e-05,0.019201764836907387,4.769780389324296e-06,0.052112046629190445,0.00038412530557252467,0.0017050219466909766,0.04850572720170021,1.9316266843816265e-05,0.33366894721984863,0.0004956058692187071,0.0011757019674405456,1.2052873898937833e-05,0.0006489385268650949,0.026511168107390404,0.29388052225112915,0.0011011672904714942,2.308206239831634e-05,0.20026721060276031,0.002165387384593487,21,12
0.008195766247808933,0.005672112572938204,0.012628957629203796,3.1934475828165887e-06,0.0038282598834484816,0.38832470774650574,1.43010754527495e-06,3.0398206945392303e-05,2.7627405870589428e-05,0.00045796710764989257,0.00026302726473659277,0.0007707009208388627,0.07306332886219025,0.00037025075289420784,4.252609869581647e-05,1.3966208598503727e-06,0.338871568441391,0.017024986445903778,0.007950389757752419,0.0002870863536372781,0.05499909073114395,0.08350345492362976,0.0036818243097513914,21,5
3.369029855093686e-06,1.5846798362417758e-07,0.9999653100967407,1.1396680474340393e-11,3.63522758561885e-08,2.914872493420262e-05,8.296198172885738e-10,9.89503412540671e-09,3.569104789491462e-09,3.5954808907945335e-08,1.0267648065109825e-07,3.0409516682539106e-08,4.600429122092464e-07,2.3440338736691047e-07,1.2894238565763771e-08,2.81304927268744e-11,4.861158231506124e-07,2.7968113158749475e-08,1.553681805432916e-08,2.6857693846693564e-09,8.008155027994235e-09,6.942242407603771e-07,1.702703533723593e-10,2,2
3.2861273211892694e-05,0.0028689499013125896,0.5346230864524841,1.1098313734692056e-05,4.543998511508107e-05,0.00019893104035872966,0.0049019805155694485,0.00017137067334260792,9.929829502652865e-06,0.00013016769662499428,0.00018070581427309662,2.9567347155534662e-05,0.03199494630098343,6.861337169539183e-05,0.005566821433603764,2.1601341359200887e-05,0.04785703122615814,0.0038720043376088142,4.1196639358531684e-05,0.0053077456541359425,0.0021548629738390446,0.0005403091199696064,0.3593708276748657,18,2
0.0006948626250959933,2.170309727489439e-07,0.025581516325473785,1.2921150300826412e-06,5.6342777554618806e-08,5.753911682404578e-05,2.7699304183670392e-08,2.42806945607299e-05,1.06261804830865e-05,0.004091120325028896,0.006372265517711639,0.00017448686412535608,0.621442973613739,1.014770845131352e-07,0.00010122264211531729,5.943334713265358e-07,0.0007525647524744272,0.3184492588043213,2.5734654627740383e-05,0.02169240266084671,7.746364644845016e-06,3.0883397812431213e-06,0.0005158178973942995,12,12
0.005007233936339617,0.0016512231668457389,0.02279682457447052,4.021384665975347e-05,0.0002243326889583841,0.010322625748813152,1.596711081219837e-05,0.0013103974051773548,0.10116996616125107,0.00035616368404589593,0.002655809046700597,6.283185939537361e-05,0.08783963322639465,2.4921444037317997e-06,2.2704080038238317e-05,0.00028706793091259897,0.02698708511888981,0.5522580146789551,2.7910708013223484e-05,0.0855974555015564,0.007336460053920746,0.0018757376819849014,0.09215178340673447,20,17
0.34772008657455444,1.0517132068343926e-05,0.6043033599853516,1.0023986085627712e-08,0.00012315847561694682,0.018821636214852333,0.0001349767844658345,0.005333723500370979,5.520145714399405e-05,0.005328006576746702,0.007185288239270449,4.704153070633765e-06,0.010059445165097713,7.026076491456479e-05,4.370600436232053e-06,1.0181398835129585e-07,3.098704110016115e-05,0.0003841285943053663,0.00010434813884785399,7.004053622949868e-05,0.0001981505920412019,2.3096870791050605e-05,3.431418735999614e-05,2,2
7.641513661837962e-07,0.9672843217849731,1.0530942518016673e-07,4.290719246569097e-08,1.4085321708989795e-07,2.2025290036253864e-06,3.454647767853203e-08,8.811750262793794e-07,3.679852866866895e-08,2.9995158001838718e-06,0.01436648704111576,2.4269978027291472e-08,4.287320734874811e-06,1.9710823551122303e-07,1.6378760847146623e-05,3.8021775253582746e-05,3.0189949029590935e-05,1.7748855896115856e-07,0.00019875225552823395,1.1362539225956425e-05,1.1594261195568834e-05,0.018011700361967087,1.9309039998915978e-05,1,1
5.48752723261714e-05,0.9756656289100647,0.0011513512581586838,8.334447443303361e-08,7.13327850121459e-08,0.0004593331541400403,5.931676927417584e-09,0.00035637652035802603,1.8853555957321078e-05,0.00017876431229524314,0.012207240797579288,1.0658483233783045e-06,2.4388078600168228e-05,0.005323141813278198,1.2297896319068968e-06,8.688210151319709e-10,5.505997705768095e-06,2.5654799173935317e-07,0.0009749819291755557,2.0732682969537564e-05,1.3064067161394632e-06,0.0035525704734027386,2.2631161300523672e-06,1,1
3.720450614252968e-09,8.170897985992909e-12,6.512507866318629e-08,2.9635003784278524e-08,7.86876466762898e-12,9.547830615019848e-08,4.258779960630843e-12,7.223385001253746e-09,1.5580755002159163e-12,3.1921734944262425e-07,6.598642077193517e-09,4.269404598744586e-07,1.4308490790426731e-05,6.815728537112875e-10,3.496910721878521e-05,2.7737702759655924e-11,0.9996976852416992,1.5831486166462128e-07,0.0002209359226981178,6.769191873701175e-10,8.81481469150458e-07,5.365200284046523e-09,3.0157763831084594e-05,16,16
0.0870046466588974,7.369384547928348e-05,0.025243990123271942,5.734951358249418e-08,0.00020103486895095557,0.1317487359046936,8.765008533373475e-05,0.00018390222976449877,0.0009015018003992736,0.01623370498418808,0.07216335088014603,0.0031201366800814867,0.0006519135786220431,0.6428611874580383,0.01869003102183342,4.475901960176998e-08,3.6699034353659954e-06,0.000633270014077425,6.039878826413769e-06,4.109258043172304e-06,0.00017888324509840459,2.1627934074786026e-06,6.332805696729338e-06,10,13
0.015052174217998981,6.741395191056654e-05,0.04999799653887749,2.132163245960328e-07,0.0030441510025411844,0.8924691677093506,0.0010452700080350041,2.4817218218231574e-05,2.5517705580568872e-05,0.033292047679424286,0.0005155522376298904,0.00047332837129943073,0.002736126072704792,0.0006452191155403852,2.3392178718495416e-06,0.00015838071703910828,7.230588380480185e-06,6.0547787143150344e-05,0.0001285307516809553,5.027162114856765e-05,4.307924427848775e-06,1.8037914060187177e-06,0.0001974732003873214,5,5
4.905343666905537e-05,8.69559585225943e-07,4.106772757950239e-05,6.779616796848131e-06,5.440423365143943e-07,1.2020016981750814e-07,2.283610189834917e-09,4.279391760064755e-06,0.00020586450409609824,2.4465696242259583e-06,0.0030638508033007383,2.2993148718342127e-08,0.003911770414561033,1.5358242455576487e-09,4.416554656927474e-05,5.00701730743458e-07,5.9092650189995766e-05,0.9382423162460327,9.42250267144118e-07,0.047096215188503265,6.825134164500923e-07,2.8909142201882787e-05,0.007240396924316883,17,17
0.0003007572377100587,4.743755388503246e-10,1.549782246001996e-05,1.8441284610482e-10,0.0962313562631607,0.8858250379562378,1.8228334397463186e-08,2.022403577939258e-09,2.5743116083276618e-08,0.001769924070686102,2.8460840439947788e-06,0.0064124902710318565,1.4870072391204303e-06,0.009431878104805946,2.676472604434821e-06,2.609997729052793e-08,2.960845222332864e-06,2.1300324704043305e-07,2.8267918423807714e-06,4.819803667288625e-09,2.895408890424278e-08,1.073826805253475e-08,7.43875219200163e-08,4,5
0.8953198194503784,7.634436485770557e-12,0.004034192766994238,3.726902616271559e-14,0.00013472873251885176,0.09741728752851486,5.474333208965732e-10,7.756189575047756e-07,2.509769814196261e-08,0.002553036203607917,0.00039200406172312796,2.0420684450073168e-05,5.5197224355652e-06,0.00012212537694722414,1.6280430337189955e-09,9.71597368532029e-12,4.679570064780592e-10,2.322114056596547e-08,1.7516798012096046e-09,7.592969586411868e-10,1.1894484008845296e-10,1.0606923325773288e-12,5.383338219644429e-10,9,0
9.735825479140203e-10,8.801912532163669e-10,1.407556737831328e-08,6.923840667472092e-11,2.5024993188793587e-10,3.171985243910491e-11,4.6298143097089905e-10,1.8384752054068088e-10,1.269720162344612e-10,3.364168833286385e-06,5.371744160598269e-10,1.6241270941463881e-06,0.004097634926438332,1.437761687483885e-09,2.0165906278180046e-07,1.3983375568571432e-09,1.0100079350650049e-07,2.284363517901511e-06,7.337330885093252e-07,0.9958939552307129,9.457679084334814e-09,8.082574609602489e-10,8.825889352692684e-09,19,19
0.00030284759122878313,5.223121206654469e-07,5.5645992688369006e-05,7.595090210088529e-07,1.6878927908692276e-06,0.0006902481545694172,1.1811264499783647e-07,0.0010237930109724402,0.000161399831995368,0.0003334309731144458,9.143692295765504e-05,0.00024759836378507316,0.9531350135803223,2.7476160539663397e-05,0.0010296301916241646,1.4740466625084991e-08,0.0007211679476313293,4.9829443014459684e-05,0.0001545632112538442,0.00017048876907210797,0.04111381620168686,1.875202178780455e-05,0.0006695932825095952,12,12
1.7231995741440187e-07,5.8739725972145607e-08,3.694499639550486e-08,4.824278754256284e-10,4.734392433647372e-09,3.7716129099862883e-06,1.7794110629409943e-09,3.034250403288752e-05,8.666505735277497e-09,7.285892706931918e-07,4.272315834441542e-09,1.321560016975809e-08,1.313897519139573e-05,4.087684374098899e-06,1.058970156009309e-05,2.706921264916673e-08,7.813287083990872e-06,2.398716247853372e-08,1.293249169975752e-06,4.513258744509585e-08,0.9999244213104248,1.8670305053092306e-06,1.4092332776272087e-06,20,20
1.5963237676164255e-10,2.2372645402946034e-11,1.938440510537709e-12,5.908223129486023e-13,5.100038724670242e-10,1.029948322184282e-07,1.4697540060004677e-12,3.178728391617369e-10,5.434383412022958e-13,2.0292649338671254e-08,7.329555018475986e-11,5.927985879949915e-10,0.996336817741394,9.25323446338e-12,1.441862074180733e-09,1.836351765094335e-10,1.6082111642390373e-07,0.003660190384835005,4.7893209398353065e-08,1.8930646206172241e-07,4.558404320675891e-09,4.091529337557631e-10,2.5072827156691346e-06,12,12
1.730604282101922e-08,1.9777395721121138e-08,7.40828109968561e-09,4.941365432387101e-07,1.4139855863959383e-07,6.134627028586692e-07,2.0440857340098262e-10,4.789205143573838e-10,3.891010430523423e-11,8.81636452731982e-09,6.906235028303342e-10,1.4268454862076396e-08,2.646515667947824e-06,2.897208332797163e-06,0.007218644954264164,4.9389552003731296e-08,0.01505930908024311,7.835289579816163e-06,0.9731171131134033,3.9407007079717005e-07,0.004549115896224976,3.900708179571666e-05,1.6671033336024266e-06,18,18
5.450618118629791e-06,1.3697051144845318e-05,4.2684096115408465e-06,5.599959607138771e-09,7.039135851982792e-08,2.2333331344270846e-06,6.816082809280033e-09,3.44736304214166e-06,1.378557801245961e-08,6.296093033597572e-06,2.950563384729321e-07,4.585061503803445e-07,0.18862012028694153,7.589335950797249e-07,2.8101644602429587e-06,7.099609433680598e-08,2.689951543288771e-05,0.1521911472082138,1.3917757542003528e-06,0.6590568423271179,8.579054338042624e-07,2.0564659735100577e-06,6.0708727687597275e-05,12,19
2.4433513772237347e-06,0.00015558282029815018,2.0307620616222266e-06,4.0313622662324633e-07,2.374689393036533e-05,1.8200882550445385e-05,9.750386880114092e-07,6.876251973153558e-06,1.2368815971441904e-09,5.720944045606302e-06,6.877212967992818e-07,9.148121534963138e-06,0.012676381506025791,7.450975681422278e-05,0.9085457921028137,1.7945269519259455e-06,0.059013836085796356,1.7174039385281503e-05,0.0002391111629549414,4.4691252696793526e-05,0.005998332053422928,0.00028531040879897773,0.012877319939434528,17,14
6.465167825808749e-05,2.2837985724777354e-08,0.00012558215530589223,6.500591098301811e-06,8.825150871416554e-06,0.0011681908508762717,3.662073595478432e-07,8.157495358318556e-06,1.0285594953529653e-06,0.00042275432497262955,0.8256429433822632,0.0002744513039942831,0.007389075122773647,0.007655212190002203,0.0001137730068876408,3.559070478331705e-07,0.0031216247007250786,0.02293490245938301,0.0005513103678822517,0.00023301354667637497,0.06958844512701035,0.000732814718503505,0.0599561408162117,22,10
0.0006673752795904875,2.049997874564724e-06,0.9111788868904114,1.0276292317090707e-10,0.0027882615104317665,0.039446473121643066,9.327564475825056e-05,1.029476237590643e-08,2.0374748999074654e-08,0.043272655457258224,2.2568532585864887e-05,0.002047065645456314,5.754465382779017e-05,2.3290751414606348e-05,3.603174991440028e-05,1.3966717233415693e-05,7.020777502475539e-06,0.00034089316613972187,7.324271109609981e-07,6.268379024731985e-07,5.6386761926319195e-09,5.233995903353161e-09,1.1395939054636983e-06,2,2
0.1865042746067047,0.00025113343144766986,0.0006785290315747261,4.146542323724134e-06,0.0366048738360405,0.6982685923576355,4.477601578400936e-06,4.0883362089516595e-05,0.023790448904037476,0.007843495346605778,0.00960848480463028,0.01927860453724861,1.564494777994696e-05,0.0012132201809436083,0.01475307997316122,0.0004672320210374892,1.7967297480936395e-06,0.0006354906945489347,1.3170089232517057e-06,4.580048425850691e-06,2.7593925551627763e-05,1.716611222946085e-06,3.351670727624878e-07,5,5
9.864619121557894e-10,1.1127694252155429e-11,2.420381672862959e-10,3.832051564955918e-09,8.747123025898418e-10,2.680305806279648e-05,2.784540931166646e-10,1.1240926767186465e-07,2.812698129961433e-10,3.6345291221095977e-08,0.00041752945980988443,1.945864056551727e-07,8.971638543187055e-09,3.9832613651924476e-08,0.9994605183601379,6.278250452851353e-08,9.91727766574968e-09,2.2808922806039078e-10,9.475975821260363e-05,5.498064226117094e-10,1.3502372830931364e-10,1.474388666711235e-10,5.126103985730879e-08,14,14
1.6195258467632812e-07,3.932001959583431e-07,1.040858478518203e-06,3.3123439546756117e-09,3.834649575651383e-08,6.905170835125318e-07,1.796420012745159e-09,3.482396238041474e-08,1.4823583471823554e-09,5.279298056848347e-05,2.7796073709396296e-07,2.3634427748220332e-07,0.9991880059242249,3.9310572219619644e-07,0.00010538119386183098,6.776870037361604e-11,3.2321920571121154e-06,1.3739063433604315e-05,0.00042654952267184854,8.014654304133728e-05,3.784603677559062e-06,8.27565454528667e-05,4.039317718707025e-05,12,12
7.876669769757427e-06,1.5518619278509505e-08,7.305620641773203e-08,4.2667796407158676e-08,9.634273737901822e-06,0.003576056333258748,7.2656929361869516e-09,5.132360456627794e-07,0.9960126876831055,1.086579322873149e-05,0.00013059517368674278,2.9398570404737256e-06,1.748050522110134e-07,2.998002128151711e-05,0.00017978032701648772,2.5180523152812384e-05,2.160398260286911e-08,1.0995007869496476e-05,3.1918691689725165e-08,1.0740129710029578e-06,6.378870693879435e-07,1.9370478554492365e-09,8.915308171708602e-07,8,8
4.22822377004195e-05,2.8813458285981142e-08,0.9999233484268188,9.596408276314403e-14,7.204590257714472e-10,7.053699278003478e-07,2.4534554943222986e-10,4.392798302887968e-08,1.6223886234456586e-08,2.9770979381282814e-05,1.205909825330309e-06,5.803863700748479e-07,2.0095153558941092e-06,4.1418317664465576e-08,6.830959686787708e-10,2.351845931544694e-13,6.271852814876411e-09,1.8163790471703578e-08,5.154833226939104e-10,8.348087221499156e-10,2.7945673553020356e-11,5.808253877859215e-09,1.6876035291435443e-11,2,2
4.547489879769273e-06,0.016924962401390076,4.447030278242892e-06,3.985181606935839e-08,1.1109286788268946e-06,1.4471371514446218e-06,0.8412813544273376,4.251477002981119e-05,4.466932921332045e-07,0.11600910872220993,0.0036032062489539385,3.8919835787964985e-05,0.00020355153537821025,4.747388175019296e-06,5.603002932730305e-07,7.508761967756072e-08,3.7028271435701754e-06,1.4222374602468335e-06,0.0022027280647307634,7.865792213124223e-06,8.999458805192262e-05,1.793416595319286e-05,0.019555261358618736,6,6
0.000233912214753218,4.507681660470553e-05,0.0003554117865860462,3.0655667160317535e-07,3.994039161625551e-06,0.012126900255680084,4.672937939176336e-05,0.9252630472183228,0.0014676677528768778,0.03646218031644821,0.005273920483887196,5.894704372622073e-05,0.0018770324531942606,0.001519483863376081,0.01131334900856018,1.995183765757247e-06,6.442482458623999e-07,0.0011098767863586545,3.6718211049446836e-05,0.00011370556603651494,4.950148650095798e-05,1.7832169305620482e-06,0.0026377562899142504,7,7
4.196437863868141e-09,1.7676731189908423e-08,3.755906163860345e-07,5.019854825150105e-07,1.5285344545645785e-07,5.1655852075782605e-06,7.00062646741273e-11,6.836481816208106e-07,1.7712632471855727e-09,8.046671950978634e-08,6.889736425819137e-08,2.1301976005361212e-07,0.576542317867279,1.2452355235836876e-07,0.00012380628322716802,4.156245481112819e-08,0.2860564589500427,0.07956556975841522,0.00035211254726164043,0.000505506235640496,0.001993381418287754,0.0001413770514773205,0.05471205338835716,22,12
2.1067913280603534e-07,1.2263000510881472e-11,6.869894150440814e-06,8.256834799214019e-11,0.0024997852742671967,0.9952933192253113,5.160883720378706e-09,3.998812669880891e-10,2.874486648707375e-09,3.4084565413650125e-05,2.5255616492358968e-05,1.0414534699521028e-05,0.00014771318819839507,0.0018649979028850794,6.538291017932352e-06,5.206330921936342e-10,1.5091146110535192e-07,1.4063813978282269e-05,9.121781477006152e-05,3.757853903607611e-07,9.846482657005495e-11,4.6374806772497834e-11,4.987317424820503e-06,12,5
0.08215826004743576,2.4531304987363e-08,0.0019565282855182886,2.843129731644467e-09,0.41441935300827026,0.04439708590507507,1.4302695490187034e-06,0.00014724954962730408,1.1937796671190881e-06,0.43267643451690674,0.01597045734524727,0.0047021410427987576,0.002125547267496586,2.514293328204076e-06,7.880539669713471e-06,0.001053969725035131,7.420781145128785e-08,0.00031114844023250043,2.1841820853296667e-05,3.8317615690175444e-05,7.861010509202515e-09,4.7239689138223184e-07,8.085806257440709e-06,0,9
0.009474421851336956,0.0009545020293444395,4.699236524174921e-05,2.370649276883796e-08,0.00012767905718646944,0.004607386887073517,2.288180212417501e-06,1.9879515093634836e-05,8.19901397335343e-05,5.897294977330603e-05,0.00014995181118138134,0.00026343553327023983,0.07310349494218826,1.3243603689261363e-06,2.351946335465982e-07,0.0004400852485559881,0.00020610570209100842,0.9081751108169556,1.2422931376931956e-06,0.0009109920938499272,0.0013178755762055516,3.402526635909453e-05,2.199656046286691e-05,12,17
3.1976411264622584e-05,1.6323637908044475e-07,1.6363142094633076e-06,1.1407875338820261e-10,8.341975444636773e-06,6.767689774278551e-05,1.061163490412298e-09,2.713736876103212e-06,7.053943562596032e-08,5.705603598471498e-06,1.6212013065342035e-07,2.337588682621572e-07,0.9956631064414978,3.9660255879425677e-07,5.094984589959495e-05,7.566099498035328e-07,4.701302259491058e-06,0.0038257986307144165,9.385635735270625e-07,0.0001708526979200542,0.0001601796830072999,3.572275488750165e-07,3.2883665426197695e-06,12,12
5.7831104641081765e-05,1.3565097845003038e-07,2.3023334506433457e-05,1.2110375791962724e-05,2.396985837549437e-05,3.958024535677396e-06,1.2898190293597622e-09,3.170669879182242e-05,1.1895215834556438e-07,0.00013997471251059324,0.00012147476809332147,7.483590252377326e-06,0.9568943977355957,1.935161435540067e-06,0.0035167899914085865,9.044313031836282e-08,4.753038956550881e-05,0.00015979546878952533,0.03781620413064957,0.00026842934312298894,0.0002306584792677313,0.0006338334642350674,8.508046448696405e-06,12,12
0.06673309206962585,2.4549313820898533e-05,0.6210595369338989,6.447396117437165e-06,0.0054960777051746845,0.012664868496358395,5.4643696785205975e-05,0.00016610350576229393,6.097337063692976e-06,0.012501800432801247,0.04398634284734726,0.0012250638101249933,0.13654504716396332,2.915186450991314e-05,6.786394078517333e-05,0.00032389897387474775,4.8414585762657225e-05,0.06562589854001999,0.0005553653463721275,0.032254837453365326,3.4118972962460248e-06,1.0163104889215901e-05,0.0006113486015237868,9,2
0.0656648799777031,6.595005106646568e-05,0.017082832753658295,7.811103586163881e-08,0.21088707447052002,0.6980011463165283,0.00022552172595169395,0.00025757047114893794,0.0007121430826373398,0.0056268819607794285,0.0004072101437486708,0.00011978053953498602,0.00022246046864893287,5.20868634339422e-05,7.076284964568913e-05,0.00011799213825725019,3.478234793874435e-05,0.00041687916382215917,4.915612407785375e-06,5.243612122285413e-06,5.6640110415173694e-06,1.5373174164778902e-06,1.65694782481296e-05,2,5
2.10205917028361e-06,0.0002212732215411961,1.3021224276599241e-06,1.5524503282904334e-07,1.4847046259092167e-07,3.6297333281254396e-06,1.7121447370982423e-08,0.030961191281676292,4.238916517351754e-06,2.51223781333465e-07,8.567825716454536e-05,3.585178021126012e-08,0.0009955030400305986,2.0466570660460093e-08,3.2642376027069986e-05,9.982619303627871e-06,0.21918047964572906,0.0003205248503945768,0.0002109459601342678,0.00023814954329282045,0.09334137290716171,0.0038835329469293356,0.6505067944526672,16,22
8.267667106487409e-10,1.151719258157824e-11,5.975325269302889e-12,0.9998067021369934,6.160891241613342e-11,6.121228324218464e-08,8.065905582332888e-11,7.670107327051312e-10,1.313156354487699e-11,2.7487467857412184e-09,2.6722124513156587e-09,4.460533276073875e-09,1.8390358680342445e-10,6.3589372985006776e-06,6.69986184220761e-05,5.877443531865367e-10,3.013741718405072e-07,3.201608249348009e-12,0.00011942211858695373,2.441451728285582e-11,7.98818717839822e-08,3.326853015295228e-09,2.389824782511596e-09,3,3
3.087084769504145e-05,0.005696817766875029,0.00011134079977637157,1.6154686818481423e-05,1.4642492942584795e-06,8.098427315417212e-06,4.863729259341198e-07,0.00016369830700568855,3.992424808529904e-07,8.87052829057211e-06,0.0006710884626954794,3.813129524132819e-06,0.02814924530684948,2.607953888400516e-07,0.002374884206801653,0.0005329399718903005,0.008674179203808308,0.872411847114563,1.013508972391719e-05,0.051746170967817307,0.0008555830572731793,0.0012982710031792521,0.027233265340328217,12,17
0.001485477783717215,0.00010513422603253275,0.04126769304275513,2.982159514886007e-07,0.894279956817627,0.0600152425467968,7.619882671860978e-05,3.5074745596830326e-07,1.8808979802997783e-05,0.0004975995980203152,0.0014123946893960238,0.000287618808215484,0.00017557840328663588,2.8076128728571348e-05,4.143929004385427e-07,1.1832868949568365e-05,3.234168980270624e-05,0.00013957833289168775,2.2502257706946693e-05,1.702920962998178e-05,7.105109489202732e-06,4.825492578675039e-05,7.052463479340076e-05,2,4
0.04956316947937012,0.0010840540053322911,0.010117387399077415,1.6069281628006138e-05,0.3249742388725281,0.4822736978530884,0.0003659490030258894,1.3491841173163266e-06,0.0006794733344577253,0.025384563952684402,0.0042979540303349495,0.03882186487317085,0.0002895546786021441,0.005265484098345041,0.002965770661830902,0.02873307466506958,2.7427206077845767e-05,0.024288440123200417,0.0007032532594166696,2.795557156787254e-05,1.0629424650687724e-05,1.1500581422296818e-05,9.724586561787874e-05,0,5
4.757729038828984e-05,2.372841834130668e-08,0.0874665305018425,4.4215900472238667e-13,2.1023536689313005e-08,0.0008088266476988792,6.0671459323202725e-06,9.753352259167514e-08,1.3085801242596062e-07,0.911638617515564,2.030696123256348e-05,2.4234086595242843e-06,6.507669240818359e-06,1.9987908217444783e-06,3.4369847412563104e-08,9.83851819458259e-11,8.061093126343621e-09,4.342533443946195e-09,8.625138434581459e-07,3.001692006066037e-09,4.733533565115522e-09,2.601574511373883e-10,2.660550535438233e-08,9,9
0.44192811846733093,5.9340003645047545e-05,0.0025919179897755384,1.7960323506205356e-10,0.00010181027028011158,0.30118635296821594,0.0002320714993402362,0.013192434795200825,0.03171909973025322,0.19178150594234467,0.0003684594121295959,0.004097044002264738,7.303358870558441e-05,0.008808521553874016,0.0005789840361103415,0.0030814693309366703,3.3311587799289555e-07,4.696652104030363e-05,1.974769475054927e-06,7.927082151581999e-06,4.0409056964563206e-05,2.115091390919588e-08,0.00010219977411907166,0,0
0.0636768713593483,1.4190198953656363e-06,0.00021109146473463625,5.886210630023925e-09,0.003733131568878889,0.030046870931982994,2.4227848172131417e-08,3.1758859222463798e-06,6.191954162204638e-05,0.0040970370173454285,0.0018858622061088681,0.8186174035072327,9.998750101658516e-06,0.07324350625276566,0.004203647840768099,0.00017973591457121074,4.640454420723472e-08,2.5191187887685373e-05,2.8633226634156017e-07,3.6864591379526246e-07,1.9333615455252584e-06,2.3370115798115876e-07,2.3819895034193905e-07,11,11
1.9849057935061865e-06,3.299006721135811e-06,0.00012945724301971495,4.981707661499968e-06,0.002680049976333976,0.0031722686253488064,1.3102234106554533e-06,0.00010106091212946922,1.2498883734224364e-05,4.755068584927358e-05,2.4274540919577703e-05,4.096373959328048e-05,0.00512055354192853,0.005903162993490696,0.0007171470788307488,7.406847998936428e-06,0.006774112116545439,0.0006507114158011973,7.220118277473375e-06,0.0006576208979822695,0.9360880255699158,0.0008602744783274829,0.03699411079287529,12,20
7.740360160823911e-06,0.00043042702600359917,0.007244021166115999,0.0005447067669592798,6.347348517010687e-06,1.1853404657813371e-06,4.88319464864162e-08,6.681391369056655e-07,3.934612777811708e-06,6.117207362876798e-07,1.7028523302542453e-07,8.165089937506309e-09,0.023825185373425484,2.2707922653353307e-08,9.543499572828296e-07,1.5173270185186993e-05,0.0257742777466774,0.27028149366378784,1.5236978470056783e-06,0.5889412760734558,0.0011834418401122093,0.057715434581041336,0.02402130886912346,19,19
0.10207317769527435,3.3885580563719486e-08,0.000385155261028558,9.70999707305964e-08,0.1292155683040619,0.0069245221093297005,1.9433510356492434e-09,5.379267349781003e-06,0.0003182868822477758,0.007518602069467306,0.01376919262111187,0.7097225785255432,0.001436798949725926,1.324416371062398e-05,0.027893342077732086,0.00018068055214826018,1.0583758012217004e-05,0.0003209428396075964,7.242189894896e-05,0.00011578274279600009,3.2311993436451303e-06,1.1695576631609583e-06,1.9154715118929744e-05,5,11
1.1076379397012559e-10,1.1445480522544182e-13,1.1864320290100316e-12,1.2413387104250745e-13,1.4192942827950805e-11,8.503616647642653e-13,8.772202697582016e-15,5.103376922444003e-12,2.0245995635201353e-13,2.0819414248141044e-10,4.5231631381180155e-15,1.845651927188767e-14,0.9998769760131836,1.5765514233185597e-14,3.811102128326027e-11,1.6036611275027646e-11,3.5882043863955104e-11,0.00012207060353830457,1.2410471261770084e-10,8.795878443379479e-07,2.3173419780309068e-11,1.0562726387997046e-10,1.7925425033205045e-10,12,12
0.002390105975791812,2.413571280612814e-07,8.69770665303804e-05,1.8143088809097208e-08,0.4653330445289612,0.5203916430473328,2.5761016786418622e-06,2.603943585199886e-06,0.0009492724784649909,0.004922246560454369,0.005732032470405102,3.835895768133923e-06,9.493222023593262e-05,1.2862476069130935e-05,9.076114082517961e-08,2.8116756922713648e-08,1.0638267866625029e-07,1.1292821255892704e-07,5.905160287511535e-05,1.0482989409865695e-07,3.4543478477644385e-07,7.334033853112487e-06,1.0457697499077767e-05,5,5
1.8799094902988145e-07,1.0277668716085486e-09,1.1360633322965441e-07,1.1707667724181192e-08,1.571116399645689e-06,9.503771991603571e-09,9.559684988058592e-11,1.0659967353277011e-09,3.210845131440543e-11,2.614554796309676e-05,4.0553177882429736e-07,7.610939860569488e-07,0.9231917858123779,1.203012800488068e-08,9.979549940908328e-05,1.336182497979621e-09,1.3310063877725042e-05,1.631234027854589e-07,7.569434092147276e-05,0.07647497951984406,2.400499852228677e-07,0.00010797270806506276,6.965463398955762e-06,12,12
9.097445581573993e-05,1.6820158634800464e-05,0.00036083307350054383,1.5609943337935306e-09,3.3880420232890174e-05,0.0024621784687042236,8.113605144899338e-05,7.896383976913057e-06,1.151956257672282e-05,0.0003481827734503895,9.37967051868327e-05,1.710349170025438e-05,0.9592594504356384,0.00012211959983687848,7.556936179753393e-05,1.6737654732423835e-05,1.1689826351357624e-05,0.026486404240131378,3.930069942725822e-05,0.009638573043048382,0.0007981084054335952,2.8130464215792017e-06,2.5045166694326326e-05,19,12
5.426351890491787e-06,7.530363177465915e-07,6.471569940913469e-05,3.1265080802089784e-11,2.1241328340693144e-06,1.766031914485211e-06,7.079442032598138e-10,4.334898218161243e-09,1.069181077006931e-09,1.0218469270739661e-07,6.222606430128508e-08,1.0300232888837968e-09,0.033177461475133896,4.339669885666808e-06,9.995876126822623e-08,9.640908904540169e-11,5.165914899407653e-06,0.9643900394439697,7.179090211195671e-09,0.002208974212408066,8.756439456192311e-06,8.415862851052225e-08,0.00013017246965318918,17,17
